2026/03/17 12:56:20.988606 [22;36m INFO[0m initial log succ. - config.go:191
2026/03/17 12:56:20.990650 [22;36m INFO[0m 
    __    ___    __
   / /   /   |  / /
  / /   / /| | / /
 / /___/ ___ |/ /___
/_____/_/  |_/_____/
 - config.go:194
2026/03/17 12:56:20.991300 [22;36m INFO[0m load conf file succ. filename=lalserver.conf.json, raw content={ "# doc of config": "https://pengrl.com/lal/#/ConfigBrief", "conf_version": "v0.2.2", "rtmp": { "enable": true, "addr": ":1935", "gop_num": 0, "merge_write_size": 0 }, "default_http": { "http_listen_addr": ":8080", "https_listen_addr": ":4433", "https_cert_file": "./conf/cert.pem", "https_key_file": "./conf/key.pem" }, "httpflv": { "enable": true, "enable_https": false, "url_pattern": "/live/", "gop_num": 0 }, "hls": { "enable": false, "enable_https": false, "url_pattern": "/hls/", "out_path": "/tmp/lal/hls/", "fragment_duration_ms": 3000, "fragment_num": 6, "cleanup_mode": 1, "use_memory_as_disk_flag": false }, "httpts": { "enable": true, "enable_https":false, "url_pattern": "/live/" }, "rtsp": { "enable": true, "addr": ":5544" }, "record": { "enable_flv": true, "flv_out_path": "/tmp/lal/flv/", "enable_mpegts": false, "mpegts_out_path": "/tmp/lal/mpegts" }, "relay_push": { "enable": false, "addr_list":[ ] }, "relay_pull": { "enable": false, "addr": "" }, "http_api": { "enable": true, "addr": ":8083" }, "server_id": "1", "http_notify": { "enable": false, "update_interval_sec": 5, "on_server_start": "http://127.0.0.1:10101/on_server_start", "on_update": "http://127.0.0.1:10101/on_update", "on_pub_start": "http://127.0.0.1:10101/on_pub_start", "on_pub_stop": "http://127.0.0.1:10101/on_pub_stop", "on_sub_start": "http://127.0.0.1:10101/on_sub_start", "on_sub_stop": "http://127.0.0.1:10101/on_sub_stop", "on_rtmp_connect": "http://127.0.0.1:10101/on_rtmp_connect" }, "pprof": { "enable": true, "addr": ":8084" }, "log": { "level": 1, "filename": "./logs/lalserver.log", "is_to_stdout": true, "is_rotate_daily": true, "short_file_flag": true, "assert_behavior": 1 } }  parsed=&{ConfVersion:v0.2.2 RTMPConfig:{Enable:true Addr::1935 GOPNum:0 MergeWriteSize:0} DefaultHTTPConfig:{CommonHTTPAddrConfig:{HTTPListenAddr::8080 HTTPSListenAddr::4433 HTTPSCertFile:./conf/cert.pem HTTPSKeyFile:./conf/key.pem}} HTTPFLVConfig:{CommonHTTPServerConfig:{CommonHTTPAddrConfig:{HTTPListenAddr::8080 HTTPSListenAddr::4433 HTTPSCertFile:./conf/cert.pem HTTPSKeyFile:./conf/key.pem} Enable:true EnableHTTPS:false URLPattern:/live/} GOPNum:0} HLSConfig:{CommonHTTPServerConfig:{CommonHTTPAddrConfig:{HTTPListenAddr::8080 HTTPSListenAddr::4433 HTTPSCertFile:./conf/cert.pem HTTPSKeyFile:./conf/key.pem} Enable:false EnableHTTPS:false URLPattern:/hls/} UseMemoryAsDiskFlag:false MuxerConfig:{OutPath:/tmp/lal/hls/ FragmentDurationMS:3000 FragmentNum:6 CleanupMode:1}} HTTPTSConfig:{CommonHTTPServerConfig:{CommonHTTPAddrConfig:{HTTPListenAddr::8080 HTTPSListenAddr::4433 HTTPSCertFile:./conf/cert.pem HTTPSKeyFile:./conf/key.pem} Enable:true EnableHTTPS:false URLPattern:/live/}} RTSPConfig:{Enable:true Addr::5544} RecordConfig:{EnableFLV:true FLVOutPath:/tmp/lal/flv/ EnableMPEGTS:false MPEGTSOutPath:/tmp/lal/mpegts} RelayPushConfig:{Enable:false AddrList:[]} RelayPullConfig:{Enable:false Addr:} HTTPAPIConfig:{Enable:true Addr::8083} ServerID:1 HTTPNotifyConfig:{Enable:false UpdateIntervalSec:5 OnServerStart:http://127.0.0.1:10101/on_server_start OnUpdate:http://127.0.0.1:10101/on_update OnPubStart:http://127.0.0.1:10101/on_pub_start OnPubStop:http://127.0.0.1:10101/on_pub_stop OnSubStart:http://127.0.0.1:10101/on_sub_start OnSubStop:http://127.0.0.1:10101/on_sub_stop OnRTMPConnect:http://127.0.0.1:10101/on_rtmp_connect} PProfConfig:{Enable:true Addr::8084} LogConfig:{Level:1 Filename:./logs/lalserver.log IsToStdout:true IsRotateDaily:true ShortFileFlag:true TimestampFlag:true TimestampWithMSFlag:true LevelFlag:true AssertBehavior:1}} - config.go:277
2026/03/17 12:56:20.993289 [22;36m INFO[0m wd: /home/mininet/Project/4D-MAP/server - entry.go:39
2026/03/17 12:56:20.993427 [22;36m INFO[0m args: ./qserver -protocol=quic -au=false - entry.go:40
2026/03/17 12:56:20.993446 [22;36m INFO[0m bininfo: GitTag=unknown. GitCommitLog=unknown. GitStatus=unknown. BuildTime=unknown. GoVersion=unknown. runtime=linux/arm64. - entry.go:41
2026/03/17 12:56:20.993449 [22;36m INFO[0m version: lal v0.22.0 (github.com/q191201771/lal) - entry.go:42
2026/03/17 12:56:20.993452 [22;36m INFO[0m github: https://github.com/q191201771/lal - entry.go:43
2026/03/17 12:56:20.993455 [22;36m INFO[0m doc: https://pengrl.com/lal - entry.go:44
quic false
2026/03/17 12:56:20.993666 [22;36m INFO[0m hasau=false protocol=quic addr=0.0.0.0:1935 - server.go:58
2026/03/17 12:56:20.993707 [22;36m INFO[0m [DEBUG] about to call quic.ListenAddr, addr=0.0.0.0:1935 - server.go:61
2026/03/17 12:56:21.017321 [22;36m INFO[0m [DEBUG] quic.ListenAddr returned. ln=&{0x40002fc000 0x40001fe3f0 0x40001fe380 0x4000010298 0x4000196640 map[] {{0 0} 0 0 0 0} 60000000000 <nil> 0x4000072a80 0x40002fa420 0x2b3710} err=<nil> - server.go:65
[DEBUG] quic.ListenAddr returned. ln=&quic.server{tlsConf:(*tls.Config)(0x40002fc000), config:(*quic.Config)(0x40001fe3f0), pconnMgr:(*quic.pconnManager)(0x40001fe380), certChain:(*crypto.certChain)(0x4000010298), scfg:(*handshake.ServerConfig)(0x4000196640), sessions:map[protocol.ConnectionID]quic.packetHandler{}, sessionsMutex:sync.RWMutex{w:sync.Mutex{state:0, sema:0x0}, writerSem:0x0, readerSem:0x0, readerCount:0, readerWait:0}, deleteClosedSessionsAfter:60000000000, serverError:error(nil), sessionQueue:(chan quic.Session)(0x4000072a80), errorChan:(chan struct {})(0x40002fa420), newSession:(func(quic.connection, *quic.pconnManager, bool, protocol.VersionNumber, protocol.ConnectionID, *handshake.ServerConfig, *tls.Config, *quic.Config) (quic.packetHandler, <-chan quic.handshakeEvent, error))(0x2b3710)} err=<nil>
2026/03/17 12:56:21.017365 [22;36m INFO[0m start rtmp server listen success. addr=0.0.0.0:1935 proto=quic - server.go:75
rtmpserver.Listen ok
2026/03/17 12:56:21.017389 [22;36m INFO[0m [DEBUG] RunLoop about to call server.ln.Accept() - server.go:125
[DEBUG] RunLoop about to call server.ln.Accept()
2026/03/17 12:58:52.477695 [22;36m INFO[0m [DEBUG] server.ln.Accept returned. sess=&{2606728531473110120 1 512 0x40001fe3f0 map[0:0x40000bc000] map[] {{0 0} 0 0 0 0} false 0x40000bc100 0x40000be000 map[] {0 0 <nil>} 0x40000c8000 0x400009e230 0x4000098090 0x40000ba140 false 0x40000bc200 0x400008e1e0 0x40000b6000 0x400008e240 {0 {0 0}} 0x40000a4040 0x140630 [] {0 0 <nil>} 0x40000a8000 false 0x400008e180 0x400008e120 0x40000a8070 {14008008911199058068 151470311843 0x6fb160} {14008008911218010488 151489264263 0x6fb160} 0x400009a120 false 0x40000b61e0 0x40000a00e0 false 0x40000ba000} err=<nil> - server.go:129
[DEBUG] server.ln.Accept returned. sess=&quic.session{connectionID:0x242cf5c9d0549468, perspective:1, version:512, config:(*quic.Config)(0x40001fe3f0), paths:map[protocol.PathID]*quic.path{0x0:(*quic.path)(0x40000bc000)}, closedPaths:map[protocol.PathID]bool{}, pathsLock:sync.RWMutex{w:sync.Mutex{state:0, sema:0x0}, writerSem:0x0, readerSem:0x0, readerCount:0, readerWait:0}, createPaths:false, streamsMap:(*quic.streamsMap)(0x40000bc100), rttStats:(*congestion.RTTStats)(0x40000be000), remoteRTTs:map[protocol.PathID]time.Duration{}, lastPathsFrameSent:time.Time{wall:0x0, ext:0, loc:(*time.Location)(nil)}, streamFramer:(*quic.streamFramer)(0x40000c8000), flowControlManager:(*flowcontrol.flowControlManager)(0x400009e230), unpacker:(*quic.packetUnpacker)(0x4000098090), packer:(*quic.packetPacker)(0x40000ba140), peerBlocked:false, cryptoSetup:(*handshake.cryptoSetupServer)(0x40000bc200), receivedPackets:(chan *quic.receivedPacket)(0x400008e1e0), sendingScheduled:(chan struct {})(0x40000b6000), closeChan:(chan quic.closeError)(0x400008e240), closeOnce:sync.Once{done:0x0, m:sync.Mutex{state:0, sema:0x0}}, ctx:(*context.cancelCtx)(0x40000a4040), ctxCancel:(context.CancelFunc)(0x140630), undecryptablePackets:[]*quic.receivedPacket{}, receivedTooManyUndecrytablePacketsTime:time.Time{wall:0x0, ext:0, loc:(*time.Location)(nil)}, aeadChanged:(<-chan protocol.EncryptionLevel)(0x40000a8000), handshakeComplete:false, handshakeCompleteChan:(chan error)(0x400008e180), handshakeChan:(chan<- quic.handshakeEvent)(0x400008e120), connectionParameters:(*handshake.connectionParametersManager)(0x40000a8070), sessionCreationTime:time.Time{wall:0xc26671e31a86b894, ext:151470311843, loc:(*time.Location)(0x6fb160)}, lastNetworkActivityTime:time.Time{wall:0xc26671e31ba7e978, ext:151489264263, loc:(*time.Location)(0x6fb160)}, timer:(*utils.Timer)(0x400009a120), keepAlivePingSent:false, pathTimers:(chan *quic.path)(0x40000b61e0), pathManager:(*quic.pathManager)(0x40000a00e0), pathManagerLaunched:false, scheduler:(*quic.scheduler)(0x40000ba000)} err=<nil>
2026/03/17 12:58:52.478713 [22;36m INFO[0m [DEBUG] about to call sess.AcceptStream() - server.go:140
[DEBUG] about to call sess.AcceptStream()
map[0:0x40000bc000]
2026/03/17 12:58:52.484831 [22;36m INFO[0m [DEBUG] sess.AcceptStream returned. conn=&{{0 0} 0x40003440c0 0x140630 3 0x2c2580 0x2c25f0 0 0 0 <nil> {0} {0} {0} {0} {0} 0x4000328300 0x40003580c0 {0 0 <nil>} [] {0} {0} 0x4000358120 {0 0 <nil>} 0x400009e230   -1 -1 0 false [-3] 0x40000a6000 0 0 0 0 true} err=<nil> - server.go:144
[DEBUG] sess.AcceptStream returned. conn=&quic.stream{mutex:sync.Mutex{state:0, sema:0x0}, ctx:(*context.cancelCtx)(0x40003440c0), ctxCancel:(context.CancelFunc)(0x140630), streamID:0x3, onData:(func())(0x2c2580), onReset:(func(protocol.StreamID, protocol.ByteCount))(0x2c25f0), readPosInFrame:0, writeOffset:0x0, readOffset:0x0, err:error(nil), cancelled:utils.AtomicBool{v:0}, finishedReading:utils.AtomicBool{v:0}, finishedWriting:utils.AtomicBool{v:0}, resetLocally:utils.AtomicBool{v:0}, resetRemotely:utils.AtomicBool{v:0}, frameQueue:(*quic.streamFrameSorter)(0x4000328300), readChan:(chan struct {})(0x40003580c0), readDeadline:time.Time{wall:0x0, ext:0, loc:(*time.Location)(nil)}, dataForWriting:[]uint8(nil), finSent:utils.AtomicBool{v:0}, rstSent:utils.AtomicBool{v:0}, writeChan:(chan struct {})(0x4000358120), writeDeadline:time.Time{wall:0x0, ext:0, loc:(*time.Location)(nil)}, flowControlManager:(*flowcontrol.flowControlManager)(0x400009e230), localaddr:"", remoteaddr:"", I_startinx:-1, I_endinx:-1, Iframecount:0, hasI:false, NextHeaderOff:[]int{-3}, sess:(*quic.session)(0x40000a6000), writeOffsetF:0x0, writeOffsetSN:0x0, writeOffsetSS:0x0, gap:0x0, cansendpattern:true} err=<nil>
2026/03/17 12:58:52.486118 [22;36m INFO[0m [DEBUG] RunLoop about to call server.ln.Accept() - server.go:125
[DEBUG] RunLoop about to call server.ln.Accept()
2026/03/17 12:58:52.487527 [22;34mDEBUG[0m [NAZACONN1] lifecycle new connection. net.Conn=0x4000362000, naza.Connection=0x40001a84d0 - connection.go:158
2026/03/17 12:58:52.487700 [22;34mDEBUG[0m handshake simple mode. - handshake.go:237
2026/03/17 12:58:52.488176 [22;36m INFO[0m [RTMPPUBSUB1] < R Handshake C0+C1. - server_session.go:246
2026/03/17 12:58:52.488206 [22;36m INFO[0m [RTMPPUBSUB1] > W Handshake S0+S1+S2. - server_session.go:248
2026/03/17 12:58:52.493084 [22;36m INFO[0m [RTMPPUBSUB1] < R Handshake C2. - server_session.go:256
2026/03/17 12:58:52.493156 [22;34mDEBUG[0m rd bitrate:0.000000 Mbps - server_session.go:136
2026/03/17 12:58:52.493160 [22;34mDEBUG[0m wr bitrate:0.000000 Mbps - server_session.go:137
2026/03/17 12:58:52.493370 [22;34mDEBUG[0m chunk:1,chunk-dur:0, timestamp:0, od:0 - chunk_composer.go:299
2026/03/17 12:58:52.493857 [22;36m INFO[0m [RTMPPUBSUB1] < R connect('live'). tcUrl=rtmp://127.0.0.1/live - server_session.go:403
2026/03/17 12:58:52.493869 [22;36m INFO[0m [RTMPPUBSUB1] > W Window Acknowledgement Size 5000000. - server_session.go:407
2026/03/17 12:58:52.493940 [22;36m INFO[0m [RTMPPUBSUB1] > W Set Peer Bandwidth. - server_session.go:412
2026/03/17 12:58:52.494191 [22;36m INFO[0m [RTMPPUBSUB1] > W SetChunkSize 4096. - server_session.go:417
2026/03/17 12:58:52.497295 [22;36m INFO[0m [RTMPPUBSUB1] > W _result('NetConnection.Connect.Success'). - server_session.go:422
2026/03/17 12:58:52.497908 [22;34mDEBUG[0m chunk:2,chunk-dur:4, timestamp:0, od:0 - chunk_composer.go:299
2026/03/17 12:58:52.499474 [22;36m INFO[0m [RTMPPUBSUB1] < R createStream(). - server_session.go:434
2026/03/17 12:58:52.499635 [22;36m INFO[0m [RTMPPUBSUB1] > W _result(). - server_session.go:435
2026/03/17 12:58:52.499833 [22;34mDEBUG[0m chunk:3,chunk-dur:2, timestamp:0, od:0 - chunk_composer.go:299
2026/03/17 12:58:52.504284 [22;36m INFO[0m [RTMPPUBSUB1] < R play('test'). - server_session.go:495
2026/03/17 12:58:52.504358 [22;36m INFO[0m [RTMPPUBSUB1] > W onStatus('NetStream.Play.Start'). - server_session.go:505
2026/03/17 12:58:52.504541 [22;36m INFO[0m [GROUP1] lifecycle new group. group=0x4000144000, appName=live, streamName=test - group.go:143
2026/03/17 12:58:52.504579 [22;34mDEBUG[0m [GROUP1] [RTMPPUBSUB1] add SubSession into group. - group.go:369
2026/03/17 12:58:52.504592 [22;34mDEBUG[0m chunk:4,chunk-dur:5, timestamp:0, od:0 - chunk_composer.go:299
2026/03/17 12:58:53.494103 [22;34mDEBUG[0m rd bitrate:0.001677 Mbps - server_session.go:136
2026/03/17 12:58:53.494164 [22;34mDEBUG[0m wr bitrate:0.003460 Mbps - server_session.go:137
2026/03/17 12:58:54.494600 [22;34mDEBUG[0m rd bitrate:0.000000 Mbps - server_session.go:136
2026/03/17 12:58:54.494716 [22;34mDEBUG[0m wr bitrate:0.000000 Mbps - server_session.go:137
2026/03/17 12:58:55.495168 [22;34mDEBUG[0m rd bitrate:0.000000 Mbps - server_session.go:136
2026/03/17 12:58:55.495328 [22;34mDEBUG[0m wr bitrate:0.000000 Mbps - server_session.go:137
2026/03/17 12:58:56.495941 [22;34mDEBUG[0m rd bitrate:0.000000 Mbps - server_session.go:136
2026/03/17 12:58:56.496011 [22;34mDEBUG[0m wr bitrate:0.000000 Mbps - server_session.go:137
2026/03/17 12:58:57.498287 [22;34mDEBUG[0m rd bitrate:0.000000 Mbps - server_session.go:136
2026/03/17 12:58:57.498651 [22;34mDEBUG[0m wr bitrate:0.000000 Mbps - server_session.go:137
2026/03/17 12:58:58.499956 [22;34mDEBUG[0m rd bitrate:0.000000 Mbps - server_session.go:136
2026/03/17 12:58:58.500003 [22;34mDEBUG[0m wr bitrate:0.000000 Mbps - server_session.go:137
2026/03/17 12:58:59.504969 [22;34mDEBUG[0m rd bitrate:0.000000 Mbps - server_session.go:136
2026/03/17 12:58:59.506028 [22;34mDEBUG[0m wr bitrate:0.000000 Mbps - server_session.go:137
2026/03/17 12:59:00.506844 [22;34mDEBUG[0m rd bitrate:0.000000 Mbps - server_session.go:136
2026/03/17 12:59:00.507628 [22;34mDEBUG[0m wr bitrate:0.000000 Mbps - server_session.go:137
2026/03/17 12:59:01.508333 [22;34mDEBUG[0m rd bitrate:0.000000 Mbps - server_session.go:136
2026/03/17 12:59:01.508403 [22;34mDEBUG[0m wr bitrate:0.000000 Mbps - server_session.go:137
2026/03/17 12:59:02.509583 [22;36m INFO[0m mean read bitrate:0.000168 Mbps - server_session.go:143
2026/03/17 12:59:02.509991 [22;36m INFO[0m mean write bitrate:0.000346 Mbps - server_session.go:144
2026/03/17 12:59:02.510030 [22;34mDEBUG[0m rd bitrate:0.000000 Mbps - server_session.go:136
2026/03/17 12:59:02.510036 [22;34mDEBUG[0m wr bitrate:0.000000 Mbps - server_session.go:137
2026/03/17 12:59:03.511163 [22;34mDEBUG[0m rd bitrate:0.000000 Mbps - server_session.go:136
2026/03/17 12:59:03.511366 [22;34mDEBUG[0m wr bitrate:0.000000 Mbps - server_session.go:137
2026/03/17 12:59:04.512442 [22;34mDEBUG[0m rd bitrate:0.000000 Mbps - server_session.go:136
2026/03/17 12:59:04.512597 [22;34mDEBUG[0m wr bitrate:0.000000 Mbps - server_session.go:137
2026/03/17 12:59:05.513386 [22;34mDEBUG[0m rd bitrate:0.000000 Mbps - server_session.go:136
2026/03/17 12:59:05.513895 [22;34mDEBUG[0m wr bitrate:0.000000 Mbps - server_session.go:137
2026/03/17 12:59:06.514805 [22;34mDEBUG[0m rd bitrate:0.000000 Mbps - server_session.go:136
2026/03/17 12:59:06.514875 [22;34mDEBUG[0m wr bitrate:0.000000 Mbps - server_session.go:137
2026/03/17 12:59:07.515422 [22;34mDEBUG[0m rd bitrate:0.000000 Mbps - server_session.go:136
2026/03/17 12:59:07.515563 [22;34mDEBUG[0m wr bitrate:0.000000 Mbps - server_session.go:137
2026/03/17 12:59:08.518840 [22;34mDEBUG[0m rd bitrate:0.000000 Mbps - server_session.go:136
2026/03/17 12:59:08.519247 [22;34mDEBUG[0m wr bitrate:0.000000 Mbps - server_session.go:137
2026/03/17 12:59:09.520090 [22;34mDEBUG[0m rd bitrate:0.000000 Mbps - server_session.go:136
2026/03/17 12:59:09.520214 [22;34mDEBUG[0m wr bitrate:0.000000 Mbps - server_session.go:137
2026/03/17 12:59:10.521996 [22;34mDEBUG[0m rd bitrate:0.000000 Mbps - server_session.go:136
2026/03/17 12:59:10.523045 [22;34mDEBUG[0m wr bitrate:0.000000 Mbps - server_session.go:137
2026/03/17 12:59:11.527175 [22;34mDEBUG[0m rd bitrate:0.000000 Mbps - server_session.go:136
2026/03/17 12:59:11.530125 [22;34mDEBUG[0m wr bitrate:0.000000 Mbps - server_session.go:137
2026/03/17 12:59:12.531089 [22;36m INFO[0m mean read bitrate:0.000084 Mbps - server_session.go:143
2026/03/17 12:59:12.531786 [22;36m INFO[0m mean write bitrate:0.000173 Mbps - server_session.go:144
2026/03/17 12:59:12.531864 [22;34mDEBUG[0m rd bitrate:0.000000 Mbps - server_session.go:136
2026/03/17 12:59:12.531880 [22;34mDEBUG[0m wr bitrate:0.000000 Mbps - server_session.go:137
2026/03/17 12:59:13.533014 [22;34mDEBUG[0m rd bitrate:0.000000 Mbps - server_session.go:136
2026/03/17 12:59:13.533119 [22;34mDEBUG[0m wr bitrate:0.000000 Mbps - server_session.go:137
2026/03/17 12:59:14.537942 [22;34mDEBUG[0m rd bitrate:0.000000 Mbps - server_session.go:136
2026/03/17 12:59:14.538104 [22;34mDEBUG[0m wr bitrate:0.000000 Mbps - server_session.go:137
2026/03/17 12:59:15.538779 [22;34mDEBUG[0m rd bitrate:0.000000 Mbps - server_session.go:136
2026/03/17 12:59:15.539637 [22;34mDEBUG[0m wr bitrate:0.000000 Mbps - server_session.go:137
2026/03/17 12:59:16.544865 [22;34mDEBUG[0m rd bitrate:0.000000 Mbps - server_session.go:136
2026/03/17 12:59:16.545071 [22;34mDEBUG[0m wr bitrate:0.000000 Mbps - server_session.go:137
2026/03/17 12:59:17.545803 [22;34mDEBUG[0m rd bitrate:0.000000 Mbps - server_session.go:136
2026/03/17 12:59:17.546011 [22;34mDEBUG[0m wr bitrate:0.000000 Mbps - server_session.go:137
2026/03/17 12:59:18.554184 [22;34mDEBUG[0m rd bitrate:0.000000 Mbps - server_session.go:136
2026/03/17 12:59:18.554319 [22;34mDEBUG[0m wr bitrate:0.000000 Mbps - server_session.go:137
2026/03/17 12:59:19.558088 [22;34mDEBUG[0m rd bitrate:0.000000 Mbps - server_session.go:136
2026/03/17 12:59:19.558168 [22;34mDEBUG[0m wr bitrate:0.000000 Mbps - server_session.go:137
2026/03/17 12:59:20.560840 [22;34mDEBUG[0m rd bitrate:0.000000 Mbps - server_session.go:136
2026/03/17 12:59:20.562723 [22;34mDEBUG[0m wr bitrate:0.000000 Mbps - server_session.go:137
2026/03/17 12:59:21.563081 [22;34mDEBUG[0m rd bitrate:0.000000 Mbps - server_session.go:136
2026/03/17 12:59:21.563205 [22;34mDEBUG[0m wr bitrate:0.000000 Mbps - server_session.go:137
2026/03/17 12:59:22.507167 [22;34mDEBUG[0m [NAZACONN1] close once. err=NetworkIdleTimeout: No recent network activity. - connection.go:432
2026/03/17 12:59:22.507878 [22;36m INFO[0m [RTMPPUBSUB1] rtmp loop done. err=NetworkIdleTimeout: No recent network activity. - server.go:201
2026/03/17 12:59:22.508065 [22;34mDEBUG[0m [GROUP1] [RTMPPUBSUB1] del rtmp SubSession from group. - group.go:712
2026/03/17 12:59:22.563582 [22;36m INFO[0m mean read bitrate:0.000056 Mbps - server_session.go:143
2026/03/17 12:59:22.563672 [22;36m INFO[0m mean write bitrate:0.000115 Mbps - server_session.go:144
2026/03/17 12:59:22.563692 [22;34mDEBUG[0m rd bitrate:0.000000 Mbps - server_session.go:136
2026/03/17 12:59:22.563696 [22;34mDEBUG[0m wr bitrate:0.000000 Mbps - server_session.go:137
2026/03/17 12:59:23.568633 [22;34mDEBUG[0m rd bitrate:0.000000 Mbps - server_session.go:136
2026/03/17 12:59:23.581763 [22;34mDEBUG[0m wr bitrate:0.000000 Mbps - server_session.go:137
2026/03/17 12:59:24.584761 [22;34mDEBUG[0m rd bitrate:0.000000 Mbps - server_session.go:136
2026/03/17 12:59:24.585121 [22;34mDEBUG[0m wr bitrate:0.000000 Mbps - server_session.go:137
2026/03/17 12:59:25.586299 [22;34mDEBUG[0m rd bitrate:0.000000 Mbps - server_session.go:136
2026/03/17 12:59:25.586759 [22;34mDEBUG[0m wr bitrate:0.000000 Mbps - server_session.go:137
2026/03/17 12:59:26.586952 [22;34mDEBUG[0m rd bitrate:0.000000 Mbps - server_session.go:136
2026/03/17 12:59:26.587128 [22;34mDEBUG[0m wr bitrate:0.000000 Mbps - server_session.go:137
2026/03/17 12:59:27.591720 [22;34mDEBUG[0m rd bitrate:0.000000 Mbps - server_session.go:136
2026/03/17 12:59:27.592361 [22;34mDEBUG[0m wr bitrate:0.000000 Mbps - server_session.go:137
2026/03/17 12:59:28.596612 [22;34mDEBUG[0m rd bitrate:0.000000 Mbps - server_session.go:136
2026/03/17 12:59:28.597043 [22;34mDEBUG[0m wr bitrate:0.000000 Mbps - server_session.go:137
2026/03/17 12:59:29.601455 [22;34mDEBUG[0m rd bitrate:0.000000 Mbps - server_session.go:136
2026/03/17 12:59:29.604063 [22;34mDEBUG[0m wr bitrate:0.000000 Mbps - server_session.go:137
2026/03/17 12:59:30.606416 [22;34mDEBUG[0m rd bitrate:0.000000 Mbps - server_session.go:136
2026/03/17 12:59:30.607002 [22;34mDEBUG[0m wr bitrate:0.000000 Mbps - server_session.go:137
2026/03/17 12:59:31.610978 [22;34mDEBUG[0m rd bitrate:0.000000 Mbps - server_session.go:136
2026/03/17 12:59:31.618635 [22;34mDEBUG[0m wr bitrate:0.000000 Mbps - server_session.go:137
2026/03/17 12:59:32.619243 [22;36m INFO[0m mean read bitrate:0.000042 Mbps - server_session.go:143
2026/03/17 12:59:32.621064 [22;36m INFO[0m mean write bitrate:0.000087 Mbps - server_session.go:144
2026/03/17 12:59:32.621147 [22;34mDEBUG[0m rd bitrate:0.000000 Mbps - server_session.go:136
2026/03/17 12:59:32.621473 [22;34mDEBUG[0m wr bitrate:0.000000 Mbps - server_session.go:137
2026/03/17 12:59:33.625562 [22;34mDEBUG[0m rd bitrate:0.000000 Mbps - server_session.go:136
2026/03/17 12:59:33.625934 [22;34mDEBUG[0m wr bitrate:0.000000 Mbps - server_session.go:137
2026/03/17 12:59:34.630600 [22;34mDEBUG[0m rd bitrate:0.000000 Mbps - server_session.go:136
2026/03/17 12:59:34.631835 [22;34mDEBUG[0m wr bitrate:0.000000 Mbps - server_session.go:137
2026/03/17 12:59:35.640384 [22;34mDEBUG[0m rd bitrate:0.000000 Mbps - server_session.go:136
2026/03/17 12:59:35.646825 [22;34mDEBUG[0m wr bitrate:0.000000 Mbps - server_session.go:137
2026/03/17 12:59:36.691799 [22;34mDEBUG[0m rd bitrate:0.000000 Mbps - server_session.go:136
2026/03/17 12:59:36.695185 [22;34mDEBUG[0m wr bitrate:0.000000 Mbps - server_session.go:137
2026/03/17 12:59:37.695677 [22;34mDEBUG[0m rd bitrate:0.000000 Mbps - server_session.go:136
2026/03/17 12:59:37.695962 [22;34mDEBUG[0m wr bitrate:0.000000 Mbps - server_session.go:137
2026/03/17 12:59:38.696450 [22;34mDEBUG[0m rd bitrate:0.000000 Mbps - server_session.go:136
2026/03/17 12:59:38.697058 [22;34mDEBUG[0m wr bitrate:0.000000 Mbps - server_session.go:137
2026/03/17 12:59:39.698743 [22;34mDEBUG[0m rd bitrate:0.000000 Mbps - server_session.go:136
2026/03/17 12:59:39.698868 [22;34mDEBUG[0m wr bitrate:0.000000 Mbps - server_session.go:137
2026/03/17 12:59:40.702343 [22;34mDEBUG[0m rd bitrate:0.000000 Mbps - server_session.go:136
2026/03/17 12:59:40.702653 [22;34mDEBUG[0m wr bitrate:0.000000 Mbps - server_session.go:137
2026/03/17 12:59:41.705889 [22;34mDEBUG[0m rd bitrate:0.000000 Mbps - server_session.go:136
2026/03/17 12:59:41.707895 [22;34mDEBUG[0m wr bitrate:0.000000 Mbps - server_session.go:137
2026/03/17 12:59:42.708643 [22;36m INFO[0m mean read bitrate:0.000034 Mbps - server_session.go:143
2026/03/17 12:59:42.709084 [22;36m INFO[0m mean write bitrate:0.000069 Mbps - server_session.go:144
2026/03/17 12:59:42.709296 [22;34mDEBUG[0m rd bitrate:0.000000 Mbps - server_session.go:136
2026/03/17 12:59:42.709341 [22;34mDEBUG[0m wr bitrate:0.000000 Mbps - server_session.go:137
2026/03/17 12:59:43.710480 [22;34mDEBUG[0m rd bitrate:0.000000 Mbps - server_session.go:136
2026/03/17 12:59:43.714927 [22;34mDEBUG[0m wr bitrate:0.000000 Mbps - server_session.go:137
2026/03/17 12:59:44.716012 [22;34mDEBUG[0m rd bitrate:0.000000 Mbps - server_session.go:136
2026/03/17 12:59:44.716163 [22;34mDEBUG[0m wr bitrate:0.000000 Mbps - server_session.go:137
2026/03/17 12:59:45.716428 [22;34mDEBUG[0m rd bitrate:0.000000 Mbps - server_session.go:136
2026/03/17 12:59:45.716706 [22;34mDEBUG[0m wr bitrate:0.000000 Mbps - server_session.go:137
2026/03/17 12:59:46.716973 [22;34mDEBUG[0m rd bitrate:0.000000 Mbps - server_session.go:136
2026/03/17 12:59:46.717381 [22;34mDEBUG[0m wr bitrate:0.000000 Mbps - server_session.go:137
2026/03/17 12:59:47.717850 [22;34mDEBUG[0m rd bitrate:0.000000 Mbps - server_session.go:136
2026/03/17 12:59:47.717985 [22;34mDEBUG[0m wr bitrate:0.000000 Mbps - server_session.go:137
2026/03/17 12:59:48.718689 [22;34mDEBUG[0m rd bitrate:0.000000 Mbps - server_session.go:136
2026/03/17 12:59:48.718860 [22;34mDEBUG[0m wr bitrate:0.000000 Mbps - server_session.go:137
2026/03/17 12:59:49.719139 [22;34mDEBUG[0m rd bitrate:0.000000 Mbps - server_session.go:136
2026/03/17 12:59:49.720097 [22;34mDEBUG[0m wr bitrate:0.000000 Mbps - server_session.go:137
2026/03/17 12:59:50.720289 [22;34mDEBUG[0m rd bitrate:0.000000 Mbps - server_session.go:136
2026/03/17 12:59:50.720422 [22;34mDEBUG[0m wr bitrate:0.000000 Mbps - server_session.go:137
2026/03/17 12:59:51.723222 [22;34mDEBUG[0m rd bitrate:0.000000 Mbps - server_session.go:136
2026/03/17 12:59:51.724408 [22;34mDEBUG[0m wr bitrate:0.000000 Mbps - server_session.go:137
2026/03/17 12:59:52.725131 [22;36m INFO[0m mean read bitrate:0.000028 Mbps - server_session.go:143
2026/03/17 12:59:52.727302 [22;36m INFO[0m mean write bitrate:0.000058 Mbps - server_session.go:144
2026/03/17 12:59:52.727434 [22;34mDEBUG[0m rd bitrate:0.000000 Mbps - server_session.go:136
2026/03/17 12:59:52.727477 [22;34mDEBUG[0m wr bitrate:0.000000 Mbps - server_session.go:137
2026/03/17 12:59:53.727920 [22;34mDEBUG[0m rd bitrate:0.000000 Mbps - server_session.go:136
2026/03/17 12:59:53.728611 [22;34mDEBUG[0m wr bitrate:0.000000 Mbps - server_session.go:137
2026/03/17 12:59:54.728807 [22;34mDEBUG[0m rd bitrate:0.000000 Mbps - server_session.go:136
2026/03/17 12:59:54.728962 [22;34mDEBUG[0m wr bitrate:0.000000 Mbps - server_session.go:137
2026/03/17 12:59:55.730581 [22;34mDEBUG[0m rd bitrate:0.000000 Mbps - server_session.go:136
2026/03/17 12:59:55.730708 [22;34mDEBUG[0m wr bitrate:0.000000 Mbps - server_session.go:137
2026/03/17 12:59:56.731977 [22;34mDEBUG[0m rd bitrate:0.000000 Mbps - server_session.go:136
2026/03/17 12:59:56.732686 [22;34mDEBUG[0m wr bitrate:0.000000 Mbps - server_session.go:137
2026/03/17 12:59:57.733483 [22;34mDEBUG[0m rd bitrate:0.000000 Mbps - server_session.go:136
2026/03/17 12:59:57.733984 [22;34mDEBUG[0m wr bitrate:0.000000 Mbps - server_session.go:137
2026/03/17 12:59:58.735946 [22;34mDEBUG[0m rd bitrate:0.000000 Mbps - server_session.go:136
2026/03/17 12:59:58.736044 [22;34mDEBUG[0m wr bitrate:0.000000 Mbps - server_session.go:137
2026/03/17 12:59:59.737208 [22;34mDEBUG[0m rd bitrate:0.000000 Mbps - server_session.go:136
2026/03/17 12:59:59.737322 [22;34mDEBUG[0m wr bitrate:0.000000 Mbps - server_session.go:137
2026/03/17 13:00:00.738692 [22;34mDEBUG[0m rd bitrate:0.000000 Mbps - server_session.go:136
2026/03/17 13:00:00.739618 [22;34mDEBUG[0m wr bitrate:0.000000 Mbps - server_session.go:137
2026/03/17 13:00:01.743452 [22;34mDEBUG[0m rd bitrate:0.000000 Mbps - server_session.go:136
2026/03/17 13:00:01.743753 [22;34mDEBUG[0m wr bitrate:0.000000 Mbps - server_session.go:137
2026/03/17 13:00:02.745006 [22;36m INFO[0m mean read bitrate:0.000024 Mbps - server_session.go:143
2026/03/17 13:00:02.746023 [22;36m INFO[0m mean write bitrate:0.000049 Mbps - server_session.go:144
2026/03/17 13:00:02.746084 [22;34mDEBUG[0m rd bitrate:0.000000 Mbps - server_session.go:136
2026/03/17 13:00:02.746101 [22;34mDEBUG[0m wr bitrate:0.000000 Mbps - server_session.go:137
2026/03/17 13:00:03.747221 [22;34mDEBUG[0m rd bitrate:0.000000 Mbps - server_session.go:136
2026/03/17 13:00:03.749161 [22;34mDEBUG[0m wr bitrate:0.000000 Mbps - server_session.go:137
2026/03/17 13:00:04.752622 [22;34mDEBUG[0m rd bitrate:0.000000 Mbps - server_session.go:136
2026/03/17 13:00:04.754426 [22;34mDEBUG[0m wr bitrate:0.000000 Mbps - server_session.go:137
2026/03/17 13:00:05.756159 [22;34mDEBUG[0m rd bitrate:0.000000 Mbps - server_session.go:136
2026/03/17 13:00:05.757300 [22;34mDEBUG[0m wr bitrate:0.000000 Mbps - server_session.go:137
2026/03/17 13:00:06.759946 [22;34mDEBUG[0m rd bitrate:0.000000 Mbps - server_session.go:136
2026/03/17 13:00:06.760102 [22;34mDEBUG[0m wr bitrate:0.000000 Mbps - server_session.go:137
2026/03/17 13:00:07.761198 [22;34mDEBUG[0m rd bitrate:0.000000 Mbps - server_session.go:136
2026/03/17 13:00:07.762049 [22;34mDEBUG[0m wr bitrate:0.000000 Mbps - server_session.go:137
2026/03/17 13:00:08.763046 [22;34mDEBUG[0m rd bitrate:0.000000 Mbps - server_session.go:136
2026/03/17 13:00:08.763216 [22;34mDEBUG[0m wr bitrate:0.000000 Mbps - server_session.go:137
2026/03/17 13:00:09.764802 [22;34mDEBUG[0m rd bitrate:0.000000 Mbps - server_session.go:136
2026/03/17 13:00:09.764896 [22;34mDEBUG[0m wr bitrate:0.000000 Mbps - server_session.go:137
2026/03/17 13:00:10.765808 [22;34mDEBUG[0m rd bitrate:0.000000 Mbps - server_session.go:136
2026/03/17 13:00:10.765950 [22;34mDEBUG[0m wr bitrate:0.000000 Mbps - server_session.go:137
2026/03/17 13:00:11.767262 [22;34mDEBUG[0m rd bitrate:0.000000 Mbps - server_session.go:136
2026/03/17 13:00:11.767615 [22;34mDEBUG[0m wr bitrate:0.000000 Mbps - server_session.go:137
2026/03/17 13:00:12.767800 [22;36m INFO[0m mean read bitrate:0.000021 Mbps - server_session.go:143
2026/03/17 13:00:12.768115 [22;36m INFO[0m mean write bitrate:0.000043 Mbps - server_session.go:144
2026/03/17 13:00:12.768126 [22;34mDEBUG[0m rd bitrate:0.000000 Mbps - server_session.go:136
2026/03/17 13:00:12.768129 [22;34mDEBUG[0m wr bitrate:0.000000 Mbps - server_session.go:137
2026/03/17 13:00:13.770863 [22;34mDEBUG[0m rd bitrate:0.000000 Mbps - server_session.go:136
2026/03/17 13:00:13.777311 [22;34mDEBUG[0m wr bitrate:0.000000 Mbps - server_session.go:137
2026/03/17 13:00:14.782008 [22;34mDEBUG[0m rd bitrate:0.000000 Mbps - server_session.go:136
2026/03/17 13:00:14.783778 [22;34mDEBUG[0m wr bitrate:0.000000 Mbps - server_session.go:137
2026/03/17 13:00:15.784663 [22;34mDEBUG[0m rd bitrate:0.000000 Mbps - server_session.go:136
2026/03/17 13:00:15.785170 [22;34mDEBUG[0m wr bitrate:0.000000 Mbps - server_session.go:137
2026/03/17 13:00:16.786353 [22;34mDEBUG[0m rd bitrate:0.000000 Mbps - server_session.go:136
2026/03/17 13:00:16.789782 [22;34mDEBUG[0m wr bitrate:0.000000 Mbps - server_session.go:137
2026/03/17 13:00:17.792271 [22;34mDEBUG[0m rd bitrate:0.000000 Mbps - server_session.go:136
2026/03/17 13:00:17.792764 [22;34mDEBUG[0m wr bitrate:0.000000 Mbps - server_session.go:137
2026/03/17 13:00:18.794306 [22;34mDEBUG[0m rd bitrate:0.000000 Mbps - server_session.go:136
2026/03/17 13:00:18.794793 [22;34mDEBUG[0m wr bitrate:0.000000 Mbps - server_session.go:137
2026/03/17 13:00:19.795695 [22;34mDEBUG[0m rd bitrate:0.000000 Mbps - server_session.go:136
2026/03/17 13:00:19.795868 [22;34mDEBUG[0m wr bitrate:0.000000 Mbps - server_session.go:137
2026/03/17 13:00:20.797108 [22;34mDEBUG[0m rd bitrate:0.000000 Mbps - server_session.go:136
2026/03/17 13:00:20.798236 [22;34mDEBUG[0m wr bitrate:0.000000 Mbps - server_session.go:137
2026/03/17 13:00:21.798649 [22;34mDEBUG[0m rd bitrate:0.000000 Mbps - server_session.go:136
2026/03/17 13:00:21.800796 [22;34mDEBUG[0m wr bitrate:0.000000 Mbps - server_session.go:137
2026/03/17 13:00:22.805087 [22;36m INFO[0m mean read bitrate:0.000019 Mbps - server_session.go:143
2026/03/17 13:00:22.805887 [22;36m INFO[0m mean write bitrate:0.000038 Mbps - server_session.go:144
2026/03/17 13:00:22.805971 [22;34mDEBUG[0m rd bitrate:0.000000 Mbps - server_session.go:136
2026/03/17 13:00:22.805987 [22;34mDEBUG[0m wr bitrate:0.000000 Mbps - server_session.go:137
2026/03/17 13:00:23.806350 [22;34mDEBUG[0m rd bitrate:0.000000 Mbps - server_session.go:136
2026/03/17 13:00:23.806727 [22;34mDEBUG[0m wr bitrate:0.000000 Mbps - server_session.go:137
2026/03/17 13:00:24.807686 [22;34mDEBUG[0m rd bitrate:0.000000 Mbps - server_session.go:136
2026/03/17 13:00:24.808402 [22;34mDEBUG[0m wr bitrate:0.000000 Mbps - server_session.go:137
2026/03/17 13:00:25.809118 [22;34mDEBUG[0m rd bitrate:0.000000 Mbps - server_session.go:136
2026/03/17 13:00:25.809624 [22;34mDEBUG[0m wr bitrate:0.000000 Mbps - server_session.go:137
2026/03/17 13:00:26.811155 [22;34mDEBUG[0m rd bitrate:0.000000 Mbps - server_session.go:136
2026/03/17 13:00:26.811397 [22;34mDEBUG[0m wr bitrate:0.000000 Mbps - server_session.go:137
2026/03/17 13:00:27.811659 [22;34mDEBUG[0m rd bitrate:0.000000 Mbps - server_session.go:136
2026/03/17 13:00:27.812008 [22;34mDEBUG[0m wr bitrate:0.000000 Mbps - server_session.go:137
2026/03/17 13:00:28.812885 [22;34mDEBUG[0m rd bitrate:0.000000 Mbps - server_session.go:136
2026/03/17 13:00:28.814021 [22;34mDEBUG[0m wr bitrate:0.000000 Mbps - server_session.go:137
2026/03/17 13:00:29.814740 [22;34mDEBUG[0m rd bitrate:0.000000 Mbps - server_session.go:136
2026/03/17 13:00:29.815203 [22;34mDEBUG[0m wr bitrate:0.000000 Mbps - server_session.go:137
2026/03/17 13:00:30.817769 [22;34mDEBUG[0m rd bitrate:0.000000 Mbps - server_session.go:136
2026/03/17 13:00:30.817840 [22;34mDEBUG[0m wr bitrate:0.000000 Mbps - server_session.go:137
2026/03/17 13:00:31.818043 [22;34mDEBUG[0m rd bitrate:0.000000 Mbps - server_session.go:136
2026/03/17 13:00:31.818370 [22;34mDEBUG[0m wr bitrate:0.000000 Mbps - server_session.go:137
2026/03/17 13:00:32.889410 [22;36m INFO[0m mean read bitrate:0.000017 Mbps - server_session.go:143
2026/03/17 13:00:32.893654 [22;36m INFO[0m mean write bitrate:0.000035 Mbps - server_session.go:144
2026/03/17 13:00:32.901386 [22;34mDEBUG[0m rd bitrate:0.000000 Mbps - server_session.go:136
2026/03/17 13:00:32.901612 [22;34mDEBUG[0m wr bitrate:0.000000 Mbps - server_session.go:137
2026/03/17 13:00:33.903685 [22;34mDEBUG[0m rd bitrate:0.000000 Mbps - server_session.go:136
2026/03/17 13:00:33.904767 [22;34mDEBUG[0m wr bitrate:0.000000 Mbps - server_session.go:137
2026/03/17 13:00:34.906362 [22;34mDEBUG[0m rd bitrate:0.000000 Mbps - server_session.go:136
2026/03/17 13:00:34.910938 [22;34mDEBUG[0m wr bitrate:0.000000 Mbps - server_session.go:137
2026/03/17 13:00:35.918194 [22;34mDEBUG[0m rd bitrate:0.000000 Mbps - server_session.go:136
2026/03/17 13:00:35.920340 [22;34mDEBUG[0m wr bitrate:0.000000 Mbps - server_session.go:137
2026/03/17 13:00:36.921425 [22;34mDEBUG[0m rd bitrate:0.000000 Mbps - server_session.go:136
2026/03/17 13:00:36.923867 [22;34mDEBUG[0m wr bitrate:0.000000 Mbps - server_session.go:137
2026/03/17 13:00:37.927764 [22;34mDEBUG[0m rd bitrate:0.000000 Mbps - server_session.go:136
2026/03/17 13:00:37.930724 [22;34mDEBUG[0m wr bitrate:0.000000 Mbps - server_session.go:137
2026/03/17 13:00:38.935213 [22;34mDEBUG[0m rd bitrate:0.000000 Mbps - server_session.go:136
2026/03/17 13:00:38.935344 [22;34mDEBUG[0m wr bitrate:0.000000 Mbps - server_session.go:137
2026/03/17 13:00:39.939882 [22;34mDEBUG[0m rd bitrate:0.000000 Mbps - server_session.go:136
2026/03/17 13:00:39.940005 [22;34mDEBUG[0m wr bitrate:0.000000 Mbps - server_session.go:137
2026/03/17 13:00:40.941114 [22;34mDEBUG[0m rd bitrate:0.000000 Mbps - server_session.go:136
2026/03/17 13:00:40.941345 [22;34mDEBUG[0m wr bitrate:0.000000 Mbps - server_session.go:137
2026/03/17 13:00:41.941984 [22;34mDEBUG[0m rd bitrate:0.000000 Mbps - server_session.go:136
2026/03/17 13:00:41.942095 [22;34mDEBUG[0m wr bitrate:0.000000 Mbps - server_session.go:137
2026/03/17 13:00:42.948127 [22;36m INFO[0m mean read bitrate:0.000015 Mbps - server_session.go:143
2026/03/17 13:00:42.949003 [22;36m INFO[0m mean write bitrate:0.000031 Mbps - server_session.go:144
2026/03/17 13:00:42.950118 [22;34mDEBUG[0m rd bitrate:0.000000 Mbps - server_session.go:136
2026/03/17 13:00:42.950173 [22;34mDEBUG[0m wr bitrate:0.000000 Mbps - server_session.go:137
2026/03/17 13:00:43.953465 [22;34mDEBUG[0m rd bitrate:0.000000 Mbps - server_session.go:136
2026/03/17 13:00:43.953735 [22;34mDEBUG[0m wr bitrate:0.000000 Mbps - server_session.go:137
2026/03/17 13:00:44.956687 [22;34mDEBUG[0m rd bitrate:0.000000 Mbps - server_session.go:136
2026/03/17 13:00:44.956883 [22;34mDEBUG[0m wr bitrate:0.000000 Mbps - server_session.go:137
2026/03/17 13:00:45.960604 [22;34mDEBUG[0m rd bitrate:0.000000 Mbps - server_session.go:136
2026/03/17 13:00:45.960751 [22;34mDEBUG[0m wr bitrate:0.000000 Mbps - server_session.go:137
2026/03/17 13:00:46.961578 [22;34mDEBUG[0m rd bitrate:0.000000 Mbps - server_session.go:136
2026/03/17 13:00:46.962881 [22;34mDEBUG[0m wr bitrate:0.000000 Mbps - server_session.go:137
2026/03/17 13:00:47.965121 [22;34mDEBUG[0m rd bitrate:0.000000 Mbps - server_session.go:136
2026/03/17 13:00:47.965320 [22;34mDEBUG[0m wr bitrate:0.000000 Mbps - server_session.go:137
2026/03/17 13:00:48.969634 [22;34mDEBUG[0m rd bitrate:0.000000 Mbps - server_session.go:136
2026/03/17 13:00:48.969972 [22;34mDEBUG[0m wr bitrate:0.000000 Mbps - server_session.go:137
2026/03/17 13:00:49.974270 [22;34mDEBUG[0m rd bitrate:0.000000 Mbps - server_session.go:136
2026/03/17 13:00:49.974399 [22;34mDEBUG[0m wr bitrate:0.000000 Mbps - server_session.go:137
2026/03/17 13:00:50.974791 [22;34mDEBUG[0m rd bitrate:0.000000 Mbps - server_session.go:136
2026/03/17 13:00:50.975250 [22;34mDEBUG[0m wr bitrate:0.000000 Mbps - server_session.go:137
2026/03/17 13:00:51.979774 [22;34mDEBUG[0m rd bitrate:0.000000 Mbps - server_session.go:136
2026/03/17 13:00:51.979871 [22;34mDEBUG[0m wr bitrate:0.000000 Mbps - server_session.go:137
2026/03/17 13:00:52.981088 [22;36m INFO[0m mean read bitrate:0.000014 Mbps - server_session.go:143
2026/03/17 13:00:52.981962 [22;36m INFO[0m mean write bitrate:0.000029 Mbps - server_session.go:144
2026/03/17 13:00:52.982316 [22;34mDEBUG[0m rd bitrate:0.000000 Mbps - server_session.go:136
2026/03/17 13:00:52.982362 [22;34mDEBUG[0m wr bitrate:0.000000 Mbps - server_session.go:137
2026/03/17 13:00:53.985644 [22;34mDEBUG[0m rd bitrate:0.000000 Mbps - server_session.go:136
2026/03/17 13:00:53.985852 [22;34mDEBUG[0m wr bitrate:0.000000 Mbps - server_session.go:137
2026/03/17 13:00:54.986404 [22;34mDEBUG[0m rd bitrate:0.000000 Mbps - server_session.go:136
2026/03/17 13:00:54.986862 [22;34mDEBUG[0m wr bitrate:0.000000 Mbps - server_session.go:137
2026/03/17 13:00:55.989877 [22;34mDEBUG[0m rd bitrate:0.000000 Mbps - server_session.go:136
2026/03/17 13:00:55.990391 [22;34mDEBUG[0m wr bitrate:0.000000 Mbps - server_session.go:137
2026/03/17 13:00:56.996708 [22;34mDEBUG[0m rd bitrate:0.000000 Mbps - server_session.go:136
2026/03/17 13:00:56.998147 [22;34mDEBUG[0m wr bitrate:0.000000 Mbps - server_session.go:137
2026/03/17 13:00:57.998609 [22;34mDEBUG[0m rd bitrate:0.000000 Mbps - server_session.go:136
2026/03/17 13:00:57.998816 [22;34mDEBUG[0m wr bitrate:0.000000 Mbps - server_session.go:137
2026/03/17 13:00:58.998906 [22;34mDEBUG[0m rd bitrate:0.000000 Mbps - server_session.go:136
2026/03/17 13:00:58.999236 [22;34mDEBUG[0m wr bitrate:0.000000 Mbps - server_session.go:137
2026/03/17 13:01:00.000655 [22;34mDEBUG[0m rd bitrate:0.000000 Mbps - server_session.go:136
2026/03/17 13:01:00.000837 [22;34mDEBUG[0m wr bitrate:0.000000 Mbps - server_session.go:137
2026/03/17 13:01:01.002037 [22;34mDEBUG[0m rd bitrate:0.000000 Mbps - server_session.go:136
2026/03/17 13:01:01.002345 [22;34mDEBUG[0m wr bitrate:0.000000 Mbps - server_session.go:137
2026/03/17 13:01:02.005635 [22;34mDEBUG[0m rd bitrate:0.000000 Mbps - server_session.go:136
2026/03/17 13:01:02.005756 [22;34mDEBUG[0m wr bitrate:0.000000 Mbps - server_session.go:137
2026/03/17 13:01:03.009998 [22;36m INFO[0m mean read bitrate:0.000013 Mbps - server_session.go:143
2026/03/17 13:01:03.010171 [22;36m INFO[0m mean write bitrate:0.000027 Mbps - server_session.go:144
2026/03/17 13:01:03.010193 [22;34mDEBUG[0m rd bitrate:0.000000 Mbps - server_session.go:136
2026/03/17 13:01:03.014851 [22;34mDEBUG[0m wr bitrate:0.000000 Mbps - server_session.go:137
2026/03/17 13:01:04.022827 [22;34mDEBUG[0m rd bitrate:0.000000 Mbps - server_session.go:136
2026/03/17 13:01:04.024735 [22;34mDEBUG[0m wr bitrate:0.000000 Mbps - server_session.go:137
2026/03/17 13:01:05.028077 [22;34mDEBUG[0m rd bitrate:0.000000 Mbps - server_session.go:136
2026/03/17 13:01:05.029993 [22;34mDEBUG[0m wr bitrate:0.000000 Mbps - server_session.go:137
2026/03/17 13:01:06.033312 [22;34mDEBUG[0m rd bitrate:0.000000 Mbps - server_session.go:136
2026/03/17 13:01:06.033423 [22;34mDEBUG[0m wr bitrate:0.000000 Mbps - server_session.go:137
2026/03/17 13:01:07.037297 [22;34mDEBUG[0m rd bitrate:0.000000 Mbps - server_session.go:136
2026/03/17 13:01:07.038661 [22;34mDEBUG[0m wr bitrate:0.000000 Mbps - server_session.go:137
2026/03/17 13:01:08.042118 [22;34mDEBUG[0m rd bitrate:0.000000 Mbps - server_session.go:136
2026/03/17 13:01:08.042410 [22;34mDEBUG[0m wr bitrate:0.000000 Mbps - server_session.go:137
2026/03/17 13:01:09.045402 [22;34mDEBUG[0m rd bitrate:0.000000 Mbps - server_session.go:136
2026/03/17 13:01:09.046629 [22;34mDEBUG[0m wr bitrate:0.000000 Mbps - server_session.go:137
2026/03/17 13:01:10.050141 [22;34mDEBUG[0m rd bitrate:0.000000 Mbps - server_session.go:136
2026/03/17 13:01:10.050306 [22;34mDEBUG[0m wr bitrate:0.000000 Mbps - server_session.go:137
2026/03/17 13:01:11.053281 [22;34mDEBUG[0m rd bitrate:0.000000 Mbps - server_session.go:136
2026/03/17 13:01:11.053780 [22;34mDEBUG[0m wr bitrate:0.000000 Mbps - server_session.go:137
2026/03/17 13:01:12.056694 [22;34mDEBUG[0m rd bitrate:0.000000 Mbps - server_session.go:136
2026/03/17 13:01:12.056833 [22;34mDEBUG[0m wr bitrate:0.000000 Mbps - server_session.go:137
2026/03/17 13:01:13.062980 [22;36m INFO[0m mean read bitrate:0.000012 Mbps - server_session.go:143
2026/03/17 13:01:13.064404 [22;36m INFO[0m mean write bitrate:0.000025 Mbps - server_session.go:144
2026/03/17 13:01:13.064592 [22;34mDEBUG[0m rd bitrate:0.000000 Mbps - server_session.go:136
2026/03/17 13:01:13.064612 [22;34mDEBUG[0m wr bitrate:0.000000 Mbps - server_session.go:137
2026/03/17 13:01:14.065663 [22;34mDEBUG[0m rd bitrate:0.000000 Mbps - server_session.go:136
2026/03/17 13:01:14.065960 [22;34mDEBUG[0m wr bitrate:0.000000 Mbps - server_session.go:137
2026/03/17 13:01:15.066875 [22;34mDEBUG[0m rd bitrate:0.000000 Mbps - server_session.go:136
2026/03/17 13:01:15.067348 [22;34mDEBUG[0m wr bitrate:0.000000 Mbps - server_session.go:137
2026/03/17 13:01:16.071020 [22;34mDEBUG[0m rd bitrate:0.000000 Mbps - server_session.go:136
2026/03/17 13:01:16.071238 [22;34mDEBUG[0m wr bitrate:0.000000 Mbps - server_session.go:137
2026/03/17 13:01:17.074120 [22;34mDEBUG[0m rd bitrate:0.000000 Mbps - server_session.go:136
2026/03/17 13:01:17.075758 [22;34mDEBUG[0m wr bitrate:0.000000 Mbps - server_session.go:137
2026/03/17 13:01:18.077190 [22;34mDEBUG[0m rd bitrate:0.000000 Mbps - server_session.go:136
2026/03/17 13:01:18.077642 [22;34mDEBUG[0m wr bitrate:0.000000 Mbps - server_session.go:137
2026/03/17 13:01:19.079035 [22;34mDEBUG[0m rd bitrate:0.000000 Mbps - server_session.go:136
2026/03/17 13:01:19.079909 [22;34mDEBUG[0m wr bitrate:0.000000 Mbps - server_session.go:137
2026/03/17 13:01:20.082778 [22;34mDEBUG[0m rd bitrate:0.000000 Mbps - server_session.go:136
2026/03/17 13:01:20.083139 [22;34mDEBUG[0m wr bitrate:0.000000 Mbps - server_session.go:137
2026/03/17 13:01:21.084240 [22;34mDEBUG[0m rd bitrate:0.000000 Mbps - server_session.go:136
2026/03/17 13:01:21.084449 [22;34mDEBUG[0m wr bitrate:0.000000 Mbps - server_session.go:137
2026/03/17 13:01:22.086890 [22;34mDEBUG[0m rd bitrate:0.000000 Mbps - server_session.go:136
2026/03/17 13:01:22.088183 [22;34mDEBUG[0m wr bitrate:0.000000 Mbps - server_session.go:137
2026/03/17 13:01:23.088760 [22;36m INFO[0m mean read bitrate:0.000011 Mbps - server_session.go:143
2026/03/17 13:01:23.088904 [22;36m INFO[0m mean write bitrate:0.000023 Mbps - server_session.go:144
2026/03/17 13:01:23.088922 [22;34mDEBUG[0m rd bitrate:0.000000 Mbps - server_session.go:136
2026/03/17 13:01:23.088933 [22;34mDEBUG[0m wr bitrate:0.000000 Mbps - server_session.go:137
2026/03/17 13:01:24.089713 [22;34mDEBUG[0m rd bitrate:0.000000 Mbps - server_session.go:136
2026/03/17 13:01:24.089964 [22;34mDEBUG[0m wr bitrate:0.000000 Mbps - server_session.go:137
2026/03/17 13:01:25.100024 [22;34mDEBUG[0m rd bitrate:0.000000 Mbps - server_session.go:136
2026/03/17 13:01:25.102927 [22;34mDEBUG[0m wr bitrate:0.000000 Mbps - server_session.go:137
2026/03/17 13:01:26.103890 [22;34mDEBUG[0m rd bitrate:0.000000 Mbps - server_session.go:136
2026/03/17 13:01:26.104190 [22;34mDEBUG[0m wr bitrate:0.000000 Mbps - server_session.go:137
2026/03/17 13:01:27.108110 [22;34mDEBUG[0m rd bitrate:0.000000 Mbps - server_session.go:136
2026/03/17 13:01:27.108420 [22;34mDEBUG[0m wr bitrate:0.000000 Mbps - server_session.go:137
2026/03/17 13:01:28.118375 [22;34mDEBUG[0m rd bitrate:0.000000 Mbps - server_session.go:136
2026/03/17 13:01:28.119663 [22;34mDEBUG[0m wr bitrate:0.000000 Mbps - server_session.go:137
2026/03/17 13:01:29.121689 [22;34mDEBUG[0m rd bitrate:0.000000 Mbps - server_session.go:136
2026/03/17 13:01:29.122425 [22;34mDEBUG[0m wr bitrate:0.000000 Mbps - server_session.go:137
2026/03/17 13:01:30.123889 [22;34mDEBUG[0m rd bitrate:0.000000 Mbps - server_session.go:136
2026/03/17 13:01:30.124671 [22;34mDEBUG[0m wr bitrate:0.000000 Mbps - server_session.go:137
2026/03/17 13:01:31.126476 [22;34mDEBUG[0m rd bitrate:0.000000 Mbps - server_session.go:136
2026/03/17 13:01:31.126692 [22;34mDEBUG[0m wr bitrate:0.000000 Mbps - server_session.go:137
2026/03/17 13:01:32.128057 [22;34mDEBUG[0m rd bitrate:0.000000 Mbps - server_session.go:136
2026/03/17 13:01:32.128776 [22;34mDEBUG[0m wr bitrate:0.000000 Mbps - server_session.go:137
2026/03/17 13:01:33.129597 [22;36m INFO[0m mean read bitrate:0.000010 Mbps - server_session.go:143
2026/03/17 13:01:33.129784 [22;36m INFO[0m mean write bitrate:0.000022 Mbps - server_session.go:144
2026/03/17 13:01:33.129795 [22;34mDEBUG[0m rd bitrate:0.000000 Mbps - server_session.go:136
2026/03/17 13:01:33.129799 [22;34mDEBUG[0m wr bitrate:0.000000 Mbps - server_session.go:137
2026/03/17 13:01:34.135125 [22;34mDEBUG[0m rd bitrate:0.000000 Mbps - server_session.go:136
2026/03/17 13:01:34.138146 [22;34mDEBUG[0m wr bitrate:0.000000 Mbps - server_session.go:137
2026/03/17 13:01:35.143893 [22;34mDEBUG[0m rd bitrate:0.000000 Mbps - server_session.go:136
2026/03/17 13:01:35.149353 [22;34mDEBUG[0m wr bitrate:0.000000 Mbps - server_session.go:137
2026/03/17 13:01:36.149962 [22;34mDEBUG[0m rd bitrate:0.000000 Mbps - server_session.go:136
2026/03/17 13:01:36.150681 [22;34mDEBUG[0m wr bitrate:0.000000 Mbps - server_session.go:137
2026/03/17 13:01:37.154054 [22;34mDEBUG[0m rd bitrate:0.000000 Mbps - server_session.go:136
2026/03/17 13:01:37.154399 [22;34mDEBUG[0m wr bitrate:0.000000 Mbps - server_session.go:137
2026/03/17 13:01:38.158651 [22;34mDEBUG[0m rd bitrate:0.000000 Mbps - server_session.go:136
2026/03/17 13:01:38.158792 [22;34mDEBUG[0m wr bitrate:0.000000 Mbps - server_session.go:137
2026/03/17 13:01:39.159883 [22;34mDEBUG[0m rd bitrate:0.000000 Mbps - server_session.go:136
2026/03/17 13:01:39.161940 [22;34mDEBUG[0m wr bitrate:0.000000 Mbps - server_session.go:137
2026/03/17 13:01:40.163044 [22;34mDEBUG[0m rd bitrate:0.000000 Mbps - server_session.go:136
2026/03/17 13:01:40.163142 [22;34mDEBUG[0m wr bitrate:0.000000 Mbps - server_session.go:137
2026/03/17 13:01:41.165827 [22;34mDEBUG[0m rd bitrate:0.000000 Mbps - server_session.go:136
2026/03/17 13:01:41.166046 [22;34mDEBUG[0m wr bitrate:0.000000 Mbps - server_session.go:137
2026/03/17 13:01:42.168705 [22;34mDEBUG[0m rd bitrate:0.000000 Mbps - server_session.go:136
2026/03/17 13:01:42.168908 [22;34mDEBUG[0m wr bitrate:0.000000 Mbps - server_session.go:137
2026/03/17 13:01:43.171602 [22;36m INFO[0m mean read bitrate:0.000010 Mbps - server_session.go:143
2026/03/17 13:01:43.172451 [22;36m INFO[0m mean write bitrate:0.000020 Mbps - server_session.go:144
2026/03/17 13:01:43.172651 [22;34mDEBUG[0m rd bitrate:0.000000 Mbps - server_session.go:136
2026/03/17 13:01:43.172682 [22;34mDEBUG[0m wr bitrate:0.000000 Mbps - server_session.go:137
2026/03/17 13:01:44.175617 [22;34mDEBUG[0m rd bitrate:0.000000 Mbps - server_session.go:136
2026/03/17 13:01:44.175912 [22;34mDEBUG[0m wr bitrate:0.000000 Mbps - server_session.go:137
2026/03/17 13:01:45.176796 [22;34mDEBUG[0m rd bitrate:0.000000 Mbps - server_session.go:136
2026/03/17 13:01:45.177460 [22;34mDEBUG[0m wr bitrate:0.000000 Mbps - server_session.go:137
2026/03/17 13:01:46.178951 [22;34mDEBUG[0m rd bitrate:0.000000 Mbps - server_session.go:136
2026/03/17 13:01:46.180008 [22;34mDEBUG[0m wr bitrate:0.000000 Mbps - server_session.go:137
2026/03/17 13:01:47.184155 [22;34mDEBUG[0m rd bitrate:0.000000 Mbps - server_session.go:136
2026/03/17 13:01:47.186245 [22;34mDEBUG[0m wr bitrate:0.000000 Mbps - server_session.go:137
2026/03/17 13:01:48.190049 [22;34mDEBUG[0m rd bitrate:0.000000 Mbps - server_session.go:136
2026/03/17 13:01:48.190218 [22;34mDEBUG[0m wr bitrate:0.000000 Mbps - server_session.go:137
2026/03/17 13:01:49.192304 [22;34mDEBUG[0m rd bitrate:0.000000 Mbps - server_session.go:136
2026/03/17 13:01:49.194246 [22;34mDEBUG[0m wr bitrate:0.000000 Mbps - server_session.go:137
2026/03/17 13:01:50.195902 [22;34mDEBUG[0m rd bitrate:0.000000 Mbps - server_session.go:136
2026/03/17 13:01:50.196087 [22;34mDEBUG[0m wr bitrate:0.000000 Mbps - server_session.go:137
2026/03/17 13:01:51.196308 [22;34mDEBUG[0m rd bitrate:0.000000 Mbps - server_session.go:136
2026/03/17 13:01:51.196967 [22;34mDEBUG[0m wr bitrate:0.000000 Mbps - server_session.go:137
2026/03/17 13:01:52.197900 [22;34mDEBUG[0m rd bitrate:0.000000 Mbps - server_session.go:136
2026/03/17 13:01:52.198037 [22;34mDEBUG[0m wr bitrate:0.000000 Mbps - server_session.go:137
2026/03/17 13:01:53.199202 [22;36m INFO[0m mean read bitrate:0.000009 Mbps - server_session.go:143
2026/03/17 13:01:53.199281 [22;36m INFO[0m mean write bitrate:0.000019 Mbps - server_session.go:144
2026/03/17 13:01:53.199291 [22;34mDEBUG[0m rd bitrate:0.000000 Mbps - server_session.go:136
2026/03/17 13:01:53.199298 [22;34mDEBUG[0m wr bitrate:0.000000 Mbps - server_session.go:137
2026/03/17 13:01:54.211551 [22;34mDEBUG[0m rd bitrate:0.000000 Mbps - server_session.go:136
2026/03/17 13:01:54.213033 [22;34mDEBUG[0m wr bitrate:0.000000 Mbps - server_session.go:137
2026/03/17 13:01:55.216670 [22;34mDEBUG[0m rd bitrate:0.000000 Mbps - server_session.go:136
2026/03/17 13:01:55.216857 [22;34mDEBUG[0m wr bitrate:0.000000 Mbps - server_session.go:137
2026/03/17 13:01:56.218261 [22;34mDEBUG[0m rd bitrate:0.000000 Mbps - server_session.go:136
2026/03/17 13:01:56.219032 [22;34mDEBUG[0m wr bitrate:0.000000 Mbps - server_session.go:137
2026/03/17 13:01:57.221008 [22;34mDEBUG[0m rd bitrate:0.000000 Mbps - server_session.go:136
2026/03/17 13:01:57.221290 [22;34mDEBUG[0m wr bitrate:0.000000 Mbps - server_session.go:137
2026/03/17 13:01:58.225730 [22;34mDEBUG[0m rd bitrate:0.000000 Mbps - server_session.go:136
2026/03/17 13:01:58.226155 [22;34mDEBUG[0m wr bitrate:0.000000 Mbps - server_session.go:137
2026/03/17 13:01:59.227365 [22;34mDEBUG[0m rd bitrate:0.000000 Mbps - server_session.go:136
2026/03/17 13:01:59.227691 [22;34mDEBUG[0m wr bitrate:0.000000 Mbps - server_session.go:137
2026/03/17 13:02:00.229630 [22;34mDEBUG[0m rd bitrate:0.000000 Mbps - server_session.go:136
2026/03/17 13:02:00.230077 [22;34mDEBUG[0m wr bitrate:0.000000 Mbps - server_session.go:137
2026/03/17 13:02:01.230458 [22;34mDEBUG[0m rd bitrate:0.000000 Mbps - server_session.go:136
2026/03/17 13:02:01.239229 [22;34mDEBUG[0m wr bitrate:0.000000 Mbps - server_session.go:137
2026/03/17 13:02:02.241974 [22;34mDEBUG[0m rd bitrate:0.000000 Mbps - server_session.go:136
2026/03/17 13:02:02.242164 [22;34mDEBUG[0m wr bitrate:0.000000 Mbps - server_session.go:137
2026/03/17 13:02:03.243587 [22;36m INFO[0m mean read bitrate:0.000009 Mbps - server_session.go:143
2026/03/17 13:02:03.244135 [22;36m INFO[0m mean write bitrate:0.000018 Mbps - server_session.go:144
2026/03/17 13:02:03.244160 [22;34mDEBUG[0m rd bitrate:0.000000 Mbps - server_session.go:136
2026/03/17 13:02:03.244167 [22;34mDEBUG[0m wr bitrate:0.000000 Mbps - server_session.go:137
2026/03/17 13:02:04.250002 [22;34mDEBUG[0m rd bitrate:0.000000 Mbps - server_session.go:136
2026/03/17 13:02:04.251262 [22;34mDEBUG[0m wr bitrate:0.000000 Mbps - server_session.go:137
2026/03/17 13:02:05.251969 [22;34mDEBUG[0m rd bitrate:0.000000 Mbps - server_session.go:136
2026/03/17 13:02:05.252299 [22;34mDEBUG[0m wr bitrate:0.000000 Mbps - server_session.go:137
2026/03/17 13:02:06.252874 [22;34mDEBUG[0m rd bitrate:0.000000 Mbps - server_session.go:136
2026/03/17 13:02:06.254360 [22;34mDEBUG[0m wr bitrate:0.000000 Mbps - server_session.go:137
2026/03/17 13:02:07.255405 [22;34mDEBUG[0m rd bitrate:0.000000 Mbps - server_session.go:136
2026/03/17 13:02:07.255730 [22;34mDEBUG[0m wr bitrate:0.000000 Mbps - server_session.go:137
2026/03/17 13:02:08.256277 [22;34mDEBUG[0m rd bitrate:0.000000 Mbps - server_session.go:136
2026/03/17 13:02:08.256414 [22;34mDEBUG[0m wr bitrate:0.000000 Mbps - server_session.go:137
2026/03/17 13:02:09.257045 [22;34mDEBUG[0m rd bitrate:0.000000 Mbps - server_session.go:136
2026/03/17 13:02:09.259009 [22;34mDEBUG[0m wr bitrate:0.000000 Mbps - server_session.go:137
2026/03/17 13:02:10.263117 [22;34mDEBUG[0m rd bitrate:0.000000 Mbps - server_session.go:136
2026/03/17 13:02:10.263947 [22;34mDEBUG[0m wr bitrate:0.000000 Mbps - server_session.go:137
2026/03/17 13:02:11.264972 [22;34mDEBUG[0m rd bitrate:0.000000 Mbps - server_session.go:136
2026/03/17 13:02:11.273404 [22;34mDEBUG[0m wr bitrate:0.000000 Mbps - server_session.go:137
2026/03/17 13:02:12.281948 [22;34mDEBUG[0m rd bitrate:0.000000 Mbps - server_session.go:136
2026/03/17 13:02:12.282427 [22;34mDEBUG[0m wr bitrate:0.000000 Mbps - server_session.go:137
2026/03/17 13:02:13.284621 [22;36m INFO[0m mean read bitrate:0.000008 Mbps - server_session.go:143
2026/03/17 13:02:13.284960 [22;36m INFO[0m mean write bitrate:0.000017 Mbps - server_session.go:144
2026/03/17 13:02:13.284987 [22;34mDEBUG[0m rd bitrate:0.000000 Mbps - server_session.go:136
2026/03/17 13:02:13.284997 [22;34mDEBUG[0m wr bitrate:0.000000 Mbps - server_session.go:137
2026/03/17 13:02:14.286080 [22;34mDEBUG[0m rd bitrate:0.000000 Mbps - server_session.go:136
2026/03/17 13:02:14.286227 [22;34mDEBUG[0m wr bitrate:0.000000 Mbps - server_session.go:137
2026/03/17 13:02:15.287118 [22;34mDEBUG[0m rd bitrate:0.000000 Mbps - server_session.go:136
2026/03/17 13:02:15.288754 [22;34mDEBUG[0m wr bitrate:0.000000 Mbps - server_session.go:137
2026/03/17 13:02:16.289193 [22;34mDEBUG[0m rd bitrate:0.000000 Mbps - server_session.go:136
2026/03/17 13:02:16.293688 [22;34mDEBUG[0m wr bitrate:0.000000 Mbps - server_session.go:137
2026/03/17 13:02:17.298341 [22;34mDEBUG[0m rd bitrate:0.000000 Mbps - server_session.go:136
2026/03/17 13:02:17.298736 [22;34mDEBUG[0m wr bitrate:0.000000 Mbps - server_session.go:137
2026/03/17 13:02:18.298989 [22;34mDEBUG[0m rd bitrate:0.000000 Mbps - server_session.go:136
2026/03/17 13:02:18.299575 [22;34mDEBUG[0m wr bitrate:0.000000 Mbps - server_session.go:137
2026/03/17 13:02:19.300326 [22;34mDEBUG[0m rd bitrate:0.000000 Mbps - server_session.go:136
2026/03/17 13:02:19.371795 [22;34mDEBUG[0m wr bitrate:0.000000 Mbps - server_session.go:137
2026/03/17 13:02:20.372322 [22;34mDEBUG[0m rd bitrate:0.000000 Mbps - server_session.go:136
2026/03/17 13:02:20.377744 [22;34mDEBUG[0m wr bitrate:0.000000 Mbps - server_session.go:137
2026/03/17 13:02:21.380399 [22;34mDEBUG[0m rd bitrate:0.000000 Mbps - server_session.go:136
2026/03/17 13:02:21.394585 [22;34mDEBUG[0m wr bitrate:0.000000 Mbps - server_session.go:137
2026/03/17 13:02:22.505418 [22;34mDEBUG[0m rd bitrate:0.000000 Mbps - server_session.go:136
2026/03/17 13:02:22.511621 [22;34mDEBUG[0m wr bitrate:0.000000 Mbps - server_session.go:137
2026/03/17 13:02:23.512565 [22;36m INFO[0m mean read bitrate:0.000008 Mbps - server_session.go:143
2026/03/17 13:02:23.512877 [22;36m INFO[0m mean write bitrate:0.000016 Mbps - server_session.go:144
2026/03/17 13:02:23.512912 [22;34mDEBUG[0m rd bitrate:0.000000 Mbps - server_session.go:136
2026/03/17 13:02:23.512923 [22;34mDEBUG[0m wr bitrate:0.000000 Mbps - server_session.go:137
2026/03/17 13:02:24.513074 [22;34mDEBUG[0m rd bitrate:0.000000 Mbps - server_session.go:136
2026/03/17 13:02:24.513167 [22;34mDEBUG[0m wr bitrate:0.000000 Mbps - server_session.go:137
2026/03/17 13:02:25.514022 [22;34mDEBUG[0m rd bitrate:0.000000 Mbps - server_session.go:136
2026/03/17 13:02:25.514480 [22;34mDEBUG[0m wr bitrate:0.000000 Mbps - server_session.go:137
2026/03/17 13:02:26.514595 [22;34mDEBUG[0m rd bitrate:0.000000 Mbps - server_session.go:136
2026/03/17 13:02:26.514637 [22;34mDEBUG[0m wr bitrate:0.000000 Mbps - server_session.go:137
2026/03/17 13:02:27.515162 [22;34mDEBUG[0m rd bitrate:0.000000 Mbps - server_session.go:136
2026/03/17 13:02:27.515221 [22;34mDEBUG[0m wr bitrate:0.000000 Mbps - server_session.go:137
2026/03/17 13:02:28.518345 [22;34mDEBUG[0m rd bitrate:0.000000 Mbps - server_session.go:136
2026/03/17 13:02:28.526016 [22;34mDEBUG[0m wr bitrate:0.000000 Mbps - server_session.go:137
2026/03/17 13:02:29.526747 [22;34mDEBUG[0m rd bitrate:0.000000 Mbps - server_session.go:136
2026/03/17 13:02:29.527018 [22;34mDEBUG[0m wr bitrate:0.000000 Mbps - server_session.go:137
2026/03/17 13:02:30.528247 [22;34mDEBUG[0m rd bitrate:0.000000 Mbps - server_session.go:136
2026/03/17 13:02:30.528433 [22;34mDEBUG[0m wr bitrate:0.000000 Mbps - server_session.go:137
2026/03/17 13:02:31.528843 [22;34mDEBUG[0m rd bitrate:0.000000 Mbps - server_session.go:136
2026/03/17 13:02:31.531937 [22;34mDEBUG[0m wr bitrate:0.000000 Mbps - server_session.go:137
2026/03/17 13:02:32.534713 [22;34mDEBUG[0m rd bitrate:0.000000 Mbps - server_session.go:136
2026/03/17 13:02:32.535799 [22;34mDEBUG[0m wr bitrate:0.000000 Mbps - server_session.go:137
2026/03/17 13:02:33.538402 [22;36m INFO[0m mean read bitrate:0.000008 Mbps - server_session.go:143
2026/03/17 13:02:33.540036 [22;36m INFO[0m mean write bitrate:0.000016 Mbps - server_session.go:144
2026/03/17 13:02:33.540085 [22;34mDEBUG[0m rd bitrate:0.000000 Mbps - server_session.go:136
2026/03/17 13:02:33.540096 [22;34mDEBUG[0m wr bitrate:0.000000 Mbps - server_session.go:137
2026/03/17 13:02:34.542634 [22;34mDEBUG[0m rd bitrate:0.000000 Mbps - server_session.go:136
2026/03/17 13:02:34.550905 [22;34mDEBUG[0m wr bitrate:0.000000 Mbps - server_session.go:137
2026/03/17 13:02:35.553193 [22;34mDEBUG[0m rd bitrate:0.000000 Mbps - server_session.go:136
2026/03/17 13:02:35.553474 [22;34mDEBUG[0m wr bitrate:0.000000 Mbps - server_session.go:137
2026/03/17 13:02:36.555446 [22;34mDEBUG[0m rd bitrate:0.000000 Mbps - server_session.go:136
2026/03/17 13:02:36.556448 [22;34mDEBUG[0m wr bitrate:0.000000 Mbps - server_session.go:137
2026/03/17 13:02:37.557443 [22;34mDEBUG[0m rd bitrate:0.000000 Mbps - server_session.go:136
2026/03/17 13:02:37.557751 [22;34mDEBUG[0m wr bitrate:0.000000 Mbps - server_session.go:137
2026/03/17 13:02:38.562941 [22;34mDEBUG[0m rd bitrate:0.000000 Mbps - server_session.go:136
2026/03/17 13:02:38.563176 [22;34mDEBUG[0m wr bitrate:0.000000 Mbps - server_session.go:137
2026/03/17 13:02:39.566867 [22;34mDEBUG[0m rd bitrate:0.000000 Mbps - server_session.go:136
2026/03/17 13:02:39.567339 [22;34mDEBUG[0m wr bitrate:0.000000 Mbps - server_session.go:137
2026/03/17 13:02:40.571790 [22;34mDEBUG[0m rd bitrate:0.000000 Mbps - server_session.go:136
2026/03/17 13:02:40.571975 [22;34mDEBUG[0m wr bitrate:0.000000 Mbps - server_session.go:137
2026/03/17 13:02:41.574058 [22;34mDEBUG[0m rd bitrate:0.000000 Mbps - server_session.go:136
2026/03/17 13:02:41.574327 [22;34mDEBUG[0m wr bitrate:0.000000 Mbps - server_session.go:137
2026/03/17 13:02:42.574934 [22;34mDEBUG[0m rd bitrate:0.000000 Mbps - server_session.go:136
2026/03/17 13:02:42.575691 [22;34mDEBUG[0m wr bitrate:0.000000 Mbps - server_session.go:137
2026/03/17 13:02:43.578337 [22;36m INFO[0m mean read bitrate:0.000007 Mbps - server_session.go:143
2026/03/17 13:02:43.579126 [22;36m INFO[0m mean write bitrate:0.000015 Mbps - server_session.go:144
2026/03/17 13:02:43.579178 [22;34mDEBUG[0m rd bitrate:0.000000 Mbps - server_session.go:136
2026/03/17 13:02:43.579194 [22;34mDEBUG[0m wr bitrate:0.000000 Mbps - server_session.go:137
2026/03/17 13:02:44.580838 [22;34mDEBUG[0m rd bitrate:0.000000 Mbps - server_session.go:136
2026/03/17 13:02:44.581137 [22;34mDEBUG[0m wr bitrate:0.000000 Mbps - server_session.go:137
2026/03/17 13:02:45.583839 [22;34mDEBUG[0m rd bitrate:0.000000 Mbps - server_session.go:136
2026/03/17 13:02:45.584469 [22;34mDEBUG[0m wr bitrate:0.000000 Mbps - server_session.go:137
2026/03/17 13:02:46.588249 [22;34mDEBUG[0m rd bitrate:0.000000 Mbps - server_session.go:136
2026/03/17 13:02:46.588934 [22;34mDEBUG[0m wr bitrate:0.000000 Mbps - server_session.go:137
2026/03/17 13:02:47.590204 [22;34mDEBUG[0m rd bitrate:0.000000 Mbps - server_session.go:136
2026/03/17 13:02:47.590416 [22;34mDEBUG[0m wr bitrate:0.000000 Mbps - server_session.go:137
2026/03/17 13:02:48.593372 [22;34mDEBUG[0m rd bitrate:0.000000 Mbps - server_session.go:136
2026/03/17 13:02:48.593923 [22;34mDEBUG[0m wr bitrate:0.000000 Mbps - server_session.go:137
2026/03/17 13:02:49.594092 [22;34mDEBUG[0m rd bitrate:0.000000 Mbps - server_session.go:136
2026/03/17 13:02:49.594255 [22;34mDEBUG[0m wr bitrate:0.000000 Mbps - server_session.go:137
2026/03/17 13:02:50.596639 [22;34mDEBUG[0m rd bitrate:0.000000 Mbps - server_session.go:136
2026/03/17 13:02:50.597140 [22;34mDEBUG[0m wr bitrate:0.000000 Mbps - server_session.go:137
2026/03/17 13:02:51.599902 [22;34mDEBUG[0m rd bitrate:0.000000 Mbps - server_session.go:136
2026/03/17 13:02:51.600686 [22;34mDEBUG[0m wr bitrate:0.000000 Mbps - server_session.go:137
2026/03/17 13:02:52.603878 [22;34mDEBUG[0m rd bitrate:0.000000 Mbps - server_session.go:136
2026/03/17 13:02:52.604482 [22;34mDEBUG[0m wr bitrate:0.000000 Mbps - server_session.go:137
2026/03/17 13:02:53.608871 [22;36m INFO[0m mean read bitrate:0.000007 Mbps - server_session.go:143
2026/03/17 13:02:53.610387 [22;36m INFO[0m mean write bitrate:0.000014 Mbps - server_session.go:144
2026/03/17 13:02:53.610662 [22;34mDEBUG[0m rd bitrate:0.000000 Mbps - server_session.go:136
2026/03/17 13:02:53.610691 [22;34mDEBUG[0m wr bitrate:0.000000 Mbps - server_session.go:137
2026/03/17 13:02:54.612752 [22;34mDEBUG[0m rd bitrate:0.000000 Mbps - server_session.go:136
2026/03/17 13:02:54.613177 [22;34mDEBUG[0m wr bitrate:0.000000 Mbps - server_session.go:137
2026/03/17 13:02:55.614737 [22;34mDEBUG[0m rd bitrate:0.000000 Mbps - server_session.go:136
2026/03/17 13:02:55.614982 [22;34mDEBUG[0m wr bitrate:0.000000 Mbps - server_session.go:137
2026/03/17 13:02:56.620409 [22;34mDEBUG[0m rd bitrate:0.000000 Mbps - server_session.go:136
2026/03/17 13:02:56.620835 [22;34mDEBUG[0m wr bitrate:0.000000 Mbps - server_session.go:137
2026/03/17 13:02:57.629368 [22;34mDEBUG[0m rd bitrate:0.000000 Mbps - server_session.go:136
2026/03/17 13:02:57.630685 [22;34mDEBUG[0m wr bitrate:0.000000 Mbps - server_session.go:137
2026/03/17 13:02:58.632741 [22;34mDEBUG[0m rd bitrate:0.000000 Mbps - server_session.go:136
2026/03/17 13:02:58.632993 [22;34mDEBUG[0m wr bitrate:0.000000 Mbps - server_session.go:137
2026/03/17 13:02:59.635186 [22;34mDEBUG[0m rd bitrate:0.000000 Mbps - server_session.go:136
2026/03/17 13:02:59.638966 [22;34mDEBUG[0m wr bitrate:0.000000 Mbps - server_session.go:137
2026/03/17 13:03:00.639824 [22;34mDEBUG[0m rd bitrate:0.000000 Mbps - server_session.go:136
2026/03/17 13:03:00.640034 [22;34mDEBUG[0m wr bitrate:0.000000 Mbps - server_session.go:137
2026/03/17 13:03:01.644818 [22;34mDEBUG[0m rd bitrate:0.000000 Mbps - server_session.go:136
2026/03/17 13:03:01.645765 [22;34mDEBUG[0m wr bitrate:0.000000 Mbps - server_session.go:137
2026/03/17 13:03:02.647958 [22;34mDEBUG[0m rd bitrate:0.000000 Mbps - server_session.go:136
2026/03/17 13:03:02.648163 [22;34mDEBUG[0m wr bitrate:0.000000 Mbps - server_session.go:137
2026/03/17 13:03:03.667539 [22;36m INFO[0m mean read bitrate:0.000007 Mbps - server_session.go:143
2026/03/17 13:03:03.786462 [22;36m INFO[0m mean write bitrate:0.000014 Mbps - server_session.go:144
2026/03/17 13:03:03.788409 [22;34mDEBUG[0m rd bitrate:0.000000 Mbps - server_session.go:136
2026/03/17 13:03:03.788449 [22;34mDEBUG[0m wr bitrate:0.000000 Mbps - server_session.go:137
2026/03/17 13:03:04.855053 [22;34mDEBUG[0m rd bitrate:0.000000 Mbps - server_session.go:136
2026/03/17 13:03:04.858329 [22;34mDEBUG[0m wr bitrate:0.000000 Mbps - server_session.go:137
2026/03/17 13:03:05.859455 [22;34mDEBUG[0m rd bitrate:0.000000 Mbps - server_session.go:136
2026/03/17 13:03:05.862119 [22;34mDEBUG[0m wr bitrate:0.000000 Mbps - server_session.go:137
2026/03/17 13:03:06.862620 [22;34mDEBUG[0m rd bitrate:0.000000 Mbps - server_session.go:136
2026/03/17 13:03:06.862795 [22;34mDEBUG[0m wr bitrate:0.000000 Mbps - server_session.go:137
2026/03/17 13:03:07.863764 [22;34mDEBUG[0m rd bitrate:0.000000 Mbps - server_session.go:136
2026/03/17 13:03:07.864062 [22;34mDEBUG[0m wr bitrate:0.000000 Mbps - server_session.go:137
2026/03/17 13:03:08.865482 [22;34mDEBUG[0m rd bitrate:0.000000 Mbps - server_session.go:136
2026/03/17 13:03:08.866457 [22;34mDEBUG[0m wr bitrate:0.000000 Mbps - server_session.go:137
2026/03/17 13:03:09.866647 [22;34mDEBUG[0m rd bitrate:0.000000 Mbps - server_session.go:136
2026/03/17 13:03:09.866859 [22;34mDEBUG[0m wr bitrate:0.000000 Mbps - server_session.go:137
2026/03/17 13:03:10.869725 [22;34mDEBUG[0m rd bitrate:0.000000 Mbps - server_session.go:136
2026/03/17 13:03:10.869914 [22;34mDEBUG[0m wr bitrate:0.000000 Mbps - server_session.go:137
2026/03/17 13:03:11.870864 [22;34mDEBUG[0m rd bitrate:0.000000 Mbps - server_session.go:136
2026/03/17 13:03:11.871689 [22;34mDEBUG[0m wr bitrate:0.000000 Mbps - server_session.go:137
2026/03/17 13:03:12.872709 [22;34mDEBUG[0m rd bitrate:0.000000 Mbps - server_session.go:136
2026/03/17 13:03:12.872993 [22;34mDEBUG[0m wr bitrate:0.000000 Mbps - server_session.go:137
2026/03/17 13:03:13.874682 [22;36m INFO[0m mean read bitrate:0.000006 Mbps - server_session.go:143
2026/03/17 13:03:13.875842 [22;36m INFO[0m mean write bitrate:0.000013 Mbps - server_session.go:144
2026/03/17 13:03:13.875942 [22;34mDEBUG[0m rd bitrate:0.000000 Mbps - server_session.go:136
2026/03/17 13:03:13.875973 [22;34mDEBUG[0m wr bitrate:0.000000 Mbps - server_session.go:137
2026/03/17 13:03:14.880873 [22;34mDEBUG[0m rd bitrate:0.000000 Mbps - server_session.go:136
2026/03/17 13:03:14.881792 [22;34mDEBUG[0m wr bitrate:0.000000 Mbps - server_session.go:137
2026/03/17 13:03:15.883479 [22;34mDEBUG[0m rd bitrate:0.000000 Mbps - server_session.go:136
2026/03/17 13:03:15.884139 [22;34mDEBUG[0m wr bitrate:0.000000 Mbps - server_session.go:137
2026/03/17 13:03:16.885623 [22;34mDEBUG[0m rd bitrate:0.000000 Mbps - server_session.go:136
2026/03/17 13:03:16.888037 [22;34mDEBUG[0m wr bitrate:0.000000 Mbps - server_session.go:137
2026/03/17 13:03:17.892596 [22;34mDEBUG[0m rd bitrate:0.000000 Mbps - server_session.go:136
2026/03/17 13:03:17.898287 [22;34mDEBUG[0m wr bitrate:0.000000 Mbps - server_session.go:137
2026/03/17 13:03:18.901923 [22;34mDEBUG[0m rd bitrate:0.000000 Mbps - server_session.go:136
2026/03/17 13:03:18.902924 [22;34mDEBUG[0m wr bitrate:0.000000 Mbps - server_session.go:137
2026/03/17 13:03:19.905914 [22;34mDEBUG[0m rd bitrate:0.000000 Mbps - server_session.go:136
2026/03/17 13:03:19.906020 [22;34mDEBUG[0m wr bitrate:0.000000 Mbps - server_session.go:137
2026/03/17 13:03:20.909241 [22;34mDEBUG[0m rd bitrate:0.000000 Mbps - server_session.go:136
2026/03/17 13:03:20.909697 [22;34mDEBUG[0m wr bitrate:0.000000 Mbps - server_session.go:137
2026/03/17 13:03:21.911177 [22;34mDEBUG[0m rd bitrate:0.000000 Mbps - server_session.go:136
2026/03/17 13:03:21.911425 [22;34mDEBUG[0m wr bitrate:0.000000 Mbps - server_session.go:137
2026/03/17 13:03:22.915341 [22;34mDEBUG[0m rd bitrate:0.000000 Mbps - server_session.go:136
2026/03/17 13:03:22.915919 [22;34mDEBUG[0m wr bitrate:0.000000 Mbps - server_session.go:137
2026/03/17 13:03:23.918075 [22;36m INFO[0m mean read bitrate:0.000006 Mbps - server_session.go:143
2026/03/17 13:03:23.919579 [22;36m INFO[0m mean write bitrate:0.000013 Mbps - server_session.go:144
2026/03/17 13:03:23.919661 [22;34mDEBUG[0m rd bitrate:0.000000 Mbps - server_session.go:136
2026/03/17 13:03:23.919678 [22;34mDEBUG[0m wr bitrate:0.000000 Mbps - server_session.go:137
2026/03/17 13:03:24.920857 [22;34mDEBUG[0m rd bitrate:0.000000 Mbps - server_session.go:136
2026/03/17 13:03:24.921056 [22;34mDEBUG[0m wr bitrate:0.000000 Mbps - server_session.go:137
2026/03/17 13:03:25.923744 [22;34mDEBUG[0m rd bitrate:0.000000 Mbps - server_session.go:136
2026/03/17 13:03:25.923951 [22;34mDEBUG[0m wr bitrate:0.000000 Mbps - server_session.go:137
2026/03/17 13:03:26.937014 [22;34mDEBUG[0m rd bitrate:0.000000 Mbps - server_session.go:136
2026/03/17 13:03:26.937388 [22;34mDEBUG[0m wr bitrate:0.000000 Mbps - server_session.go:137
2026/03/17 13:03:27.938341 [22;34mDEBUG[0m rd bitrate:0.000000 Mbps - server_session.go:136
2026/03/17 13:03:27.938486 [22;34mDEBUG[0m wr bitrate:0.000000 Mbps - server_session.go:137
2026/03/17 13:03:28.939590 [22;34mDEBUG[0m rd bitrate:0.000000 Mbps - server_session.go:136
2026/03/17 13:03:28.942133 [22;34mDEBUG[0m wr bitrate:0.000000 Mbps - server_session.go:137
2026/03/17 13:03:29.944406 [22;34mDEBUG[0m rd bitrate:0.000000 Mbps - server_session.go:136
2026/03/17 13:03:29.946448 [22;34mDEBUG[0m wr bitrate:0.000000 Mbps - server_session.go:137
2026/03/17 13:03:30.951853 [22;34mDEBUG[0m rd bitrate:0.000000 Mbps - server_session.go:136
2026/03/17 13:03:30.953155 [22;34mDEBUG[0m wr bitrate:0.000000 Mbps - server_session.go:137
2026/03/17 13:03:31.953859 [22;34mDEBUG[0m rd bitrate:0.000000 Mbps - server_session.go:136
2026/03/17 13:03:31.954341 [22;34mDEBUG[0m wr bitrate:0.000000 Mbps - server_session.go:137
2026/03/17 13:03:32.959658 [22;34mDEBUG[0m rd bitrate:0.000000 Mbps - server_session.go:136
2026/03/17 13:03:32.959998 [22;34mDEBUG[0m wr bitrate:0.000000 Mbps - server_session.go:137
2026/03/17 13:03:33.961425 [22;36m INFO[0m mean read bitrate:0.000006 Mbps - server_session.go:143
2026/03/17 13:03:33.963864 [22;36m INFO[0m mean write bitrate:0.000012 Mbps - server_session.go:144
2026/03/17 13:03:33.980162 [22;34mDEBUG[0m rd bitrate:0.000000 Mbps - server_session.go:136
2026/03/17 13:03:33.980277 [22;34mDEBUG[0m wr bitrate:0.000000 Mbps - server_session.go:137
2026/03/17 13:03:34.980925 [22;34mDEBUG[0m rd bitrate:0.000000 Mbps - server_session.go:136
2026/03/17 13:03:34.982301 [22;34mDEBUG[0m wr bitrate:0.000000 Mbps - server_session.go:137
2026/03/17 13:03:35.983886 [22;34mDEBUG[0m rd bitrate:0.000000 Mbps - server_session.go:136
2026/03/17 13:03:35.984178 [22;34mDEBUG[0m wr bitrate:0.000000 Mbps - server_session.go:137
2026/03/17 13:03:36.988381 [22;34mDEBUG[0m rd bitrate:0.000000 Mbps - server_session.go:136
2026/03/17 13:03:36.988690 [22;34mDEBUG[0m wr bitrate:0.000000 Mbps - server_session.go:137
2026/03/17 13:03:37.989749 [22;34mDEBUG[0m rd bitrate:0.000000 Mbps - server_session.go:136
2026/03/17 13:03:37.991398 [22;34mDEBUG[0m wr bitrate:0.000000 Mbps - server_session.go:137
2026/03/17 13:03:38.995961 [22;34mDEBUG[0m rd bitrate:0.000000 Mbps - server_session.go:136
2026/03/17 13:03:38.996312 [22;34mDEBUG[0m wr bitrate:0.000000 Mbps - server_session.go:137
2026/03/17 13:03:39.996603 [22;34mDEBUG[0m rd bitrate:0.000000 Mbps - server_session.go:136
2026/03/17 13:03:39.996718 [22;34mDEBUG[0m wr bitrate:0.000000 Mbps - server_session.go:137
2026/03/17 13:03:41.001648 [22;34mDEBUG[0m rd bitrate:0.000000 Mbps - server_session.go:136
2026/03/17 13:03:41.001765 [22;34mDEBUG[0m wr bitrate:0.000000 Mbps - server_session.go:137
2026/03/17 13:03:42.002470 [22;34mDEBUG[0m rd bitrate:0.000000 Mbps - server_session.go:136
2026/03/17 13:03:42.002710 [22;34mDEBUG[0m wr bitrate:0.000000 Mbps - server_session.go:137
2026/03/17 13:03:43.006379 [22;34mDEBUG[0m rd bitrate:0.000000 Mbps - server_session.go:136
2026/03/17 13:03:43.006474 [22;34mDEBUG[0m wr bitrate:0.000000 Mbps - server_session.go:137
2026/03/17 13:03:44.007285 [22;36m INFO[0m mean read bitrate:0.000006 Mbps - server_session.go:143
2026/03/17 13:03:44.007480 [22;36m INFO[0m mean write bitrate:0.000012 Mbps - server_session.go:144
2026/03/17 13:03:44.007588 [22;34mDEBUG[0m rd bitrate:0.000000 Mbps - server_session.go:136
2026/03/17 13:03:44.007604 [22;34mDEBUG[0m wr bitrate:0.000000 Mbps - server_session.go:137
2026/03/17 13:03:45.009212 [22;34mDEBUG[0m rd bitrate:0.000000 Mbps - server_session.go:136
2026/03/17 13:03:45.009353 [22;34mDEBUG[0m wr bitrate:0.000000 Mbps - server_session.go:137
2026/03/17 13:03:46.009594 [22;34mDEBUG[0m rd bitrate:0.000000 Mbps - server_session.go:136
2026/03/17 13:03:46.009697 [22;34mDEBUG[0m wr bitrate:0.000000 Mbps - server_session.go:137
2026/03/17 13:03:47.011748 [22;34mDEBUG[0m rd bitrate:0.000000 Mbps - server_session.go:136
2026/03/17 13:03:47.012323 [22;34mDEBUG[0m wr bitrate:0.000000 Mbps - server_session.go:137
2026/03/17 13:03:48.017222 [22;34mDEBUG[0m rd bitrate:0.000000 Mbps - server_session.go:136
2026/03/17 13:03:48.029531 [22;34mDEBUG[0m wr bitrate:0.000000 Mbps - server_session.go:137
2026/03/17 13:03:49.034200 [22;34mDEBUG[0m rd bitrate:0.000000 Mbps - server_session.go:136
2026/03/17 13:03:49.034301 [22;34mDEBUG[0m wr bitrate:0.000000 Mbps - server_session.go:137
2026/03/17 13:03:50.037306 [22;34mDEBUG[0m rd bitrate:0.000000 Mbps - server_session.go:136
2026/03/17 13:03:50.037883 [22;34mDEBUG[0m wr bitrate:0.000000 Mbps - server_session.go:137
2026/03/17 13:03:51.041647 [22;34mDEBUG[0m rd bitrate:0.000000 Mbps - server_session.go:136
2026/03/17 13:03:51.041843 [22;34mDEBUG[0m wr bitrate:0.000000 Mbps - server_session.go:137
2026/03/17 13:03:52.044789 [22;34mDEBUG[0m rd bitrate:0.000000 Mbps - server_session.go:136
2026/03/17 13:03:52.044893 [22;34mDEBUG[0m wr bitrate:0.000000 Mbps - server_session.go:137
2026/03/17 13:03:53.046026 [22;34mDEBUG[0m rd bitrate:0.000000 Mbps - server_session.go:136
2026/03/17 13:03:53.046294 [22;34mDEBUG[0m wr bitrate:0.000000 Mbps - server_session.go:137
2026/03/17 13:03:54.049083 [22;36m INFO[0m mean read bitrate:0.000006 Mbps - server_session.go:143
2026/03/17 13:03:54.049378 [22;36m INFO[0m mean write bitrate:0.000012 Mbps - server_session.go:144
2026/03/17 13:03:54.049405 [22;34mDEBUG[0m rd bitrate:0.000000 Mbps - server_session.go:136
2026/03/17 13:03:54.049420 [22;34mDEBUG[0m wr bitrate:0.000000 Mbps - server_session.go:137
2026/03/17 13:03:55.050396 [22;34mDEBUG[0m rd bitrate:0.000000 Mbps - server_session.go:136
2026/03/17 13:03:55.051094 [22;34mDEBUG[0m wr bitrate:0.000000 Mbps - server_session.go:137
2026/03/17 13:03:56.054691 [22;34mDEBUG[0m rd bitrate:0.000000 Mbps - server_session.go:136
2026/03/17 13:03:56.054833 [22;34mDEBUG[0m wr bitrate:0.000000 Mbps - server_session.go:137
2026/03/17 13:03:57.056292 [22;34mDEBUG[0m rd bitrate:0.000000 Mbps - server_session.go:136
2026/03/17 13:03:57.056463 [22;34mDEBUG[0m wr bitrate:0.000000 Mbps - server_session.go:137
2026/03/17 13:03:58.057844 [22;34mDEBUG[0m rd bitrate:0.000000 Mbps - server_session.go:136
2026/03/17 13:03:58.058990 [22;34mDEBUG[0m wr bitrate:0.000000 Mbps - server_session.go:137
2026/03/17 13:03:59.061751 [22;34mDEBUG[0m rd bitrate:0.000000 Mbps - server_session.go:136
2026/03/17 13:03:59.062145 [22;34mDEBUG[0m wr bitrate:0.000000 Mbps - server_session.go:137
2026/03/17 13:04:00.065087 [22;34mDEBUG[0m rd bitrate:0.000000 Mbps - server_session.go:136
2026/03/17 13:04:00.069201 [22;34mDEBUG[0m wr bitrate:0.000000 Mbps - server_session.go:137
2026/03/17 13:04:01.069698 [22;34mDEBUG[0m rd bitrate:0.000000 Mbps - server_session.go:136
2026/03/17 13:04:01.069786 [22;34mDEBUG[0m wr bitrate:0.000000 Mbps - server_session.go:137
2026/03/17 13:04:02.073175 [22;34mDEBUG[0m rd bitrate:0.000000 Mbps - server_session.go:136
2026/03/17 13:04:02.073687 [22;34mDEBUG[0m wr bitrate:0.000000 Mbps - server_session.go:137
2026/03/17 13:04:03.084688 [22;34mDEBUG[0m rd bitrate:0.000000 Mbps - server_session.go:136
2026/03/17 13:04:03.085475 [22;34mDEBUG[0m wr bitrate:0.000000 Mbps - server_session.go:137
2026/03/17 13:04:04.086971 [22;36m INFO[0m mean read bitrate:0.000005 Mbps - server_session.go:143
2026/03/17 13:04:04.088054 [22;36m INFO[0m mean write bitrate:0.000011 Mbps - server_session.go:144
2026/03/17 13:04:04.088166 [22;34mDEBUG[0m rd bitrate:0.000000 Mbps - server_session.go:136
2026/03/17 13:04:04.088371 [22;34mDEBUG[0m wr bitrate:0.000000 Mbps - server_session.go:137
2026/03/17 13:04:05.092343 [22;34mDEBUG[0m rd bitrate:0.000000 Mbps - server_session.go:136
2026/03/17 13:04:05.092626 [22;34mDEBUG[0m wr bitrate:0.000000 Mbps - server_session.go:137
2026/03/17 13:04:06.094747 [22;34mDEBUG[0m rd bitrate:0.000000 Mbps - server_session.go:136
2026/03/17 13:04:06.095221 [22;34mDEBUG[0m wr bitrate:0.000000 Mbps - server_session.go:137
2026/03/17 13:04:07.097826 [22;34mDEBUG[0m rd bitrate:0.000000 Mbps - server_session.go:136
2026/03/17 13:04:07.098738 [22;34mDEBUG[0m wr bitrate:0.000000 Mbps - server_session.go:137
2026/03/17 13:04:08.099360 [22;34mDEBUG[0m rd bitrate:0.000000 Mbps - server_session.go:136
2026/03/17 13:04:08.099907 [22;34mDEBUG[0m wr bitrate:0.000000 Mbps - server_session.go:137
2026/03/17 13:04:09.103768 [22;34mDEBUG[0m rd bitrate:0.000000 Mbps - server_session.go:136
2026/03/17 13:04:09.104010 [22;34mDEBUG[0m wr bitrate:0.000000 Mbps - server_session.go:137
2026/03/17 13:04:10.104904 [22;34mDEBUG[0m rd bitrate:0.000000 Mbps - server_session.go:136
2026/03/17 13:04:10.105643 [22;34mDEBUG[0m wr bitrate:0.000000 Mbps - server_session.go:137
2026/03/17 13:04:11.112739 [22;34mDEBUG[0m rd bitrate:0.000000 Mbps - server_session.go:136
2026/03/17 13:04:11.113468 [22;34mDEBUG[0m wr bitrate:0.000000 Mbps - server_session.go:137
2026/03/17 13:04:12.303582 [22;34mDEBUG[0m rd bitrate:0.000000 Mbps - server_session.go:136
2026/03/17 13:04:12.305316 [22;34mDEBUG[0m wr bitrate:0.000000 Mbps - server_session.go:137
2026/03/17 13:04:13.307827 [22;34mDEBUG[0m rd bitrate:0.000000 Mbps - server_session.go:136
2026/03/17 13:04:13.311945 [22;34mDEBUG[0m wr bitrate:0.000000 Mbps - server_session.go:137
2026/03/17 13:04:14.387362 [22;36m INFO[0m mean read bitrate:0.000005 Mbps - server_session.go:143
2026/03/17 13:04:14.391742 [22;36m INFO[0m mean write bitrate:0.000011 Mbps - server_session.go:144
2026/03/17 13:04:14.391913 [22;34mDEBUG[0m rd bitrate:0.000000 Mbps - server_session.go:136
2026/03/17 13:04:14.392706 [22;34mDEBUG[0m wr bitrate:0.000000 Mbps - server_session.go:137
2026/03/17 13:04:15.398023 [22;34mDEBUG[0m rd bitrate:0.000000 Mbps - server_session.go:136
2026/03/17 13:04:15.399559 [22;34mDEBUG[0m wr bitrate:0.000000 Mbps - server_session.go:137
2026/03/17 13:04:16.400269 [22;34mDEBUG[0m rd bitrate:0.000000 Mbps - server_session.go:136
2026/03/17 13:04:16.400420 [22;34mDEBUG[0m wr bitrate:0.000000 Mbps - server_session.go:137
2026/03/17 13:04:17.407323 [22;34mDEBUG[0m rd bitrate:0.000000 Mbps - server_session.go:136
2026/03/17 13:04:17.410195 [22;34mDEBUG[0m wr bitrate:0.000000 Mbps - server_session.go:137
2026/03/17 13:04:18.411243 [22;34mDEBUG[0m rd bitrate:0.000000 Mbps - server_session.go:136
2026/03/17 13:04:18.411372 [22;34mDEBUG[0m wr bitrate:0.000000 Mbps - server_session.go:137
2026/03/17 13:04:19.582683 [22;34mDEBUG[0m rd bitrate:0.000000 Mbps - server_session.go:136
2026/03/17 13:04:19.583945 [22;34mDEBUG[0m wr bitrate:0.000000 Mbps - server_session.go:137
2026/03/17 13:04:20.584057 [22;34mDEBUG[0m rd bitrate:0.000000 Mbps - server_session.go:136
2026/03/17 13:04:20.590095 [22;34mDEBUG[0m wr bitrate:0.000000 Mbps - server_session.go:137
2026/03/17 13:04:20.922935 [22;36m INFO[0m [DEBUG] server.ln.Accept returned. sess=&{9277494689034332473 1 512 0x40001fe3f0 map[0:0x400036e100] map[] {{0 0} 0 0 0 0} false 0x400036e200 0x40004b0000 map[] {0 0 <nil>} 0x40003641b0 0x4000311e50 0x400032a618 0x40004ae140 false 0x400036e300 0x400033c960 0x4000358240 0x400033c9c0 {0 {0 0}} 0x4000344400 0x140630 [] {0 0 <nil>} 0x4000350310 false 0x400033c900 0x400033c8a0 0x4000350380 {14008009263828733715 479912669219 0x6fb160} {14008009263857434353 479941369857 0x6fb160} 0x400031aed0 false 0x4000358420 0x400033b810 false 0x40004ae000} err=<nil> - server.go:129
[DEBUG] server.ln.Accept returned. sess=&quic.session{connectionID:0x80c04843f176e939, perspective:1, version:512, config:(*quic.Config)(0x40001fe3f0), paths:map[protocol.PathID]*quic.path{0x0:(*quic.path)(0x400036e100)}, closedPaths:map[protocol.PathID]bool{}, pathsLock:sync.RWMutex{w:sync.Mutex{state:0, sema:0x0}, writerSem:0x0, readerSem:0x0, readerCount:0, readerWait:0}, createPaths:false, streamsMap:(*quic.streamsMap)(0x400036e200), rttStats:(*congestion.RTTStats)(0x40004b0000), remoteRTTs:map[protocol.PathID]time.Duration{}, lastPathsFrameSent:time.Time{wall:0x0, ext:0, loc:(*time.Location)(nil)}, streamFramer:(*quic.streamFramer)(0x40003641b0), flowControlManager:(*flowcontrol.flowControlManager)(0x4000311e50), unpacker:(*quic.packetUnpacker)(0x400032a618), packer:(*quic.packetPacker)(0x40004ae140), peerBlocked:false, cryptoSetup:(*handshake.cryptoSetupServer)(0x400036e300), receivedPackets:(chan *quic.receivedPacket)(0x400033c960), sendingScheduled:(chan struct {})(0x4000358240), closeChan:(chan quic.closeError)(0x400033c9c0), closeOnce:sync.Once{done:0x0, m:sync.Mutex{state:0, sema:0x0}}, ctx:(*context.cancelCtx)(0x4000344400), ctxCancel:(context.CancelFunc)(0x140630), undecryptablePackets:[]*quic.receivedPacket{}, receivedTooManyUndecrytablePacketsTime:time.Time{wall:0x0, ext:0, loc:(*time.Location)(nil)}, aeadChanged:(<-chan protocol.EncryptionLevel)(0x4000350310), handshakeComplete:false, handshakeCompleteChan:(chan error)(0x400033c900), handshakeChan:(chan<- quic.handshakeEvent)(0x400033c8a0), connectionParameters:(*handshake.connectionParametersManager)(0x4000350380), sessionCreationTime:time.Time{wall:0xc266723534e48f13, ext:479912669219, loc:(*time.Location)(0x6fb160)}, lastNetworkActivityTime:time.Time{wall:0xc266723537075d1e, ext:479948504622, loc:(*time.Location)(0x6fb160)}, timer:(*utils.Timer)(0x400031aed0), keepAlivePingSent:false, pathTimers:(chan *quic.path)(0x4000358420), pathManager:(*quic.pathManager)(0x400033b810), pathManagerLaunched:false, scheduler:(*quic.scheduler)(0x40004ae000)} err=<nil>
2026/03/17 13:04:20.923709 [22;36m INFO[0m [DEBUG] about to call sess.AcceptStream() - server.go:140
[DEBUG] about to call sess.AcceptStream()
map[0:0x400036e100]
2026/03/17 13:04:20.924677 [22;36m INFO[0m [DEBUG] sess.AcceptStream returned. conn=&{{0 0} 0x4000070d00 0x140630 3 0x2c2580 0x2c25f0 0 0 0 <nil> {0} {0} {0} {0} {0} 0x40000395c0 0x40002fa900 {0 0 <nil>} [] {0} {0} 0x40002fa960 {0 0 <nil>} 0x4000311e50   -1 -1 0 false [-3] 0x4000324780 0 0 0 0 true} err=<nil> - server.go:144
[DEBUG] sess.AcceptStream returned. conn=&quic.stream{mutex:sync.Mutex{state:0, sema:0x0}, ctx:(*context.cancelCtx)(0x4000070d00), ctxCancel:(context.CancelFunc)(0x140630), streamID:0x3, onData:(func())(0x2c2580), onReset:(func(protocol.StreamID, protocol.ByteCount))(0x2c25f0), readPosInFrame:0, writeOffset:0x0, readOffset:0x0, err:error(nil), cancelled:utils.AtomicBool{v:0}, finishedReading:utils.AtomicBool{v:0}, finishedWriting:utils.AtomicBool{v:0}, resetLocally:utils.AtomicBool{v:0}, resetRemotely:utils.AtomicBool{v:0}, frameQueue:(*quic.streamFrameSorter)(0x40000395c0), readChan:(chan struct {})(0x40002fa900), readDeadline:time.Time{wall:0x0, ext:0, loc:(*time.Location)(nil)}, dataForWriting:[]uint8(nil), finSent:utils.AtomicBool{v:0}, rstSent:utils.AtomicBool{v:0}, writeChan:(chan struct {})(0x40002fa960), writeDeadline:time.Time{wall:0x0, ext:0, loc:(*time.Location)(nil)}, flowControlManager:(*flowcontrol.flowControlManager)(0x4000311e50), localaddr:"", remoteaddr:"", I_startinx:-1, I_endinx:-1, Iframecount:0, hasI:false, NextHeaderOff:[]int{-3}, sess:(*quic.session)(0x4000324780), writeOffsetF:0x0, writeOffsetSN:0x0, writeOffsetSS:0x0, gap:0x0, cansendpattern:true} err=<nil>
2026/03/17 13:04:20.924745 [22;36m INFO[0m [DEBUG] RunLoop about to call server.ln.Accept() - server.go:125
[DEBUG] RunLoop about to call server.ln.Accept()
2026/03/17 13:04:20.925055 [22;34mDEBUG[0m [NAZACONN2] lifecycle new connection. net.Conn=0x40002fc600, naza.Connection=0x400017c000 - connection.go:158
2026/03/17 13:04:20.925478 [22;34mDEBUG[0m handshake simple mode. - handshake.go:237
2026/03/17 13:04:20.928677 [22;36m INFO[0m [RTMPPUBSUB2] < R Handshake C0+C1. - server_session.go:246
2026/03/17 13:04:20.928703 [22;36m INFO[0m [RTMPPUBSUB2] > W Handshake S0+S1+S2. - server_session.go:248
2026/03/17 13:04:20.934845 [22;36m INFO[0m [RTMPPUBSUB2] < R Handshake C2. - server_session.go:256
2026/03/17 13:04:20.935204 [22;34mDEBUG[0m chunk:1,chunk-dur:1, timestamp:0, od:0 - chunk_composer.go:299
2026/03/17 13:04:20.936314 [22;34mDEBUG[0m rd bitrate:0.000000 Mbps - server_session.go:136
2026/03/17 13:04:20.936331 [22;34mDEBUG[0m wr bitrate:0.000000 Mbps - server_session.go:137
2026/03/17 13:04:20.941908 [22;36m INFO[0m [RTMPPUBSUB2] < R connect('live'). tcUrl=rtmp://127.0.0.1/live - server_session.go:403
2026/03/17 13:04:20.941969 [22;36m INFO[0m [RTMPPUBSUB2] > W Window Acknowledgement Size 5000000. - server_session.go:407
2026/03/17 13:04:20.942549 [22;36m INFO[0m [RTMPPUBSUB2] > W Set Peer Bandwidth. - server_session.go:412
2026/03/17 13:04:20.943603 [22;36m INFO[0m [RTMPPUBSUB2] > W SetChunkSize 4096. - server_session.go:417
2026/03/17 13:04:20.943680 [22;36m INFO[0m [RTMPPUBSUB2] > W _result('NetConnection.Connect.Success'). - server_session.go:422
2026/03/17 13:04:20.943806 [22;34mDEBUG[0m chunk:2,chunk-dur:8, timestamp:0, od:0 - chunk_composer.go:299
2026/03/17 13:04:20.944207 [22;36m INFO[0m [RTMPPUBSUB2] < R createStream(). - server_session.go:434
2026/03/17 13:04:20.944220 [22;36m INFO[0m [RTMPPUBSUB2] > W _result(). - server_session.go:435
2026/03/17 13:04:20.944281 [22;34mDEBUG[0m chunk:3,chunk-dur:1, timestamp:0, od:0 - chunk_composer.go:299
2026/03/17 13:04:20.945235 [22;36m INFO[0m [RTMPPUBSUB2] < R play('test'). - server_session.go:495
2026/03/17 13:04:20.945338 [22;36m INFO[0m [RTMPPUBSUB2] > W onStatus('NetStream.Play.Start'). - server_session.go:505
2026/03/17 13:04:20.945431 [22;34mDEBUG[0m [GROUP1] [RTMPPUBSUB2] add SubSession into group. - group.go:369
2026/03/17 13:04:20.945472 [22;34mDEBUG[0m chunk:4,chunk-dur:1, timestamp:0, od:0 - chunk_composer.go:299
2026/03/17 13:04:21.593818 [22;34mDEBUG[0m rd bitrate:0.000000 Mbps - server_session.go:136
2026/03/17 13:04:21.593997 [22;34mDEBUG[0m wr bitrate:0.000000 Mbps - server_session.go:137
2026/03/17 13:04:21.939661 [22;34mDEBUG[0m rd bitrate:0.001671 Mbps - server_session.go:136
2026/03/17 13:04:21.939742 [22;34mDEBUG[0m wr bitrate:0.003448 Mbps - server_session.go:137
2026/03/17 13:04:22.595187 [22;34mDEBUG[0m rd bitrate:0.000000 Mbps - server_session.go:136
2026/03/17 13:04:22.595577 [22;34mDEBUG[0m wr bitrate:0.000000 Mbps - server_session.go:137
2026/03/17 13:04:22.942360 [22;34mDEBUG[0m rd bitrate:0.000000 Mbps - server_session.go:136
2026/03/17 13:04:22.942693 [22;34mDEBUG[0m wr bitrate:0.000000 Mbps - server_session.go:137
2026/03/17 13:04:23.595759 [22;34mDEBUG[0m rd bitrate:0.000000 Mbps - server_session.go:136
2026/03/17 13:04:23.596117 [22;34mDEBUG[0m wr bitrate:0.000000 Mbps - server_session.go:137
2026/03/17 13:04:23.946170 [22;34mDEBUG[0m rd bitrate:0.000000 Mbps - server_session.go:136
2026/03/17 13:04:23.946405 [22;34mDEBUG[0m wr bitrate:0.000000 Mbps - server_session.go:137
2026/03/17 13:04:24.597893 [22;36m INFO[0m mean read bitrate:0.000005 Mbps - server_session.go:143
2026/03/17 13:04:24.598361 [22;36m INFO[0m mean write bitrate:0.000010 Mbps - server_session.go:144
2026/03/17 13:04:24.598455 [22;34mDEBUG[0m rd bitrate:0.000000 Mbps - server_session.go:136
2026/03/17 13:04:24.598476 [22;34mDEBUG[0m wr bitrate:0.000000 Mbps - server_session.go:137
2026/03/17 13:04:24.947671 [22;34mDEBUG[0m rd bitrate:0.000000 Mbps - server_session.go:136
2026/03/17 13:04:24.947845 [22;34mDEBUG[0m wr bitrate:0.000000 Mbps - server_session.go:137
2026/03/17 13:04:25.599615 [22;34mDEBUG[0m rd bitrate:0.000000 Mbps - server_session.go:136
2026/03/17 13:04:25.599691 [22;34mDEBUG[0m wr bitrate:0.000000 Mbps - server_session.go:137
2026/03/17 13:04:25.947974 [22;34mDEBUG[0m rd bitrate:0.000000 Mbps - server_session.go:136
2026/03/17 13:04:25.948292 [22;34mDEBUG[0m wr bitrate:0.000000 Mbps - server_session.go:137
2026/03/17 13:04:26.603798 [22;34mDEBUG[0m rd bitrate:0.000000 Mbps - server_session.go:136
2026/03/17 13:04:26.605453 [22;34mDEBUG[0m wr bitrate:0.000000 Mbps - server_session.go:137
2026/03/17 13:04:27.200294 [22;34mDEBUG[0m rd bitrate:0.000000 Mbps - server_session.go:136
2026/03/17 13:04:27.200828 [22;34mDEBUG[0m wr bitrate:0.000000 Mbps - server_session.go:137
2026/03/17 13:04:27.607966 [22;34mDEBUG[0m rd bitrate:0.000000 Mbps - server_session.go:136
2026/03/17 13:04:27.609204 [22;34mDEBUG[0m wr bitrate:0.000000 Mbps - server_session.go:137
2026/03/17 13:04:28.202829 [22;34mDEBUG[0m rd bitrate:0.000000 Mbps - server_session.go:136
2026/03/17 13:04:28.202932 [22;34mDEBUG[0m wr bitrate:0.000000 Mbps - server_session.go:137
2026/03/17 13:04:28.620452 [22;34mDEBUG[0m rd bitrate:0.000000 Mbps - server_session.go:136
2026/03/17 13:04:28.620955 [22;34mDEBUG[0m wr bitrate:0.000000 Mbps - server_session.go:137
2026/03/17 13:04:29.204180 [22;34mDEBUG[0m rd bitrate:0.000000 Mbps - server_session.go:136
2026/03/17 13:04:29.206448 [22;34mDEBUG[0m wr bitrate:0.000000 Mbps - server_session.go:137
2026/03/17 13:04:29.641027 [22;34mDEBUG[0m rd bitrate:0.000000 Mbps - server_session.go:136
2026/03/17 13:04:29.645655 [22;34mDEBUG[0m wr bitrate:0.000000 Mbps - server_session.go:137
2026/03/17 13:04:30.212918 [22;34mDEBUG[0m rd bitrate:0.000000 Mbps - server_session.go:136
2026/03/17 13:04:30.257748 [22;34mDEBUG[0m wr bitrate:0.000000 Mbps - server_session.go:137
2026/03/17 13:04:30.647321 [22;34mDEBUG[0m rd bitrate:0.000000 Mbps - server_session.go:136
2026/03/17 13:04:30.647482 [22;34mDEBUG[0m wr bitrate:0.000000 Mbps - server_session.go:137
2026/03/17 13:04:31.263192 [22;36m INFO[0m mean read bitrate:0.000167 Mbps - server_session.go:143
2026/03/17 13:04:31.265035 [22;36m INFO[0m mean write bitrate:0.000345 Mbps - server_session.go:144
2026/03/17 13:04:31.265124 [22;34mDEBUG[0m rd bitrate:0.000000 Mbps - server_session.go:136
2026/03/17 13:04:31.265142 [22;34mDEBUG[0m wr bitrate:0.000000 Mbps - server_session.go:137
2026/03/17 13:04:31.648550 [22;34mDEBUG[0m rd bitrate:0.000000 Mbps - server_session.go:136
2026/03/17 13:04:31.648634 [22;34mDEBUG[0m wr bitrate:0.000000 Mbps - server_session.go:137
2026/03/17 13:04:32.265782 [22;34mDEBUG[0m rd bitrate:0.000000 Mbps - server_session.go:136
2026/03/17 13:04:32.265868 [22;34mDEBUG[0m wr bitrate:0.000000 Mbps - server_session.go:137
2026/03/17 13:04:32.649034 [22;34mDEBUG[0m rd bitrate:0.000000 Mbps - server_session.go:136
2026/03/17 13:04:32.649121 [22;34mDEBUG[0m wr bitrate:0.000000 Mbps - server_session.go:137
2026/03/17 13:04:33.266862 [22;34mDEBUG[0m rd bitrate:0.000000 Mbps - server_session.go:136
2026/03/17 13:04:33.267452 [22;34mDEBUG[0m wr bitrate:0.000000 Mbps - server_session.go:137
2026/03/17 13:04:33.502048 [22;36m INFO[0m [DEBUG] server.ln.Accept returned. sess=&{10089167276108540289 1 512 0x40001fe3f0 map[0:0x40001ea000] map[] {{0 0} 0 0 0 0} false 0x40001ea100 0x40004b00c0 map[] {0 0 <nil>} 0x400015a120 0x40001014f0 0x4000132258 0x4000142280 false 0x40001ea200 0x400011c9c0 0x4000102240 0x400011ca20 {0 {0 0}} 0x4000070480 0x140630 [] {0 0 <nil>} 0x40002de070 false 0x400011c960 0x400011c900 0x40002de0e0 {14008009277366037520 492491329312 0x6fb160} {14008009277385616409 492510908201 0x6fb160} 0x40001345a0 false 0x4000102420 0x4000130ee0 false 0x4000142140} err=<nil> - server.go:129
[DEBUG] server.ln.Accept returned. sess=&quic.session{connectionID:0x8c03ec2ed3f1e981, perspective:1, version:512, config:(*quic.Config)(0x40001fe3f0), paths:map[protocol.PathID]*quic.path{0x0:(*quic.path)(0x40001ea000)}, closedPaths:map[protocol.PathID]bool{}, pathsLock:sync.RWMutex{w:sync.Mutex{state:0, sema:0x0}, writerSem:0x0, readerSem:0x0, readerCount:0, readerWait:0}, createPaths:false, streamsMap:(*quic.streamsMap)(0x40001ea100), rttStats:(*congestion.RTTStats)(0x40004b00c0), remoteRTTs:map[protocol.PathID]time.Duration{}, lastPathsFrameSent:time.Time{wall:0x0, ext:0, loc:(*time.Location)(nil)}, streamFramer:(*quic.streamFramer)(0x400015a120), flowControlManager:(*flowcontrol.flowControlManager)(0x40001014f0), unpacker:(*quic.packetUnpacker)(0x4000132258), packer:(*quic.packetPacker)(0x4000142280), peerBlocked:false, cryptoSetup:(*handshake.cryptoSetupServer)(0x40001ea200), receivedPackets:(chan *quic.receivedPacket)(0x400011c9c0), sendingScheduled:(chan struct {})(0x4000102240), closeChan:(chan quic.closeError)(0x400011ca20), closeOnce:sync.Once{done:0x0, m:sync.Mutex{state:0, sema:0x0}}, ctx:(*context.cancelCtx)(0x4000070480), ctxCancel:(context.CancelFunc)(0x140630), undecryptablePackets:[]*quic.receivedPacket{}, receivedTooManyUndecrytablePacketsTime:time.Time{wall:0x0, ext:0, loc:(*time.Location)(nil)}, aeadChanged:(<-chan protocol.EncryptionLevel)(0x40002de070), handshakeComplete:false, handshakeCompleteChan:(chan error)(0x400011c960), handshakeChan:(chan<- quic.handshakeEvent)(0x400011c900), connectionParameters:(*handshake.connectionParametersManager)(0x40002de0e0), sessionCreationTime:time.Time{wall:0xc26672385bc76c10, ext:492491329312, loc:(*time.Location)(0x6fb160)}, lastNetworkActivityTime:time.Time{wall:0xc26672385cf22c19, ext:492510908201, loc:(*time.Location)(0x6fb160)}, timer:(*utils.Timer)(0x40001345a0), keepAlivePingSent:false, pathTimers:(chan *quic.path)(0x4000102420), pathManager:(*quic.pathManager)(0x4000130ee0), pathManagerLaunched:false, scheduler:(*quic.scheduler)(0x4000142140)} err=<nil>
2026/03/17 13:04:33.503763 [22;36m INFO[0m [DEBUG] about to call sess.AcceptStream() - server.go:140
[DEBUG] about to call sess.AcceptStream()
map[0:0x40001ea000]
2026/03/17 13:04:33.674156 [22;34mDEBUG[0m rd bitrate:0.000000 Mbps - server_session.go:136
2026/03/17 13:04:33.674225 [22;34mDEBUG[0m wr bitrate:0.000000 Mbps - server_session.go:137
2026/03/17 13:04:33.674692 [22;36m INFO[0m [DEBUG] sess.AcceptStream returned. conn=&{{0 0} 0x40000a42c0 0x140630 3 0x2c2580 0x2c25f0 0 0 0 <nil> {0} {0} {0} {0} {0} 0x40003282e0 0x40002fa060 {0 0 <nil>} [] {0} {0} 0x40002fa0c0 {0 0 <nil>} 0x40001014f0   -1 -1 0 false [-3] 0x4000324000 0 0 0 0 true} err=<nil> - server.go:144
[DEBUG] sess.AcceptStream returned. conn=&quic.stream{mutex:sync.Mutex{state:0, sema:0x0}, ctx:(*context.cancelCtx)(0x40000a42c0), ctxCancel:(context.CancelFunc)(0x140630), streamID:0x3, onData:(func())(0x2c2580), onReset:(func(protocol.StreamID, protocol.ByteCount))(0x2c25f0), readPosInFrame:0, writeOffset:0x0, readOffset:0x0, err:error(nil), cancelled:utils.AtomicBool{v:0}, finishedReading:utils.AtomicBool{v:0}, finishedWriting:utils.AtomicBool{v:0}, resetLocally:utils.AtomicBool{v:0}, resetRemotely:utils.AtomicBool{v:0}, frameQueue:(*quic.streamFrameSorter)(0x40003282e0), readChan:(chan struct {})(0x40002fa060), readDeadline:time.Time{wall:0x0, ext:0, loc:(*time.Location)(nil)}, dataForWriting:[]uint8(nil), finSent:utils.AtomicBool{v:0}, rstSent:utils.AtomicBool{v:0}, writeChan:(chan struct {})(0x40002fa0c0), writeDeadline:time.Time{wall:0x0, ext:0, loc:(*time.Location)(nil)}, flowControlManager:(*flowcontrol.flowControlManager)(0x40001014f0), localaddr:"", remoteaddr:"", I_startinx:-1, I_endinx:-1, Iframecount:0, hasI:false, NextHeaderOff:[]int{-3}, sess:(*quic.session)(0x4000324000), writeOffsetF:0x0, writeOffsetSN:0x0, writeOffsetSS:0x0, gap:0x0, cansendpattern:true} err=<nil>
2026/03/17 13:04:33.674803 [22;36m INFO[0m [DEBUG] RunLoop about to call server.ln.Accept() - server.go:125
[DEBUG] RunLoop about to call server.ln.Accept()
2026/03/17 13:04:33.674924 [22;34mDEBUG[0m [NAZACONN3] lifecycle new connection. net.Conn=0x40002fc180, naza.Connection=0x400017c0b0 - connection.go:158
2026/03/17 13:04:33.676208 [22;34mDEBUG[0m handshake simple mode. - handshake.go:237
2026/03/17 13:04:33.676244 [22;36m INFO[0m [RTMPPUBSUB3] < R Handshake C0+C1. - server_session.go:246
2026/03/17 13:04:33.676249 [22;36m INFO[0m [RTMPPUBSUB3] > W Handshake S0+S1+S2. - server_session.go:248
2026/03/17 13:04:33.685055 [22;36m INFO[0m [RTMPPUBSUB3] < R Handshake C2. - server_session.go:256
2026/03/17 13:04:33.685261 [22;34mDEBUG[0m rd bitrate:0.000000 Mbps - server_session.go:136
2026/03/17 13:04:33.685271 [22;34mDEBUG[0m wr bitrate:0.000000 Mbps - server_session.go:137
2026/03/17 13:04:33.686572 [22;34mDEBUG[0m chunk:1,chunk-dur:1, timestamp:0, od:0 - chunk_composer.go:299
2026/03/17 13:04:33.686873 [22;36m INFO[0m [RTMPPUBSUB3] < R connect('live'). tcUrl=rtmp://127.0.0.1/live - server_session.go:403
2026/03/17 13:04:33.686910 [22;36m INFO[0m [RTMPPUBSUB3] > W Window Acknowledgement Size 5000000. - server_session.go:407
2026/03/17 13:04:33.687026 [22;36m INFO[0m [RTMPPUBSUB3] > W Set Peer Bandwidth. - server_session.go:412
2026/03/17 13:04:33.687137 [22;36m INFO[0m [RTMPPUBSUB3] > W SetChunkSize 4096. - server_session.go:417
2026/03/17 13:04:33.687735 [22;36m INFO[0m [RTMPPUBSUB3] > W _result('NetConnection.Connect.Success'). - server_session.go:422
2026/03/17 13:04:33.687860 [22;34mDEBUG[0m chunk:2,chunk-dur:1, timestamp:0, od:0 - chunk_composer.go:299
2026/03/17 13:04:33.690442 [22;36m INFO[0m [RTMPPUBSUB3] < R createStream(). - server_session.go:434
2026/03/17 13:04:33.690689 [22;36m INFO[0m [RTMPPUBSUB3] > W _result(). - server_session.go:435
2026/03/17 13:04:33.690824 [22;34mDEBUG[0m chunk:3,chunk-dur:3, timestamp:0, od:0 - chunk_composer.go:299
2026/03/17 13:04:33.695667 [22;34mDEBUG[0m [RTMPPUBSUB3] pubType=live - server_session.go:462
2026/03/17 13:04:33.696307 [22;36m INFO[0m [RTMPPUBSUB3] < R publish('test') - server_session.go:463
2026/03/17 13:04:33.696343 [22;36m INFO[0m [RTMPPUBSUB3] > W onStatus('NetStream.Publish.Start'). - server_session.go:465
2026/03/17 13:04:33.703305 [22;34mDEBUG[0m [GROUP1] [RTMPPUBSUB3] add PubSession into group. - group.go:298
2026/03/17 13:04:33.738663 [22;34mDEBUG[0m chunk:4,chunk-dur:48, timestamp:0, od:1 - chunk_composer.go:299
2026/03/17 13:04:33.740156 [22;34mDEBUG[0m Livestreaming start receiving tick:1773752673740151, - group.go:855
2026/03/17 13:04:33.740190 [22;34mDEBUG[0m [GROUP1] cache rtmp metadata. size:357 - gop_cache.go:86
2026/03/17 13:04:33.740194 [22;34mDEBUG[0m [GROUP1] cache httpflv metadata. size:360 - gop_cache.go:86
2026/03/17 13:04:33.743588 [22;34mDEBUG[0m chunk:5,chunk-dur:5, timestamp:0, od:1 - chunk_composer.go:299
2026/03/17 13:04:33.753591 [22;34mDEBUG[0m [GROUP1] cache rtmp video seq header. size:65 - gop_cache.go:97
2026/03/17 13:04:33.753660 [22;34mDEBUG[0m [GROUP1] cache httpflv video seq header. size:68 - gop_cache.go:97
2026/03/17 13:04:33.755717 [22;34mDEBUG[0m chunk:6,chunk-dur:12, timestamp:0, od:1 - chunk_composer.go:299
2026/03/17 13:04:33.769308 [22;34mDEBUG[0m reserve. newLen=266240(0, 0), need=(239118 -> 262144), cap=(4096 -> 266240) - stream.go:75
2026/03/17 13:04:33.827143 [22;34mDEBUG[0m chunk:7,chunk-dur:72, timestamp:0, od:2 - chunk_composer.go:299
2026/03/17 13:04:33.852799 [22;34mDEBUG[0m chunk:8,chunk-dur:25, timestamp:34, od:3 - chunk_composer.go:299
2026/03/17 13:04:33.853460 [22;34mDEBUG[0m chunk:9,chunk-dur:1, timestamp:67, od:3 - chunk_composer.go:299
2026/03/17 13:04:33.854403 [22;34mDEBUG[0m chunk:10,chunk-dur:1, timestamp:100, od:3 - chunk_composer.go:299
2026/03/17 13:04:33.890555 [22;34mDEBUG[0m chunk:11,chunk-dur:36, timestamp:134, od:4 - chunk_composer.go:299
2026/03/17 13:04:33.946020 [22;34mDEBUG[0m chunk:12,chunk-dur:56, timestamp:167, od:5 - chunk_composer.go:299
2026/03/17 13:04:33.946397 [22;34mDEBUG[0m chunk:13,chunk-dur:0, timestamp:200, od:5 - chunk_composer.go:299
2026/03/17 13:04:33.978650 [22;34mDEBUG[0m chunk:14,chunk-dur:32, timestamp:234, od:6 - chunk_composer.go:299
2026/03/17 13:04:34.006797 [22;34mDEBUG[0m chunk:15,chunk-dur:28, timestamp:267, od:7 - chunk_composer.go:299
2026/03/17 13:04:34.012926 [22;34mDEBUG[0m chunk:16,chunk-dur:6, timestamp:300, od:7 - chunk_composer.go:299
2026/03/17 13:04:34.039767 [22;34mDEBUG[0m chunk:17,chunk-dur:27, timestamp:334, od:8 - chunk_composer.go:299
2026/03/17 13:04:34.074077 [22;34mDEBUG[0m chunk:18,chunk-dur:35, timestamp:367, od:9 - chunk_composer.go:299
2026/03/17 13:04:34.107204 [22;34mDEBUG[0m chunk:19,chunk-dur:33, timestamp:400, od:10 - chunk_composer.go:299
2026/03/17 13:04:34.146260 [22;34mDEBUG[0m chunk:20,chunk-dur:39, timestamp:434, od:11 - chunk_composer.go:299
2026/03/17 13:04:34.177809 [22;34mDEBUG[0m chunk:21,chunk-dur:31, timestamp:467, od:12 - chunk_composer.go:299
2026/03/17 13:04:34.206920 [22;34mDEBUG[0m chunk:22,chunk-dur:29, timestamp:500, od:13 - chunk_composer.go:299
2026/03/17 13:04:34.240109 [22;34mDEBUG[0m chunk:23,chunk-dur:34, timestamp:534, od:14 - chunk_composer.go:299
2026/03/17 13:04:34.268003 [22;34mDEBUG[0m rd bitrate:0.000000 Mbps - server_session.go:136
2026/03/17 13:04:34.268037 [22;34mDEBUG[0m wr bitrate:3.660362 Mbps - server_session.go:137
2026/03/17 13:04:34.276480 [22;34mDEBUG[0m chunk:24,chunk-dur:36, timestamp:567, od:15 - chunk_composer.go:299
2026/03/17 13:04:34.307063 [22;34mDEBUG[0m chunk:25,chunk-dur:31, timestamp:600, od:16 - chunk_composer.go:299
2026/03/17 13:04:34.343184 [22;34mDEBUG[0m chunk:26,chunk-dur:36, timestamp:634, od:17 - chunk_composer.go:299
2026/03/17 13:04:34.374804 [22;34mDEBUG[0m chunk:27,chunk-dur:31, timestamp:667, od:18 - chunk_composer.go:299
2026/03/17 13:04:34.415422 [22;34mDEBUG[0m chunk:28,chunk-dur:41, timestamp:700, od:19 - chunk_composer.go:299
2026/03/17 13:04:34.440841 [22;34mDEBUG[0m chunk:29,chunk-dur:25, timestamp:734, od:20 - chunk_composer.go:299
2026/03/17 13:04:34.473254 [22;34mDEBUG[0m chunk:30,chunk-dur:33, timestamp:767, od:21 - chunk_composer.go:299
2026/03/17 13:04:34.507791 [22;34mDEBUG[0m chunk:31,chunk-dur:34, timestamp:800, od:22 - chunk_composer.go:299
2026/03/17 13:04:34.542054 [22;34mDEBUG[0m chunk:32,chunk-dur:35, timestamp:834, od:23 - chunk_composer.go:299
2026/03/17 13:04:34.573696 [22;34mDEBUG[0m chunk:33,chunk-dur:31, timestamp:867, od:24 - chunk_composer.go:299
2026/03/17 13:04:34.607189 [22;34mDEBUG[0m chunk:34,chunk-dur:34, timestamp:900, od:25 - chunk_composer.go:299
2026/03/17 13:04:34.641095 [22;34mDEBUG[0m chunk:35,chunk-dur:34, timestamp:934, od:26 - chunk_composer.go:299
2026/03/17 13:04:34.674305 [22;36m INFO[0m mean read bitrate:0.000005 Mbps - server_session.go:143
2026/03/17 13:04:34.674405 [22;36m INFO[0m mean write bitrate:0.000010 Mbps - server_session.go:144
2026/03/17 13:04:34.674417 [22;34mDEBUG[0m rd bitrate:0.000000 Mbps - server_session.go:136
2026/03/17 13:04:34.674451 [22;34mDEBUG[0m wr bitrate:0.000000 Mbps - server_session.go:137
2026/03/17 13:04:34.674798 [22;34mDEBUG[0m chunk:36,chunk-dur:33, timestamp:967, od:27 - chunk_composer.go:299
2026/03/17 13:04:34.686156 [22;34mDEBUG[0m rd bitrate:5.545239 Mbps - server_session.go:136
2026/03/17 13:04:34.686187 [22;34mDEBUG[0m wr bitrate:0.003255 Mbps - server_session.go:137
2026/03/17 13:04:34.706994 [22;34mDEBUG[0m chunk:37,chunk-dur:32, timestamp:1000, od:28 - chunk_composer.go:299
2026/03/17 13:04:34.751023 [22;34mDEBUG[0m chunk:38,chunk-dur:45, timestamp:1034, od:29 - chunk_composer.go:299
2026/03/17 13:04:34.781471 [22;34mDEBUG[0m chunk:39,chunk-dur:30, timestamp:1067, od:30 - chunk_composer.go:299
2026/03/17 13:04:34.809833 [22;34mDEBUG[0m chunk:40,chunk-dur:28, timestamp:1100, od:31 - chunk_composer.go:299
2026/03/17 13:04:34.844213 [22;34mDEBUG[0m chunk:41,chunk-dur:35, timestamp:1134, od:32 - chunk_composer.go:299
2026/03/17 13:04:34.873478 [22;34mDEBUG[0m chunk:42,chunk-dur:29, timestamp:1167, od:33 - chunk_composer.go:299
2026/03/17 13:04:34.906948 [22;34mDEBUG[0m chunk:43,chunk-dur:33, timestamp:1200, od:34 - chunk_composer.go:299
2026/03/17 13:04:34.943980 [22;34mDEBUG[0m chunk:44,chunk-dur:37, timestamp:1234, od:35 - chunk_composer.go:299
2026/03/17 13:04:34.973952 [22;34mDEBUG[0m chunk:45,chunk-dur:30, timestamp:1267, od:36 - chunk_composer.go:299
2026/03/17 13:04:35.006116 [22;34mDEBUG[0m chunk:46,chunk-dur:33, timestamp:1300, od:37 - chunk_composer.go:299
2026/03/17 13:04:35.043287 [22;34mDEBUG[0m chunk:47,chunk-dur:37, timestamp:1334, od:38 - chunk_composer.go:299
2026/03/17 13:04:35.089097 [22;34mDEBUG[0m chunk:48,chunk-dur:46, timestamp:1367, od:39 - chunk_composer.go:299
2026/03/17 13:04:35.108805 [22;34mDEBUG[0m chunk:49,chunk-dur:19, timestamp:1400, od:40 - chunk_composer.go:299
2026/03/17 13:04:35.143132 [22;34mDEBUG[0m chunk:50,chunk-dur:35, timestamp:1434, od:41 - chunk_composer.go:299
2026/03/17 13:04:35.174265 [22;34mDEBUG[0m chunk:51,chunk-dur:31, timestamp:1467, od:42 - chunk_composer.go:299
2026/03/17 13:04:35.258796 [22;34mDEBUG[0m chunk:52,chunk-dur:84, timestamp:1500, od:43 - chunk_composer.go:299
2026/03/17 13:04:35.266777 [22;34mDEBUG[0m chunk:53,chunk-dur:8, timestamp:1534, od:43 - chunk_composer.go:299
2026/03/17 13:04:35.269467 [22;34mDEBUG[0m rd bitrate:0.000000 Mbps - server_session.go:136
2026/03/17 13:04:35.270390 [22;34mDEBUG[0m wr bitrate:4.921617 Mbps - server_session.go:137
2026/03/17 13:04:35.278807 [22;34mDEBUG[0m chunk:54,chunk-dur:12, timestamp:1567, od:43 - chunk_composer.go:299
2026/03/17 13:04:35.306484 [22;34mDEBUG[0m chunk:55,chunk-dur:28, timestamp:1600, od:44 - chunk_composer.go:299
2026/03/17 13:04:35.347731 [22;34mDEBUG[0m chunk:56,chunk-dur:41, timestamp:1634, od:45 - chunk_composer.go:299
2026/03/17 13:04:35.373850 [22;34mDEBUG[0m chunk:57,chunk-dur:26, timestamp:1667, od:46 - chunk_composer.go:299
2026/03/17 13:04:35.407705 [22;34mDEBUG[0m chunk:58,chunk-dur:34, timestamp:1700, od:47 - chunk_composer.go:299
2026/03/17 13:04:35.441846 [22;34mDEBUG[0m chunk:59,chunk-dur:34, timestamp:1734, od:48 - chunk_composer.go:299
2026/03/17 13:04:35.480094 [22;34mDEBUG[0m chunk:60,chunk-dur:39, timestamp:1767, od:49 - chunk_composer.go:299
2026/03/17 13:04:35.506875 [22;34mDEBUG[0m chunk:61,chunk-dur:26, timestamp:1800, od:50 - chunk_composer.go:299
2026/03/17 13:04:35.543939 [22;34mDEBUG[0m chunk:62,chunk-dur:37, timestamp:1834, od:51 - chunk_composer.go:299
2026/03/17 13:04:35.579202 [22;34mDEBUG[0m chunk:63,chunk-dur:36, timestamp:1867, od:52 - chunk_composer.go:299
2026/03/17 13:04:35.607313 [22;34mDEBUG[0m chunk:64,chunk-dur:28, timestamp:1900, od:53 - chunk_composer.go:299
2026/03/17 13:04:35.644712 [22;34mDEBUG[0m chunk:65,chunk-dur:37, timestamp:1934, od:54 - chunk_composer.go:299
2026/03/17 13:04:35.674338 [22;34mDEBUG[0m chunk:66,chunk-dur:30, timestamp:1967, od:55 - chunk_composer.go:299
2026/03/17 13:04:35.674471 [22;34mDEBUG[0m rd bitrate:0.000000 Mbps - server_session.go:136
2026/03/17 13:04:35.674478 [22;34mDEBUG[0m wr bitrate:0.000000 Mbps - server_session.go:137
2026/03/17 13:04:35.686641 [22;34mDEBUG[0m rd bitrate:5.257489 Mbps - server_session.go:136
2026/03/17 13:04:35.686673 [22;34mDEBUG[0m wr bitrate:0.000000 Mbps - server_session.go:137
2026/03/17 13:04:35.746425 [22;34mDEBUG[0m chunk:67,chunk-dur:72, timestamp:2000, od:56 - chunk_composer.go:299
2026/03/17 13:04:35.756631 [22;34mDEBUG[0m chunk:68,chunk-dur:10, timestamp:2034, od:56 - chunk_composer.go:299
2026/03/17 13:04:35.774668 [22;34mDEBUG[0m chunk:69,chunk-dur:18, timestamp:2067, od:57 - chunk_composer.go:299
2026/03/17 13:04:35.806057 [22;34mDEBUG[0m chunk:70,chunk-dur:32, timestamp:2100, od:58 - chunk_composer.go:299
2026/03/17 13:04:35.840812 [22;34mDEBUG[0m chunk:71,chunk-dur:34, timestamp:2134, od:59 - chunk_composer.go:299
2026/03/17 13:04:35.877120 [22;34mDEBUG[0m chunk:72,chunk-dur:37, timestamp:2167, od:60 - chunk_composer.go:299
2026/03/17 13:04:35.913130 [22;34mDEBUG[0m chunk:73,chunk-dur:36, timestamp:2200, od:61 - chunk_composer.go:299
2026/03/17 13:04:35.940940 [22;34mDEBUG[0m chunk:74,chunk-dur:27, timestamp:2234, od:62 - chunk_composer.go:299
2026/03/17 13:04:35.981807 [22;34mDEBUG[0m chunk:75,chunk-dur:41, timestamp:2267, od:63 - chunk_composer.go:299
2026/03/17 13:04:36.019697 [22;34mDEBUG[0m chunk:76,chunk-dur:38, timestamp:2300, od:64 - chunk_composer.go:299
2026/03/17 13:04:36.043285 [22;34mDEBUG[0m chunk:77,chunk-dur:24, timestamp:2334, od:65 - chunk_composer.go:299
2026/03/17 13:04:36.072683 [22;34mDEBUG[0m chunk:78,chunk-dur:29, timestamp:2367, od:66 - chunk_composer.go:299
2026/03/17 13:04:36.106590 [22;34mDEBUG[0m chunk:79,chunk-dur:34, timestamp:2400, od:67 - chunk_composer.go:299
2026/03/17 13:04:36.144417 [22;34mDEBUG[0m chunk:80,chunk-dur:38, timestamp:2434, od:68 - chunk_composer.go:299
2026/03/17 13:04:36.174156 [22;34mDEBUG[0m chunk:81,chunk-dur:30, timestamp:2467, od:69 - chunk_composer.go:299
2026/03/17 13:04:36.207436 [22;34mDEBUG[0m chunk:82,chunk-dur:33, timestamp:2500, od:70 - chunk_composer.go:299
2026/03/17 13:04:36.241556 [22;34mDEBUG[0m chunk:83,chunk-dur:34, timestamp:2534, od:71 - chunk_composer.go:299
2026/03/17 13:04:36.271211 [22;34mDEBUG[0m rd bitrate:0.000000 Mbps - server_session.go:136
2026/03/17 13:04:36.271276 [22;34mDEBUG[0m wr bitrate:6.445446 Mbps - server_session.go:137
2026/03/17 13:04:36.276272 [22;34mDEBUG[0m chunk:84,chunk-dur:35, timestamp:2567, od:72 - chunk_composer.go:299
2026/03/17 13:04:36.307207 [22;34mDEBUG[0m chunk:85,chunk-dur:31, timestamp:2600, od:73 - chunk_composer.go:299
2026/03/17 13:04:36.341949 [22;34mDEBUG[0m chunk:86,chunk-dur:34, timestamp:2634, od:74 - chunk_composer.go:299
2026/03/17 13:04:36.374159 [22;34mDEBUG[0m chunk:87,chunk-dur:33, timestamp:2667, od:75 - chunk_composer.go:299
2026/03/17 13:04:36.412410 [22;34mDEBUG[0m chunk:88,chunk-dur:38, timestamp:2700, od:76 - chunk_composer.go:299
2026/03/17 13:04:36.441294 [22;34mDEBUG[0m chunk:89,chunk-dur:29, timestamp:2734, od:77 - chunk_composer.go:299
2026/03/17 13:04:36.474385 [22;34mDEBUG[0m chunk:90,chunk-dur:33, timestamp:2767, od:78 - chunk_composer.go:299
2026/03/17 13:04:36.508873 [22;34mDEBUG[0m chunk:91,chunk-dur:34, timestamp:2800, od:79 - chunk_composer.go:299
2026/03/17 13:04:36.549951 [22;34mDEBUG[0m chunk:92,chunk-dur:41, timestamp:2834, od:80 - chunk_composer.go:299
2026/03/17 13:04:36.574667 [22;34mDEBUG[0m chunk:93,chunk-dur:25, timestamp:2867, od:81 - chunk_composer.go:299
2026/03/17 13:04:36.606444 [22;34mDEBUG[0m chunk:94,chunk-dur:32, timestamp:2900, od:82 - chunk_composer.go:299
2026/03/17 13:04:36.640984 [22;34mDEBUG[0m chunk:95,chunk-dur:34, timestamp:2934, od:83 - chunk_composer.go:299
2026/03/17 13:04:36.675121 [22;34mDEBUG[0m rd bitrate:0.000000 Mbps - server_session.go:136
2026/03/17 13:04:36.675149 [22;34mDEBUG[0m wr bitrate:0.000000 Mbps - server_session.go:137
2026/03/17 13:04:36.677293 [22;34mDEBUG[0m chunk:96,chunk-dur:37, timestamp:2967, od:84 - chunk_composer.go:299
2026/03/17 13:04:36.686819 [22;34mDEBUG[0m rd bitrate:6.855497 Mbps - server_session.go:136
2026/03/17 13:04:36.686844 [22;34mDEBUG[0m wr bitrate:0.000000 Mbps - server_session.go:137
2026/03/17 13:04:36.707852 [22;34mDEBUG[0m chunk:97,chunk-dur:30, timestamp:3000, od:85 - chunk_composer.go:299
2026/03/17 13:04:36.739912 [22;34mDEBUG[0m chunk:98,chunk-dur:32, timestamp:3034, od:86 - chunk_composer.go:299
2026/03/17 13:04:36.773628 [22;34mDEBUG[0m chunk:99,chunk-dur:34, timestamp:3067, od:87 - chunk_composer.go:299
2026/03/17 13:04:36.809975 [22;34mDEBUG[0m chunk:100,chunk-dur:36, timestamp:3100, od:88 - chunk_composer.go:299
2026/03/17 13:04:36.841222 [22;34mDEBUG[0m chunk:101,chunk-dur:32, timestamp:3134, od:89 - chunk_composer.go:299
2026/03/17 13:04:36.873425 [22;34mDEBUG[0m chunk:102,chunk-dur:32, timestamp:3167, od:90 - chunk_composer.go:299
2026/03/17 13:04:36.906905 [22;34mDEBUG[0m chunk:103,chunk-dur:33, timestamp:3200, od:91 - chunk_composer.go:299
2026/03/17 13:04:36.952110 [22;34mDEBUG[0m chunk:104,chunk-dur:46, timestamp:3234, od:92 - chunk_composer.go:299
2026/03/17 13:04:36.973694 [22;34mDEBUG[0m chunk:105,chunk-dur:21, timestamp:3267, od:93 - chunk_composer.go:299
2026/03/17 13:04:37.007578 [22;34mDEBUG[0m chunk:106,chunk-dur:34, timestamp:3300, od:94 - chunk_composer.go:299
2026/03/17 13:04:37.068865 [22;34mDEBUG[0m chunk:107,chunk-dur:61, timestamp:3334, od:95 - chunk_composer.go:299
2026/03/17 13:04:37.093137 [22;34mDEBUG[0m chunk:108,chunk-dur:25, timestamp:3367, od:96 - chunk_composer.go:299
2026/03/17 13:04:37.115098 [22;34mDEBUG[0m chunk:109,chunk-dur:22, timestamp:3400, od:97 - chunk_composer.go:299
2026/03/17 13:04:37.141238 [22;34mDEBUG[0m chunk:110,chunk-dur:26, timestamp:3434, od:98 - chunk_composer.go:299
2026/03/17 13:04:37.175077 [22;34mDEBUG[0m chunk:111,chunk-dur:34, timestamp:3467, od:99 - chunk_composer.go:299
2026/03/17 13:04:37.213956 [22;34mDEBUG[0m chunk:112,chunk-dur:37, timestamp:3500, od:100 - chunk_composer.go:299
2026/03/17 13:04:37.244619 [22;34mDEBUG[0m chunk:113,chunk-dur:32, timestamp:3534, od:101 - chunk_composer.go:299
2026/03/17 13:04:37.271454 [22;34mDEBUG[0m rd bitrate:0.000000 Mbps - server_session.go:136
2026/03/17 13:04:37.271556 [22;34mDEBUG[0m wr bitrate:5.171763 Mbps - server_session.go:137
2026/03/17 13:04:37.274544 [22;34mDEBUG[0m chunk:114,chunk-dur:30, timestamp:3567, od:102 - chunk_composer.go:299
2026/03/17 13:04:37.306820 [22;34mDEBUG[0m chunk:115,chunk-dur:32, timestamp:3600, od:103 - chunk_composer.go:299
2026/03/17 13:04:37.349158 [22;34mDEBUG[0m chunk:116,chunk-dur:43, timestamp:3634, od:104 - chunk_composer.go:299
2026/03/17 13:04:37.375904 [22;34mDEBUG[0m chunk:117,chunk-dur:26, timestamp:3667, od:105 - chunk_composer.go:299
2026/03/17 13:04:37.407670 [22;34mDEBUG[0m chunk:118,chunk-dur:32, timestamp:3700, od:106 - chunk_composer.go:299
2026/03/17 13:04:37.445150 [22;34mDEBUG[0m chunk:119,chunk-dur:38, timestamp:3734, od:107 - chunk_composer.go:299
2026/03/17 13:04:37.477887 [22;34mDEBUG[0m chunk:120,chunk-dur:32, timestamp:3767, od:108 - chunk_composer.go:299
2026/03/17 13:04:37.507066 [22;34mDEBUG[0m chunk:121,chunk-dur:30, timestamp:3800, od:109 - chunk_composer.go:299
2026/03/17 13:04:37.541223 [22;34mDEBUG[0m chunk:122,chunk-dur:34, timestamp:3834, od:110 - chunk_composer.go:299
2026/03/17 13:04:37.573468 [22;34mDEBUG[0m chunk:123,chunk-dur:32, timestamp:3867, od:111 - chunk_composer.go:299
2026/03/17 13:04:37.611269 [22;34mDEBUG[0m chunk:124,chunk-dur:38, timestamp:3900, od:112 - chunk_composer.go:299
2026/03/17 13:04:37.641700 [22;34mDEBUG[0m chunk:125,chunk-dur:30, timestamp:3934, od:113 - chunk_composer.go:299
2026/03/17 13:04:37.676095 [22;34mDEBUG[0m rd bitrate:0.000000 Mbps - server_session.go:136
2026/03/17 13:04:37.676165 [22;34mDEBUG[0m wr bitrate:0.000000 Mbps - server_session.go:137
2026/03/17 13:04:37.676744 [22;34mDEBUG[0m chunk:126,chunk-dur:35, timestamp:3967, od:114 - chunk_composer.go:299
2026/03/17 13:04:37.687016 [22;34mDEBUG[0m rd bitrate:4.189961 Mbps - server_session.go:136
2026/03/17 13:04:37.687066 [22;34mDEBUG[0m wr bitrate:0.000000 Mbps - server_session.go:137
2026/03/17 13:04:37.775449 [22;34mDEBUG[0m reserve. newLen=798720(0, 0), need=(281993 -> 532480), cap=(266240 -> 798720) - stream.go:75
2026/03/17 13:04:37.815337 [22;34mDEBUG[0m chunk:127,chunk-dur:139, timestamp:4000, od:115 - chunk_composer.go:299
2026/03/17 13:04:37.819149 [22;34mDEBUG[0m chunk:128,chunk-dur:4, timestamp:4034, od:115 - chunk_composer.go:299
2026/03/17 13:04:37.824661 [22;34mDEBUG[0m chunk:129,chunk-dur:5, timestamp:4067, od:115 - chunk_composer.go:299
2026/03/17 13:04:37.847076 [22;34mDEBUG[0m chunk:130,chunk-dur:22, timestamp:4100, od:116 - chunk_composer.go:299
2026/03/17 13:04:37.874787 [22;34mDEBUG[0m chunk:131,chunk-dur:28, timestamp:4134, od:117 - chunk_composer.go:299
2026/03/17 13:04:37.884177 [22;34mDEBUG[0m chunk:132,chunk-dur:10, timestamp:4167, od:117 - chunk_composer.go:299
2026/03/17 13:04:37.906694 [22;34mDEBUG[0m chunk:133,chunk-dur:22, timestamp:4200, od:118 - chunk_composer.go:299
2026/03/17 13:04:37.975066 [22;34mDEBUG[0m chunk:134,chunk-dur:69, timestamp:4234, od:119 - chunk_composer.go:299
2026/03/17 13:04:37.975303 [22;34mDEBUG[0m chunk:135,chunk-dur:0, timestamp:4267, od:119 - chunk_composer.go:299
2026/03/17 13:04:38.007759 [22;34mDEBUG[0m chunk:136,chunk-dur:32, timestamp:4300, od:120 - chunk_composer.go:299
2026/03/17 13:04:38.041577 [22;34mDEBUG[0m chunk:137,chunk-dur:34, timestamp:4334, od:121 - chunk_composer.go:299
2026/03/17 13:04:38.108762 [22;34mDEBUG[0m chunk:138,chunk-dur:67, timestamp:4367, od:122 - chunk_composer.go:299
2026/03/17 13:04:38.140341 [22;34mDEBUG[0m chunk:139,chunk-dur:32, timestamp:4400, od:123 - chunk_composer.go:299
2026/03/17 13:04:38.149881 [22;34mDEBUG[0m chunk:140,chunk-dur:9, timestamp:4434, od:123 - chunk_composer.go:299
2026/03/17 13:04:38.174330 [22;34mDEBUG[0m chunk:141,chunk-dur:25, timestamp:4467, od:124 - chunk_composer.go:299
2026/03/17 13:04:38.240565 [22;34mDEBUG[0m chunk:142,chunk-dur:66, timestamp:4500, od:125 - chunk_composer.go:299
2026/03/17 13:04:38.272320 [22;34mDEBUG[0m rd bitrate:0.000000 Mbps - server_session.go:136
2026/03/17 13:04:38.272363 [22;34mDEBUG[0m wr bitrate:5.791234 Mbps - server_session.go:137
2026/03/17 13:04:38.274367 [22;34mDEBUG[0m chunk:143,chunk-dur:34, timestamp:4534, od:126 - chunk_composer.go:299
2026/03/17 13:04:38.280370 [22;34mDEBUG[0m chunk:144,chunk-dur:6, timestamp:4567, od:126 - chunk_composer.go:299
2026/03/17 13:04:38.306620 [22;34mDEBUG[0m chunk:145,chunk-dur:26, timestamp:4600, od:127 - chunk_composer.go:299
2026/03/17 13:04:38.372940 [22;34mDEBUG[0m chunk:146,chunk-dur:66, timestamp:4634, od:128 - chunk_composer.go:299
2026/03/17 13:04:38.407049 [22;34mDEBUG[0m chunk:147,chunk-dur:35, timestamp:4667, od:129 - chunk_composer.go:299
2026/03/17 13:04:38.409907 [22;34mDEBUG[0m chunk:148,chunk-dur:2, timestamp:4700, od:129 - chunk_composer.go:299
2026/03/17 13:04:38.442902 [22;34mDEBUG[0m chunk:149,chunk-dur:33, timestamp:4734, od:130 - chunk_composer.go:299
2026/03/17 13:04:38.506462 [22;34mDEBUG[0m chunk:150,chunk-dur:64, timestamp:4767, od:131 - chunk_composer.go:299
2026/03/17 13:04:38.540319 [22;34mDEBUG[0m chunk:151,chunk-dur:34, timestamp:4800, od:132 - chunk_composer.go:299
2026/03/17 13:04:38.544587 [22;34mDEBUG[0m chunk:152,chunk-dur:4, timestamp:4834, od:132 - chunk_composer.go:299
2026/03/17 13:04:38.601278 [22;34mDEBUG[0m chunk:153,chunk-dur:57, timestamp:4867, od:133 - chunk_composer.go:299
2026/03/17 13:04:38.641036 [22;34mDEBUG[0m chunk:154,chunk-dur:40, timestamp:4900, od:134 - chunk_composer.go:299
2026/03/17 13:04:38.675734 [22;34mDEBUG[0m chunk:155,chunk-dur:34, timestamp:4934, od:135 - chunk_composer.go:299
2026/03/17 13:04:38.676248 [22;34mDEBUG[0m rd bitrate:0.000000 Mbps - server_session.go:136
2026/03/17 13:04:38.676283 [22;34mDEBUG[0m wr bitrate:0.000000 Mbps - server_session.go:137
2026/03/17 13:04:38.679466 [22;34mDEBUG[0m chunk:156,chunk-dur:4, timestamp:4967, od:135 - chunk_composer.go:299
2026/03/17 13:04:38.687855 [22;34mDEBUG[0m rd bitrate:6.148053 Mbps - server_session.go:136
2026/03/17 13:04:38.687878 [22;34mDEBUG[0m wr bitrate:0.000000 Mbps - server_session.go:137
2026/03/17 13:04:38.707041 [22;34mDEBUG[0m chunk:157,chunk-dur:28, timestamp:5000, od:136 - chunk_composer.go:299
2026/03/17 13:04:38.773024 [22;34mDEBUG[0m chunk:158,chunk-dur:66, timestamp:5034, od:137 - chunk_composer.go:299
2026/03/17 13:04:38.806634 [22;34mDEBUG[0m chunk:159,chunk-dur:33, timestamp:5067, od:138 - chunk_composer.go:299
2026/03/17 13:04:38.809398 [22;34mDEBUG[0m chunk:160,chunk-dur:3, timestamp:5100, od:138 - chunk_composer.go:299
2026/03/17 13:04:38.840574 [22;34mDEBUG[0m chunk:161,chunk-dur:31, timestamp:5134, od:139 - chunk_composer.go:299
2026/03/17 13:04:38.906417 [22;34mDEBUG[0m chunk:162,chunk-dur:66, timestamp:5167, od:140 - chunk_composer.go:299
2026/03/17 13:04:38.940777 [22;34mDEBUG[0m chunk:163,chunk-dur:34, timestamp:5200, od:141 - chunk_composer.go:299
2026/03/17 13:04:38.943182 [22;34mDEBUG[0m chunk:164,chunk-dur:3, timestamp:5234, od:141 - chunk_composer.go:299
2026/03/17 13:04:38.973842 [22;34mDEBUG[0m chunk:165,chunk-dur:30, timestamp:5267, od:142 - chunk_composer.go:299
2026/03/17 13:04:39.040392 [22;34mDEBUG[0m chunk:166,chunk-dur:67, timestamp:5300, od:143 - chunk_composer.go:299
2026/03/17 13:04:39.075414 [22;34mDEBUG[0m chunk:167,chunk-dur:35, timestamp:5334, od:144 - chunk_composer.go:299
2026/03/17 13:04:39.083630 [22;34mDEBUG[0m chunk:168,chunk-dur:8, timestamp:5367, od:144 - chunk_composer.go:299
2026/03/17 13:04:39.110073 [22;34mDEBUG[0m chunk:169,chunk-dur:26, timestamp:5400, od:145 - chunk_composer.go:299
2026/03/17 13:04:39.141911 [22;34mDEBUG[0m chunk:170,chunk-dur:32, timestamp:5434, od:146 - chunk_composer.go:299
2026/03/17 13:04:39.206148 [22;34mDEBUG[0m chunk:171,chunk-dur:65, timestamp:5467, od:147 - chunk_composer.go:299
2026/03/17 13:04:39.212968 [22;34mDEBUG[0m chunk:172,chunk-dur:6, timestamp:5500, od:147 - chunk_composer.go:299
2026/03/17 13:04:39.240610 [22;34mDEBUG[0m chunk:173,chunk-dur:28, timestamp:5534, od:148 - chunk_composer.go:299
2026/03/17 13:04:39.273204 [22;34mDEBUG[0m rd bitrate:0.000000 Mbps - server_session.go:136
2026/03/17 13:04:39.273241 [22;34mDEBUG[0m wr bitrate:4.205384 Mbps - server_session.go:137
2026/03/17 13:04:39.306157 [22;34mDEBUG[0m chunk:174,chunk-dur:66, timestamp:5567, od:149 - chunk_composer.go:299
2026/03/17 13:04:39.341181 [22;34mDEBUG[0m chunk:175,chunk-dur:35, timestamp:5600, od:150 - chunk_composer.go:299
2026/03/17 13:04:39.344197 [22;34mDEBUG[0m chunk:176,chunk-dur:3, timestamp:5634, od:150 - chunk_composer.go:299
2026/03/17 13:04:39.374253 [22;34mDEBUG[0m chunk:177,chunk-dur:30, timestamp:5667, od:151 - chunk_composer.go:299
2026/03/17 13:04:39.439913 [22;34mDEBUG[0m chunk:178,chunk-dur:65, timestamp:5700, od:152 - chunk_composer.go:299
2026/03/17 13:04:39.475930 [22;34mDEBUG[0m chunk:179,chunk-dur:36, timestamp:5734, od:153 - chunk_composer.go:299
2026/03/17 13:04:39.478992 [22;34mDEBUG[0m chunk:180,chunk-dur:3, timestamp:5767, od:153 - chunk_composer.go:299
2026/03/17 13:04:39.507198 [22;34mDEBUG[0m chunk:181,chunk-dur:29, timestamp:5800, od:154 - chunk_composer.go:299
2026/03/17 13:04:39.573057 [22;34mDEBUG[0m chunk:182,chunk-dur:66, timestamp:5834, od:155 - chunk_composer.go:299
2026/03/17 13:04:39.607917 [22;34mDEBUG[0m chunk:183,chunk-dur:34, timestamp:5867, od:156 - chunk_composer.go:299
2026/03/17 13:04:39.609083 [22;34mDEBUG[0m chunk:184,chunk-dur:1, timestamp:5900, od:156 - chunk_composer.go:299
2026/03/17 13:04:39.640364 [22;34mDEBUG[0m chunk:185,chunk-dur:32, timestamp:5934, od:157 - chunk_composer.go:299
2026/03/17 13:04:39.674327 [22;34mDEBUG[0m chunk:186,chunk-dur:34, timestamp:5967, od:158 - chunk_composer.go:299
2026/03/17 13:04:39.679769 [22;34mDEBUG[0m rd bitrate:0.000000 Mbps - server_session.go:136
2026/03/17 13:04:39.679981 [22;34mDEBUG[0m wr bitrate:0.000000 Mbps - server_session.go:137
2026/03/17 13:04:39.688415 [22;34mDEBUG[0m rd bitrate:3.591847 Mbps - server_session.go:136
2026/03/17 13:04:39.688448 [22;34mDEBUG[0m wr bitrate:0.000000 Mbps - server_session.go:137
2026/03/17 13:04:39.746172 [22;34mDEBUG[0m chunk:187,chunk-dur:72, timestamp:6000, od:159 - chunk_composer.go:299
2026/03/17 13:04:39.749424 [22;34mDEBUG[0m chunk:188,chunk-dur:3, timestamp:6034, od:159 - chunk_composer.go:299
2026/03/17 13:04:39.774322 [22;34mDEBUG[0m chunk:189,chunk-dur:25, timestamp:6067, od:160 - chunk_composer.go:299
2026/03/17 13:04:39.840779 [22;34mDEBUG[0m chunk:190,chunk-dur:66, timestamp:6100, od:161 - chunk_composer.go:299
2026/03/17 13:04:39.874061 [22;34mDEBUG[0m chunk:191,chunk-dur:34, timestamp:6134, od:162 - chunk_composer.go:299
2026/03/17 13:04:39.878091 [22;34mDEBUG[0m chunk:192,chunk-dur:4, timestamp:6167, od:162 - chunk_composer.go:299
2026/03/17 13:04:39.917701 [22;34mDEBUG[0m chunk:193,chunk-dur:39, timestamp:6200, od:163 - chunk_composer.go:299
2026/03/17 13:04:39.974075 [22;34mDEBUG[0m chunk:194,chunk-dur:57, timestamp:6234, od:164 - chunk_composer.go:299
2026/03/17 13:04:40.008250 [22;34mDEBUG[0m chunk:195,chunk-dur:34, timestamp:6267, od:165 - chunk_composer.go:299
2026/03/17 13:04:40.010790 [22;34mDEBUG[0m chunk:196,chunk-dur:2, timestamp:6300, od:165 - chunk_composer.go:299
2026/03/17 13:04:40.040338 [22;34mDEBUG[0m chunk:197,chunk-dur:30, timestamp:6334, od:166 - chunk_composer.go:299
2026/03/17 13:04:40.073995 [22;34mDEBUG[0m chunk:198,chunk-dur:33, timestamp:6367, od:167 - chunk_composer.go:299
2026/03/17 13:04:40.142915 [22;34mDEBUG[0m chunk:199,chunk-dur:69, timestamp:6400, od:168 - chunk_composer.go:299
2026/03/17 13:04:40.150581 [22;34mDEBUG[0m chunk:200,chunk-dur:8, timestamp:6434, od:168 - chunk_composer.go:299
2026/03/17 13:04:40.174205 [22;34mDEBUG[0m chunk:201,chunk-dur:24, timestamp:6467, od:169 - chunk_composer.go:299
2026/03/17 13:04:40.241933 [22;34mDEBUG[0m chunk:202,chunk-dur:67, timestamp:6500, od:170 - chunk_composer.go:299
2026/03/17 13:04:40.273273 [22;34mDEBUG[0m rd bitrate:0.000000 Mbps - server_session.go:136
2026/03/17 13:04:40.273304 [22;34mDEBUG[0m wr bitrate:5.400925 Mbps - server_session.go:137
2026/03/17 13:04:40.274803 [22;34mDEBUG[0m chunk:203,chunk-dur:33, timestamp:6534, od:171 - chunk_composer.go:299
2026/03/17 13:04:40.275790 [22;34mDEBUG[0m chunk:204,chunk-dur:1, timestamp:6567, od:171 - chunk_composer.go:299
2026/03/17 13:04:40.306248 [22;34mDEBUG[0m chunk:205,chunk-dur:31, timestamp:6600, od:172 - chunk_composer.go:299
2026/03/17 13:04:40.341187 [22;34mDEBUG[0m chunk:206,chunk-dur:35, timestamp:6634, od:173 - chunk_composer.go:299
2026/03/17 13:04:40.382439 [22;34mDEBUG[0m chunk:207,chunk-dur:41, timestamp:6667, od:174 - chunk_composer.go:299
2026/03/17 13:04:40.413729 [22;34mDEBUG[0m chunk:208,chunk-dur:31, timestamp:6700, od:175 - chunk_composer.go:299
2026/03/17 13:04:40.440371 [22;34mDEBUG[0m chunk:209,chunk-dur:27, timestamp:6734, od:176 - chunk_composer.go:299
2026/03/17 13:04:40.506332 [22;34mDEBUG[0m chunk:210,chunk-dur:66, timestamp:6767, od:177 - chunk_composer.go:299
2026/03/17 13:04:40.539486 [22;34mDEBUG[0m chunk:211,chunk-dur:33, timestamp:6800, od:178 - chunk_composer.go:299
2026/03/17 13:04:40.551768 [22;34mDEBUG[0m chunk:212,chunk-dur:12, timestamp:6834, od:178 - chunk_composer.go:299
2026/03/17 13:04:40.606750 [22;34mDEBUG[0m chunk:213,chunk-dur:55, timestamp:6867, od:179 - chunk_composer.go:299
2026/03/17 13:04:40.640707 [22;34mDEBUG[0m chunk:214,chunk-dur:34, timestamp:6900, od:180 - chunk_composer.go:299
2026/03/17 13:04:40.645418 [22;34mDEBUG[0m chunk:215,chunk-dur:5, timestamp:6934, od:180 - chunk_composer.go:299
2026/03/17 13:04:40.673954 [22;34mDEBUG[0m chunk:216,chunk-dur:28, timestamp:6967, od:181 - chunk_composer.go:299
2026/03/17 13:04:40.681036 [22;34mDEBUG[0m rd bitrate:0.000000 Mbps - server_session.go:136
2026/03/17 13:04:40.681070 [22;34mDEBUG[0m wr bitrate:0.000000 Mbps - server_session.go:137
2026/03/17 13:04:40.689204 [22;34mDEBUG[0m rd bitrate:6.263324 Mbps - server_session.go:136
2026/03/17 13:04:40.689239 [22;34mDEBUG[0m wr bitrate:0.000000 Mbps - server_session.go:137
2026/03/17 13:04:40.740487 [22;34mDEBUG[0m chunk:217,chunk-dur:67, timestamp:7000, od:182 - chunk_composer.go:299
2026/03/17 13:04:40.774579 [22;34mDEBUG[0m chunk:218,chunk-dur:34, timestamp:7034, od:183 - chunk_composer.go:299
2026/03/17 13:04:40.777590 [22;34mDEBUG[0m chunk:219,chunk-dur:3, timestamp:7067, od:183 - chunk_composer.go:299
2026/03/17 13:04:40.812706 [22;34mDEBUG[0m chunk:220,chunk-dur:35, timestamp:7100, od:184 - chunk_composer.go:299
2026/03/17 13:04:40.873219 [22;34mDEBUG[0m chunk:221,chunk-dur:61, timestamp:7134, od:185 - chunk_composer.go:299
2026/03/17 13:04:40.906987 [22;34mDEBUG[0m chunk:222,chunk-dur:33, timestamp:7167, od:186 - chunk_composer.go:299
2026/03/17 13:04:40.910994 [22;34mDEBUG[0m chunk:223,chunk-dur:4, timestamp:7200, od:186 - chunk_composer.go:299
2026/03/17 13:04:40.944724 [22;34mDEBUG[0m chunk:224,chunk-dur:34, timestamp:7234, od:187 - chunk_composer.go:299
2026/03/17 13:04:41.006184 [22;34mDEBUG[0m chunk:225,chunk-dur:62, timestamp:7267, od:188 - chunk_composer.go:299
2026/03/17 13:04:41.044587 [22;34mDEBUG[0m chunk:226,chunk-dur:37, timestamp:7300, od:189 - chunk_composer.go:299
2026/03/17 13:04:41.045633 [22;34mDEBUG[0m chunk:227,chunk-dur:2, timestamp:7334, od:189 - chunk_composer.go:299
2026/03/17 13:04:41.073745 [22;34mDEBUG[0m chunk:228,chunk-dur:28, timestamp:7367, od:190 - chunk_composer.go:299
2026/03/17 13:04:41.142996 [22;34mDEBUG[0m chunk:229,chunk-dur:69, timestamp:7400, od:191 - chunk_composer.go:299
2026/03/17 13:04:41.173438 [22;34mDEBUG[0m chunk:230,chunk-dur:31, timestamp:7434, od:192 - chunk_composer.go:299
2026/03/17 13:04:41.182264 [22;34mDEBUG[0m chunk:231,chunk-dur:9, timestamp:7467, od:192 - chunk_composer.go:299
2026/03/17 13:04:41.206922 [22;34mDEBUG[0m chunk:232,chunk-dur:24, timestamp:7500, od:193 - chunk_composer.go:299
2026/03/17 13:04:41.241099 [22;34mDEBUG[0m chunk:233,chunk-dur:35, timestamp:7534, od:194 - chunk_composer.go:299
2026/03/17 13:04:41.274056 [22;36m INFO[0m mean read bitrate:0.000084 Mbps - server_session.go:143
2026/03/17 13:04:41.274098 [22;36m INFO[0m mean write bitrate:1.780009 Mbps - server_session.go:144
2026/03/17 13:04:41.274103 [22;34mDEBUG[0m rd bitrate:0.000000 Mbps - server_session.go:136
2026/03/17 13:04:41.274106 [22;34mDEBUG[0m wr bitrate:4.546847 Mbps - server_session.go:137
2026/03/17 13:04:41.309601 [22;34mDEBUG[0m chunk:234,chunk-dur:68, timestamp:7567, od:195 - chunk_composer.go:299
2026/03/17 13:04:41.318878 [22;34mDEBUG[0m chunk:235,chunk-dur:9, timestamp:7600, od:195 - chunk_composer.go:299
2026/03/17 13:04:41.340935 [22;34mDEBUG[0m chunk:236,chunk-dur:22, timestamp:7634, od:196 - chunk_composer.go:299
2026/03/17 13:04:41.406656 [22;34mDEBUG[0m chunk:237,chunk-dur:66, timestamp:7667, od:197 - chunk_composer.go:299
2026/03/17 13:04:41.451130 [22;34mDEBUG[0m chunk:238,chunk-dur:45, timestamp:7700, od:198 - chunk_composer.go:299
2026/03/17 13:04:41.466348 [22;34mDEBUG[0m chunk:239,chunk-dur:15, timestamp:7734, od:198 - chunk_composer.go:299
2026/03/17 13:04:41.474024 [22;34mDEBUG[0m chunk:240,chunk-dur:8, timestamp:7767, od:198 - chunk_composer.go:299
2026/03/17 13:04:41.541284 [22;34mDEBUG[0m chunk:241,chunk-dur:67, timestamp:7800, od:199 - chunk_composer.go:299
2026/03/17 13:04:41.574174 [22;34mDEBUG[0m chunk:242,chunk-dur:33, timestamp:7834, od:200 - chunk_composer.go:299
2026/03/17 13:04:41.578203 [22;34mDEBUG[0m chunk:243,chunk-dur:4, timestamp:7867, od:200 - chunk_composer.go:299
2026/03/17 13:04:41.607429 [22;34mDEBUG[0m chunk:244,chunk-dur:29, timestamp:7900, od:201 - chunk_composer.go:299
2026/03/17 13:04:41.672895 [22;34mDEBUG[0m chunk:245,chunk-dur:65, timestamp:7934, od:202 - chunk_composer.go:299
2026/03/17 13:04:41.682144 [22;34mDEBUG[0m rd bitrate:0.000000 Mbps - server_session.go:136
2026/03/17 13:04:41.682899 [22;34mDEBUG[0m wr bitrate:0.000000 Mbps - server_session.go:137
2026/03/17 13:04:41.689813 [22;34mDEBUG[0m rd bitrate:3.939289 Mbps - server_session.go:136
2026/03/17 13:04:41.689824 [22;34mDEBUG[0m wr bitrate:0.000000 Mbps - server_session.go:137
2026/03/17 13:04:41.708983 [22;34mDEBUG[0m chunk:246,chunk-dur:36, timestamp:7967, od:203 - chunk_composer.go:299
2026/03/17 13:04:41.737697 [22;34mDEBUG[0m chunk:247,chunk-dur:29, timestamp:8000, od:204 - chunk_composer.go:299
2026/03/17 13:04:41.744012 [22;34mDEBUG[0m chunk:248,chunk-dur:7, timestamp:8034, od:204 - chunk_composer.go:299
2026/03/17 13:04:41.773654 [22;34mDEBUG[0m chunk:249,chunk-dur:29, timestamp:8067, od:205 - chunk_composer.go:299
2026/03/17 13:04:41.806464 [22;34mDEBUG[0m chunk:250,chunk-dur:33, timestamp:8100, od:206 - chunk_composer.go:299
2026/03/17 13:04:41.989157 [22;34mDEBUG[0m chunk:251,chunk-dur:183, timestamp:8134, od:207 - chunk_composer.go:299
2026/03/17 13:04:42.039807 [22;34mDEBUG[0m chunk:252,chunk-dur:50, timestamp:8167, od:208 - chunk_composer.go:299
2026/03/17 13:04:42.043467 [22;34mDEBUG[0m chunk:253,chunk-dur:4, timestamp:8200, od:208 - chunk_composer.go:299
2026/03/17 13:04:42.043687 [22;34mDEBUG[0m chunk:254,chunk-dur:0, timestamp:8234, od:208 - chunk_composer.go:299
2026/03/17 13:04:42.043776 [22;34mDEBUG[0m chunk:255,chunk-dur:0, timestamp:8267, od:208 - chunk_composer.go:299
2026/03/17 13:04:42.051089 [22;34mDEBUG[0m chunk:256,chunk-dur:8, timestamp:8300, od:208 - chunk_composer.go:299
2026/03/17 13:04:42.055620 [22;34mDEBUG[0m chunk:257,chunk-dur:4, timestamp:8334, od:208 - chunk_composer.go:299
2026/03/17 13:04:42.074997 [22;34mDEBUG[0m chunk:258,chunk-dur:19, timestamp:8367, od:209 - chunk_composer.go:299
2026/03/17 13:04:42.120012 [22;34mDEBUG[0m chunk:259,chunk-dur:45, timestamp:8400, od:210 - chunk_composer.go:299
2026/03/17 13:04:42.143432 [22;34mDEBUG[0m chunk:260,chunk-dur:24, timestamp:8434, od:211 - chunk_composer.go:299
2026/03/17 13:04:42.175214 [22;34mDEBUG[0m chunk:261,chunk-dur:32, timestamp:8467, od:212 - chunk_composer.go:299
2026/03/17 13:04:42.207046 [22;34mDEBUG[0m chunk:262,chunk-dur:32, timestamp:8500, od:213 - chunk_composer.go:299
2026/03/17 13:04:42.241242 [22;34mDEBUG[0m chunk:263,chunk-dur:34, timestamp:8534, od:214 - chunk_composer.go:299
2026/03/17 13:04:42.273997 [22;34mDEBUG[0m chunk:264,chunk-dur:32, timestamp:8567, od:215 - chunk_composer.go:299
2026/03/17 13:04:42.274135 [22;34mDEBUG[0m rd bitrate:0.000000 Mbps - server_session.go:136
2026/03/17 13:04:42.274146 [22;34mDEBUG[0m wr bitrate:6.072089 Mbps - server_session.go:137
2026/03/17 13:04:42.307103 [22;34mDEBUG[0m chunk:265,chunk-dur:34, timestamp:8600, od:216 - chunk_composer.go:299
2026/03/17 13:04:42.348628 [22;34mDEBUG[0m chunk:266,chunk-dur:41, timestamp:8634, od:217 - chunk_composer.go:299
2026/03/17 13:04:42.374129 [22;34mDEBUG[0m chunk:267,chunk-dur:26, timestamp:8667, od:218 - chunk_composer.go:299
2026/03/17 13:04:42.415300 [22;34mDEBUG[0m chunk:268,chunk-dur:41, timestamp:8700, od:219 - chunk_composer.go:299
2026/03/17 13:04:42.444626 [22;34mDEBUG[0m chunk:269,chunk-dur:29, timestamp:8734, od:220 - chunk_composer.go:299
2026/03/17 13:04:42.481124 [22;34mDEBUG[0m chunk:270,chunk-dur:37, timestamp:8767, od:221 - chunk_composer.go:299
2026/03/17 13:04:42.511749 [22;34mDEBUG[0m chunk:271,chunk-dur:30, timestamp:8800, od:222 - chunk_composer.go:299
2026/03/17 13:04:42.540889 [22;34mDEBUG[0m chunk:272,chunk-dur:29, timestamp:8834, od:223 - chunk_composer.go:299
2026/03/17 13:04:42.573347 [22;34mDEBUG[0m chunk:273,chunk-dur:33, timestamp:8867, od:224 - chunk_composer.go:299
2026/03/17 13:04:42.608208 [22;34mDEBUG[0m chunk:274,chunk-dur:35, timestamp:8900, od:225 - chunk_composer.go:299
2026/03/17 13:04:42.641455 [22;34mDEBUG[0m chunk:275,chunk-dur:33, timestamp:8934, od:226 - chunk_composer.go:299
2026/03/17 13:04:42.674392 [22;34mDEBUG[0m chunk:276,chunk-dur:33, timestamp:8967, od:227 - chunk_composer.go:299
2026/03/17 13:04:42.683241 [22;34mDEBUG[0m rd bitrate:0.000000 Mbps - server_session.go:136
2026/03/17 13:04:42.683283 [22;34mDEBUG[0m wr bitrate:0.000000 Mbps - server_session.go:137
2026/03/17 13:04:42.691984 [22;34mDEBUG[0m rd bitrate:6.982040 Mbps - server_session.go:136
2026/03/17 13:04:42.692036 [22;34mDEBUG[0m wr bitrate:0.000000 Mbps - server_session.go:137
2026/03/17 13:04:42.718179 [22;34mDEBUG[0m chunk:277,chunk-dur:44, timestamp:9000, od:228 - chunk_composer.go:299
2026/03/17 13:04:42.741054 [22;34mDEBUG[0m chunk:278,chunk-dur:23, timestamp:9034, od:229 - chunk_composer.go:299
2026/03/17 13:04:42.774113 [22;34mDEBUG[0m chunk:279,chunk-dur:33, timestamp:9067, od:230 - chunk_composer.go:299
2026/03/17 13:04:42.806989 [22;34mDEBUG[0m chunk:280,chunk-dur:32, timestamp:9100, od:231 - chunk_composer.go:299
2026/03/17 13:04:42.856305 [22;34mDEBUG[0m chunk:281,chunk-dur:50, timestamp:9134, od:232 - chunk_composer.go:299
2026/03/17 13:04:42.874739 [22;34mDEBUG[0m chunk:282,chunk-dur:18, timestamp:9167, od:233 - chunk_composer.go:299
2026/03/17 13:04:42.907155 [22;34mDEBUG[0m chunk:283,chunk-dur:33, timestamp:9200, od:234 - chunk_composer.go:299
2026/03/17 13:04:42.940078 [22;34mDEBUG[0m chunk:284,chunk-dur:33, timestamp:9234, od:235 - chunk_composer.go:299
2026/03/17 13:04:42.975012 [22;34mDEBUG[0m chunk:285,chunk-dur:35, timestamp:9267, od:236 - chunk_composer.go:299
2026/03/17 13:04:43.006219 [22;34mDEBUG[0m chunk:286,chunk-dur:31, timestamp:9300, od:237 - chunk_composer.go:299
2026/03/17 13:04:43.047906 [22;34mDEBUG[0m chunk:287,chunk-dur:41, timestamp:9334, od:238 - chunk_composer.go:299
2026/03/17 13:04:43.073699 [22;34mDEBUG[0m chunk:288,chunk-dur:26, timestamp:9367, od:239 - chunk_composer.go:299
2026/03/17 13:04:43.112275 [22;34mDEBUG[0m chunk:289,chunk-dur:39, timestamp:9400, od:240 - chunk_composer.go:299
2026/03/17 13:04:43.141235 [22;34mDEBUG[0m chunk:290,chunk-dur:29, timestamp:9434, od:241 - chunk_composer.go:299
2026/03/17 13:04:43.174136 [22;34mDEBUG[0m chunk:291,chunk-dur:33, timestamp:9467, od:242 - chunk_composer.go:299
2026/03/17 13:04:43.207450 [22;34mDEBUG[0m chunk:292,chunk-dur:33, timestamp:9500, od:243 - chunk_composer.go:299
2026/03/17 13:04:43.241260 [22;34mDEBUG[0m chunk:293,chunk-dur:34, timestamp:9534, od:244 - chunk_composer.go:299
2026/03/17 13:04:43.273839 [22;34mDEBUG[0m chunk:294,chunk-dur:32, timestamp:9567, od:245 - chunk_composer.go:299
2026/03/17 13:04:43.274276 [22;34mDEBUG[0m rd bitrate:0.000000 Mbps - server_session.go:136
2026/03/17 13:04:43.274287 [22;34mDEBUG[0m wr bitrate:5.438183 Mbps - server_session.go:137
2026/03/17 13:04:43.307829 [22;34mDEBUG[0m chunk:295,chunk-dur:34, timestamp:9600, od:246 - chunk_composer.go:299
2026/03/17 13:04:43.342990 [22;34mDEBUG[0m chunk:296,chunk-dur:35, timestamp:9634, od:247 - chunk_composer.go:299
2026/03/17 13:04:43.373761 [22;34mDEBUG[0m chunk:297,chunk-dur:31, timestamp:9667, od:248 - chunk_composer.go:299
2026/03/17 13:04:43.406190 [22;34mDEBUG[0m chunk:298,chunk-dur:33, timestamp:9700, od:249 - chunk_composer.go:299
2026/03/17 13:04:43.443930 [22;34mDEBUG[0m chunk:299,chunk-dur:37, timestamp:9734, od:250 - chunk_composer.go:299
2026/03/17 13:04:43.474106 [22;34mDEBUG[0m chunk:300,chunk-dur:31, timestamp:9767, od:251 - chunk_composer.go:299
2026/03/17 13:04:43.510217 [22;34mDEBUG[0m chunk:301,chunk-dur:36, timestamp:9800, od:252 - chunk_composer.go:299
2026/03/17 13:04:43.541251 [22;34mDEBUG[0m chunk:302,chunk-dur:31, timestamp:9834, od:253 - chunk_composer.go:299
2026/03/17 13:04:43.573565 [22;34mDEBUG[0m chunk:303,chunk-dur:32, timestamp:9867, od:254 - chunk_composer.go:299
2026/03/17 13:04:43.611795 [22;34mDEBUG[0m chunk:304,chunk-dur:38, timestamp:9900, od:255 - chunk_composer.go:299
2026/03/17 13:04:43.642070 [22;34mDEBUG[0m chunk:305,chunk-dur:31, timestamp:9934, od:256 - chunk_composer.go:299
2026/03/17 13:04:43.684630 [22;34mDEBUG[0m rd bitrate:0.000000 Mbps - server_session.go:136
2026/03/17 13:04:43.684676 [22;34mDEBUG[0m wr bitrate:0.000000 Mbps - server_session.go:137
2026/03/17 13:04:43.693120 [22;36m INFO[0m mean read bitrate:4.877274 Mbps - server_session.go:143
2026/03/17 13:04:43.693169 [22;36m INFO[0m mean write bitrate:0.000325 Mbps - server_session.go:144
2026/03/17 13:04:43.693175 [22;34mDEBUG[0m rd bitrate:4.530237 Mbps - server_session.go:136
2026/03/17 13:04:43.693177 [22;34mDEBUG[0m wr bitrate:0.000000 Mbps - server_session.go:137
2026/03/17 13:04:43.718612 [22;34mDEBUG[0m chunk:306,chunk-dur:76, timestamp:9967, od:257 - chunk_composer.go:299
2026/03/17 13:04:43.770444 [22;34mDEBUG[0m chunk:307,chunk-dur:52, timestamp:10000, od:258 - chunk_composer.go:299
2026/03/17 13:04:43.780119 [22;34mDEBUG[0m chunk:308,chunk-dur:10, timestamp:10034, od:258 - chunk_composer.go:299
2026/03/17 13:04:43.792661 [22;34mDEBUG[0m chunk:309,chunk-dur:12, timestamp:10067, od:258 - chunk_composer.go:299
2026/03/17 13:04:43.808288 [22;34mDEBUG[0m chunk:310,chunk-dur:16, timestamp:10100, od:258 - chunk_composer.go:299
2026/03/17 13:04:43.840388 [22;34mDEBUG[0m chunk:311,chunk-dur:32, timestamp:10134, od:259 - chunk_composer.go:299
2026/03/17 13:04:43.876105 [22;34mDEBUG[0m chunk:312,chunk-dur:36, timestamp:10167, od:260 - chunk_composer.go:299
2026/03/17 13:04:43.911571 [22;34mDEBUG[0m chunk:313,chunk-dur:35, timestamp:10200, od:261 - chunk_composer.go:299
2026/03/17 13:04:43.940568 [22;34mDEBUG[0m chunk:314,chunk-dur:29, timestamp:10234, od:262 - chunk_composer.go:299
2026/03/17 13:04:43.974022 [22;34mDEBUG[0m chunk:315,chunk-dur:34, timestamp:10267, od:263 - chunk_composer.go:299
2026/03/17 13:04:44.010704 [22;34mDEBUG[0m chunk:316,chunk-dur:36, timestamp:10300, od:264 - chunk_composer.go:299
2026/03/17 13:04:44.039751 [22;34mDEBUG[0m chunk:317,chunk-dur:29, timestamp:10334, od:265 - chunk_composer.go:299
2026/03/17 13:04:44.075030 [22;34mDEBUG[0m chunk:318,chunk-dur:36, timestamp:10367, od:266 - chunk_composer.go:299
2026/03/17 13:04:44.108323 [22;34mDEBUG[0m chunk:319,chunk-dur:33, timestamp:10400, od:267 - chunk_composer.go:299
2026/03/17 13:04:44.143980 [22;34mDEBUG[0m chunk:320,chunk-dur:35, timestamp:10434, od:268 - chunk_composer.go:299
2026/03/17 13:04:44.174371 [22;34mDEBUG[0m chunk:321,chunk-dur:31, timestamp:10467, od:269 - chunk_composer.go:299
2026/03/17 13:04:44.213698 [22;34mDEBUG[0m chunk:322,chunk-dur:39, timestamp:10500, od:270 - chunk_composer.go:299
2026/03/17 13:04:44.243371 [22;34mDEBUG[0m chunk:323,chunk-dur:30, timestamp:10534, od:271 - chunk_composer.go:299
2026/03/17 13:04:44.278023 [22;34mDEBUG[0m rd bitrate:0.000000 Mbps - server_session.go:136
2026/03/17 13:04:44.278062 [22;34mDEBUG[0m wr bitrate:5.665093 Mbps - server_session.go:137
2026/03/17 13:04:44.284468 [22;34mDEBUG[0m chunk:324,chunk-dur:41, timestamp:10567, od:272 - chunk_composer.go:299
2026/03/17 13:04:44.306232 [22;34mDEBUG[0m chunk:325,chunk-dur:22, timestamp:10600, od:273 - chunk_composer.go:299
2026/03/17 13:04:44.341335 [22;34mDEBUG[0m chunk:326,chunk-dur:35, timestamp:10634, od:274 - chunk_composer.go:299
2026/03/17 13:04:44.380547 [22;34mDEBUG[0m chunk:327,chunk-dur:39, timestamp:10667, od:275 - chunk_composer.go:299
2026/03/17 13:04:44.408029 [22;34mDEBUG[0m chunk:328,chunk-dur:28, timestamp:10700, od:276 - chunk_composer.go:299
2026/03/17 13:04:44.440370 [22;34mDEBUG[0m chunk:329,chunk-dur:32, timestamp:10734, od:277 - chunk_composer.go:299
2026/03/17 13:04:44.474780 [22;34mDEBUG[0m chunk:330,chunk-dur:34, timestamp:10767, od:278 - chunk_composer.go:299
2026/03/17 13:04:44.512483 [22;34mDEBUG[0m chunk:331,chunk-dur:38, timestamp:10800, od:279 - chunk_composer.go:299
2026/03/17 13:04:44.540268 [22;34mDEBUG[0m chunk:332,chunk-dur:28, timestamp:10834, od:280 - chunk_composer.go:299
2026/03/17 13:04:44.574112 [22;34mDEBUG[0m chunk:333,chunk-dur:34, timestamp:10867, od:281 - chunk_composer.go:299
2026/03/17 13:04:44.607216 [22;34mDEBUG[0m chunk:334,chunk-dur:33, timestamp:10900, od:282 - chunk_composer.go:299
2026/03/17 13:04:44.642470 [22;34mDEBUG[0m chunk:335,chunk-dur:35, timestamp:10934, od:283 - chunk_composer.go:299
2026/03/17 13:04:44.673837 [22;34mDEBUG[0m chunk:336,chunk-dur:31, timestamp:10967, od:284 - chunk_composer.go:299
2026/03/17 13:04:44.685148 [22;36m INFO[0m mean read bitrate:0.000005 Mbps - server_session.go:143
2026/03/17 13:04:44.685184 [22;36m INFO[0m mean write bitrate:0.000010 Mbps - server_session.go:144
2026/03/17 13:04:44.685188 [22;34mDEBUG[0m rd bitrate:0.000000 Mbps - server_session.go:136
2026/03/17 13:04:44.685190 [22;34mDEBUG[0m wr bitrate:0.000000 Mbps - server_session.go:137
2026/03/17 13:04:44.693895 [22;34mDEBUG[0m rd bitrate:6.733669 Mbps - server_session.go:136
2026/03/17 13:04:44.693907 [22;34mDEBUG[0m wr bitrate:0.000000 Mbps - server_session.go:137
2026/03/17 13:04:44.706852 [22;34mDEBUG[0m chunk:337,chunk-dur:33, timestamp:11000, od:285 - chunk_composer.go:299
2026/03/17 13:04:44.741015 [22;34mDEBUG[0m chunk:338,chunk-dur:35, timestamp:11034, od:286 - chunk_composer.go:299
2026/03/17 13:04:44.777396 [22;34mDEBUG[0m chunk:339,chunk-dur:36, timestamp:11067, od:287 - chunk_composer.go:299
2026/03/17 13:04:44.807689 [22;34mDEBUG[0m chunk:340,chunk-dur:30, timestamp:11100, od:288 - chunk_composer.go:299
2026/03/17 13:04:44.840116 [22;34mDEBUG[0m chunk:341,chunk-dur:33, timestamp:11134, od:289 - chunk_composer.go:299
2026/03/17 13:04:44.874186 [22;34mDEBUG[0m chunk:342,chunk-dur:34, timestamp:11167, od:290 - chunk_composer.go:299
2026/03/17 13:04:44.911677 [22;34mDEBUG[0m chunk:343,chunk-dur:37, timestamp:11200, od:291 - chunk_composer.go:299
2026/03/17 13:04:44.941246 [22;34mDEBUG[0m chunk:344,chunk-dur:30, timestamp:11234, od:292 - chunk_composer.go:299
2026/03/17 13:04:44.974229 [22;34mDEBUG[0m chunk:345,chunk-dur:33, timestamp:11267, od:293 - chunk_composer.go:299
2026/03/17 13:04:45.007253 [22;34mDEBUG[0m chunk:346,chunk-dur:33, timestamp:11300, od:294 - chunk_composer.go:299
2026/03/17 13:04:45.042741 [22;34mDEBUG[0m chunk:347,chunk-dur:35, timestamp:11334, od:295 - chunk_composer.go:299
2026/03/17 13:04:45.073761 [22;34mDEBUG[0m chunk:348,chunk-dur:31, timestamp:11367, od:296 - chunk_composer.go:299
2026/03/17 13:04:45.107302 [22;34mDEBUG[0m chunk:349,chunk-dur:34, timestamp:11400, od:297 - chunk_composer.go:299
2026/03/17 13:04:45.141986 [22;34mDEBUG[0m chunk:350,chunk-dur:34, timestamp:11434, od:298 - chunk_composer.go:299
2026/03/17 13:04:45.177459 [22;34mDEBUG[0m chunk:351,chunk-dur:36, timestamp:11467, od:299 - chunk_composer.go:299
2026/03/17 13:04:45.206127 [22;34mDEBUG[0m chunk:352,chunk-dur:29, timestamp:11500, od:300 - chunk_composer.go:299
2026/03/17 13:04:45.241102 [22;34mDEBUG[0m chunk:353,chunk-dur:35, timestamp:11534, od:301 - chunk_composer.go:299
2026/03/17 13:04:45.274885 [22;34mDEBUG[0m chunk:354,chunk-dur:33, timestamp:11567, od:302 - chunk_composer.go:299
2026/03/17 13:04:45.278262 [22;34mDEBUG[0m rd bitrate:0.000000 Mbps - server_session.go:136
2026/03/17 13:04:45.278301 [22;34mDEBUG[0m wr bitrate:5.093360 Mbps - server_session.go:137
2026/03/17 13:04:45.311759 [22;34mDEBUG[0m chunk:355,chunk-dur:37, timestamp:11600, od:303 - chunk_composer.go:299
2026/03/17 13:04:45.341328 [22;34mDEBUG[0m chunk:356,chunk-dur:30, timestamp:11634, od:304 - chunk_composer.go:299
2026/03/17 13:04:45.373177 [22;34mDEBUG[0m chunk:357,chunk-dur:32, timestamp:11667, od:305 - chunk_composer.go:299
2026/03/17 13:04:45.407309 [22;34mDEBUG[0m chunk:358,chunk-dur:34, timestamp:11700, od:306 - chunk_composer.go:299
2026/03/17 13:04:45.443350 [22;34mDEBUG[0m chunk:359,chunk-dur:36, timestamp:11734, od:307 - chunk_composer.go:299
2026/03/17 13:04:45.473982 [22;34mDEBUG[0m chunk:360,chunk-dur:30, timestamp:11767, od:308 - chunk_composer.go:299
2026/03/17 13:04:45.506737 [22;34mDEBUG[0m chunk:361,chunk-dur:33, timestamp:11800, od:309 - chunk_composer.go:299
2026/03/17 13:04:45.541258 [22;34mDEBUG[0m chunk:362,chunk-dur:35, timestamp:11834, od:310 - chunk_composer.go:299
2026/03/17 13:04:45.580895 [22;34mDEBUG[0m chunk:363,chunk-dur:39, timestamp:11867, od:311 - chunk_composer.go:299
2026/03/17 13:04:45.606808 [22;34mDEBUG[0m chunk:364,chunk-dur:26, timestamp:11900, od:312 - chunk_composer.go:299
2026/03/17 13:04:45.642235 [22;34mDEBUG[0m chunk:365,chunk-dur:36, timestamp:11934, od:313 - chunk_composer.go:299
2026/03/17 13:04:45.685942 [22;34mDEBUG[0m rd bitrate:0.000000 Mbps - server_session.go:136
2026/03/17 13:04:45.685976 [22;34mDEBUG[0m wr bitrate:0.000000 Mbps - server_session.go:137
2026/03/17 13:04:45.693931 [22;34mDEBUG[0m rd bitrate:3.989903 Mbps - server_session.go:136
2026/03/17 13:04:45.693942 [22;34mDEBUG[0m wr bitrate:0.000000 Mbps - server_session.go:137
2026/03/17 13:04:45.706881 [22;34mDEBUG[0m chunk:366,chunk-dur:64, timestamp:11967, od:314 - chunk_composer.go:299
2026/03/17 13:04:45.747796 [22;34mDEBUG[0m chunk:367,chunk-dur:41, timestamp:12000, od:315 - chunk_composer.go:299
2026/03/17 13:04:45.753879 [22;34mDEBUG[0m chunk:368,chunk-dur:6, timestamp:12034, od:315 - chunk_composer.go:299
2026/03/17 13:04:45.773700 [22;34mDEBUG[0m chunk:369,chunk-dur:20, timestamp:12067, od:316 - chunk_composer.go:299
2026/03/17 13:04:45.839875 [22;34mDEBUG[0m chunk:370,chunk-dur:66, timestamp:12100, od:317 - chunk_composer.go:299
2026/03/17 13:04:45.874962 [22;34mDEBUG[0m chunk:371,chunk-dur:35, timestamp:12134, od:318 - chunk_composer.go:299
2026/03/17 13:04:45.876584 [22;34mDEBUG[0m chunk:372,chunk-dur:2, timestamp:12167, od:318 - chunk_composer.go:299
2026/03/17 13:04:45.906817 [22;34mDEBUG[0m chunk:373,chunk-dur:30, timestamp:12200, od:319 - chunk_composer.go:299
2026/03/17 13:04:45.973027 [22;34mDEBUG[0m chunk:374,chunk-dur:67, timestamp:12234, od:320 - chunk_composer.go:299
2026/03/17 13:04:46.010338 [22;34mDEBUG[0m chunk:375,chunk-dur:37, timestamp:12267, od:321 - chunk_composer.go:299
2026/03/17 13:04:46.013872 [22;34mDEBUG[0m chunk:376,chunk-dur:3, timestamp:12300, od:321 - chunk_composer.go:299
2026/03/17 13:04:46.041570 [22;34mDEBUG[0m chunk:377,chunk-dur:28, timestamp:12334, od:322 - chunk_composer.go:299
2026/03/17 13:04:46.075221 [22;34mDEBUG[0m chunk:378,chunk-dur:34, timestamp:12367, od:323 - chunk_composer.go:299
2026/03/17 13:04:46.140634 [22;34mDEBUG[0m chunk:379,chunk-dur:65, timestamp:12400, od:324 - chunk_composer.go:299
2026/03/17 13:04:46.146912 [22;34mDEBUG[0m chunk:380,chunk-dur:6, timestamp:12434, od:324 - chunk_composer.go:299
2026/03/17 13:04:46.173942 [22;34mDEBUG[0m chunk:381,chunk-dur:27, timestamp:12467, od:325 - chunk_composer.go:299
2026/03/17 13:04:46.207235 [22;34mDEBUG[0m chunk:382,chunk-dur:34, timestamp:12500, od:326 - chunk_composer.go:299
2026/03/17 13:04:46.240661 [22;34mDEBUG[0m chunk:383,chunk-dur:33, timestamp:12534, od:327 - chunk_composer.go:299
2026/03/17 13:04:46.276258 [22;34mDEBUG[0m chunk:384,chunk-dur:36, timestamp:12567, od:328 - chunk_composer.go:299
2026/03/17 13:04:46.278448 [22;34mDEBUG[0m rd bitrate:0.000000 Mbps - server_session.go:136
2026/03/17 13:04:46.278470 [22;34mDEBUG[0m wr bitrate:6.245597 Mbps - server_session.go:137
2026/03/17 13:04:46.306772 [22;34mDEBUG[0m chunk:385,chunk-dur:30, timestamp:12600, od:329 - chunk_composer.go:299
2026/03/17 13:04:46.341411 [22;34mDEBUG[0m chunk:386,chunk-dur:35, timestamp:12634, od:330 - chunk_composer.go:299
2026/03/17 13:04:46.374812 [22;34mDEBUG[0m chunk:387,chunk-dur:33, timestamp:12667, od:331 - chunk_composer.go:299
2026/03/17 13:04:46.407991 [22;34mDEBUG[0m chunk:388,chunk-dur:33, timestamp:12700, od:332 - chunk_composer.go:299
2026/03/17 13:04:46.443199 [22;34mDEBUG[0m chunk:389,chunk-dur:36, timestamp:12734, od:333 - chunk_composer.go:299
2026/03/17 13:04:46.473038 [22;34mDEBUG[0m chunk:390,chunk-dur:30, timestamp:12767, od:334 - chunk_composer.go:299
2026/03/17 13:04:46.506837 [22;34mDEBUG[0m chunk:391,chunk-dur:33, timestamp:12800, od:335 - chunk_composer.go:299
2026/03/17 13:04:46.543700 [22;34mDEBUG[0m chunk:392,chunk-dur:37, timestamp:12834, od:336 - chunk_composer.go:299
2026/03/17 13:04:46.573700 [22;34mDEBUG[0m chunk:393,chunk-dur:30, timestamp:12867, od:337 - chunk_composer.go:299
2026/03/17 13:04:46.617837 [22;34mDEBUG[0m chunk:394,chunk-dur:44, timestamp:12900, od:338 - chunk_composer.go:299
2026/03/17 13:04:46.640584 [22;34mDEBUG[0m chunk:395,chunk-dur:23, timestamp:12934, od:339 - chunk_composer.go:299
2026/03/17 13:04:46.678973 [22;34mDEBUG[0m chunk:396,chunk-dur:38, timestamp:12967, od:340 - chunk_composer.go:299
2026/03/17 13:04:46.686937 [22;34mDEBUG[0m rd bitrate:0.000000 Mbps - server_session.go:136
2026/03/17 13:04:46.686967 [22;34mDEBUG[0m wr bitrate:0.000000 Mbps - server_session.go:137
2026/03/17 13:04:46.695744 [22;34mDEBUG[0m rd bitrate:6.124022 Mbps - server_session.go:136
2026/03/17 13:04:46.696014 [22;34mDEBUG[0m wr bitrate:0.000000 Mbps - server_session.go:137
2026/03/17 13:04:46.706879 [22;34mDEBUG[0m chunk:397,chunk-dur:28, timestamp:13000, od:341 - chunk_composer.go:299
2026/03/17 13:04:46.741072 [22;34mDEBUG[0m chunk:398,chunk-dur:35, timestamp:13034, od:342 - chunk_composer.go:299
2026/03/17 13:04:46.809340 [22;34mDEBUG[0m chunk:399,chunk-dur:68, timestamp:13067, od:343 - chunk_composer.go:299
2026/03/17 13:04:46.814936 [22;34mDEBUG[0m chunk:400,chunk-dur:5, timestamp:13100, od:343 - chunk_composer.go:299
2026/03/17 13:04:46.841056 [22;34mDEBUG[0m chunk:401,chunk-dur:27, timestamp:13134, od:344 - chunk_composer.go:299
2026/03/17 13:04:46.873531 [22;34mDEBUG[0m chunk:402,chunk-dur:32, timestamp:13167, od:345 - chunk_composer.go:299
2026/03/17 13:04:46.906673 [22;34mDEBUG[0m chunk:403,chunk-dur:33, timestamp:13200, od:346 - chunk_composer.go:299
2026/03/17 13:04:46.943013 [22;34mDEBUG[0m chunk:404,chunk-dur:37, timestamp:13234, od:347 - chunk_composer.go:299
2026/03/17 13:04:46.974262 [22;34mDEBUG[0m chunk:405,chunk-dur:31, timestamp:13267, od:348 - chunk_composer.go:299
2026/03/17 13:04:47.041099 [22;34mDEBUG[0m chunk:406,chunk-dur:67, timestamp:13300, od:349 - chunk_composer.go:299
2026/03/17 13:04:47.041145 [22;34mDEBUG[0m chunk:407,chunk-dur:0, timestamp:13334, od:349 - chunk_composer.go:299
2026/03/17 13:04:47.074766 [22;34mDEBUG[0m chunk:408,chunk-dur:33, timestamp:13367, od:350 - chunk_composer.go:299
2026/03/17 13:04:47.112777 [22;34mDEBUG[0m chunk:409,chunk-dur:38, timestamp:13400, od:351 - chunk_composer.go:299
2026/03/17 13:04:47.141200 [22;34mDEBUG[0m chunk:410,chunk-dur:29, timestamp:13434, od:352 - chunk_composer.go:299
2026/03/17 13:04:47.187658 [22;34mDEBUG[0m chunk:411,chunk-dur:46, timestamp:13467, od:353 - chunk_composer.go:299
2026/03/17 13:04:47.249484 [22;34mDEBUG[0m chunk:412,chunk-dur:62, timestamp:13500, od:354 - chunk_composer.go:299
2026/03/17 13:04:47.255924 [22;34mDEBUG[0m chunk:413,chunk-dur:6, timestamp:13534, od:354 - chunk_composer.go:299
2026/03/17 13:04:47.277932 [22;34mDEBUG[0m chunk:414,chunk-dur:22, timestamp:13567, od:355 - chunk_composer.go:299
2026/03/17 13:04:47.279971 [22;34mDEBUG[0m rd bitrate:0.000000 Mbps - server_session.go:136
2026/03/17 13:04:47.280038 [22;34mDEBUG[0m wr bitrate:3.799419 Mbps - server_session.go:137
2026/03/17 13:04:47.341656 [22;34mDEBUG[0m chunk:415,chunk-dur:64, timestamp:13600, od:356 - chunk_composer.go:299
2026/03/17 13:04:47.351804 [22;34mDEBUG[0m chunk:416,chunk-dur:10, timestamp:13634, od:356 - chunk_composer.go:299
2026/03/17 13:04:47.377784 [22;34mDEBUG[0m chunk:417,chunk-dur:26, timestamp:13667, od:357 - chunk_composer.go:299
2026/03/17 13:04:47.440384 [22;34mDEBUG[0m chunk:418,chunk-dur:63, timestamp:13700, od:358 - chunk_composer.go:299
2026/03/17 13:04:47.474468 [22;34mDEBUG[0m chunk:419,chunk-dur:34, timestamp:13734, od:359 - chunk_composer.go:299
2026/03/17 13:04:47.481823 [22;34mDEBUG[0m chunk:420,chunk-dur:7, timestamp:13767, od:359 - chunk_composer.go:299
2026/03/17 13:04:47.506625 [22;34mDEBUG[0m chunk:421,chunk-dur:25, timestamp:13800, od:360 - chunk_composer.go:299
2026/03/17 13:04:47.576904 [22;34mDEBUG[0m chunk:422,chunk-dur:70, timestamp:13834, od:361 - chunk_composer.go:299
2026/03/17 13:04:47.606875 [22;34mDEBUG[0m chunk:423,chunk-dur:30, timestamp:13867, od:362 - chunk_composer.go:299
2026/03/17 13:04:47.608125 [22;34mDEBUG[0m chunk:424,chunk-dur:2, timestamp:13900, od:362 - chunk_composer.go:299
2026/03/17 13:04:47.640082 [22;34mDEBUG[0m chunk:425,chunk-dur:32, timestamp:13934, od:363 - chunk_composer.go:299
2026/03/17 13:04:47.677937 [22;34mDEBUG[0m chunk:426,chunk-dur:37, timestamp:13967, od:364 - chunk_composer.go:299
2026/03/17 13:04:47.687337 [22;34mDEBUG[0m rd bitrate:0.000000 Mbps - server_session.go:136
2026/03/17 13:04:47.687382 [22;34mDEBUG[0m wr bitrate:0.000000 Mbps - server_session.go:137
2026/03/17 13:04:47.696845 [22;34mDEBUG[0m rd bitrate:3.506234 Mbps - server_session.go:136
2026/03/17 13:04:47.696903 [22;34mDEBUG[0m wr bitrate:0.000000 Mbps - server_session.go:137
2026/03/17 13:04:47.775883 [22;34mDEBUG[0m chunk:427,chunk-dur:98, timestamp:14000, od:365 - chunk_composer.go:299
2026/03/17 13:04:47.786170 [22;34mDEBUG[0m chunk:428,chunk-dur:11, timestamp:14034, od:365 - chunk_composer.go:299
2026/03/17 13:04:47.787218 [22;34mDEBUG[0m chunk:429,chunk-dur:1, timestamp:14067, od:365 - chunk_composer.go:299
2026/03/17 13:04:47.840113 [22;34mDEBUG[0m chunk:430,chunk-dur:53, timestamp:14100, od:366 - chunk_composer.go:299
2026/03/17 13:04:47.873897 [22;34mDEBUG[0m chunk:431,chunk-dur:33, timestamp:14134, od:367 - chunk_composer.go:299
2026/03/17 13:04:47.876677 [22;34mDEBUG[0m chunk:432,chunk-dur:3, timestamp:14167, od:367 - chunk_composer.go:299
2026/03/17 13:04:47.906403 [22;34mDEBUG[0m chunk:433,chunk-dur:30, timestamp:14200, od:368 - chunk_composer.go:299
2026/03/17 13:04:47.974133 [22;34mDEBUG[0m chunk:434,chunk-dur:68, timestamp:14234, od:369 - chunk_composer.go:299
2026/03/17 13:04:47.974681 [22;34mDEBUG[0m chunk:435,chunk-dur:0, timestamp:14267, od:369 - chunk_composer.go:299
2026/03/17 13:04:48.008638 [22;34mDEBUG[0m chunk:436,chunk-dur:34, timestamp:14300, od:370 - chunk_composer.go:299
2026/03/17 13:04:48.042101 [22;34mDEBUG[0m chunk:437,chunk-dur:34, timestamp:14334, od:371 - chunk_composer.go:299
2026/03/17 13:04:48.078544 [22;34mDEBUG[0m chunk:438,chunk-dur:36, timestamp:14367, od:372 - chunk_composer.go:299
2026/03/17 13:04:48.108022 [22;34mDEBUG[0m chunk:439,chunk-dur:30, timestamp:14400, od:373 - chunk_composer.go:299
2026/03/17 13:04:48.151110 [22;34mDEBUG[0m chunk:440,chunk-dur:42, timestamp:14434, od:374 - chunk_composer.go:299
2026/03/17 13:04:48.174937 [22;34mDEBUG[0m chunk:441,chunk-dur:24, timestamp:14467, od:375 - chunk_composer.go:299
2026/03/17 13:04:48.207663 [22;34mDEBUG[0m chunk:442,chunk-dur:33, timestamp:14500, od:376 - chunk_composer.go:299
2026/03/17 13:04:48.283269 [22;34mDEBUG[0m rd bitrate:0.000000 Mbps - server_session.go:136
2026/03/17 13:04:48.283341 [22;34mDEBUG[0m wr bitrate:5.757162 Mbps - server_session.go:137
2026/03/17 13:04:48.302795 [22;34mDEBUG[0m chunk:443,chunk-dur:95, timestamp:14534, od:377 - chunk_composer.go:299
2026/03/17 13:04:48.306676 [22;34mDEBUG[0m chunk:444,chunk-dur:4, timestamp:14567, od:377 - chunk_composer.go:299
2026/03/17 13:04:48.320647 [22;34mDEBUG[0m chunk:445,chunk-dur:14, timestamp:14600, od:377 - chunk_composer.go:299
2026/03/17 13:04:48.341683 [22;34mDEBUG[0m chunk:446,chunk-dur:21, timestamp:14634, od:378 - chunk_composer.go:299
2026/03/17 13:04:48.377848 [22;34mDEBUG[0m chunk:447,chunk-dur:36, timestamp:14667, od:379 - chunk_composer.go:299
2026/03/17 13:04:48.406747 [22;34mDEBUG[0m chunk:448,chunk-dur:29, timestamp:14700, od:380 - chunk_composer.go:299
2026/03/17 13:04:48.448946 [22;34mDEBUG[0m chunk:449,chunk-dur:42, timestamp:14734, od:381 - chunk_composer.go:299
2026/03/17 13:04:48.476019 [22;34mDEBUG[0m chunk:450,chunk-dur:28, timestamp:14767, od:382 - chunk_composer.go:299
2026/03/17 13:04:48.518188 [22;34mDEBUG[0m chunk:451,chunk-dur:42, timestamp:14800, od:383 - chunk_composer.go:299
2026/03/17 13:04:48.541733 [22;34mDEBUG[0m chunk:452,chunk-dur:23, timestamp:14834, od:384 - chunk_composer.go:299
2026/03/17 13:04:48.587058 [22;34mDEBUG[0m chunk:453,chunk-dur:46, timestamp:14867, od:385 - chunk_composer.go:299
2026/03/17 13:04:48.606594 [22;34mDEBUG[0m chunk:454,chunk-dur:19, timestamp:14900, od:386 - chunk_composer.go:299
2026/03/17 13:04:48.650236 [22;34mDEBUG[0m chunk:455,chunk-dur:44, timestamp:14934, od:387 - chunk_composer.go:299
2026/03/17 13:04:48.676683 [22;34mDEBUG[0m chunk:456,chunk-dur:26, timestamp:14967, od:388 - chunk_composer.go:299
2026/03/17 13:04:48.687835 [22;34mDEBUG[0m rd bitrate:0.000000 Mbps - server_session.go:136
2026/03/17 13:04:48.687870 [22;34mDEBUG[0m wr bitrate:0.000000 Mbps - server_session.go:137
2026/03/17 13:04:48.696984 [22;34mDEBUG[0m rd bitrate:8.167055 Mbps - server_session.go:136
2026/03/17 13:04:48.697030 [22;34mDEBUG[0m wr bitrate:0.000000 Mbps - server_session.go:137
2026/03/17 13:04:48.708000 [22;34mDEBUG[0m chunk:457,chunk-dur:31, timestamp:15000, od:389 - chunk_composer.go:299
2026/03/17 13:04:48.740337 [22;34mDEBUG[0m chunk:458,chunk-dur:33, timestamp:15034, od:390 - chunk_composer.go:299
2026/03/17 13:04:48.778531 [22;34mDEBUG[0m chunk:459,chunk-dur:38, timestamp:15067, od:391 - chunk_composer.go:299
2026/03/17 13:04:48.806879 [22;34mDEBUG[0m chunk:460,chunk-dur:28, timestamp:15100, od:392 - chunk_composer.go:299
2026/03/17 13:04:48.840277 [22;34mDEBUG[0m chunk:461,chunk-dur:34, timestamp:15134, od:393 - chunk_composer.go:299
2026/03/17 13:04:48.875863 [22;34mDEBUG[0m chunk:462,chunk-dur:35, timestamp:15167, od:394 - chunk_composer.go:299
2026/03/17 13:04:48.907448 [22;34mDEBUG[0m chunk:463,chunk-dur:32, timestamp:15200, od:395 - chunk_composer.go:299
2026/03/17 13:04:48.966645 [22;34mDEBUG[0m chunk:464,chunk-dur:59, timestamp:15234, od:396 - chunk_composer.go:299
2026/03/17 13:04:48.982060 [22;34mDEBUG[0m chunk:465,chunk-dur:16, timestamp:15267, od:396 - chunk_composer.go:299
2026/03/17 13:04:49.009288 [22;34mDEBUG[0m chunk:466,chunk-dur:27, timestamp:15300, od:397 - chunk_composer.go:299
2026/03/17 13:04:49.041886 [22;34mDEBUG[0m chunk:467,chunk-dur:32, timestamp:15334, od:398 - chunk_composer.go:299
2026/03/17 13:04:49.078365 [22;34mDEBUG[0m chunk:468,chunk-dur:37, timestamp:15367, od:399 - chunk_composer.go:299
2026/03/17 13:04:49.106677 [22;34mDEBUG[0m chunk:469,chunk-dur:28, timestamp:15400, od:400 - chunk_composer.go:299
2026/03/17 13:04:49.147455 [22;34mDEBUG[0m chunk:470,chunk-dur:41, timestamp:15434, od:401 - chunk_composer.go:299
2026/03/17 13:04:49.179680 [22;34mDEBUG[0m chunk:471,chunk-dur:32, timestamp:15467, od:402 - chunk_composer.go:299
2026/03/17 13:04:49.213724 [22;34mDEBUG[0m chunk:472,chunk-dur:34, timestamp:15500, od:403 - chunk_composer.go:299
2026/03/17 13:04:49.241306 [22;34mDEBUG[0m chunk:473,chunk-dur:28, timestamp:15534, od:404 - chunk_composer.go:299
2026/03/17 13:04:49.274325 [22;34mDEBUG[0m chunk:474,chunk-dur:33, timestamp:15567, od:405 - chunk_composer.go:299
2026/03/17 13:04:49.285695 [22;34mDEBUG[0m rd bitrate:0.000000 Mbps - server_session.go:136
2026/03/17 13:04:49.285758 [22;34mDEBUG[0m wr bitrate:6.850416 Mbps - server_session.go:137
2026/03/17 13:04:49.309473 [22;34mDEBUG[0m chunk:475,chunk-dur:35, timestamp:15600, od:406 - chunk_composer.go:299
2026/03/17 13:04:49.341271 [22;34mDEBUG[0m chunk:476,chunk-dur:32, timestamp:15634, od:407 - chunk_composer.go:299
2026/03/17 13:04:49.375797 [22;34mDEBUG[0m chunk:477,chunk-dur:34, timestamp:15667, od:408 - chunk_composer.go:299
2026/03/17 13:04:49.406272 [22;34mDEBUG[0m chunk:478,chunk-dur:31, timestamp:15700, od:409 - chunk_composer.go:299
2026/03/17 13:04:49.449811 [22;34mDEBUG[0m chunk:479,chunk-dur:43, timestamp:15734, od:410 - chunk_composer.go:299
2026/03/17 13:04:49.473301 [22;34mDEBUG[0m chunk:480,chunk-dur:24, timestamp:15767, od:411 - chunk_composer.go:299
2026/03/17 13:04:49.514754 [22;34mDEBUG[0m chunk:481,chunk-dur:41, timestamp:15800, od:412 - chunk_composer.go:299
2026/03/17 13:04:49.543854 [22;34mDEBUG[0m chunk:482,chunk-dur:29, timestamp:15834, od:413 - chunk_composer.go:299
2026/03/17 13:04:49.573767 [22;34mDEBUG[0m chunk:483,chunk-dur:30, timestamp:15867, od:414 - chunk_composer.go:299
2026/03/17 13:04:49.613472 [22;34mDEBUG[0m chunk:484,chunk-dur:40, timestamp:15900, od:415 - chunk_composer.go:299
2026/03/17 13:04:49.641202 [22;34mDEBUG[0m chunk:485,chunk-dur:28, timestamp:15934, od:416 - chunk_composer.go:299
2026/03/17 13:04:49.676200 [22;34mDEBUG[0m chunk:486,chunk-dur:35, timestamp:15967, od:417 - chunk_composer.go:299
2026/03/17 13:04:49.688691 [22;34mDEBUG[0m rd bitrate:0.000000 Mbps - server_session.go:136
2026/03/17 13:04:49.688737 [22;34mDEBUG[0m wr bitrate:0.000000 Mbps - server_session.go:137
2026/03/17 13:04:49.698247 [22;34mDEBUG[0m rd bitrate:5.615100 Mbps - server_session.go:136
2026/03/17 13:04:49.698286 [22;34mDEBUG[0m wr bitrate:0.000000 Mbps - server_session.go:137
2026/03/17 13:04:49.723232 [22;34mDEBUG[0m chunk:487,chunk-dur:47, timestamp:16000, od:418 - chunk_composer.go:299
2026/03/17 13:04:49.743697 [22;34mDEBUG[0m chunk:488,chunk-dur:20, timestamp:16034, od:419 - chunk_composer.go:299
2026/03/17 13:04:49.773954 [22;34mDEBUG[0m chunk:489,chunk-dur:30, timestamp:16067, od:420 - chunk_composer.go:299
2026/03/17 13:04:49.807241 [22;34mDEBUG[0m chunk:490,chunk-dur:34, timestamp:16100, od:421 - chunk_composer.go:299
2026/03/17 13:04:49.843227 [22;34mDEBUG[0m chunk:491,chunk-dur:36, timestamp:16134, od:422 - chunk_composer.go:299
2026/03/17 13:04:49.875756 [22;34mDEBUG[0m chunk:492,chunk-dur:32, timestamp:16167, od:423 - chunk_composer.go:299
2026/03/17 13:04:49.908577 [22;34mDEBUG[0m chunk:493,chunk-dur:33, timestamp:16200, od:424 - chunk_composer.go:299
2026/03/17 13:04:49.940598 [22;34mDEBUG[0m chunk:494,chunk-dur:32, timestamp:16234, od:425 - chunk_composer.go:299
2026/03/17 13:04:49.974434 [22;34mDEBUG[0m chunk:495,chunk-dur:34, timestamp:16267, od:426 - chunk_composer.go:299
2026/03/17 13:04:50.008999 [22;34mDEBUG[0m chunk:496,chunk-dur:34, timestamp:16300, od:427 - chunk_composer.go:299
2026/03/17 13:04:50.041384 [22;34mDEBUG[0m chunk:497,chunk-dur:33, timestamp:16334, od:428 - chunk_composer.go:299
2026/03/17 13:04:50.074946 [22;34mDEBUG[0m chunk:498,chunk-dur:33, timestamp:16367, od:429 - chunk_composer.go:299
2026/03/17 13:04:50.118762 [22;34mDEBUG[0m chunk:499,chunk-dur:44, timestamp:16400, od:430 - chunk_composer.go:299
2026/03/17 13:04:50.141383 [22;34mDEBUG[0m chunk:500,chunk-dur:23, timestamp:16434, od:431 - chunk_composer.go:299
2026/03/17 13:04:50.174296 [22;34mDEBUG[0m chunk:501,chunk-dur:33, timestamp:16467, od:432 - chunk_composer.go:299
2026/03/17 13:04:50.210419 [22;34mDEBUG[0m chunk:502,chunk-dur:36, timestamp:16500, od:433 - chunk_composer.go:299
2026/03/17 13:04:50.257563 [22;34mDEBUG[0m chunk:503,chunk-dur:47, timestamp:16534, od:434 - chunk_composer.go:299
2026/03/17 13:04:50.274273 [22;34mDEBUG[0m chunk:504,chunk-dur:17, timestamp:16567, od:435 - chunk_composer.go:299
2026/03/17 13:04:50.286309 [22;34mDEBUG[0m rd bitrate:0.000000 Mbps - server_session.go:136
2026/03/17 13:04:50.286371 [22;34mDEBUG[0m wr bitrate:7.293253 Mbps - server_session.go:137
2026/03/17 13:04:50.308035 [22;34mDEBUG[0m chunk:505,chunk-dur:34, timestamp:16600, od:436 - chunk_composer.go:299
2026/03/17 13:04:50.341935 [22;34mDEBUG[0m chunk:506,chunk-dur:33, timestamp:16634, od:437 - chunk_composer.go:299
2026/03/17 13:04:50.374708 [22;34mDEBUG[0m chunk:507,chunk-dur:33, timestamp:16667, od:438 - chunk_composer.go:299
2026/03/17 13:04:50.409111 [22;34mDEBUG[0m chunk:508,chunk-dur:35, timestamp:16700, od:439 - chunk_composer.go:299
2026/03/17 13:04:50.443354 [22;34mDEBUG[0m chunk:509,chunk-dur:34, timestamp:16734, od:440 - chunk_composer.go:299
2026/03/17 13:04:50.483061 [22;34mDEBUG[0m chunk:510,chunk-dur:40, timestamp:16767, od:441 - chunk_composer.go:299
2026/03/17 13:04:50.510288 [22;34mDEBUG[0m chunk:511,chunk-dur:27, timestamp:16800, od:442 - chunk_composer.go:299
2026/03/17 13:04:50.543472 [22;34mDEBUG[0m chunk:512,chunk-dur:33, timestamp:16834, od:443 - chunk_composer.go:299
2026/03/17 13:04:50.574902 [22;34mDEBUG[0m chunk:513,chunk-dur:31, timestamp:16867, od:444 - chunk_composer.go:299
2026/03/17 13:04:50.608805 [22;34mDEBUG[0m chunk:514,chunk-dur:34, timestamp:16900, od:445 - chunk_composer.go:299
2026/03/17 13:04:50.645081 [22;34mDEBUG[0m chunk:515,chunk-dur:37, timestamp:16934, od:446 - chunk_composer.go:299
2026/03/17 13:04:50.681765 [22;34mDEBUG[0m chunk:516,chunk-dur:36, timestamp:16967, od:447 - chunk_composer.go:299
2026/03/17 13:04:50.690068 [22;34mDEBUG[0m rd bitrate:0.000000 Mbps - server_session.go:136
2026/03/17 13:04:50.690093 [22;34mDEBUG[0m wr bitrate:0.000000 Mbps - server_session.go:137
2026/03/17 13:04:50.698899 [22;34mDEBUG[0m rd bitrate:8.245178 Mbps - server_session.go:136
2026/03/17 13:04:50.698942 [22;34mDEBUG[0m wr bitrate:0.000000 Mbps - server_session.go:137
2026/03/17 13:04:50.708199 [22;34mDEBUG[0m chunk:517,chunk-dur:27, timestamp:17000, od:448 - chunk_composer.go:299
2026/03/17 13:04:50.743800 [22;34mDEBUG[0m chunk:518,chunk-dur:35, timestamp:17034, od:449 - chunk_composer.go:299
2026/03/17 13:04:50.776399 [22;34mDEBUG[0m chunk:519,chunk-dur:33, timestamp:17067, od:450 - chunk_composer.go:299
2026/03/17 13:04:50.807054 [22;34mDEBUG[0m chunk:520,chunk-dur:31, timestamp:17100, od:451 - chunk_composer.go:299
2026/03/17 13:04:50.859057 [22;34mDEBUG[0m chunk:521,chunk-dur:52, timestamp:17134, od:452 - chunk_composer.go:299
2026/03/17 13:04:50.874190 [22;34mDEBUG[0m chunk:522,chunk-dur:15, timestamp:17167, od:452 - chunk_composer.go:299
2026/03/17 13:04:50.911854 [22;34mDEBUG[0m chunk:523,chunk-dur:37, timestamp:17200, od:453 - chunk_composer.go:299
2026/03/17 13:04:50.941018 [22;34mDEBUG[0m chunk:524,chunk-dur:30, timestamp:17234, od:454 - chunk_composer.go:299
2026/03/17 13:04:50.980665 [22;34mDEBUG[0m chunk:525,chunk-dur:39, timestamp:17267, od:455 - chunk_composer.go:299
2026/03/17 13:04:51.008252 [22;34mDEBUG[0m chunk:526,chunk-dur:28, timestamp:17300, od:456 - chunk_composer.go:299
2026/03/17 13:04:51.041029 [22;34mDEBUG[0m chunk:527,chunk-dur:33, timestamp:17334, od:457 - chunk_composer.go:299
2026/03/17 13:04:51.083335 [22;34mDEBUG[0m chunk:528,chunk-dur:42, timestamp:17367, od:458 - chunk_composer.go:299
2026/03/17 13:04:51.109601 [22;34mDEBUG[0m chunk:529,chunk-dur:24, timestamp:17400, od:459 - chunk_composer.go:299
2026/03/17 13:04:51.141205 [22;34mDEBUG[0m chunk:530,chunk-dur:34, timestamp:17434, od:460 - chunk_composer.go:299
2026/03/17 13:04:51.173338 [22;34mDEBUG[0m chunk:531,chunk-dur:32, timestamp:17467, od:461 - chunk_composer.go:299
2026/03/17 13:04:51.210053 [22;34mDEBUG[0m chunk:532,chunk-dur:37, timestamp:17500, od:462 - chunk_composer.go:299
2026/03/17 13:04:51.241432 [22;34mDEBUG[0m chunk:533,chunk-dur:31, timestamp:17534, od:463 - chunk_composer.go:299
2026/03/17 13:04:51.273766 [22;34mDEBUG[0m chunk:534,chunk-dur:32, timestamp:17567, od:464 - chunk_composer.go:299
2026/03/17 13:04:51.286692 [22;36m INFO[0m mean read bitrate:0.000056 Mbps - server_session.go:143
2026/03/17 13:04:51.286765 [22;36m INFO[0m mean write bitrate:3.078720 Mbps - server_session.go:144
2026/03/17 13:04:51.286774 [22;34mDEBUG[0m rd bitrate:0.000000 Mbps - server_session.go:136
2026/03/17 13:04:51.286780 [22;34mDEBUG[0m wr bitrate:7.468704 Mbps - server_session.go:137
2026/03/17 13:04:51.309084 [22;34mDEBUG[0m chunk:535,chunk-dur:36, timestamp:17600, od:465 - chunk_composer.go:299
2026/03/17 13:04:51.341980 [22;34mDEBUG[0m chunk:536,chunk-dur:32, timestamp:17634, od:466 - chunk_composer.go:299
2026/03/17 13:04:51.373719 [22;34mDEBUG[0m chunk:537,chunk-dur:32, timestamp:17667, od:467 - chunk_composer.go:299
2026/03/17 13:04:51.411170 [22;34mDEBUG[0m chunk:538,chunk-dur:38, timestamp:17700, od:468 - chunk_composer.go:299
2026/03/17 13:04:51.440899 [22;34mDEBUG[0m chunk:539,chunk-dur:29, timestamp:17734, od:469 - chunk_composer.go:299
2026/03/17 13:04:51.474125 [22;34mDEBUG[0m chunk:540,chunk-dur:34, timestamp:17767, od:470 - chunk_composer.go:299
2026/03/17 13:04:51.509892 [22;34mDEBUG[0m chunk:541,chunk-dur:35, timestamp:17800, od:471 - chunk_composer.go:299
2026/03/17 13:04:51.543133 [22;34mDEBUG[0m chunk:542,chunk-dur:34, timestamp:17834, od:472 - chunk_composer.go:299
2026/03/17 13:04:51.608365 [22;34mDEBUG[0m chunk:543,chunk-dur:65, timestamp:17867, od:473 - chunk_composer.go:299
2026/03/17 13:04:51.609287 [22;34mDEBUG[0m chunk:544,chunk-dur:1, timestamp:17900, od:473 - chunk_composer.go:299
2026/03/17 13:04:51.641139 [22;34mDEBUG[0m chunk:545,chunk-dur:32, timestamp:17934, od:474 - chunk_composer.go:299
2026/03/17 13:04:51.676100 [22;34mDEBUG[0m chunk:546,chunk-dur:35, timestamp:17967, od:475 - chunk_composer.go:299
2026/03/17 13:04:51.691654 [22;34mDEBUG[0m rd bitrate:0.000000 Mbps - server_session.go:136
2026/03/17 13:04:51.691708 [22;34mDEBUG[0m wr bitrate:0.000000 Mbps - server_session.go:137
2026/03/17 13:04:51.699388 [22;34mDEBUG[0m rd bitrate:6.928363 Mbps - server_session.go:136
2026/03/17 13:04:51.699422 [22;34mDEBUG[0m wr bitrate:0.000000 Mbps - server_session.go:137
2026/03/17 13:04:51.730910 [22;34mDEBUG[0m chunk:547,chunk-dur:54, timestamp:18000, od:476 - chunk_composer.go:299
2026/03/17 13:04:51.745234 [22;34mDEBUG[0m chunk:548,chunk-dur:15, timestamp:18034, od:476 - chunk_composer.go:299
2026/03/17 13:04:51.773809 [22;34mDEBUG[0m chunk:549,chunk-dur:28, timestamp:18067, od:477 - chunk_composer.go:299
2026/03/17 13:04:51.807614 [22;34mDEBUG[0m chunk:550,chunk-dur:34, timestamp:18100, od:478 - chunk_composer.go:299
2026/03/17 13:04:51.845094 [22;34mDEBUG[0m chunk:551,chunk-dur:38, timestamp:18134, od:479 - chunk_composer.go:299
2026/03/17 13:04:51.873692 [22;34mDEBUG[0m chunk:552,chunk-dur:28, timestamp:18167, od:480 - chunk_composer.go:299
2026/03/17 13:04:51.907103 [22;34mDEBUG[0m chunk:553,chunk-dur:34, timestamp:18200, od:481 - chunk_composer.go:299
2026/03/17 13:04:51.942101 [22;34mDEBUG[0m chunk:554,chunk-dur:34, timestamp:18234, od:482 - chunk_composer.go:299
2026/03/17 13:04:51.978164 [22;34mDEBUG[0m chunk:555,chunk-dur:37, timestamp:18267, od:483 - chunk_composer.go:299
2026/03/17 13:04:52.008633 [22;34mDEBUG[0m chunk:556,chunk-dur:30, timestamp:18300, od:484 - chunk_composer.go:299
2026/03/17 13:04:52.043021 [22;34mDEBUG[0m chunk:557,chunk-dur:35, timestamp:18334, od:485 - chunk_composer.go:299
2026/03/17 13:04:52.073466 [22;34mDEBUG[0m chunk:558,chunk-dur:30, timestamp:18367, od:486 - chunk_composer.go:299
2026/03/17 13:04:52.113962 [22;34mDEBUG[0m chunk:559,chunk-dur:40, timestamp:18400, od:487 - chunk_composer.go:299
2026/03/17 13:04:52.142953 [22;34mDEBUG[0m chunk:560,chunk-dur:29, timestamp:18434, od:488 - chunk_composer.go:299
2026/03/17 13:04:52.176442 [22;34mDEBUG[0m chunk:561,chunk-dur:34, timestamp:18467, od:489 - chunk_composer.go:299
2026/03/17 13:04:52.206248 [22;34mDEBUG[0m chunk:562,chunk-dur:30, timestamp:18500, od:490 - chunk_composer.go:299
2026/03/17 13:04:52.297591 [22;34mDEBUG[0m rd bitrate:0.000000 Mbps - server_session.go:136
2026/03/17 13:04:52.304942 [22;34mDEBUG[0m wr bitrate:7.935061 Mbps - server_session.go:137
2026/03/17 13:04:52.424823 [22;34mDEBUG[0m chunk:563,chunk-dur:216, timestamp:18534, od:491 - chunk_composer.go:299
2026/03/17 13:04:52.454857 [22;34mDEBUG[0m chunk:564,chunk-dur:32, timestamp:18567, od:492 - chunk_composer.go:299
2026/03/17 13:04:52.455352 [22;34mDEBUG[0m chunk:565,chunk-dur:1, timestamp:18600, od:492 - chunk_composer.go:299
2026/03/17 13:04:52.455724 [22;34mDEBUG[0m chunk:566,chunk-dur:0, timestamp:18634, od:492 - chunk_composer.go:299
2026/03/17 13:04:52.474260 [22;34mDEBUG[0m chunk:567,chunk-dur:19, timestamp:18667, od:493 - chunk_composer.go:299
2026/03/17 13:04:52.478136 [22;34mDEBUG[0m chunk:568,chunk-dur:4, timestamp:18700, od:493 - chunk_composer.go:299
2026/03/17 13:04:52.480550 [22;34mDEBUG[0m chunk:569,chunk-dur:2, timestamp:18734, od:493 - chunk_composer.go:299
2026/03/17 13:04:52.481654 [22;34mDEBUG[0m chunk:570,chunk-dur:1, timestamp:18767, od:493 - chunk_composer.go:299
2026/03/17 13:04:52.521427 [22;34mDEBUG[0m chunk:571,chunk-dur:39, timestamp:18800, od:494 - chunk_composer.go:299
2026/03/17 13:04:52.549035 [22;34mDEBUG[0m chunk:572,chunk-dur:29, timestamp:18834, od:495 - chunk_composer.go:299
2026/03/17 13:04:52.580707 [22;34mDEBUG[0m chunk:573,chunk-dur:31, timestamp:18867, od:496 - chunk_composer.go:299
2026/03/17 13:04:52.606548 [22;34mDEBUG[0m chunk:574,chunk-dur:26, timestamp:18900, od:497 - chunk_composer.go:299
2026/03/17 13:04:52.666350 [22;34mDEBUG[0m chunk:575,chunk-dur:60, timestamp:18934, od:498 - chunk_composer.go:299
2026/03/17 13:04:52.682270 [22;34mDEBUG[0m chunk:576,chunk-dur:16, timestamp:18967, od:498 - chunk_composer.go:299
2026/03/17 13:04:52.692029 [22;34mDEBUG[0m rd bitrate:0.000000 Mbps - server_session.go:136
2026/03/17 13:04:52.692143 [22;34mDEBUG[0m wr bitrate:0.000000 Mbps - server_session.go:137
2026/03/17 13:04:52.699531 [22;34mDEBUG[0m rd bitrate:9.140459 Mbps - server_session.go:136
2026/03/17 13:04:52.699557 [22;34mDEBUG[0m wr bitrate:0.000000 Mbps - server_session.go:137
2026/03/17 13:04:52.714485 [22;34mDEBUG[0m chunk:577,chunk-dur:32, timestamp:19000, od:499 - chunk_composer.go:299
2026/03/17 13:04:52.740958 [22;34mDEBUG[0m chunk:578,chunk-dur:26, timestamp:19034, od:500 - chunk_composer.go:299
2026/03/17 13:04:52.794321 [22;34mDEBUG[0m chunk:579,chunk-dur:54, timestamp:19067, od:501 - chunk_composer.go:299
2026/03/17 13:04:52.831863 [22;34mDEBUG[0m chunk:580,chunk-dur:37, timestamp:19100, od:502 - chunk_composer.go:299
2026/03/17 13:04:52.846883 [22;34mDEBUG[0m chunk:581,chunk-dur:15, timestamp:19134, od:502 - chunk_composer.go:299
2026/03/17 13:04:52.874458 [22;34mDEBUG[0m chunk:582,chunk-dur:28, timestamp:19167, od:503 - chunk_composer.go:299
2026/03/17 13:04:52.913124 [22;34mDEBUG[0m chunk:583,chunk-dur:39, timestamp:19200, od:504 - chunk_composer.go:299
2026/03/17 13:04:52.941390 [22;34mDEBUG[0m chunk:584,chunk-dur:28, timestamp:19234, od:505 - chunk_composer.go:299
2026/03/17 13:04:52.974356 [22;34mDEBUG[0m chunk:585,chunk-dur:33, timestamp:19267, od:506 - chunk_composer.go:299
2026/03/17 13:04:53.006762 [22;34mDEBUG[0m chunk:586,chunk-dur:32, timestamp:19300, od:507 - chunk_composer.go:299
2026/03/17 13:04:53.057219 [22;34mDEBUG[0m chunk:587,chunk-dur:51, timestamp:19334, od:508 - chunk_composer.go:299
2026/03/17 13:04:53.075781 [22;34mDEBUG[0m chunk:588,chunk-dur:18, timestamp:19367, od:509 - chunk_composer.go:299
2026/03/17 13:04:53.107605 [22;34mDEBUG[0m chunk:589,chunk-dur:32, timestamp:19400, od:510 - chunk_composer.go:299
2026/03/17 13:04:53.159713 [22;34mDEBUG[0m chunk:590,chunk-dur:52, timestamp:19434, od:511 - chunk_composer.go:299
2026/03/17 13:04:53.201758 [22;34mDEBUG[0m chunk:591,chunk-dur:42, timestamp:19467, od:512 - chunk_composer.go:299
2026/03/17 13:04:53.210053 [22;34mDEBUG[0m chunk:592,chunk-dur:9, timestamp:19500, od:512 - chunk_composer.go:299
2026/03/17 13:04:53.241175 [22;34mDEBUG[0m chunk:593,chunk-dur:31, timestamp:19534, od:513 - chunk_composer.go:299
2026/03/17 13:04:53.275158 [22;34mDEBUG[0m chunk:594,chunk-dur:34, timestamp:19567, od:514 - chunk_composer.go:299
2026/03/17 13:04:53.305615 [22;34mDEBUG[0m rd bitrate:0.000000 Mbps - server_session.go:136
2026/03/17 13:04:53.305665 [22;34mDEBUG[0m wr bitrate:8.160843 Mbps - server_session.go:137
2026/03/17 13:04:53.312727 [22;34mDEBUG[0m chunk:595,chunk-dur:37, timestamp:19600, od:515 - chunk_composer.go:299
2026/03/17 13:04:53.342019 [22;34mDEBUG[0m chunk:596,chunk-dur:30, timestamp:19634, od:516 - chunk_composer.go:299
2026/03/17 13:04:53.373957 [22;34mDEBUG[0m chunk:597,chunk-dur:31, timestamp:19667, od:517 - chunk_composer.go:299
2026/03/17 13:04:53.414714 [22;34mDEBUG[0m chunk:598,chunk-dur:41, timestamp:19700, od:518 - chunk_composer.go:299
2026/03/17 13:04:53.448346 [22;34mDEBUG[0m chunk:599,chunk-dur:34, timestamp:19734, od:519 - chunk_composer.go:299
2026/03/17 13:04:53.474539 [22;34mDEBUG[0m chunk:600,chunk-dur:26, timestamp:19767, od:520 - chunk_composer.go:299
2026/03/17 13:04:53.507218 [22;34mDEBUG[0m chunk:601,chunk-dur:33, timestamp:19800, od:521 - chunk_composer.go:299
2026/03/17 13:04:53.546649 [22;34mDEBUG[0m chunk:602,chunk-dur:39, timestamp:19834, od:522 - chunk_composer.go:299
2026/03/17 13:04:53.574849 [22;34mDEBUG[0m chunk:603,chunk-dur:28, timestamp:19867, od:523 - chunk_composer.go:299
2026/03/17 13:04:53.608920 [22;34mDEBUG[0m chunk:604,chunk-dur:34, timestamp:19900, od:524 - chunk_composer.go:299
2026/03/17 13:04:53.641209 [22;34mDEBUG[0m chunk:605,chunk-dur:33, timestamp:19934, od:525 - chunk_composer.go:299
2026/03/17 13:04:53.675751 [22;34mDEBUG[0m chunk:606,chunk-dur:34, timestamp:19967, od:526 - chunk_composer.go:299
2026/03/17 13:04:53.692620 [22;34mDEBUG[0m rd bitrate:0.000000 Mbps - server_session.go:136
2026/03/17 13:04:53.692858 [22;34mDEBUG[0m wr bitrate:0.000000 Mbps - server_session.go:137
2026/03/17 13:04:53.699626 [22;36m INFO[0m mean read bitrate:5.587648 Mbps - server_session.go:143
2026/03/17 13:04:53.699667 [22;36m INFO[0m mean write bitrate:0.000163 Mbps - server_session.go:144
2026/03/17 13:04:53.699672 [22;34mDEBUG[0m rd bitrate:7.517033 Mbps - server_session.go:136
2026/03/17 13:04:53.699676 [22;34mDEBUG[0m wr bitrate:0.000000 Mbps - server_session.go:137
2026/03/17 13:04:53.743427 [22;34mDEBUG[0m chunk:607,chunk-dur:68, timestamp:20000, od:527 - chunk_composer.go:299
2026/03/17 13:04:53.763116 [22;34mDEBUG[0m chunk:608,chunk-dur:20, timestamp:20034, od:528 - chunk_composer.go:299
2026/03/17 13:04:53.779867 [22;34mDEBUG[0m chunk:609,chunk-dur:16, timestamp:20067, od:528 - chunk_composer.go:299
2026/03/17 13:04:53.807649 [22;34mDEBUG[0m chunk:610,chunk-dur:28, timestamp:20100, od:529 - chunk_composer.go:299
2026/03/17 13:04:53.840962 [22;34mDEBUG[0m chunk:611,chunk-dur:33, timestamp:20134, od:530 - chunk_composer.go:299
2026/03/17 13:04:53.875882 [22;34mDEBUG[0m chunk:612,chunk-dur:35, timestamp:20167, od:531 - chunk_composer.go:299
2026/03/17 13:04:53.911828 [22;34mDEBUG[0m chunk:613,chunk-dur:36, timestamp:20200, od:532 - chunk_composer.go:299
2026/03/17 13:04:53.965802 [22;34mDEBUG[0m chunk:614,chunk-dur:54, timestamp:20234, od:533 - chunk_composer.go:299
2026/03/17 13:04:54.004000 [22;34mDEBUG[0m chunk:615,chunk-dur:38, timestamp:20267, od:534 - chunk_composer.go:299
2026/03/17 13:04:54.014451 [22;34mDEBUG[0m chunk:616,chunk-dur:11, timestamp:20300, od:534 - chunk_composer.go:299
2026/03/17 13:04:54.043463 [22;34mDEBUG[0m chunk:617,chunk-dur:29, timestamp:20334, od:535 - chunk_composer.go:299
2026/03/17 13:04:54.079459 [22;34mDEBUG[0m chunk:618,chunk-dur:36, timestamp:20367, od:536 - chunk_composer.go:299
2026/03/17 13:04:54.108408 [22;34mDEBUG[0m chunk:619,chunk-dur:29, timestamp:20400, od:537 - chunk_composer.go:299
2026/03/17 13:04:54.151119 [22;34mDEBUG[0m chunk:620,chunk-dur:43, timestamp:20434, od:538 - chunk_composer.go:299
2026/03/17 13:04:54.176775 [22;34mDEBUG[0m chunk:621,chunk-dur:25, timestamp:20467, od:539 - chunk_composer.go:299
2026/03/17 13:04:54.207112 [22;34mDEBUG[0m chunk:622,chunk-dur:31, timestamp:20500, od:540 - chunk_composer.go:299
2026/03/17 13:04:54.241042 [22;34mDEBUG[0m chunk:623,chunk-dur:33, timestamp:20534, od:541 - chunk_composer.go:299
2026/03/17 13:04:54.299373 [22;34mDEBUG[0m chunk:624,chunk-dur:59, timestamp:20567, od:542 - chunk_composer.go:299
2026/03/17 13:04:54.306086 [22;34mDEBUG[0m rd bitrate:0.000000 Mbps - server_session.go:136
2026/03/17 13:04:54.306112 [22;34mDEBUG[0m wr bitrate:9.675292 Mbps - server_session.go:137
2026/03/17 13:04:54.307629 [22;34mDEBUG[0m chunk:625,chunk-dur:8, timestamp:20600, od:542 - chunk_composer.go:299
2026/03/17 13:04:54.341359 [22;34mDEBUG[0m chunk:626,chunk-dur:34, timestamp:20634, od:543 - chunk_composer.go:299
2026/03/17 13:04:54.374717 [22;34mDEBUG[0m chunk:627,chunk-dur:33, timestamp:20667, od:544 - chunk_composer.go:299
2026/03/17 13:04:54.410167 [22;34mDEBUG[0m chunk:628,chunk-dur:36, timestamp:20700, od:545 - chunk_composer.go:299
2026/03/17 13:04:54.441565 [22;34mDEBUG[0m chunk:629,chunk-dur:31, timestamp:20734, od:546 - chunk_composer.go:299
2026/03/17 13:04:54.474379 [22;34mDEBUG[0m chunk:630,chunk-dur:33, timestamp:20767, od:547 - chunk_composer.go:299
2026/03/17 13:04:54.508593 [22;34mDEBUG[0m chunk:631,chunk-dur:34, timestamp:20800, od:548 - chunk_composer.go:299
2026/03/17 13:04:54.564676 [22;34mDEBUG[0m chunk:632,chunk-dur:56, timestamp:20834, od:549 - chunk_composer.go:299
2026/03/17 13:04:54.576023 [22;34mDEBUG[0m chunk:633,chunk-dur:12, timestamp:20867, od:549 - chunk_composer.go:299
2026/03/17 13:04:54.608017 [22;34mDEBUG[0m chunk:634,chunk-dur:32, timestamp:20900, od:550 - chunk_composer.go:299
2026/03/17 13:04:54.640708 [22;34mDEBUG[0m chunk:635,chunk-dur:32, timestamp:20934, od:551 - chunk_composer.go:299
2026/03/17 13:04:54.686569 [22;34mDEBUG[0m chunk:636,chunk-dur:46, timestamp:20967, od:552 - chunk_composer.go:299
2026/03/17 13:04:54.693106 [22;36m INFO[0m mean read bitrate:0.000005 Mbps - server_session.go:143
2026/03/17 13:04:54.693142 [22;36m INFO[0m mean write bitrate:0.000010 Mbps - server_session.go:144
2026/03/17 13:04:54.693162 [22;34mDEBUG[0m rd bitrate:0.000000 Mbps - server_session.go:136
2026/03/17 13:04:54.693170 [22;34mDEBUG[0m wr bitrate:0.000000 Mbps - server_session.go:137
2026/03/17 13:04:54.699940 [22;34mDEBUG[0m rd bitrate:9.522605 Mbps - server_session.go:136
2026/03/17 13:04:54.699963 [22;34mDEBUG[0m wr bitrate:0.000000 Mbps - server_session.go:137
2026/03/17 13:04:54.711480 [22;34mDEBUG[0m chunk:637,chunk-dur:25, timestamp:21000, od:553 - chunk_composer.go:299
2026/03/17 13:04:54.741938 [22;34mDEBUG[0m chunk:638,chunk-dur:30, timestamp:21034, od:554 - chunk_composer.go:299
2026/03/17 13:04:54.772954 [22;34mDEBUG[0m chunk:639,chunk-dur:31, timestamp:21067, od:555 - chunk_composer.go:299
2026/03/17 13:04:54.810893 [22;34mDEBUG[0m chunk:640,chunk-dur:38, timestamp:21100, od:556 - chunk_composer.go:299
2026/03/17 13:04:54.842232 [22;34mDEBUG[0m chunk:641,chunk-dur:32, timestamp:21134, od:557 - chunk_composer.go:299
2026/03/17 13:04:54.874337 [22;34mDEBUG[0m chunk:642,chunk-dur:32, timestamp:21167, od:558 - chunk_composer.go:299
2026/03/17 13:04:54.907644 [22;34mDEBUG[0m chunk:643,chunk-dur:33, timestamp:21200, od:559 - chunk_composer.go:299
2026/03/17 13:04:54.953448 [22;34mDEBUG[0m chunk:644,chunk-dur:46, timestamp:21234, od:560 - chunk_composer.go:299
2026/03/17 13:04:54.974224 [22;34mDEBUG[0m chunk:645,chunk-dur:21, timestamp:21267, od:561 - chunk_composer.go:299
2026/03/17 13:04:55.006312 [22;34mDEBUG[0m chunk:646,chunk-dur:32, timestamp:21300, od:562 - chunk_composer.go:299
2026/03/17 13:04:55.042150 [22;34mDEBUG[0m chunk:647,chunk-dur:36, timestamp:21334, od:563 - chunk_composer.go:299
2026/03/17 13:04:55.080824 [22;34mDEBUG[0m chunk:648,chunk-dur:38, timestamp:21367, od:564 - chunk_composer.go:299
2026/03/17 13:04:55.108297 [22;34mDEBUG[0m chunk:649,chunk-dur:28, timestamp:21400, od:565 - chunk_composer.go:299
2026/03/17 13:04:55.142454 [22;34mDEBUG[0m chunk:650,chunk-dur:34, timestamp:21434, od:566 - chunk_composer.go:299
2026/03/17 13:04:55.179104 [22;34mDEBUG[0m chunk:651,chunk-dur:37, timestamp:21467, od:567 - chunk_composer.go:299
2026/03/17 13:04:55.216322 [22;34mDEBUG[0m chunk:652,chunk-dur:37, timestamp:21500, od:568 - chunk_composer.go:299
2026/03/17 13:04:55.241616 [22;34mDEBUG[0m chunk:653,chunk-dur:25, timestamp:21534, od:569 - chunk_composer.go:299
2026/03/17 13:04:55.282307 [22;34mDEBUG[0m chunk:654,chunk-dur:41, timestamp:21567, od:570 - chunk_composer.go:299
2026/03/17 13:04:55.306231 [22;34mDEBUG[0m rd bitrate:0.000000 Mbps - server_session.go:136
2026/03/17 13:04:55.306268 [22;34mDEBUG[0m wr bitrate:7.089465 Mbps - server_session.go:137
2026/03/17 13:04:55.307228 [22;34mDEBUG[0m chunk:655,chunk-dur:25, timestamp:21600, od:571 - chunk_composer.go:299
2026/03/17 13:04:55.350234 [22;34mDEBUG[0m chunk:656,chunk-dur:43, timestamp:21634, od:572 - chunk_composer.go:299
2026/03/17 13:04:55.386714 [22;34mDEBUG[0m chunk:657,chunk-dur:36, timestamp:21667, od:573 - chunk_composer.go:299
2026/03/17 13:04:55.409351 [22;34mDEBUG[0m chunk:658,chunk-dur:23, timestamp:21700, od:574 - chunk_composer.go:299
2026/03/17 13:04:55.440431 [22;34mDEBUG[0m chunk:659,chunk-dur:31, timestamp:21734, od:575 - chunk_composer.go:299
2026/03/17 13:04:55.500788 [22;34mDEBUG[0m chunk:660,chunk-dur:60, timestamp:21767, od:576 - chunk_composer.go:299
2026/03/17 13:04:55.519020 [22;34mDEBUG[0m chunk:661,chunk-dur:19, timestamp:21800, od:577 - chunk_composer.go:299
2026/03/17 13:04:55.543651 [22;34mDEBUG[0m chunk:662,chunk-dur:24, timestamp:21834, od:578 - chunk_composer.go:299
2026/03/17 13:04:55.575035 [22;34mDEBUG[0m chunk:663,chunk-dur:32, timestamp:21867, od:579 - chunk_composer.go:299
2026/03/17 13:04:55.608196 [22;34mDEBUG[0m chunk:664,chunk-dur:33, timestamp:21900, od:580 - chunk_composer.go:299
2026/03/17 13:04:55.640398 [22;34mDEBUG[0m chunk:665,chunk-dur:32, timestamp:21934, od:581 - chunk_composer.go:299
2026/03/17 13:04:55.675675 [22;34mDEBUG[0m chunk:666,chunk-dur:35, timestamp:21967, od:582 - chunk_composer.go:299
2026/03/17 13:04:55.693462 [22;34mDEBUG[0m rd bitrate:0.000000 Mbps - server_session.go:136
2026/03/17 13:04:55.693590 [22;34mDEBUG[0m wr bitrate:0.000000 Mbps - server_session.go:137
2026/03/17 13:04:55.701065 [22;34mDEBUG[0m rd bitrate:6.632788 Mbps - server_session.go:136
2026/03/17 13:04:55.701107 [22;34mDEBUG[0m wr bitrate:0.000000 Mbps - server_session.go:137
2026/03/17 13:04:55.751527 [22;34mDEBUG[0m chunk:667,chunk-dur:75, timestamp:22000, od:583 - chunk_composer.go:299
2026/03/17 13:04:55.777702 [22;34mDEBUG[0m chunk:668,chunk-dur:27, timestamp:22034, od:584 - chunk_composer.go:299
2026/03/17 13:04:55.778196 [22;34mDEBUG[0m chunk:669,chunk-dur:1, timestamp:22067, od:584 - chunk_composer.go:299
2026/03/17 13:04:55.807209 [22;34mDEBUG[0m chunk:670,chunk-dur:29, timestamp:22100, od:585 - chunk_composer.go:299
2026/03/17 13:04:55.840349 [22;34mDEBUG[0m chunk:671,chunk-dur:33, timestamp:22134, od:586 - chunk_composer.go:299
2026/03/17 13:04:55.881789 [22;34mDEBUG[0m chunk:672,chunk-dur:41, timestamp:22167, od:587 - chunk_composer.go:299
2026/03/17 13:04:55.910829 [22;34mDEBUG[0m chunk:673,chunk-dur:29, timestamp:22200, od:588 - chunk_composer.go:299
2026/03/17 13:04:55.943858 [22;34mDEBUG[0m chunk:674,chunk-dur:33, timestamp:22234, od:589 - chunk_composer.go:299
2026/03/17 13:04:55.975430 [22;34mDEBUG[0m chunk:675,chunk-dur:32, timestamp:22267, od:590 - chunk_composer.go:299
2026/03/17 13:04:56.011082 [22;34mDEBUG[0m chunk:676,chunk-dur:36, timestamp:22300, od:591 - chunk_composer.go:299
2026/03/17 13:04:56.040483 [22;34mDEBUG[0m chunk:677,chunk-dur:29, timestamp:22334, od:592 - chunk_composer.go:299
2026/03/17 13:04:56.075782 [22;34mDEBUG[0m chunk:678,chunk-dur:35, timestamp:22367, od:593 - chunk_composer.go:299
2026/03/17 13:04:56.107733 [22;34mDEBUG[0m chunk:679,chunk-dur:32, timestamp:22400, od:594 - chunk_composer.go:299
2026/03/17 13:04:56.175183 [22;34mDEBUG[0m chunk:680,chunk-dur:68, timestamp:22434, od:595 - chunk_composer.go:299
2026/03/17 13:04:56.179951 [22;34mDEBUG[0m chunk:681,chunk-dur:4, timestamp:22467, od:595 - chunk_composer.go:299
2026/03/17 13:04:56.207865 [22;34mDEBUG[0m chunk:682,chunk-dur:28, timestamp:22500, od:596 - chunk_composer.go:299
2026/03/17 13:04:56.241239 [22;34mDEBUG[0m chunk:683,chunk-dur:34, timestamp:22534, od:597 - chunk_composer.go:299
2026/03/17 13:04:56.282941 [22;34mDEBUG[0m chunk:684,chunk-dur:41, timestamp:22567, od:598 - chunk_composer.go:299
2026/03/17 13:04:56.306781 [22;34mDEBUG[0m rd bitrate:0.000000 Mbps - server_session.go:136
2026/03/17 13:04:56.306813 [22;34mDEBUG[0m wr bitrate:8.736664 Mbps - server_session.go:137
2026/03/17 13:04:56.307823 [22;34mDEBUG[0m chunk:685,chunk-dur:25, timestamp:22600, od:599 - chunk_composer.go:299
2026/03/17 13:04:56.342260 [22;34mDEBUG[0m chunk:686,chunk-dur:35, timestamp:22634, od:600 - chunk_composer.go:299
2026/03/17 13:04:56.374057 [22;34mDEBUG[0m chunk:687,chunk-dur:32, timestamp:22667, od:601 - chunk_composer.go:299
2026/03/17 13:04:56.420218 [22;34mDEBUG[0m chunk:688,chunk-dur:46, timestamp:22700, od:602 - chunk_composer.go:299
2026/03/17 13:04:56.445796 [22;34mDEBUG[0m chunk:689,chunk-dur:25, timestamp:22734, od:603 - chunk_composer.go:299
2026/03/17 13:04:56.474432 [22;34mDEBUG[0m chunk:690,chunk-dur:29, timestamp:22767, od:604 - chunk_composer.go:299
2026/03/17 13:04:56.509828 [22;34mDEBUG[0m chunk:691,chunk-dur:35, timestamp:22800, od:605 - chunk_composer.go:299
2026/03/17 13:04:56.546820 [22;34mDEBUG[0m chunk:692,chunk-dur:37, timestamp:22834, od:606 - chunk_composer.go:299
2026/03/17 13:04:56.576850 [22;34mDEBUG[0m chunk:693,chunk-dur:30, timestamp:22867, od:607 - chunk_composer.go:299
2026/03/17 13:04:56.606825 [22;34mDEBUG[0m chunk:694,chunk-dur:30, timestamp:22900, od:608 - chunk_composer.go:299
2026/03/17 13:04:56.644451 [22;34mDEBUG[0m chunk:695,chunk-dur:38, timestamp:22934, od:609 - chunk_composer.go:299
2026/03/17 13:04:56.694483 [22;34mDEBUG[0m rd bitrate:0.000000 Mbps - server_session.go:136
2026/03/17 13:04:56.694629 [22;34mDEBUG[0m wr bitrate:0.000000 Mbps - server_session.go:137
2026/03/17 13:04:56.701220 [22;34mDEBUG[0m rd bitrate:9.210858 Mbps - server_session.go:136
2026/03/17 13:04:56.701255 [22;34mDEBUG[0m wr bitrate:0.000000 Mbps - server_session.go:137
2026/03/17 13:04:56.701579 [22;34mDEBUG[0m chunk:696,chunk-dur:57, timestamp:22967, od:610 - chunk_composer.go:299
2026/03/17 13:04:56.721082 [22;34mDEBUG[0m chunk:697,chunk-dur:20, timestamp:23000, od:611 - chunk_composer.go:299
2026/03/17 13:04:56.740436 [22;34mDEBUG[0m chunk:698,chunk-dur:19, timestamp:23034, od:612 - chunk_composer.go:299
2026/03/17 13:04:56.776474 [22;34mDEBUG[0m chunk:699,chunk-dur:36, timestamp:23067, od:613 - chunk_composer.go:299
2026/03/17 13:04:56.837672 [22;34mDEBUG[0m chunk:700,chunk-dur:61, timestamp:23100, od:614 - chunk_composer.go:299
2026/03/17 13:04:56.843211 [22;34mDEBUG[0m chunk:701,chunk-dur:6, timestamp:23134, od:614 - chunk_composer.go:299
2026/03/17 13:04:56.874041 [22;34mDEBUG[0m chunk:702,chunk-dur:31, timestamp:23167, od:615 - chunk_composer.go:299
2026/03/17 13:04:56.907224 [22;34mDEBUG[0m chunk:703,chunk-dur:33, timestamp:23200, od:616 - chunk_composer.go:299
2026/03/17 13:04:56.949766 [22;34mDEBUG[0m chunk:704,chunk-dur:42, timestamp:23234, od:617 - chunk_composer.go:299
2026/03/17 13:04:56.975791 [22;34mDEBUG[0m chunk:705,chunk-dur:26, timestamp:23267, od:618 - chunk_composer.go:299
2026/03/17 13:04:57.007458 [22;34mDEBUG[0m chunk:706,chunk-dur:32, timestamp:23300, od:619 - chunk_composer.go:299
2026/03/17 13:04:57.049053 [22;34mDEBUG[0m chunk:707,chunk-dur:42, timestamp:23334, od:620 - chunk_composer.go:299
2026/03/17 13:04:57.089686 [22;34mDEBUG[0m chunk:708,chunk-dur:40, timestamp:23367, od:621 - chunk_composer.go:299
2026/03/17 13:04:57.114280 [22;34mDEBUG[0m chunk:709,chunk-dur:25, timestamp:23400, od:622 - chunk_composer.go:299
2026/03/17 13:04:57.158821 [22;34mDEBUG[0m chunk:710,chunk-dur:44, timestamp:23434, od:623 - chunk_composer.go:299
2026/03/17 13:04:57.179742 [22;34mDEBUG[0m chunk:711,chunk-dur:21, timestamp:23467, od:624 - chunk_composer.go:299
2026/03/17 13:04:57.213108 [22;34mDEBUG[0m chunk:712,chunk-dur:34, timestamp:23500, od:625 - chunk_composer.go:299
2026/03/17 13:04:57.257838 [22;34mDEBUG[0m chunk:713,chunk-dur:44, timestamp:23534, od:626 - chunk_composer.go:299
2026/03/17 13:04:57.276885 [22;34mDEBUG[0m chunk:714,chunk-dur:19, timestamp:23567, od:627 - chunk_composer.go:299
2026/03/17 13:04:57.306833 [22;34mDEBUG[0m rd bitrate:0.000000 Mbps - server_session.go:136
2026/03/17 13:04:57.306883 [22;34mDEBUG[0m wr bitrate:7.689334 Mbps - server_session.go:137
2026/03/17 13:04:57.307451 [22;34mDEBUG[0m chunk:715,chunk-dur:31, timestamp:23600, od:628 - chunk_composer.go:299
2026/03/17 13:04:57.347831 [22;34mDEBUG[0m chunk:716,chunk-dur:40, timestamp:23634, od:629 - chunk_composer.go:299
2026/03/17 13:04:57.380844 [22;34mDEBUG[0m chunk:717,chunk-dur:33, timestamp:23667, od:630 - chunk_composer.go:299
2026/03/17 13:04:57.408002 [22;34mDEBUG[0m chunk:718,chunk-dur:27, timestamp:23700, od:631 - chunk_composer.go:299
2026/03/17 13:04:57.441451 [22;34mDEBUG[0m chunk:719,chunk-dur:34, timestamp:23734, od:632 - chunk_composer.go:299
2026/03/17 13:04:57.486921 [22;34mDEBUG[0m chunk:720,chunk-dur:45, timestamp:23767, od:633 - chunk_composer.go:299
2026/03/17 13:04:57.507302 [22;34mDEBUG[0m chunk:721,chunk-dur:21, timestamp:23800, od:634 - chunk_composer.go:299
2026/03/17 13:04:57.548314 [22;34mDEBUG[0m chunk:722,chunk-dur:41, timestamp:23834, od:635 - chunk_composer.go:299
2026/03/17 13:04:57.575389 [22;34mDEBUG[0m chunk:723,chunk-dur:27, timestamp:23867, od:636 - chunk_composer.go:299
2026/03/17 13:04:57.623853 [22;34mDEBUG[0m chunk:724,chunk-dur:48, timestamp:23900, od:637 - chunk_composer.go:299
2026/03/17 13:04:57.644788 [22;34mDEBUG[0m chunk:725,chunk-dur:21, timestamp:23934, od:638 - chunk_composer.go:299
2026/03/17 13:04:57.677465 [22;34mDEBUG[0m chunk:726,chunk-dur:33, timestamp:23967, od:639 - chunk_composer.go:299
2026/03/17 13:04:57.694869 [22;34mDEBUG[0m rd bitrate:0.000000 Mbps - server_session.go:136
2026/03/17 13:04:57.694905 [22;34mDEBUG[0m wr bitrate:0.000000 Mbps - server_session.go:137
2026/03/17 13:04:57.702308 [22;34mDEBUG[0m rd bitrate:7.680272 Mbps - server_session.go:136
2026/03/17 13:04:57.702363 [22;34mDEBUG[0m wr bitrate:0.000000 Mbps - server_session.go:137
2026/03/17 13:04:57.735123 [22;34mDEBUG[0m chunk:727,chunk-dur:58, timestamp:24000, od:640 - chunk_composer.go:299
2026/03/17 13:04:57.748046 [22;34mDEBUG[0m chunk:728,chunk-dur:13, timestamp:24034, od:640 - chunk_composer.go:299
2026/03/17 13:04:57.777293 [22;34mDEBUG[0m chunk:729,chunk-dur:29, timestamp:24067, od:641 - chunk_composer.go:299
2026/03/17 13:04:57.807291 [22;34mDEBUG[0m chunk:730,chunk-dur:30, timestamp:24100, od:642 - chunk_composer.go:299
2026/03/17 13:04:57.843388 [22;34mDEBUG[0m chunk:731,chunk-dur:36, timestamp:24134, od:643 - chunk_composer.go:299
2026/03/17 13:04:57.901395 [22;34mDEBUG[0m chunk:732,chunk-dur:58, timestamp:24167, od:644 - chunk_composer.go:299
2026/03/17 13:04:57.920664 [22;34mDEBUG[0m chunk:733,chunk-dur:19, timestamp:24200, od:645 - chunk_composer.go:299
2026/03/17 13:04:57.946404 [22;34mDEBUG[0m chunk:734,chunk-dur:26, timestamp:24234, od:646 - chunk_composer.go:299
2026/03/17 13:04:57.975642 [22;34mDEBUG[0m chunk:735,chunk-dur:29, timestamp:24267, od:647 - chunk_composer.go:299
2026/03/17 13:04:58.020674 [22;34mDEBUG[0m chunk:736,chunk-dur:45, timestamp:24300, od:648 - chunk_composer.go:299
2026/03/17 13:04:58.055136 [22;34mDEBUG[0m chunk:737,chunk-dur:35, timestamp:24334, od:649 - chunk_composer.go:299
2026/03/17 13:04:58.080821 [22;34mDEBUG[0m chunk:738,chunk-dur:25, timestamp:24367, od:650 - chunk_composer.go:299
2026/03/17 13:04:58.109605 [22;34mDEBUG[0m chunk:739,chunk-dur:29, timestamp:24400, od:651 - chunk_composer.go:299
2026/03/17 13:04:58.154011 [22;34mDEBUG[0m chunk:740,chunk-dur:45, timestamp:24434, od:652 - chunk_composer.go:299
2026/03/17 13:04:58.180338 [22;34mDEBUG[0m chunk:741,chunk-dur:26, timestamp:24467, od:653 - chunk_composer.go:299
2026/03/17 13:04:58.207925 [22;34mDEBUG[0m chunk:742,chunk-dur:27, timestamp:24500, od:654 - chunk_composer.go:299
2026/03/17 13:04:58.250361 [22;34mDEBUG[0m chunk:743,chunk-dur:43, timestamp:24534, od:655 - chunk_composer.go:299
2026/03/17 13:04:58.336593 [22;34mDEBUG[0m rd bitrate:0.000000 Mbps - server_session.go:136
2026/03/17 13:04:58.336645 [22;34mDEBUG[0m wr bitrate:9.078863 Mbps - server_session.go:137
2026/03/17 13:04:58.338029 [22;34mDEBUG[0m chunk:744,chunk-dur:88, timestamp:24567, od:656 - chunk_composer.go:299
2026/03/17 13:04:58.342807 [22;34mDEBUG[0m chunk:745,chunk-dur:4, timestamp:24600, od:656 - chunk_composer.go:299
2026/03/17 13:04:58.349678 [22;34mDEBUG[0m chunk:746,chunk-dur:7, timestamp:24634, od:656 - chunk_composer.go:299
2026/03/17 13:04:58.381474 [22;34mDEBUG[0m chunk:747,chunk-dur:32, timestamp:24667, od:657 - chunk_composer.go:299
2026/03/17 13:04:58.432699 [22;34mDEBUG[0m chunk:748,chunk-dur:51, timestamp:24700, od:658 - chunk_composer.go:299
2026/03/17 13:04:58.446190 [22;34mDEBUG[0m chunk:749,chunk-dur:14, timestamp:24734, od:658 - chunk_composer.go:299
2026/03/17 13:04:58.480601 [22;34mDEBUG[0m chunk:750,chunk-dur:34, timestamp:24767, od:659 - chunk_composer.go:299
2026/03/17 13:04:58.508706 [22;34mDEBUG[0m chunk:751,chunk-dur:28, timestamp:24800, od:660 - chunk_composer.go:299
2026/03/17 13:04:58.553280 [22;34mDEBUG[0m chunk:752,chunk-dur:45, timestamp:24834, od:661 - chunk_composer.go:299
2026/03/17 13:04:58.579266 [22;34mDEBUG[0m chunk:753,chunk-dur:26, timestamp:24867, od:662 - chunk_composer.go:299
2026/03/17 13:04:58.613051 [22;34mDEBUG[0m chunk:754,chunk-dur:34, timestamp:24900, od:663 - chunk_composer.go:299
2026/03/17 13:04:58.646754 [22;34mDEBUG[0m chunk:755,chunk-dur:33, timestamp:24934, od:664 - chunk_composer.go:299
2026/03/17 13:04:58.687019 [22;34mDEBUG[0m chunk:756,chunk-dur:41, timestamp:24967, od:665 - chunk_composer.go:299
2026/03/17 13:04:58.697174 [22;34mDEBUG[0m rd bitrate:0.000000 Mbps - server_session.go:136
2026/03/17 13:04:58.697217 [22;34mDEBUG[0m wr bitrate:0.000000 Mbps - server_session.go:137
2026/03/17 13:04:58.702467 [22;34mDEBUG[0m rd bitrate:10.491963 Mbps - server_session.go:136
2026/03/17 13:04:58.702552 [22;34mDEBUG[0m wr bitrate:0.000000 Mbps - server_session.go:137
2026/03/17 13:04:58.717029 [22;34mDEBUG[0m chunk:757,chunk-dur:30, timestamp:25000, od:666 - chunk_composer.go:299
2026/03/17 13:04:58.770749 [22;34mDEBUG[0m chunk:758,chunk-dur:53, timestamp:25034, od:667 - chunk_composer.go:299
2026/03/17 13:04:58.790264 [22;34mDEBUG[0m chunk:759,chunk-dur:20, timestamp:25067, od:668 - chunk_composer.go:299
2026/03/17 13:04:58.849778 [22;34mDEBUG[0m chunk:760,chunk-dur:59, timestamp:25100, od:669 - chunk_composer.go:299
2026/03/17 13:04:58.859960 [22;34mDEBUG[0m chunk:761,chunk-dur:10, timestamp:25134, od:669 - chunk_composer.go:299
2026/03/17 13:04:58.878027 [22;34mDEBUG[0m chunk:762,chunk-dur:19, timestamp:25167, od:670 - chunk_composer.go:299
2026/03/17 13:04:58.914821 [22;34mDEBUG[0m chunk:763,chunk-dur:36, timestamp:25200, od:671 - chunk_composer.go:299
2026/03/17 13:04:58.946077 [22;34mDEBUG[0m chunk:764,chunk-dur:32, timestamp:25234, od:672 - chunk_composer.go:299
2026/03/17 13:04:58.987905 [22;34mDEBUG[0m chunk:765,chunk-dur:41, timestamp:25267, od:673 - chunk_composer.go:299
2026/03/17 13:04:59.049741 [22;34mDEBUG[0m chunk:766,chunk-dur:62, timestamp:25300, od:674 - chunk_composer.go:299
2026/03/17 13:04:59.056641 [22;34mDEBUG[0m chunk:767,chunk-dur:7, timestamp:25334, od:674 - chunk_composer.go:299
2026/03/17 13:04:59.107036 [22;34mDEBUG[0m chunk:768,chunk-dur:51, timestamp:25367, od:675 - chunk_composer.go:299
2026/03/17 13:04:59.114605 [22;34mDEBUG[0m chunk:769,chunk-dur:7, timestamp:25400, od:675 - chunk_composer.go:299
2026/03/17 13:04:59.148948 [22;34mDEBUG[0m chunk:770,chunk-dur:34, timestamp:25434, od:676 - chunk_composer.go:299
2026/03/17 13:04:59.177078 [22;34mDEBUG[0m chunk:771,chunk-dur:29, timestamp:25467, od:677 - chunk_composer.go:299
2026/03/17 13:04:59.217554 [22;34mDEBUG[0m chunk:772,chunk-dur:40, timestamp:25500, od:678 - chunk_composer.go:299
2026/03/17 13:04:59.243077 [22;34mDEBUG[0m chunk:773,chunk-dur:26, timestamp:25534, od:679 - chunk_composer.go:299
2026/03/17 13:04:59.281914 [22;34mDEBUG[0m chunk:774,chunk-dur:38, timestamp:25567, od:680 - chunk_composer.go:299
2026/03/17 13:04:59.317094 [22;34mDEBUG[0m chunk:775,chunk-dur:36, timestamp:25600, od:681 - chunk_composer.go:299
2026/03/17 13:04:59.337372 [22;34mDEBUG[0m rd bitrate:0.000000 Mbps - server_session.go:136
2026/03/17 13:04:59.337441 [22;34mDEBUG[0m wr bitrate:9.725925 Mbps - server_session.go:137
2026/03/17 13:04:59.356472 [22;34mDEBUG[0m chunk:776,chunk-dur:39, timestamp:25634, od:682 - chunk_composer.go:299
2026/03/17 13:04:59.419747 [22;34mDEBUG[0m chunk:777,chunk-dur:63, timestamp:25667, od:683 - chunk_composer.go:299
2026/03/17 13:04:59.421238 [22;34mDEBUG[0m chunk:778,chunk-dur:2, timestamp:25700, od:683 - chunk_composer.go:299
2026/03/17 13:04:59.456913 [22;34mDEBUG[0m chunk:779,chunk-dur:35, timestamp:25734, od:684 - chunk_composer.go:299
2026/03/17 13:04:59.496147 [22;34mDEBUG[0m chunk:780,chunk-dur:40, timestamp:25767, od:685 - chunk_composer.go:299
2026/03/17 13:04:59.509569 [22;34mDEBUG[0m chunk:781,chunk-dur:13, timestamp:25800, od:685 - chunk_composer.go:299
2026/03/17 13:04:59.550341 [22;34mDEBUG[0m chunk:782,chunk-dur:41, timestamp:25834, od:686 - chunk_composer.go:299
2026/03/17 13:04:59.574372 [22;34mDEBUG[0m chunk:783,chunk-dur:24, timestamp:25867, od:687 - chunk_composer.go:299
2026/03/17 13:04:59.616012 [22;34mDEBUG[0m chunk:784,chunk-dur:42, timestamp:25900, od:688 - chunk_composer.go:299
2026/03/17 13:04:59.640989 [22;34mDEBUG[0m chunk:785,chunk-dur:24, timestamp:25934, od:689 - chunk_composer.go:299
2026/03/17 13:04:59.677316 [22;34mDEBUG[0m chunk:786,chunk-dur:37, timestamp:25967, od:690 - chunk_composer.go:299
2026/03/17 13:04:59.698322 [22;34mDEBUG[0m rd bitrate:0.000000 Mbps - server_session.go:136
2026/03/17 13:04:59.698391 [22;34mDEBUG[0m wr bitrate:0.000000 Mbps - server_session.go:137
2026/03/17 13:04:59.703151 [22;34mDEBUG[0m rd bitrate:8.422999 Mbps - server_session.go:136
2026/03/17 13:04:59.703192 [22;34mDEBUG[0m wr bitrate:0.000000 Mbps - server_session.go:137
2026/03/17 13:04:59.731862 [22;34mDEBUG[0m chunk:787,chunk-dur:54, timestamp:26000, od:691 - chunk_composer.go:299
2026/03/17 13:04:59.779375 [22;34mDEBUG[0m chunk:788,chunk-dur:48, timestamp:26034, od:692 - chunk_composer.go:299
2026/03/17 13:04:59.783794 [22;34mDEBUG[0m chunk:789,chunk-dur:4, timestamp:26067, od:692 - chunk_composer.go:299
2026/03/17 13:04:59.807078 [22;34mDEBUG[0m chunk:790,chunk-dur:24, timestamp:26100, od:693 - chunk_composer.go:299
2026/03/17 13:04:59.842751 [22;34mDEBUG[0m chunk:791,chunk-dur:35, timestamp:26134, od:694 - chunk_composer.go:299
2026/03/17 13:04:59.887257 [22;34mDEBUG[0m chunk:792,chunk-dur:45, timestamp:26167, od:695 - chunk_composer.go:299
2026/03/17 13:04:59.916428 [22;34mDEBUG[0m chunk:793,chunk-dur:29, timestamp:26200, od:696 - chunk_composer.go:299
2026/03/17 13:04:59.945767 [22;34mDEBUG[0m chunk:794,chunk-dur:29, timestamp:26234, od:697 - chunk_composer.go:299
2026/03/17 13:04:59.978812 [22;34mDEBUG[0m chunk:795,chunk-dur:33, timestamp:26267, od:698 - chunk_composer.go:299
2026/03/17 13:05:00.007970 [22;34mDEBUG[0m chunk:796,chunk-dur:29, timestamp:26300, od:699 - chunk_composer.go:299
2026/03/17 13:05:00.050283 [22;34mDEBUG[0m chunk:797,chunk-dur:43, timestamp:26334, od:700 - chunk_composer.go:299
2026/03/17 13:05:00.088953 [22;34mDEBUG[0m chunk:798,chunk-dur:38, timestamp:26367, od:701 - chunk_composer.go:299
2026/03/17 13:05:00.118374 [22;34mDEBUG[0m chunk:799,chunk-dur:30, timestamp:26400, od:702 - chunk_composer.go:299
2026/03/17 13:05:00.149542 [22;34mDEBUG[0m chunk:800,chunk-dur:31, timestamp:26434, od:703 - chunk_composer.go:299
2026/03/17 13:05:00.181588 [22;34mDEBUG[0m chunk:801,chunk-dur:32, timestamp:26467, od:704 - chunk_composer.go:299
2026/03/17 13:05:00.218321 [22;34mDEBUG[0m chunk:802,chunk-dur:37, timestamp:26500, od:705 - chunk_composer.go:299
2026/03/17 13:05:00.254337 [22;34mDEBUG[0m chunk:803,chunk-dur:36, timestamp:26534, od:706 - chunk_composer.go:299
2026/03/17 13:05:00.280853 [22;34mDEBUG[0m chunk:804,chunk-dur:26, timestamp:26567, od:707 - chunk_composer.go:299
2026/03/17 13:05:00.311684 [22;34mDEBUG[0m chunk:805,chunk-dur:31, timestamp:26600, od:708 - chunk_composer.go:299
2026/03/17 13:05:00.337644 [22;34mDEBUG[0m rd bitrate:0.000000 Mbps - server_session.go:136
2026/03/17 13:05:00.337676 [22;34mDEBUG[0m wr bitrate:10.590596 Mbps - server_session.go:137
2026/03/17 13:05:00.342752 [22;34mDEBUG[0m chunk:806,chunk-dur:31, timestamp:26634, od:709 - chunk_composer.go:299
2026/03/17 13:05:00.384041 [22;34mDEBUG[0m chunk:807,chunk-dur:42, timestamp:26667, od:710 - chunk_composer.go:299
2026/03/17 13:05:00.410945 [22;34mDEBUG[0m chunk:808,chunk-dur:26, timestamp:26700, od:711 - chunk_composer.go:299
2026/03/17 13:05:00.441428 [22;34mDEBUG[0m chunk:809,chunk-dur:31, timestamp:26734, od:712 - chunk_composer.go:299
2026/03/17 13:05:00.474452 [22;34mDEBUG[0m chunk:810,chunk-dur:33, timestamp:26767, od:713 - chunk_composer.go:299
2026/03/17 13:05:00.540049 [22;34mDEBUG[0m chunk:811,chunk-dur:66, timestamp:26800, od:714 - chunk_composer.go:299
2026/03/17 13:05:00.578845 [22;34mDEBUG[0m chunk:812,chunk-dur:38, timestamp:26834, od:715 - chunk_composer.go:299
2026/03/17 13:05:00.586599 [22;34mDEBUG[0m chunk:813,chunk-dur:8, timestamp:26867, od:715 - chunk_composer.go:299
2026/03/17 13:05:00.610565 [22;34mDEBUG[0m chunk:814,chunk-dur:24, timestamp:26900, od:716 - chunk_composer.go:299
2026/03/17 13:05:00.651271 [22;34mDEBUG[0m chunk:815,chunk-dur:41, timestamp:26934, od:717 - chunk_composer.go:299
2026/03/17 13:05:00.677774 [22;34mDEBUG[0m chunk:816,chunk-dur:26, timestamp:26967, od:718 - chunk_composer.go:299
2026/03/17 13:05:00.699217 [22;34mDEBUG[0m rd bitrate:0.000000 Mbps - server_session.go:136
2026/03/17 13:05:00.699275 [22;34mDEBUG[0m wr bitrate:0.000000 Mbps - server_session.go:137
2026/03/17 13:05:00.703958 [22;34mDEBUG[0m rd bitrate:11.352779 Mbps - server_session.go:136
2026/03/17 13:05:00.704020 [22;34mDEBUG[0m wr bitrate:0.000000 Mbps - server_session.go:137
2026/03/17 13:05:00.707954 [22;34mDEBUG[0m chunk:817,chunk-dur:30, timestamp:27000, od:719 - chunk_composer.go:299
2026/03/17 13:05:00.748464 [22;34mDEBUG[0m chunk:818,chunk-dur:41, timestamp:27034, od:720 - chunk_composer.go:299
2026/03/17 13:05:00.798041 [22;34mDEBUG[0m chunk:819,chunk-dur:50, timestamp:27067, od:721 - chunk_composer.go:299
2026/03/17 13:05:00.817919 [22;34mDEBUG[0m chunk:820,chunk-dur:19, timestamp:27100, od:722 - chunk_composer.go:299
2026/03/17 13:05:00.847944 [22;34mDEBUG[0m chunk:821,chunk-dur:30, timestamp:27134, od:723 - chunk_composer.go:299
2026/03/17 13:05:00.874654 [22;34mDEBUG[0m chunk:822,chunk-dur:27, timestamp:27167, od:724 - chunk_composer.go:299
2026/03/17 13:05:00.920687 [22;34mDEBUG[0m chunk:823,chunk-dur:46, timestamp:27200, od:725 - chunk_composer.go:299
2026/03/17 13:05:00.941932 [22;34mDEBUG[0m chunk:824,chunk-dur:21, timestamp:27234, od:726 - chunk_composer.go:299
2026/03/17 13:05:00.973436 [22;34mDEBUG[0m chunk:825,chunk-dur:32, timestamp:27267, od:727 - chunk_composer.go:299
2026/03/17 13:05:01.007796 [22;34mDEBUG[0m chunk:826,chunk-dur:34, timestamp:27300, od:728 - chunk_composer.go:299
2026/03/17 13:05:01.052383 [22;34mDEBUG[0m chunk:827,chunk-dur:45, timestamp:27334, od:729 - chunk_composer.go:299
2026/03/17 13:05:01.075394 [22;34mDEBUG[0m chunk:828,chunk-dur:23, timestamp:27367, od:730 - chunk_composer.go:299
2026/03/17 13:05:01.127567 [22;34mDEBUG[0m chunk:829,chunk-dur:52, timestamp:27400, od:731 - chunk_composer.go:299
2026/03/17 13:05:01.148077 [22;34mDEBUG[0m chunk:830,chunk-dur:21, timestamp:27434, od:732 - chunk_composer.go:299
2026/03/17 13:05:01.178525 [22;34mDEBUG[0m chunk:831,chunk-dur:30, timestamp:27467, od:733 - chunk_composer.go:299
2026/03/17 13:05:01.207652 [22;34mDEBUG[0m chunk:832,chunk-dur:29, timestamp:27500, od:734 - chunk_composer.go:299
2026/03/17 13:05:01.251641 [22;34mDEBUG[0m chunk:833,chunk-dur:44, timestamp:27534, od:735 - chunk_composer.go:299
2026/03/17 13:05:01.286179 [22;34mDEBUG[0m chunk:834,chunk-dur:35, timestamp:27567, od:736 - chunk_composer.go:299
2026/03/17 13:05:01.322227 [22;34mDEBUG[0m chunk:835,chunk-dur:36, timestamp:27600, od:737 - chunk_composer.go:299
2026/03/17 13:05:01.338318 [22;36m INFO[0m mean read bitrate:0.000042 Mbps - server_session.go:143
2026/03/17 13:05:01.338480 [22;36m INFO[0m mean write bitrate:4.462809 Mbps - server_session.go:144
2026/03/17 13:05:01.339688 [22;34mDEBUG[0m rd bitrate:0.000000 Mbps - server_session.go:136
2026/03/17 13:05:01.339696 [22;34mDEBUG[0m wr bitrate:10.137844 Mbps - server_session.go:137
2026/03/17 13:05:01.346029 [22;34mDEBUG[0m chunk:836,chunk-dur:24, timestamp:27634, od:738 - chunk_composer.go:299
2026/03/17 13:05:01.374471 [22;34mDEBUG[0m chunk:837,chunk-dur:28, timestamp:27667, od:739 - chunk_composer.go:299
2026/03/17 13:05:01.406440 [22;34mDEBUG[0m chunk:838,chunk-dur:32, timestamp:27700, od:740 - chunk_composer.go:299
2026/03/17 13:05:01.445593 [22;34mDEBUG[0m chunk:839,chunk-dur:39, timestamp:27734, od:741 - chunk_composer.go:299
2026/03/17 13:05:01.474594 [22;34mDEBUG[0m chunk:840,chunk-dur:29, timestamp:27767, od:742 - chunk_composer.go:299
2026/03/17 13:05:01.506968 [22;34mDEBUG[0m chunk:841,chunk-dur:32, timestamp:27800, od:743 - chunk_composer.go:299
2026/03/17 13:05:01.545884 [22;34mDEBUG[0m chunk:842,chunk-dur:39, timestamp:27834, od:744 - chunk_composer.go:299
2026/03/17 13:05:01.580135 [22;34mDEBUG[0m chunk:843,chunk-dur:35, timestamp:27867, od:745 - chunk_composer.go:299
2026/03/17 13:05:01.610111 [22;34mDEBUG[0m chunk:844,chunk-dur:30, timestamp:27900, od:746 - chunk_composer.go:299
2026/03/17 13:05:01.642408 [22;34mDEBUG[0m chunk:845,chunk-dur:32, timestamp:27934, od:747 - chunk_composer.go:299
2026/03/17 13:05:01.699797 [22;34mDEBUG[0m rd bitrate:0.000000 Mbps - server_session.go:136
2026/03/17 13:05:01.700038 [22;34mDEBUG[0m wr bitrate:0.000000 Mbps - server_session.go:137
2026/03/17 13:05:01.701254 [22;34mDEBUG[0m chunk:846,chunk-dur:59, timestamp:27967, od:748 - chunk_composer.go:299
2026/03/17 13:05:01.731593 [22;34mDEBUG[0m rd bitrate:8.222942 Mbps - server_session.go:136
2026/03/17 13:05:01.731619 [22;34mDEBUG[0m wr bitrate:0.000000 Mbps - server_session.go:137
2026/03/17 13:05:01.786038 [22;34mDEBUG[0m chunk:847,chunk-dur:85, timestamp:28000, od:749 - chunk_composer.go:299
2026/03/17 13:05:01.844995 [22;34mDEBUG[0m chunk:848,chunk-dur:58, timestamp:28034, od:750 - chunk_composer.go:299
2026/03/17 13:05:01.873770 [22;34mDEBUG[0m chunk:849,chunk-dur:29, timestamp:28067, od:751 - chunk_composer.go:299
2026/03/17 13:05:01.882586 [22;34mDEBUG[0m chunk:850,chunk-dur:9, timestamp:28100, od:751 - chunk_composer.go:299
2026/03/17 13:05:01.884622 [22;34mDEBUG[0m chunk:851,chunk-dur:2, timestamp:28134, od:751 - chunk_composer.go:299
2026/03/17 13:05:01.918158 [22;34mDEBUG[0m chunk:852,chunk-dur:34, timestamp:28167, od:752 - chunk_composer.go:299
2026/03/17 13:05:01.939850 [22;34mDEBUG[0m chunk:853,chunk-dur:21, timestamp:28200, od:753 - chunk_composer.go:299
2026/03/17 13:05:01.946672 [22;34mDEBUG[0m chunk:854,chunk-dur:7, timestamp:28234, od:753 - chunk_composer.go:299
2026/03/17 13:05:01.977896 [22;34mDEBUG[0m chunk:855,chunk-dur:31, timestamp:28267, od:754 - chunk_composer.go:299
2026/03/17 13:05:02.019475 [22;34mDEBUG[0m chunk:856,chunk-dur:42, timestamp:28300, od:755 - chunk_composer.go:299
2026/03/17 13:05:02.041899 [22;34mDEBUG[0m chunk:857,chunk-dur:22, timestamp:28334, od:756 - chunk_composer.go:299
2026/03/17 13:05:02.074011 [22;34mDEBUG[0m chunk:858,chunk-dur:33, timestamp:28367, od:757 - chunk_composer.go:299
2026/03/17 13:05:02.106220 [22;34mDEBUG[0m chunk:859,chunk-dur:32, timestamp:28400, od:758 - chunk_composer.go:299
2026/03/17 13:05:02.146383 [22;34mDEBUG[0m chunk:860,chunk-dur:40, timestamp:28434, od:759 - chunk_composer.go:299
2026/03/17 13:05:02.180101 [22;34mDEBUG[0m chunk:861,chunk-dur:34, timestamp:28467, od:760 - chunk_composer.go:299
2026/03/17 13:05:02.207464 [22;34mDEBUG[0m chunk:862,chunk-dur:27, timestamp:28500, od:761 - chunk_composer.go:299
2026/03/17 13:05:02.242805 [22;34mDEBUG[0m chunk:863,chunk-dur:35, timestamp:28534, od:762 - chunk_composer.go:299
2026/03/17 13:05:02.276174 [22;34mDEBUG[0m chunk:864,chunk-dur:34, timestamp:28567, od:763 - chunk_composer.go:299
2026/03/17 13:05:02.309727 [22;34mDEBUG[0m chunk:865,chunk-dur:33, timestamp:28600, od:764 - chunk_composer.go:299
2026/03/17 13:05:02.339929 [22;34mDEBUG[0m rd bitrate:0.000000 Mbps - server_session.go:136
2026/03/17 13:05:02.339960 [22;34mDEBUG[0m wr bitrate:8.970904 Mbps - server_session.go:137
2026/03/17 13:05:02.342386 [22;34mDEBUG[0m chunk:866,chunk-dur:33, timestamp:28634, od:765 - chunk_composer.go:299
2026/03/17 13:05:02.375383 [22;34mDEBUG[0m chunk:867,chunk-dur:33, timestamp:28667, od:766 - chunk_composer.go:299
2026/03/17 13:05:02.441611 [22;34mDEBUG[0m chunk:868,chunk-dur:66, timestamp:28700, od:767 - chunk_composer.go:299
2026/03/17 13:05:02.458786 [22;34mDEBUG[0m chunk:869,chunk-dur:17, timestamp:28734, od:768 - chunk_composer.go:299
2026/03/17 13:05:02.475246 [22;34mDEBUG[0m chunk:870,chunk-dur:17, timestamp:28767, od:769 - chunk_composer.go:299
2026/03/17 13:05:02.510230 [22;34mDEBUG[0m chunk:871,chunk-dur:35, timestamp:28800, od:770 - chunk_composer.go:299
2026/03/17 13:05:02.550115 [22;34mDEBUG[0m chunk:872,chunk-dur:40, timestamp:28834, od:771 - chunk_composer.go:299
2026/03/17 13:05:02.576129 [22;34mDEBUG[0m chunk:873,chunk-dur:26, timestamp:28867, od:772 - chunk_composer.go:299
2026/03/17 13:05:02.614083 [22;34mDEBUG[0m chunk:874,chunk-dur:38, timestamp:28900, od:773 - chunk_composer.go:299
2026/03/17 13:05:02.642932 [22;34mDEBUG[0m chunk:875,chunk-dur:28, timestamp:28934, od:774 - chunk_composer.go:299
2026/03/17 13:05:02.678976 [22;34mDEBUG[0m chunk:876,chunk-dur:36, timestamp:28967, od:775 - chunk_composer.go:299
2026/03/17 13:05:02.700935 [22;34mDEBUG[0m rd bitrate:0.000000 Mbps - server_session.go:136
2026/03/17 13:05:02.701713 [22;34mDEBUG[0m wr bitrate:0.000000 Mbps - server_session.go:137
2026/03/17 13:05:02.708024 [22;34mDEBUG[0m chunk:877,chunk-dur:30, timestamp:29000, od:776 - chunk_composer.go:299
2026/03/17 13:05:02.732128 [22;34mDEBUG[0m rd bitrate:11.447152 Mbps - server_session.go:136
2026/03/17 13:05:02.732168 [22;34mDEBUG[0m wr bitrate:0.000000 Mbps - server_session.go:137
2026/03/17 13:05:02.742237 [22;34mDEBUG[0m chunk:878,chunk-dur:34, timestamp:29034, od:777 - chunk_composer.go:299
2026/03/17 13:05:02.778940 [22;34mDEBUG[0m chunk:879,chunk-dur:36, timestamp:29067, od:778 - chunk_composer.go:299
2026/03/17 13:05:02.809348 [22;34mDEBUG[0m chunk:880,chunk-dur:31, timestamp:29100, od:779 - chunk_composer.go:299
2026/03/17 13:05:02.842032 [22;34mDEBUG[0m chunk:881,chunk-dur:33, timestamp:29134, od:780 - chunk_composer.go:299
2026/03/17 13:05:02.874176 [22;34mDEBUG[0m chunk:882,chunk-dur:32, timestamp:29167, od:781 - chunk_composer.go:299
2026/03/17 13:05:02.912715 [22;34mDEBUG[0m chunk:883,chunk-dur:38, timestamp:29200, od:782 - chunk_composer.go:299
2026/03/17 13:05:02.943776 [22;34mDEBUG[0m chunk:884,chunk-dur:31, timestamp:29234, od:783 - chunk_composer.go:299
2026/03/17 13:05:02.975480 [22;34mDEBUG[0m chunk:885,chunk-dur:32, timestamp:29267, od:784 - chunk_composer.go:299
2026/03/17 13:05:03.007917 [22;34mDEBUG[0m chunk:886,chunk-dur:32, timestamp:29300, od:785 - chunk_composer.go:299
2026/03/17 13:05:03.047343 [22;34mDEBUG[0m chunk:887,chunk-dur:40, timestamp:29334, od:786 - chunk_composer.go:299
2026/03/17 13:05:03.076706 [22;34mDEBUG[0m chunk:888,chunk-dur:29, timestamp:29367, od:787 - chunk_composer.go:299
2026/03/17 13:05:03.106807 [22;34mDEBUG[0m chunk:889,chunk-dur:30, timestamp:29400, od:788 - chunk_composer.go:299
2026/03/17 13:05:03.145370 [22;34mDEBUG[0m chunk:890,chunk-dur:39, timestamp:29434, od:789 - chunk_composer.go:299
2026/03/17 13:05:03.187109 [22;34mDEBUG[0m chunk:891,chunk-dur:42, timestamp:29467, od:790 - chunk_composer.go:299
2026/03/17 13:05:03.207321 [22;34mDEBUG[0m chunk:892,chunk-dur:20, timestamp:29500, od:791 - chunk_composer.go:299
2026/03/17 13:05:03.248159 [22;34mDEBUG[0m chunk:893,chunk-dur:41, timestamp:29534, od:792 - chunk_composer.go:299
2026/03/17 13:05:03.277681 [22;34mDEBUG[0m chunk:894,chunk-dur:29, timestamp:29567, od:793 - chunk_composer.go:299
2026/03/17 13:05:03.308569 [22;34mDEBUG[0m chunk:895,chunk-dur:31, timestamp:29600, od:794 - chunk_composer.go:299
2026/03/17 13:05:03.340074 [22;34mDEBUG[0m rd bitrate:0.000000 Mbps - server_session.go:136
2026/03/17 13:05:03.340104 [22;34mDEBUG[0m wr bitrate:9.448288 Mbps - server_session.go:137
2026/03/17 13:05:03.349439 [22;34mDEBUG[0m chunk:896,chunk-dur:41, timestamp:29634, od:795 - chunk_composer.go:299
2026/03/17 13:05:03.381278 [22;34mDEBUG[0m chunk:897,chunk-dur:32, timestamp:29667, od:796 - chunk_composer.go:299
2026/03/17 13:05:03.406909 [22;34mDEBUG[0m chunk:898,chunk-dur:25, timestamp:29700, od:797 - chunk_composer.go:299
2026/03/17 13:05:03.446102 [22;34mDEBUG[0m chunk:899,chunk-dur:40, timestamp:29734, od:798 - chunk_composer.go:299
2026/03/17 13:05:03.478183 [22;34mDEBUG[0m chunk:900,chunk-dur:30, timestamp:29767, od:799 - chunk_composer.go:299
2026/03/17 13:05:03.509195 [22;34mDEBUG[0m chunk:901,chunk-dur:33, timestamp:29800, od:800 - chunk_composer.go:299
2026/03/17 13:05:03.541918 [22;34mDEBUG[0m chunk:902,chunk-dur:32, timestamp:29834, od:801 - chunk_composer.go:299
2026/03/17 13:05:03.578791 [22;34mDEBUG[0m chunk:903,chunk-dur:37, timestamp:29867, od:802 - chunk_composer.go:299
2026/03/17 13:05:03.606833 [22;34mDEBUG[0m chunk:904,chunk-dur:28, timestamp:29900, od:803 - chunk_composer.go:299
2026/03/17 13:05:03.644261 [22;34mDEBUG[0m chunk:905,chunk-dur:38, timestamp:29934, od:804 - chunk_composer.go:299
2026/03/17 13:05:03.674383 [22;34mDEBUG[0m chunk:906,chunk-dur:30, timestamp:29967, od:805 - chunk_composer.go:299
2026/03/17 13:05:03.702141 [22;34mDEBUG[0m rd bitrate:0.000000 Mbps - server_session.go:136
2026/03/17 13:05:03.702175 [22;34mDEBUG[0m wr bitrate:0.000000 Mbps - server_session.go:137
2026/03/17 13:05:03.710252 [22;34mDEBUG[0m chunk:907,chunk-dur:36, timestamp:30000, od:806 - chunk_composer.go:299
2026/03/17 13:05:03.732631 [22;36m INFO[0m mean read bitrate:6.741812 Mbps - server_session.go:143
2026/03/17 13:05:03.732668 [22;36m INFO[0m mean write bitrate:0.000108 Mbps - server_session.go:144
2026/03/17 13:05:03.732672 [22;34mDEBUG[0m rd bitrate:8.763761 Mbps - server_session.go:136
2026/03/17 13:05:03.732675 [22;34mDEBUG[0m wr bitrate:0.000000 Mbps - server_session.go:137
2026/03/17 13:05:03.744889 [22;34mDEBUG[0m chunk:908,chunk-dur:34, timestamp:30034, od:807 - chunk_composer.go:299
2026/03/17 13:05:03.778442 [22;34mDEBUG[0m chunk:909,chunk-dur:34, timestamp:30067, od:808 - chunk_composer.go:299
2026/03/17 13:05:03.811857 [22;34mDEBUG[0m chunk:910,chunk-dur:33, timestamp:30100, od:809 - chunk_composer.go:299
2026/03/17 13:05:03.842043 [22;34mDEBUG[0m chunk:911,chunk-dur:31, timestamp:30134, od:810 - chunk_composer.go:299
2026/03/17 13:05:03.878926 [22;34mDEBUG[0m chunk:912,chunk-dur:36, timestamp:30167, od:811 - chunk_composer.go:299
2026/03/17 13:05:03.908034 [22;34mDEBUG[0m chunk:913,chunk-dur:30, timestamp:30200, od:812 - chunk_composer.go:299
2026/03/17 13:05:03.941188 [22;34mDEBUG[0m chunk:914,chunk-dur:33, timestamp:30234, od:813 - chunk_composer.go:299
2026/03/17 13:05:03.973581 [22;34mDEBUG[0m chunk:915,chunk-dur:32, timestamp:30267, od:814 - chunk_composer.go:299
2026/03/17 13:05:04.007795 [22;34mDEBUG[0m chunk:916,chunk-dur:34, timestamp:30300, od:815 - chunk_composer.go:299
2026/03/17 13:05:04.047627 [22;34mDEBUG[0m chunk:917,chunk-dur:40, timestamp:30334, od:816 - chunk_composer.go:299
2026/03/17 13:05:04.074229 [22;34mDEBUG[0m chunk:918,chunk-dur:27, timestamp:30367, od:817 - chunk_composer.go:299
2026/03/17 13:05:04.109067 [22;34mDEBUG[0m chunk:919,chunk-dur:35, timestamp:30400, od:818 - chunk_composer.go:299
2026/03/17 13:05:04.142349 [22;34mDEBUG[0m chunk:920,chunk-dur:33, timestamp:30434, od:819 - chunk_composer.go:299
2026/03/17 13:05:04.175476 [22;34mDEBUG[0m chunk:921,chunk-dur:33, timestamp:30467, od:820 - chunk_composer.go:299
2026/03/17 13:05:04.207440 [22;34mDEBUG[0m chunk:922,chunk-dur:32, timestamp:30500, od:821 - chunk_composer.go:299
2026/03/17 13:05:04.245735 [22;34mDEBUG[0m chunk:923,chunk-dur:38, timestamp:30534, od:822 - chunk_composer.go:299
2026/03/17 13:05:04.275695 [22;34mDEBUG[0m chunk:924,chunk-dur:30, timestamp:30567, od:823 - chunk_composer.go:299
2026/03/17 13:05:04.307971 [22;34mDEBUG[0m chunk:925,chunk-dur:32, timestamp:30600, od:824 - chunk_composer.go:299
2026/03/17 13:05:04.340378 [22;34mDEBUG[0m rd bitrate:0.000000 Mbps - server_session.go:136
2026/03/17 13:05:04.340475 [22;34mDEBUG[0m wr bitrate:9.614311 Mbps - server_session.go:137
2026/03/17 13:05:04.340832 [22;34mDEBUG[0m chunk:926,chunk-dur:33, timestamp:30634, od:825 - chunk_composer.go:299
2026/03/17 13:05:04.393892 [22;34mDEBUG[0m chunk:927,chunk-dur:53, timestamp:30667, od:826 - chunk_composer.go:299
2026/03/17 13:05:04.407201 [22;34mDEBUG[0m chunk:928,chunk-dur:14, timestamp:30700, od:826 - chunk_composer.go:299
2026/03/17 13:05:04.443284 [22;34mDEBUG[0m chunk:929,chunk-dur:36, timestamp:30734, od:827 - chunk_composer.go:299
2026/03/17 13:05:04.474716 [22;34mDEBUG[0m chunk:930,chunk-dur:31, timestamp:30767, od:828 - chunk_composer.go:299
2026/03/17 13:05:04.512756 [22;34mDEBUG[0m chunk:931,chunk-dur:38, timestamp:30800, od:829 - chunk_composer.go:299
2026/03/17 13:05:04.546911 [22;34mDEBUG[0m chunk:932,chunk-dur:34, timestamp:30834, od:830 - chunk_composer.go:299
2026/03/17 13:05:04.580191 [22;34mDEBUG[0m chunk:933,chunk-dur:34, timestamp:30867, od:831 - chunk_composer.go:299
2026/03/17 13:05:04.607649 [22;34mDEBUG[0m chunk:934,chunk-dur:27, timestamp:30900, od:832 - chunk_composer.go:299
2026/03/17 13:05:04.643062 [22;34mDEBUG[0m chunk:935,chunk-dur:36, timestamp:30934, od:833 - chunk_composer.go:299
2026/03/17 13:05:04.682771 [22;34mDEBUG[0m chunk:936,chunk-dur:39, timestamp:30967, od:834 - chunk_composer.go:299
2026/03/17 13:05:04.702930 [22;36m INFO[0m mean read bitrate:0.000005 Mbps - server_session.go:143
2026/03/17 13:05:04.702962 [22;36m INFO[0m mean write bitrate:0.000009 Mbps - server_session.go:144
2026/03/17 13:05:04.702969 [22;34mDEBUG[0m rd bitrate:0.000000 Mbps - server_session.go:136
2026/03/17 13:05:04.702971 [22;34mDEBUG[0m wr bitrate:0.000000 Mbps - server_session.go:137
2026/03/17 13:05:04.710736 [22;34mDEBUG[0m chunk:937,chunk-dur:28, timestamp:31000, od:835 - chunk_composer.go:299
2026/03/17 13:05:04.733481 [22;34mDEBUG[0m rd bitrate:10.059819 Mbps - server_session.go:136
2026/03/17 13:05:04.733605 [22;34mDEBUG[0m wr bitrate:0.000000 Mbps - server_session.go:137
2026/03/17 13:05:04.748968 [22;34mDEBUG[0m chunk:938,chunk-dur:38, timestamp:31034, od:836 - chunk_composer.go:299
2026/03/17 13:05:04.779479 [22;34mDEBUG[0m chunk:939,chunk-dur:31, timestamp:31067, od:837 - chunk_composer.go:299
2026/03/17 13:05:04.809940 [22;34mDEBUG[0m chunk:940,chunk-dur:30, timestamp:31100, od:838 - chunk_composer.go:299
2026/03/17 13:05:04.841972 [22;34mDEBUG[0m chunk:941,chunk-dur:32, timestamp:31134, od:839 - chunk_composer.go:299
2026/03/17 13:05:04.878798 [22;34mDEBUG[0m chunk:942,chunk-dur:37, timestamp:31167, od:840 - chunk_composer.go:299
2026/03/17 13:05:04.911291 [22;34mDEBUG[0m chunk:943,chunk-dur:33, timestamp:31200, od:841 - chunk_composer.go:299
2026/03/17 13:05:04.943156 [22;34mDEBUG[0m chunk:944,chunk-dur:32, timestamp:31234, od:842 - chunk_composer.go:299
2026/03/17 13:05:04.977162 [22;34mDEBUG[0m chunk:945,chunk-dur:34, timestamp:31267, od:843 - chunk_composer.go:299
2026/03/17 13:05:05.014573 [22;34mDEBUG[0m chunk:946,chunk-dur:37, timestamp:31300, od:844 - chunk_composer.go:299
2026/03/17 13:05:05.087374 [22;34mDEBUG[0m chunk:947,chunk-dur:73, timestamp:31334, od:845 - chunk_composer.go:299
2026/03/17 13:05:05.098794 [22;34mDEBUG[0m chunk:948,chunk-dur:11, timestamp:31367, od:845 - chunk_composer.go:299
2026/03/17 13:05:05.146615 [22;34mDEBUG[0m chunk:949,chunk-dur:48, timestamp:31400, od:846 - chunk_composer.go:299
2026/03/17 13:05:05.158411 [22;34mDEBUG[0m chunk:950,chunk-dur:12, timestamp:31434, od:846 - chunk_composer.go:299
2026/03/17 13:05:05.179750 [22;34mDEBUG[0m chunk:951,chunk-dur:21, timestamp:31467, od:847 - chunk_composer.go:299
2026/03/17 13:05:05.222011 [22;34mDEBUG[0m chunk:952,chunk-dur:43, timestamp:31500, od:848 - chunk_composer.go:299
2026/03/17 13:05:05.244008 [22;34mDEBUG[0m chunk:953,chunk-dur:21, timestamp:31534, od:849 - chunk_composer.go:299
2026/03/17 13:05:05.284378 [22;34mDEBUG[0m chunk:954,chunk-dur:41, timestamp:31567, od:850 - chunk_composer.go:299
2026/03/17 13:05:05.307939 [22;34mDEBUG[0m chunk:955,chunk-dur:23, timestamp:31600, od:851 - chunk_composer.go:299
2026/03/17 13:05:05.340891 [22;34mDEBUG[0m rd bitrate:0.000000 Mbps - server_session.go:136
2026/03/17 13:05:05.340929 [22;34mDEBUG[0m wr bitrate:10.432234 Mbps - server_session.go:137
2026/03/17 13:05:05.343600 [22;34mDEBUG[0m chunk:956,chunk-dur:36, timestamp:31634, od:852 - chunk_composer.go:299
2026/03/17 13:05:05.376783 [22;34mDEBUG[0m chunk:957,chunk-dur:33, timestamp:31667, od:853 - chunk_composer.go:299
2026/03/17 13:05:05.452336 [22;34mDEBUG[0m chunk:958,chunk-dur:76, timestamp:31700, od:854 - chunk_composer.go:299
2026/03/17 13:05:05.453369 [22;34mDEBUG[0m chunk:959,chunk-dur:1, timestamp:31734, od:854 - chunk_composer.go:299
2026/03/17 13:05:05.499951 [22;34mDEBUG[0m chunk:960,chunk-dur:46, timestamp:31767, od:855 - chunk_composer.go:299
2026/03/17 13:05:05.516789 [22;34mDEBUG[0m chunk:961,chunk-dur:17, timestamp:31800, od:856 - chunk_composer.go:299
2026/03/17 13:05:05.546639 [22;34mDEBUG[0m chunk:962,chunk-dur:30, timestamp:31834, od:857 - chunk_composer.go:299
2026/03/17 13:05:05.574433 [22;34mDEBUG[0m chunk:963,chunk-dur:28, timestamp:31867, od:858 - chunk_composer.go:299
2026/03/17 13:05:05.610147 [22;34mDEBUG[0m chunk:964,chunk-dur:36, timestamp:31900, od:859 - chunk_composer.go:299
2026/03/17 13:05:05.641369 [22;34mDEBUG[0m chunk:965,chunk-dur:31, timestamp:31934, od:860 - chunk_composer.go:299
2026/03/17 13:05:05.675006 [22;34mDEBUG[0m chunk:966,chunk-dur:33, timestamp:31967, od:861 - chunk_composer.go:299
2026/03/17 13:05:05.703064 [22;34mDEBUG[0m rd bitrate:0.000000 Mbps - server_session.go:136
2026/03/17 13:05:05.703103 [22;34mDEBUG[0m wr bitrate:0.000000 Mbps - server_session.go:137
2026/03/17 13:05:05.716017 [22;34mDEBUG[0m chunk:967,chunk-dur:42, timestamp:32000, od:862 - chunk_composer.go:299
2026/03/17 13:05:05.734191 [22;34mDEBUG[0m rd bitrate:10.191940 Mbps - server_session.go:136
2026/03/17 13:05:05.734240 [22;34mDEBUG[0m wr bitrate:0.000000 Mbps - server_session.go:137
2026/03/17 13:05:05.742754 [22;34mDEBUG[0m chunk:968,chunk-dur:26, timestamp:32034, od:863 - chunk_composer.go:299
2026/03/17 13:05:05.778370 [22;34mDEBUG[0m chunk:969,chunk-dur:35, timestamp:32067, od:864 - chunk_composer.go:299
2026/03/17 13:05:05.807129 [22;34mDEBUG[0m chunk:970,chunk-dur:30, timestamp:32100, od:865 - chunk_composer.go:299
2026/03/17 13:05:05.842255 [22;34mDEBUG[0m chunk:971,chunk-dur:35, timestamp:32134, od:866 - chunk_composer.go:299
2026/03/17 13:05:05.877447 [22;34mDEBUG[0m chunk:972,chunk-dur:35, timestamp:32167, od:867 - chunk_composer.go:299
2026/03/17 13:05:05.909566 [22;34mDEBUG[0m chunk:973,chunk-dur:32, timestamp:32200, od:868 - chunk_composer.go:299
2026/03/17 13:05:05.942472 [22;34mDEBUG[0m chunk:974,chunk-dur:33, timestamp:32234, od:869 - chunk_composer.go:299
2026/03/17 13:05:05.978465 [22;34mDEBUG[0m chunk:975,chunk-dur:36, timestamp:32267, od:870 - chunk_composer.go:299
2026/03/17 13:05:06.012721 [22;34mDEBUG[0m chunk:976,chunk-dur:34, timestamp:32300, od:871 - chunk_composer.go:299
2026/03/17 13:05:06.043246 [22;34mDEBUG[0m chunk:977,chunk-dur:31, timestamp:32334, od:872 - chunk_composer.go:299
2026/03/17 13:05:06.075743 [22;34mDEBUG[0m chunk:978,chunk-dur:32, timestamp:32367, od:873 - chunk_composer.go:299
2026/03/17 13:05:06.111199 [22;34mDEBUG[0m chunk:979,chunk-dur:36, timestamp:32400, od:874 - chunk_composer.go:299
2026/03/17 13:05:06.184973 [22;34mDEBUG[0m chunk:980,chunk-dur:73, timestamp:32434, od:875 - chunk_composer.go:299
2026/03/17 13:05:06.187561 [22;34mDEBUG[0m chunk:981,chunk-dur:3, timestamp:32467, od:875 - chunk_composer.go:299
2026/03/17 13:05:06.210250 [22;34mDEBUG[0m chunk:982,chunk-dur:23, timestamp:32500, od:876 - chunk_composer.go:299
2026/03/17 13:05:06.242789 [22;34mDEBUG[0m chunk:983,chunk-dur:32, timestamp:32534, od:877 - chunk_composer.go:299
2026/03/17 13:05:06.277302 [22;34mDEBUG[0m chunk:984,chunk-dur:35, timestamp:32567, od:878 - chunk_composer.go:299
2026/03/17 13:05:06.308372 [22;34mDEBUG[0m chunk:985,chunk-dur:31, timestamp:32600, od:879 - chunk_composer.go:299
2026/03/17 13:05:06.342586 [22;34mDEBUG[0m rd bitrate:0.000000 Mbps - server_session.go:136
2026/03/17 13:05:06.342802 [22;34mDEBUG[0m wr bitrate:9.471408 Mbps - server_session.go:137
2026/03/17 13:05:06.343872 [22;34mDEBUG[0m chunk:986,chunk-dur:35, timestamp:32634, od:880 - chunk_composer.go:299
2026/03/17 13:05:06.375244 [22;34mDEBUG[0m chunk:987,chunk-dur:32, timestamp:32667, od:881 - chunk_composer.go:299
2026/03/17 13:05:06.411396 [22;34mDEBUG[0m chunk:988,chunk-dur:36, timestamp:32700, od:882 - chunk_composer.go:299
2026/03/17 13:05:06.441370 [22;34mDEBUG[0m chunk:989,chunk-dur:30, timestamp:32734, od:883 - chunk_composer.go:299
2026/03/17 13:05:06.473050 [22;34mDEBUG[0m chunk:990,chunk-dur:32, timestamp:32767, od:884 - chunk_composer.go:299
2026/03/17 13:05:06.512811 [22;34mDEBUG[0m chunk:991,chunk-dur:39, timestamp:32800, od:885 - chunk_composer.go:299
2026/03/17 13:05:06.540962 [22;34mDEBUG[0m chunk:992,chunk-dur:28, timestamp:32834, od:886 - chunk_composer.go:299
2026/03/17 13:05:06.575094 [22;34mDEBUG[0m chunk:993,chunk-dur:35, timestamp:32867, od:887 - chunk_composer.go:299
2026/03/17 13:05:06.609364 [22;34mDEBUG[0m chunk:994,chunk-dur:34, timestamp:32900, od:888 - chunk_composer.go:299
2026/03/17 13:05:06.645446 [22;34mDEBUG[0m chunk:995,chunk-dur:36, timestamp:32934, od:889 - chunk_composer.go:299
2026/03/17 13:05:06.677067 [22;34mDEBUG[0m chunk:996,chunk-dur:32, timestamp:32967, od:890 - chunk_composer.go:299
2026/03/17 13:05:06.703407 [22;34mDEBUG[0m rd bitrate:0.000000 Mbps - server_session.go:136
2026/03/17 13:05:06.703443 [22;34mDEBUG[0m wr bitrate:0.000000 Mbps - server_session.go:137
2026/03/17 13:05:06.707368 [22;34mDEBUG[0m chunk:997,chunk-dur:30, timestamp:33000, od:891 - chunk_composer.go:299
2026/03/17 13:05:06.734884 [22;34mDEBUG[0m rd bitrate:8.163932 Mbps - server_session.go:136
2026/03/17 13:05:06.734926 [22;34mDEBUG[0m wr bitrate:0.000000 Mbps - server_session.go:137
2026/03/17 13:05:06.740323 [22;34mDEBUG[0m chunk:998,chunk-dur:33, timestamp:33034, od:892 - chunk_composer.go:299
2026/03/17 13:05:06.776887 [22;34mDEBUG[0m chunk:999,chunk-dur:36, timestamp:33067, od:893 - chunk_composer.go:299
2026/03/17 13:05:06.807595 [22;34mDEBUG[0m chunk:1000,chunk-dur:31, timestamp:33100, od:894 - chunk_composer.go:299
2026/03/17 13:05:06.844959 [22;34mDEBUG[0m chunk:1001,chunk-dur:37, timestamp:33134, od:895 - chunk_composer.go:299
2026/03/17 13:05:06.873247 [22;34mDEBUG[0m chunk:1002,chunk-dur:29, timestamp:33167, od:896 - chunk_composer.go:299
2026/03/17 13:05:06.906961 [22;34mDEBUG[0m chunk:1003,chunk-dur:33, timestamp:33200, od:897 - chunk_composer.go:299
2026/03/17 13:05:06.943089 [22;34mDEBUG[0m chunk:1004,chunk-dur:37, timestamp:33234, od:898 - chunk_composer.go:299
2026/03/17 13:05:06.973943 [22;34mDEBUG[0m chunk:1005,chunk-dur:30, timestamp:33267, od:899 - chunk_composer.go:299
2026/03/17 13:05:07.011118 [22;34mDEBUG[0m chunk:1006,chunk-dur:38, timestamp:33300, od:900 - chunk_composer.go:299
2026/03/17 13:05:07.041894 [22;34mDEBUG[0m chunk:1007,chunk-dur:30, timestamp:33334, od:901 - chunk_composer.go:299
2026/03/17 13:05:07.074169 [22;34mDEBUG[0m chunk:1008,chunk-dur:33, timestamp:33367, od:902 - chunk_composer.go:299
2026/03/17 13:05:07.107193 [22;34mDEBUG[0m chunk:1009,chunk-dur:33, timestamp:33400, od:903 - chunk_composer.go:299
2026/03/17 13:05:07.146214 [22;34mDEBUG[0m chunk:1010,chunk-dur:39, timestamp:33434, od:904 - chunk_composer.go:299
2026/03/17 13:05:07.226635 [22;34mDEBUG[0m chunk:1011,chunk-dur:80, timestamp:33467, od:905 - chunk_composer.go:299
2026/03/17 13:05:07.231888 [22;34mDEBUG[0m chunk:1012,chunk-dur:5, timestamp:33500, od:905 - chunk_composer.go:299
2026/03/17 13:05:07.242346 [22;34mDEBUG[0m chunk:1013,chunk-dur:11, timestamp:33534, od:905 - chunk_composer.go:299
2026/03/17 13:05:07.304240 [22;34mDEBUG[0m chunk:1014,chunk-dur:62, timestamp:33567, od:906 - chunk_composer.go:299
2026/03/17 13:05:07.318322 [22;34mDEBUG[0m chunk:1015,chunk-dur:14, timestamp:33600, od:906 - chunk_composer.go:299
2026/03/17 13:05:07.341700 [22;34mDEBUG[0m chunk:1016,chunk-dur:23, timestamp:33634, od:907 - chunk_composer.go:299
2026/03/17 13:05:07.346365 [22;34mDEBUG[0m rd bitrate:0.000000 Mbps - server_session.go:136
2026/03/17 13:05:07.346413 [22;34mDEBUG[0m wr bitrate:6.877285 Mbps - server_session.go:137
2026/03/17 13:05:07.385248 [22;34mDEBUG[0m chunk:1017,chunk-dur:44, timestamp:33667, od:908 - chunk_composer.go:299
2026/03/17 13:05:07.407777 [22;34mDEBUG[0m chunk:1018,chunk-dur:22, timestamp:33700, od:909 - chunk_composer.go:299
2026/03/17 13:05:07.441938 [22;34mDEBUG[0m chunk:1019,chunk-dur:34, timestamp:33734, od:910 - chunk_composer.go:299
2026/03/17 13:05:07.473213 [22;34mDEBUG[0m chunk:1020,chunk-dur:32, timestamp:33767, od:911 - chunk_composer.go:299
2026/03/17 13:05:07.520766 [22;34mDEBUG[0m chunk:1021,chunk-dur:47, timestamp:33800, od:912 - chunk_composer.go:299
2026/03/17 13:05:07.550606 [22;34mDEBUG[0m chunk:1022,chunk-dur:30, timestamp:33834, od:913 - chunk_composer.go:299
2026/03/17 13:05:07.585325 [22;34mDEBUG[0m chunk:1023,chunk-dur:35, timestamp:33867, od:914 - chunk_composer.go:299
2026/03/17 13:05:07.605860 [22;34mDEBUG[0m chunk:1024,chunk-dur:20, timestamp:33900, od:915 - chunk_composer.go:299
2026/03/17 13:05:07.643369 [22;34mDEBUG[0m chunk:1025,chunk-dur:38, timestamp:33934, od:916 - chunk_composer.go:299
2026/03/17 13:05:07.677593 [22;34mDEBUG[0m chunk:1026,chunk-dur:34, timestamp:33967, od:917 - chunk_composer.go:299
2026/03/17 13:05:07.703465 [22;34mDEBUG[0m rd bitrate:0.000000 Mbps - server_session.go:136
2026/03/17 13:05:07.703590 [22;34mDEBUG[0m wr bitrate:0.000000 Mbps - server_session.go:137
2026/03/17 13:05:07.725735 [22;34mDEBUG[0m chunk:1027,chunk-dur:48, timestamp:34000, od:918 - chunk_composer.go:299
2026/03/17 13:05:07.735701 [22;34mDEBUG[0m rd bitrate:8.928865 Mbps - server_session.go:136
2026/03/17 13:05:07.735736 [22;34mDEBUG[0m wr bitrate:0.000000 Mbps - server_session.go:137
2026/03/17 13:05:07.761670 [22;34mDEBUG[0m chunk:1028,chunk-dur:36, timestamp:34034, od:919 - chunk_composer.go:299
2026/03/17 13:05:07.776820 [22;34mDEBUG[0m chunk:1029,chunk-dur:15, timestamp:34067, od:919 - chunk_composer.go:299
2026/03/17 13:05:07.806623 [22;34mDEBUG[0m chunk:1030,chunk-dur:30, timestamp:34100, od:920 - chunk_composer.go:299
2026/03/17 13:05:07.839974 [22;34mDEBUG[0m chunk:1031,chunk-dur:33, timestamp:34134, od:921 - chunk_composer.go:299
2026/03/17 13:05:07.920042 [22;34mDEBUG[0m chunk:1032,chunk-dur:81, timestamp:34167, od:922 - chunk_composer.go:299
2026/03/17 13:05:07.943382 [22;34mDEBUG[0m chunk:1033,chunk-dur:23, timestamp:34200, od:923 - chunk_composer.go:299
2026/03/17 13:05:07.946036 [22;34mDEBUG[0m chunk:1034,chunk-dur:3, timestamp:34234, od:923 - chunk_composer.go:299
2026/03/17 13:05:07.978167 [22;34mDEBUG[0m chunk:1035,chunk-dur:32, timestamp:34267, od:924 - chunk_composer.go:299
2026/03/17 13:05:08.013802 [22;34mDEBUG[0m chunk:1036,chunk-dur:35, timestamp:34300, od:925 - chunk_composer.go:299
2026/03/17 13:05:08.055196 [22;34mDEBUG[0m chunk:1037,chunk-dur:42, timestamp:34334, od:926 - chunk_composer.go:299
2026/03/17 13:05:08.089801 [22;34mDEBUG[0m chunk:1038,chunk-dur:34, timestamp:34367, od:927 - chunk_composer.go:299
2026/03/17 13:05:08.150905 [22;34mDEBUG[0m chunk:1039,chunk-dur:61, timestamp:34400, od:928 - chunk_composer.go:299
2026/03/17 13:05:08.186113 [22;34mDEBUG[0m chunk:1040,chunk-dur:36, timestamp:34434, od:929 - chunk_composer.go:299
2026/03/17 13:05:08.213865 [22;34mDEBUG[0m chunk:1041,chunk-dur:27, timestamp:34467, od:930 - chunk_composer.go:299
2026/03/17 13:05:08.256279 [22;34mDEBUG[0m chunk:1042,chunk-dur:43, timestamp:34500, od:931 - chunk_composer.go:299
2026/03/17 13:05:08.266016 [22;34mDEBUG[0m chunk:1043,chunk-dur:10, timestamp:34534, od:931 - chunk_composer.go:299
2026/03/17 13:05:08.309903 [22;34mDEBUG[0m chunk:1044,chunk-dur:43, timestamp:34567, od:932 - chunk_composer.go:299
2026/03/17 13:05:08.316589 [22;34mDEBUG[0m chunk:1045,chunk-dur:7, timestamp:34600, od:932 - chunk_composer.go:299
2026/03/17 13:05:08.351570 [22;34mDEBUG[0m rd bitrate:0.000000 Mbps - server_session.go:136
2026/03/17 13:05:08.351596 [22;34mDEBUG[0m wr bitrate:8.469225 Mbps - server_session.go:137
2026/03/17 13:05:08.350825 [22;34mDEBUG[0m chunk:1046,chunk-dur:34, timestamp:34634, od:933 - chunk_composer.go:299
2026/03/17 13:05:08.390613 [22;34mDEBUG[0m chunk:1047,chunk-dur:40, timestamp:34667, od:934 - chunk_composer.go:299
2026/03/17 13:05:08.421022 [22;34mDEBUG[0m chunk:1048,chunk-dur:31, timestamp:34700, od:935 - chunk_composer.go:299
2026/03/17 13:05:08.456229 [22;34mDEBUG[0m chunk:1049,chunk-dur:35, timestamp:34734, od:936 - chunk_composer.go:299
2026/03/17 13:05:08.481411 [22;34mDEBUG[0m chunk:1050,chunk-dur:25, timestamp:34767, od:937 - chunk_composer.go:299
2026/03/17 13:05:08.536686 [22;34mDEBUG[0m chunk:1051,chunk-dur:55, timestamp:34800, od:938 - chunk_composer.go:299
2026/03/17 13:05:08.585157 [22;34mDEBUG[0m chunk:1052,chunk-dur:49, timestamp:34834, od:939 - chunk_composer.go:299
2026/03/17 13:05:08.601628 [22;34mDEBUG[0m chunk:1053,chunk-dur:16, timestamp:34867, od:939 - chunk_composer.go:299
2026/03/17 13:05:08.617086 [22;34mDEBUG[0m chunk:1054,chunk-dur:16, timestamp:34900, od:939 - chunk_composer.go:299
2026/03/17 13:05:08.648034 [22;34mDEBUG[0m chunk:1055,chunk-dur:31, timestamp:34934, od:940 - chunk_composer.go:299
2026/03/17 13:05:08.685624 [22;34mDEBUG[0m chunk:1056,chunk-dur:37, timestamp:34967, od:941 - chunk_composer.go:299
2026/03/17 13:05:08.703622 [22;34mDEBUG[0m rd bitrate:0.000000 Mbps - server_session.go:136
2026/03/17 13:05:08.703729 [22;34mDEBUG[0m wr bitrate:0.000000 Mbps - server_session.go:137
2026/03/17 13:05:08.777147 [22;34mDEBUG[0m rd bitrate:6.103920 Mbps - server_session.go:136
2026/03/17 13:05:08.777204 [22;34mDEBUG[0m wr bitrate:0.000000 Mbps - server_session.go:137
2026/03/17 13:05:08.778708 [22;34mDEBUG[0m chunk:1057,chunk-dur:93, timestamp:35000, od:942 - chunk_composer.go:299
2026/03/17 13:05:08.797772 [22;34mDEBUG[0m chunk:1058,chunk-dur:19, timestamp:35034, od:943 - chunk_composer.go:299
2026/03/17 13:05:08.798192 [22;34mDEBUG[0m chunk:1059,chunk-dur:1, timestamp:35067, od:943 - chunk_composer.go:299
2026/03/17 13:05:08.833689 [22;34mDEBUG[0m chunk:1060,chunk-dur:35, timestamp:35100, od:944 - chunk_composer.go:299
2026/03/17 13:05:08.849358 [22;34mDEBUG[0m chunk:1061,chunk-dur:16, timestamp:35134, od:944 - chunk_composer.go:299
2026/03/17 13:05:08.876008 [22;34mDEBUG[0m chunk:1062,chunk-dur:27, timestamp:35167, od:945 - chunk_composer.go:299
2026/03/17 13:05:08.909674 [22;34mDEBUG[0m chunk:1063,chunk-dur:33, timestamp:35200, od:946 - chunk_composer.go:299
2026/03/17 13:05:08.946231 [22;34mDEBUG[0m chunk:1064,chunk-dur:37, timestamp:35234, od:947 - chunk_composer.go:299
2026/03/17 13:05:08.985398 [22;34mDEBUG[0m chunk:1065,chunk-dur:39, timestamp:35267, od:948 - chunk_composer.go:299
2026/03/17 13:05:09.007376 [22;34mDEBUG[0m chunk:1066,chunk-dur:22, timestamp:35300, od:949 - chunk_composer.go:299
2026/03/17 13:05:09.042251 [22;34mDEBUG[0m chunk:1067,chunk-dur:35, timestamp:35334, od:950 - chunk_composer.go:299
2026/03/17 13:05:09.082826 [22;34mDEBUG[0m chunk:1068,chunk-dur:40, timestamp:35367, od:951 - chunk_composer.go:299
2026/03/17 13:05:09.109843 [22;34mDEBUG[0m chunk:1069,chunk-dur:27, timestamp:35400, od:952 - chunk_composer.go:299
2026/03/17 13:05:09.150825 [22;34mDEBUG[0m chunk:1070,chunk-dur:41, timestamp:35434, od:953 - chunk_composer.go:299
2026/03/17 13:05:09.181760 [22;34mDEBUG[0m chunk:1071,chunk-dur:31, timestamp:35467, od:954 - chunk_composer.go:299
2026/03/17 13:05:09.213379 [22;34mDEBUG[0m chunk:1072,chunk-dur:32, timestamp:35500, od:955 - chunk_composer.go:299
2026/03/17 13:05:09.243857 [22;34mDEBUG[0m chunk:1073,chunk-dur:30, timestamp:35534, od:956 - chunk_composer.go:299
2026/03/17 13:05:09.277278 [22;34mDEBUG[0m chunk:1074,chunk-dur:34, timestamp:35567, od:957 - chunk_composer.go:299
2026/03/17 13:05:09.321150 [22;34mDEBUG[0m chunk:1075,chunk-dur:44, timestamp:35600, od:958 - chunk_composer.go:299
2026/03/17 13:05:09.349900 [22;34mDEBUG[0m chunk:1076,chunk-dur:28, timestamp:35634, od:959 - chunk_composer.go:299
2026/03/17 13:05:09.352589 [22;34mDEBUG[0m rd bitrate:0.000000 Mbps - server_session.go:136
2026/03/17 13:05:09.352616 [22;34mDEBUG[0m wr bitrate:7.655657 Mbps - server_session.go:137
2026/03/17 13:05:09.375719 [22;34mDEBUG[0m chunk:1077,chunk-dur:26, timestamp:35667, od:960 - chunk_composer.go:299
2026/03/17 13:05:09.409861 [22;34mDEBUG[0m chunk:1078,chunk-dur:34, timestamp:35700, od:961 - chunk_composer.go:299
2026/03/17 13:05:09.449241 [22;34mDEBUG[0m chunk:1079,chunk-dur:40, timestamp:35734, od:962 - chunk_composer.go:299
2026/03/17 13:05:09.478662 [22;34mDEBUG[0m chunk:1080,chunk-dur:29, timestamp:35767, od:963 - chunk_composer.go:299
2026/03/17 13:05:09.509066 [22;34mDEBUG[0m chunk:1081,chunk-dur:31, timestamp:35800, od:964 - chunk_composer.go:299
2026/03/17 13:05:09.542075 [22;34mDEBUG[0m chunk:1082,chunk-dur:33, timestamp:35834, od:965 - chunk_composer.go:299
2026/03/17 13:05:09.580993 [22;34mDEBUG[0m chunk:1083,chunk-dur:38, timestamp:35867, od:966 - chunk_composer.go:299
2026/03/17 13:05:09.608258 [22;34mDEBUG[0m chunk:1084,chunk-dur:28, timestamp:35900, od:967 - chunk_composer.go:299
2026/03/17 13:05:09.641677 [22;34mDEBUG[0m chunk:1085,chunk-dur:33, timestamp:35934, od:968 - chunk_composer.go:299
2026/03/17 13:05:09.675899 [22;34mDEBUG[0m chunk:1086,chunk-dur:34, timestamp:35967, od:969 - chunk_composer.go:299
2026/03/17 13:05:09.704243 [22;34mDEBUG[0m rd bitrate:0.000000 Mbps - server_session.go:136
2026/03/17 13:05:09.704294 [22;34mDEBUG[0m wr bitrate:0.000000 Mbps - server_session.go:137
2026/03/17 13:05:09.727291 [22;34mDEBUG[0m chunk:1087,chunk-dur:52, timestamp:36000, od:970 - chunk_composer.go:299
2026/03/17 13:05:09.769915 [22;34mDEBUG[0m chunk:1088,chunk-dur:42, timestamp:36034, od:971 - chunk_composer.go:299
2026/03/17 13:05:09.778261 [22;34mDEBUG[0m rd bitrate:10.114116 Mbps - server_session.go:136
2026/03/17 13:05:09.778340 [22;34mDEBUG[0m wr bitrate:0.000000 Mbps - server_session.go:137
2026/03/17 13:05:09.779987 [22;34mDEBUG[0m chunk:1089,chunk-dur:10, timestamp:36067, od:971 - chunk_composer.go:299
2026/03/17 13:05:09.808193 [22;34mDEBUG[0m chunk:1090,chunk-dur:29, timestamp:36100, od:972 - chunk_composer.go:299
2026/03/17 13:05:09.849855 [22;34mDEBUG[0m chunk:1091,chunk-dur:41, timestamp:36134, od:973 - chunk_composer.go:299
2026/03/17 13:05:09.881415 [22;34mDEBUG[0m chunk:1092,chunk-dur:32, timestamp:36167, od:974 - chunk_composer.go:299
2026/03/17 13:05:09.917747 [22;34mDEBUG[0m chunk:1093,chunk-dur:36, timestamp:36200, od:975 - chunk_composer.go:299
2026/03/17 13:05:09.940152 [22;34mDEBUG[0m chunk:1094,chunk-dur:23, timestamp:36234, od:976 - chunk_composer.go:299
2026/03/17 13:05:09.975795 [22;34mDEBUG[0m chunk:1095,chunk-dur:35, timestamp:36267, od:977 - chunk_composer.go:299
2026/03/17 13:05:10.011876 [22;34mDEBUG[0m chunk:1096,chunk-dur:36, timestamp:36300, od:978 - chunk_composer.go:299
2026/03/17 13:05:10.048604 [22;34mDEBUG[0m chunk:1097,chunk-dur:37, timestamp:36334, od:979 - chunk_composer.go:299
2026/03/17 13:05:10.075672 [22;34mDEBUG[0m chunk:1098,chunk-dur:27, timestamp:36367, od:980 - chunk_composer.go:299
2026/03/17 13:05:10.172335 [22;34mDEBUG[0m chunk:1099,chunk-dur:97, timestamp:36400, od:981 - chunk_composer.go:299
2026/03/17 13:05:10.183252 [22;34mDEBUG[0m chunk:1100,chunk-dur:11, timestamp:36434, od:981 - chunk_composer.go:299
2026/03/17 13:05:10.183384 [22;34mDEBUG[0m chunk:1101,chunk-dur:0, timestamp:36467, od:981 - chunk_composer.go:299
2026/03/17 13:05:10.212653 [22;34mDEBUG[0m chunk:1102,chunk-dur:29, timestamp:36500, od:982 - chunk_composer.go:299
2026/03/17 13:05:10.252909 [22;34mDEBUG[0m chunk:1103,chunk-dur:40, timestamp:36534, od:983 - chunk_composer.go:299
2026/03/17 13:05:10.278957 [22;34mDEBUG[0m chunk:1104,chunk-dur:26, timestamp:36567, od:984 - chunk_composer.go:299
2026/03/17 13:05:10.318861 [22;34mDEBUG[0m chunk:1105,chunk-dur:40, timestamp:36600, od:985 - chunk_composer.go:299
2026/03/17 13:05:10.344118 [22;34mDEBUG[0m chunk:1106,chunk-dur:26, timestamp:36634, od:986 - chunk_composer.go:299
2026/03/17 13:05:10.353402 [22;34mDEBUG[0m rd bitrate:0.000000 Mbps - server_session.go:136
2026/03/17 13:05:10.353439 [22;34mDEBUG[0m wr bitrate:9.415244 Mbps - server_session.go:137
2026/03/17 13:05:10.383112 [22;34mDEBUG[0m chunk:1107,chunk-dur:39, timestamp:36667, od:987 - chunk_composer.go:299
2026/03/17 13:05:10.407663 [22;34mDEBUG[0m chunk:1108,chunk-dur:24, timestamp:36700, od:988 - chunk_composer.go:299
2026/03/17 13:05:10.446751 [22;34mDEBUG[0m chunk:1109,chunk-dur:39, timestamp:36734, od:989 - chunk_composer.go:299
2026/03/17 13:05:10.532484 [22;34mDEBUG[0m chunk:1110,chunk-dur:86, timestamp:36767, od:990 - chunk_composer.go:299
2026/03/17 13:05:10.533900 [22;34mDEBUG[0m chunk:1111,chunk-dur:1, timestamp:36800, od:990 - chunk_composer.go:299
2026/03/17 13:05:10.543106 [22;34mDEBUG[0m chunk:1112,chunk-dur:10, timestamp:36834, od:990 - chunk_composer.go:299
2026/03/17 13:05:10.587225 [22;34mDEBUG[0m chunk:1113,chunk-dur:44, timestamp:36867, od:991 - chunk_composer.go:299
2026/03/17 13:05:10.615721 [22;34mDEBUG[0m chunk:1114,chunk-dur:28, timestamp:36900, od:992 - chunk_composer.go:299
2026/03/17 13:05:10.641349 [22;34mDEBUG[0m chunk:1115,chunk-dur:26, timestamp:36934, od:993 - chunk_composer.go:299
2026/03/17 13:05:10.675156 [22;34mDEBUG[0m chunk:1116,chunk-dur:34, timestamp:36967, od:994 - chunk_composer.go:299
2026/03/17 13:05:10.705017 [22;34mDEBUG[0m rd bitrate:0.000000 Mbps - server_session.go:136
2026/03/17 13:05:10.705055 [22;34mDEBUG[0m wr bitrate:0.000000 Mbps - server_session.go:137
2026/03/17 13:05:10.713471 [22;34mDEBUG[0m chunk:1117,chunk-dur:38, timestamp:37000, od:995 - chunk_composer.go:299
2026/03/17 13:05:10.743693 [22;34mDEBUG[0m chunk:1118,chunk-dur:30, timestamp:37034, od:996 - chunk_composer.go:299
2026/03/17 13:05:10.774994 [22;34mDEBUG[0m chunk:1119,chunk-dur:31, timestamp:37067, od:997 - chunk_composer.go:299
2026/03/17 13:05:10.778405 [22;34mDEBUG[0m rd bitrate:7.350024 Mbps - server_session.go:136
2026/03/17 13:05:10.778706 [22;34mDEBUG[0m wr bitrate:0.000000 Mbps - server_session.go:137
2026/03/17 13:05:10.809243 [22;34mDEBUG[0m chunk:1120,chunk-dur:35, timestamp:37100, od:998 - chunk_composer.go:299
2026/03/17 13:05:10.849864 [22;34mDEBUG[0m chunk:1121,chunk-dur:40, timestamp:37134, od:999 - chunk_composer.go:299
2026/03/17 13:05:10.882843 [22;34mDEBUG[0m chunk:1122,chunk-dur:33, timestamp:37167, od:1000 - chunk_composer.go:299
2026/03/17 13:05:10.906454 [22;34mDEBUG[0m chunk:1123,chunk-dur:24, timestamp:37200, od:1001 - chunk_composer.go:299
2026/03/17 13:05:10.947815 [22;34mDEBUG[0m chunk:1124,chunk-dur:41, timestamp:37234, od:1002 - chunk_composer.go:299
2026/03/17 13:05:11.044827 [22;34mDEBUG[0m chunk:1125,chunk-dur:97, timestamp:37267, od:1003 - chunk_composer.go:299
2026/03/17 13:05:11.055232 [22;34mDEBUG[0m chunk:1126,chunk-dur:11, timestamp:37300, od:1003 - chunk_composer.go:299
2026/03/17 13:05:11.055274 [22;34mDEBUG[0m chunk:1127,chunk-dur:0, timestamp:37334, od:1003 - chunk_composer.go:299
2026/03/17 13:05:11.075307 [22;34mDEBUG[0m chunk:1128,chunk-dur:20, timestamp:37367, od:1004 - chunk_composer.go:299
2026/03/17 13:05:11.112550 [22;34mDEBUG[0m chunk:1129,chunk-dur:37, timestamp:37400, od:1005 - chunk_composer.go:299
2026/03/17 13:05:11.144875 [22;34mDEBUG[0m chunk:1130,chunk-dur:32, timestamp:37434, od:1006 - chunk_composer.go:299
2026/03/17 13:05:11.176218 [22;34mDEBUG[0m chunk:1131,chunk-dur:32, timestamp:37467, od:1007 - chunk_composer.go:299
2026/03/17 13:05:11.213277 [22;34mDEBUG[0m chunk:1132,chunk-dur:37, timestamp:37500, od:1008 - chunk_composer.go:299
2026/03/17 13:05:11.242205 [22;34mDEBUG[0m chunk:1133,chunk-dur:29, timestamp:37534, od:1009 - chunk_composer.go:299
2026/03/17 13:05:11.274959 [22;34mDEBUG[0m chunk:1134,chunk-dur:32, timestamp:37567, od:1010 - chunk_composer.go:299
2026/03/17 13:05:11.318748 [22;34mDEBUG[0m chunk:1135,chunk-dur:44, timestamp:37600, od:1011 - chunk_composer.go:299
2026/03/17 13:05:11.343903 [22;34mDEBUG[0m chunk:1136,chunk-dur:25, timestamp:37634, od:1012 - chunk_composer.go:299
2026/03/17 13:05:11.354310 [22;36m INFO[0m mean read bitrate:0.000033 Mbps - server_session.go:143
2026/03/17 13:05:11.355049 [22;36m INFO[0m mean write bitrate:5.380095 Mbps - server_session.go:144
2026/03/17 13:05:11.355069 [22;34mDEBUG[0m rd bitrate:0.000000 Mbps - server_session.go:136
2026/03/17 13:05:11.355073 [22;34mDEBUG[0m wr bitrate:7.320460 Mbps - server_session.go:137
2026/03/17 13:05:11.374589 [22;34mDEBUG[0m chunk:1137,chunk-dur:31, timestamp:37667, od:1013 - chunk_composer.go:299
2026/03/17 13:05:11.409440 [22;34mDEBUG[0m chunk:1138,chunk-dur:35, timestamp:37700, od:1014 - chunk_composer.go:299
2026/03/17 13:05:11.472979 [22;34mDEBUG[0m chunk:1139,chunk-dur:63, timestamp:37734, od:1015 - chunk_composer.go:299
2026/03/17 13:05:11.475606 [22;34mDEBUG[0m chunk:1140,chunk-dur:3, timestamp:37767, od:1015 - chunk_composer.go:299
2026/03/17 13:05:11.508461 [22;34mDEBUG[0m chunk:1141,chunk-dur:33, timestamp:37800, od:1016 - chunk_composer.go:299
2026/03/17 13:05:11.546769 [22;34mDEBUG[0m chunk:1142,chunk-dur:38, timestamp:37834, od:1017 - chunk_composer.go:299
2026/03/17 13:05:11.575152 [22;34mDEBUG[0m chunk:1143,chunk-dur:29, timestamp:37867, od:1018 - chunk_composer.go:299
2026/03/17 13:05:11.609022 [22;34mDEBUG[0m chunk:1144,chunk-dur:34, timestamp:37900, od:1019 - chunk_composer.go:299
2026/03/17 13:05:11.640930 [22;34mDEBUG[0m chunk:1145,chunk-dur:31, timestamp:37934, od:1020 - chunk_composer.go:299
2026/03/17 13:05:11.675355 [22;34mDEBUG[0m chunk:1146,chunk-dur:35, timestamp:37967, od:1021 - chunk_composer.go:299
2026/03/17 13:05:11.705353 [22;34mDEBUG[0m rd bitrate:0.000000 Mbps - server_session.go:136
2026/03/17 13:05:11.705398 [22;34mDEBUG[0m wr bitrate:0.000000 Mbps - server_session.go:137
2026/03/17 13:05:11.741679 [22;34mDEBUG[0m chunk:1147,chunk-dur:66, timestamp:38000, od:1022 - chunk_composer.go:299
2026/03/17 13:05:11.768760 [22;34mDEBUG[0m chunk:1148,chunk-dur:27, timestamp:38034, od:1023 - chunk_composer.go:299
2026/03/17 13:05:11.775802 [22;34mDEBUG[0m chunk:1149,chunk-dur:7, timestamp:38067, od:1023 - chunk_composer.go:299
2026/03/17 13:05:11.781431 [22;34mDEBUG[0m rd bitrate:8.919489 Mbps - server_session.go:136
2026/03/17 13:05:11.781466 [22;34mDEBUG[0m wr bitrate:0.000000 Mbps - server_session.go:137
2026/03/17 13:05:11.814203 [22;34mDEBUG[0m chunk:1150,chunk-dur:39, timestamp:38100, od:1024 - chunk_composer.go:299
2026/03/17 13:05:11.842332 [22;34mDEBUG[0m chunk:1151,chunk-dur:28, timestamp:38134, od:1025 - chunk_composer.go:299
2026/03/17 13:05:11.883332 [22;34mDEBUG[0m chunk:1152,chunk-dur:41, timestamp:38167, od:1026 - chunk_composer.go:299
2026/03/17 13:05:11.907699 [22;34mDEBUG[0m chunk:1153,chunk-dur:24, timestamp:38200, od:1027 - chunk_composer.go:299
2026/03/17 13:05:11.942471 [22;34mDEBUG[0m chunk:1154,chunk-dur:35, timestamp:38234, od:1028 - chunk_composer.go:299
2026/03/17 13:05:11.975656 [22;34mDEBUG[0m chunk:1155,chunk-dur:33, timestamp:38267, od:1029 - chunk_composer.go:299
2026/03/17 13:05:12.013370 [22;34mDEBUG[0m chunk:1156,chunk-dur:38, timestamp:38300, od:1030 - chunk_composer.go:299
2026/03/17 13:05:12.040762 [22;34mDEBUG[0m chunk:1157,chunk-dur:27, timestamp:38334, od:1031 - chunk_composer.go:299
2026/03/17 13:05:12.072904 [22;34mDEBUG[0m chunk:1158,chunk-dur:32, timestamp:38367, od:1032 - chunk_composer.go:299
2026/03/17 13:05:12.107006 [22;34mDEBUG[0m chunk:1159,chunk-dur:34, timestamp:38400, od:1033 - chunk_composer.go:299
2026/03/17 13:05:12.152879 [22;34mDEBUG[0m chunk:1160,chunk-dur:46, timestamp:38434, od:1034 - chunk_composer.go:299
2026/03/17 13:05:12.175810 [22;34mDEBUG[0m chunk:1161,chunk-dur:23, timestamp:38467, od:1035 - chunk_composer.go:299
2026/03/17 13:05:12.207411 [22;34mDEBUG[0m chunk:1162,chunk-dur:32, timestamp:38500, od:1036 - chunk_composer.go:299
2026/03/17 13:05:12.318975 [22;34mDEBUG[0m chunk:1163,chunk-dur:111, timestamp:38534, od:1037 - chunk_composer.go:299
2026/03/17 13:05:12.327192 [22;34mDEBUG[0m chunk:1164,chunk-dur:9, timestamp:38567, od:1037 - chunk_composer.go:299
2026/03/17 13:05:12.355114 [22;34mDEBUG[0m rd bitrate:0.000000 Mbps - server_session.go:136
2026/03/17 13:05:12.355244 [22;34mDEBUG[0m wr bitrate:7.523317 Mbps - server_session.go:137
2026/03/17 13:05:12.363296 [22;34mDEBUG[0m chunk:1165,chunk-dur:36, timestamp:38600, od:1038 - chunk_composer.go:299
2026/03/17 13:05:12.363331 [22;34mDEBUG[0m chunk:1166,chunk-dur:0, timestamp:38634, od:1038 - chunk_composer.go:299
2026/03/17 13:05:12.379292 [22;34mDEBUG[0m chunk:1167,chunk-dur:16, timestamp:38667, od:1038 - chunk_composer.go:299
2026/03/17 13:05:12.412691 [22;34mDEBUG[0m chunk:1168,chunk-dur:33, timestamp:38700, od:1039 - chunk_composer.go:299
2026/03/17 13:05:12.442889 [22;34mDEBUG[0m chunk:1169,chunk-dur:30, timestamp:38734, od:1040 - chunk_composer.go:299
2026/03/17 13:05:12.475903 [22;34mDEBUG[0m chunk:1170,chunk-dur:33, timestamp:38767, od:1041 - chunk_composer.go:299
2026/03/17 13:05:12.513169 [22;34mDEBUG[0m chunk:1171,chunk-dur:38, timestamp:38800, od:1042 - chunk_composer.go:299
2026/03/17 13:05:12.547620 [22;34mDEBUG[0m chunk:1172,chunk-dur:34, timestamp:38834, od:1043 - chunk_composer.go:299
2026/03/17 13:05:12.579197 [22;34mDEBUG[0m chunk:1173,chunk-dur:32, timestamp:38867, od:1044 - chunk_composer.go:299
2026/03/17 13:05:12.615222 [22;34mDEBUG[0m chunk:1174,chunk-dur:36, timestamp:38900, od:1045 - chunk_composer.go:299
2026/03/17 13:05:12.652945 [22;34mDEBUG[0m chunk:1175,chunk-dur:37, timestamp:38934, od:1046 - chunk_composer.go:299
2026/03/17 13:05:12.679959 [22;34mDEBUG[0m chunk:1176,chunk-dur:27, timestamp:38967, od:1047 - chunk_composer.go:299
2026/03/17 13:05:12.705426 [22;34mDEBUG[0m rd bitrate:0.000000 Mbps - server_session.go:136
2026/03/17 13:05:12.705458 [22;34mDEBUG[0m wr bitrate:0.000000 Mbps - server_session.go:137
2026/03/17 13:05:12.712051 [22;34mDEBUG[0m chunk:1177,chunk-dur:33, timestamp:39000, od:1048 - chunk_composer.go:299
2026/03/17 13:05:12.747163 [22;34mDEBUG[0m chunk:1178,chunk-dur:35, timestamp:39034, od:1049 - chunk_composer.go:299
2026/03/17 13:05:12.784348 [22;34mDEBUG[0m rd bitrate:6.549565 Mbps - server_session.go:136
2026/03/17 13:05:12.784614 [22;34mDEBUG[0m wr bitrate:0.000000 Mbps - server_session.go:137
2026/03/17 13:05:12.788421 [22;34mDEBUG[0m chunk:1179,chunk-dur:41, timestamp:39067, od:1050 - chunk_composer.go:299
2026/03/17 13:05:12.814254 [22;34mDEBUG[0m chunk:1180,chunk-dur:26, timestamp:39100, od:1051 - chunk_composer.go:299
2026/03/17 13:05:12.848346 [22;34mDEBUG[0m chunk:1181,chunk-dur:34, timestamp:39134, od:1052 - chunk_composer.go:299
2026/03/17 13:05:12.879217 [22;34mDEBUG[0m chunk:1182,chunk-dur:31, timestamp:39167, od:1053 - chunk_composer.go:299
2026/03/17 13:05:12.909134 [22;34mDEBUG[0m chunk:1183,chunk-dur:30, timestamp:39200, od:1054 - chunk_composer.go:299
2026/03/17 13:05:12.943081 [22;34mDEBUG[0m chunk:1184,chunk-dur:34, timestamp:39234, od:1055 - chunk_composer.go:299
2026/03/17 13:05:12.980896 [22;34mDEBUG[0m chunk:1185,chunk-dur:37, timestamp:39267, od:1056 - chunk_composer.go:299
2026/03/17 13:05:13.007821 [22;34mDEBUG[0m chunk:1186,chunk-dur:27, timestamp:39300, od:1057 - chunk_composer.go:299
2026/03/17 13:05:13.045810 [22;34mDEBUG[0m chunk:1187,chunk-dur:38, timestamp:39334, od:1058 - chunk_composer.go:299
2026/03/17 13:05:13.077813 [22;34mDEBUG[0m chunk:1188,chunk-dur:32, timestamp:39367, od:1059 - chunk_composer.go:299
2026/03/17 13:05:13.107918 [22;34mDEBUG[0m chunk:1189,chunk-dur:30, timestamp:39400, od:1060 - chunk_composer.go:299
2026/03/17 13:05:13.142036 [22;34mDEBUG[0m chunk:1190,chunk-dur:35, timestamp:39434, od:1061 - chunk_composer.go:299
2026/03/17 13:05:13.180427 [22;34mDEBUG[0m chunk:1191,chunk-dur:38, timestamp:39467, od:1062 - chunk_composer.go:299
2026/03/17 13:05:13.208568 [22;34mDEBUG[0m chunk:1192,chunk-dur:28, timestamp:39500, od:1063 - chunk_composer.go:299
2026/03/17 13:05:13.263873 [22;34mDEBUG[0m chunk:1193,chunk-dur:55, timestamp:39534, od:1064 - chunk_composer.go:299
2026/03/17 13:05:13.276223 [22;34mDEBUG[0m chunk:1194,chunk-dur:13, timestamp:39567, od:1064 - chunk_composer.go:299
2026/03/17 13:05:13.314923 [22;34mDEBUG[0m chunk:1195,chunk-dur:38, timestamp:39600, od:1065 - chunk_composer.go:299
2026/03/17 13:05:13.346851 [22;34mDEBUG[0m chunk:1196,chunk-dur:32, timestamp:39634, od:1066 - chunk_composer.go:299
2026/03/17 13:05:13.355808 [22;34mDEBUG[0m rd bitrate:0.000000 Mbps - server_session.go:136
2026/03/17 13:05:13.355919 [22;34mDEBUG[0m wr bitrate:8.073745 Mbps - server_session.go:137
2026/03/17 13:05:13.380899 [22;34mDEBUG[0m chunk:1197,chunk-dur:34, timestamp:39667, od:1067 - chunk_composer.go:299
2026/03/17 13:05:13.414452 [22;34mDEBUG[0m chunk:1198,chunk-dur:34, timestamp:39700, od:1068 - chunk_composer.go:299
2026/03/17 13:05:13.451544 [22;34mDEBUG[0m chunk:1199,chunk-dur:37, timestamp:39734, od:1069 - chunk_composer.go:299
2026/03/17 13:05:13.476240 [22;34mDEBUG[0m chunk:1200,chunk-dur:25, timestamp:39767, od:1070 - chunk_composer.go:299
2026/03/17 13:05:13.506380 [22;34mDEBUG[0m chunk:1201,chunk-dur:30, timestamp:39800, od:1071 - chunk_composer.go:299
2026/03/17 13:05:13.542088 [22;34mDEBUG[0m chunk:1202,chunk-dur:36, timestamp:39834, od:1072 - chunk_composer.go:299
2026/03/17 13:05:13.585159 [22;34mDEBUG[0m chunk:1203,chunk-dur:43, timestamp:39867, od:1073 - chunk_composer.go:299
2026/03/17 13:05:13.607130 [22;34mDEBUG[0m chunk:1204,chunk-dur:22, timestamp:39900, od:1074 - chunk_composer.go:299
2026/03/17 13:05:13.642964 [22;34mDEBUG[0m chunk:1205,chunk-dur:35, timestamp:39934, od:1075 - chunk_composer.go:299
2026/03/17 13:05:13.675810 [22;34mDEBUG[0m chunk:1206,chunk-dur:33, timestamp:39967, od:1076 - chunk_composer.go:299
2026/03/17 13:05:13.705528 [22;34mDEBUG[0m rd bitrate:0.000000 Mbps - server_session.go:136
2026/03/17 13:05:13.705617 [22;34mDEBUG[0m wr bitrate:0.000000 Mbps - server_session.go:137
2026/03/17 13:05:13.745718 [22;34mDEBUG[0m chunk:1207,chunk-dur:70, timestamp:40000, od:1077 - chunk_composer.go:299
2026/03/17 13:05:13.749858 [22;34mDEBUG[0m chunk:1208,chunk-dur:4, timestamp:40034, od:1077 - chunk_composer.go:299
2026/03/17 13:05:13.778055 [22;34mDEBUG[0m chunk:1209,chunk-dur:29, timestamp:40067, od:1078 - chunk_composer.go:299
2026/03/17 13:05:13.784750 [22;36m INFO[0m mean read bitrate:7.184995 Mbps - server_session.go:143
2026/03/17 13:05:13.784795 [22;36m INFO[0m mean write bitrate:0.000081 Mbps - server_session.go:144
2026/03/17 13:05:13.784812 [22;34mDEBUG[0m rd bitrate:8.817728 Mbps - server_session.go:136
2026/03/17 13:05:13.784824 [22;34mDEBUG[0m wr bitrate:0.000000 Mbps - server_session.go:137
2026/03/17 13:05:13.808649 [22;34mDEBUG[0m chunk:1210,chunk-dur:30, timestamp:40100, od:1079 - chunk_composer.go:299
2026/03/17 13:05:13.842941 [22;34mDEBUG[0m chunk:1211,chunk-dur:34, timestamp:40134, od:1080 - chunk_composer.go:299
2026/03/17 13:05:13.874454 [22;34mDEBUG[0m chunk:1212,chunk-dur:32, timestamp:40167, od:1081 - chunk_composer.go:299
2026/03/17 13:05:13.980955 [22;34mDEBUG[0m chunk:1213,chunk-dur:106, timestamp:40200, od:1082 - chunk_composer.go:299
2026/03/17 13:05:13.998976 [22;34mDEBUG[0m chunk:1214,chunk-dur:18, timestamp:40234, od:1083 - chunk_composer.go:299
2026/03/17 13:05:13.999062 [22;34mDEBUG[0m chunk:1215,chunk-dur:1, timestamp:40267, od:1083 - chunk_composer.go:299
2026/03/17 13:05:14.006811 [22;34mDEBUG[0m chunk:1216,chunk-dur:7, timestamp:40300, od:1083 - chunk_composer.go:299
2026/03/17 13:05:14.044416 [22;34mDEBUG[0m chunk:1217,chunk-dur:38, timestamp:40334, od:1084 - chunk_composer.go:299
2026/03/17 13:05:14.074811 [22;34mDEBUG[0m chunk:1218,chunk-dur:30, timestamp:40367, od:1085 - chunk_composer.go:299
2026/03/17 13:05:14.106566 [22;34mDEBUG[0m chunk:1219,chunk-dur:32, timestamp:40400, od:1086 - chunk_composer.go:299
2026/03/17 13:05:14.141105 [22;34mDEBUG[0m chunk:1220,chunk-dur:35, timestamp:40434, od:1087 - chunk_composer.go:299
2026/03/17 13:05:14.177034 [22;34mDEBUG[0m chunk:1221,chunk-dur:36, timestamp:40467, od:1088 - chunk_composer.go:299
2026/03/17 13:05:14.207926 [22;34mDEBUG[0m chunk:1222,chunk-dur:30, timestamp:40500, od:1089 - chunk_composer.go:299
2026/03/17 13:05:14.239881 [22;34mDEBUG[0m chunk:1223,chunk-dur:32, timestamp:40534, od:1090 - chunk_composer.go:299
2026/03/17 13:05:14.273453 [22;34mDEBUG[0m chunk:1224,chunk-dur:34, timestamp:40567, od:1091 - chunk_composer.go:299
2026/03/17 13:05:14.311616 [22;34mDEBUG[0m chunk:1225,chunk-dur:38, timestamp:40600, od:1092 - chunk_composer.go:299
2026/03/17 13:05:14.343617 [22;34mDEBUG[0m chunk:1226,chunk-dur:32, timestamp:40634, od:1093 - chunk_composer.go:299
2026/03/17 13:05:14.356061 [22;34mDEBUG[0m rd bitrate:0.000000 Mbps - server_session.go:136
2026/03/17 13:05:14.356245 [22;34mDEBUG[0m wr bitrate:7.729002 Mbps - server_session.go:137
2026/03/17 13:05:14.375225 [22;34mDEBUG[0m chunk:1227,chunk-dur:32, timestamp:40667, od:1094 - chunk_composer.go:299
2026/03/17 13:05:14.407334 [22;34mDEBUG[0m chunk:1228,chunk-dur:32, timestamp:40700, od:1095 - chunk_composer.go:299
2026/03/17 13:05:14.443957 [22;34mDEBUG[0m chunk:1229,chunk-dur:36, timestamp:40734, od:1096 - chunk_composer.go:299
2026/03/17 13:05:14.475136 [22;34mDEBUG[0m chunk:1230,chunk-dur:32, timestamp:40767, od:1097 - chunk_composer.go:299
2026/03/17 13:05:14.508674 [22;34mDEBUG[0m chunk:1231,chunk-dur:33, timestamp:40800, od:1098 - chunk_composer.go:299
2026/03/17 13:05:14.542095 [22;34mDEBUG[0m chunk:1232,chunk-dur:34, timestamp:40834, od:1099 - chunk_composer.go:299
2026/03/17 13:05:14.576071 [22;34mDEBUG[0m chunk:1233,chunk-dur:34, timestamp:40867, od:1100 - chunk_composer.go:299
2026/03/17 13:05:14.606931 [22;34mDEBUG[0m chunk:1234,chunk-dur:30, timestamp:40900, od:1101 - chunk_composer.go:299
2026/03/17 13:05:14.641141 [22;34mDEBUG[0m chunk:1235,chunk-dur:35, timestamp:40934, od:1102 - chunk_composer.go:299
2026/03/17 13:05:14.673905 [22;34mDEBUG[0m chunk:1236,chunk-dur:32, timestamp:40967, od:1103 - chunk_composer.go:299
2026/03/17 13:05:14.705692 [22;36m INFO[0m mean read bitrate:0.000004 Mbps - server_session.go:143
2026/03/17 13:05:14.705725 [22;36m INFO[0m mean write bitrate:0.000009 Mbps - server_session.go:144
2026/03/17 13:05:14.705728 [22;34mDEBUG[0m rd bitrate:0.000000 Mbps - server_session.go:136
2026/03/17 13:05:14.705731 [22;34mDEBUG[0m wr bitrate:0.000000 Mbps - server_session.go:137
2026/03/17 13:05:14.712907 [22;34mDEBUG[0m chunk:1237,chunk-dur:39, timestamp:41000, od:1104 - chunk_composer.go:299
2026/03/17 13:05:14.744215 [22;34mDEBUG[0m chunk:1238,chunk-dur:32, timestamp:41034, od:1105 - chunk_composer.go:299
2026/03/17 13:05:14.774403 [22;34mDEBUG[0m chunk:1239,chunk-dur:30, timestamp:41067, od:1106 - chunk_composer.go:299
2026/03/17 13:05:14.785866 [22;34mDEBUG[0m rd bitrate:6.010445 Mbps - server_session.go:136
2026/03/17 13:05:14.785900 [22;34mDEBUG[0m wr bitrate:0.000000 Mbps - server_session.go:137
2026/03/17 13:05:14.807081 [22;34mDEBUG[0m chunk:1240,chunk-dur:33, timestamp:41100, od:1107 - chunk_composer.go:299
2026/03/17 13:05:14.844627 [22;34mDEBUG[0m chunk:1241,chunk-dur:37, timestamp:41134, od:1108 - chunk_composer.go:299
2026/03/17 13:05:14.873896 [22;34mDEBUG[0m chunk:1242,chunk-dur:29, timestamp:41167, od:1109 - chunk_composer.go:299
2026/03/17 13:05:14.909871 [22;34mDEBUG[0m chunk:1243,chunk-dur:36, timestamp:41200, od:1110 - chunk_composer.go:299
2026/03/17 13:05:14.941063 [22;34mDEBUG[0m chunk:1244,chunk-dur:32, timestamp:41234, od:1111 - chunk_composer.go:299
2026/03/17 13:05:14.974905 [22;34mDEBUG[0m chunk:1245,chunk-dur:33, timestamp:41267, od:1112 - chunk_composer.go:299
2026/03/17 13:05:15.008740 [22;34mDEBUG[0m chunk:1246,chunk-dur:34, timestamp:41300, od:1113 - chunk_composer.go:299
2026/03/17 13:05:15.041942 [22;34mDEBUG[0m chunk:1247,chunk-dur:33, timestamp:41334, od:1114 - chunk_composer.go:299
2026/03/17 13:05:15.075406 [22;34mDEBUG[0m chunk:1248,chunk-dur:34, timestamp:41367, od:1115 - chunk_composer.go:299
2026/03/17 13:05:15.109882 [22;34mDEBUG[0m chunk:1249,chunk-dur:34, timestamp:41400, od:1116 - chunk_composer.go:299
2026/03/17 13:05:15.141162 [22;34mDEBUG[0m chunk:1250,chunk-dur:32, timestamp:41434, od:1117 - chunk_composer.go:299
2026/03/17 13:05:15.175252 [22;34mDEBUG[0m chunk:1251,chunk-dur:34, timestamp:41467, od:1118 - chunk_composer.go:299
2026/03/17 13:05:15.208481 [22;34mDEBUG[0m chunk:1252,chunk-dur:33, timestamp:41500, od:1119 - chunk_composer.go:299
2026/03/17 13:05:15.243235 [22;34mDEBUG[0m chunk:1253,chunk-dur:35, timestamp:41534, od:1120 - chunk_composer.go:299
2026/03/17 13:05:15.277331 [22;34mDEBUG[0m chunk:1254,chunk-dur:34, timestamp:41567, od:1121 - chunk_composer.go:299
2026/03/17 13:05:15.307988 [22;34mDEBUG[0m chunk:1255,chunk-dur:30, timestamp:41600, od:1122 - chunk_composer.go:299
2026/03/17 13:05:15.343177 [22;34mDEBUG[0m chunk:1256,chunk-dur:36, timestamp:41634, od:1123 - chunk_composer.go:299
2026/03/17 13:05:15.356521 [22;34mDEBUG[0m rd bitrate:0.000000 Mbps - server_session.go:136
2026/03/17 13:05:15.356547 [22;34mDEBUG[0m wr bitrate:6.942878 Mbps - server_session.go:137
2026/03/17 13:05:15.375628 [22;34mDEBUG[0m chunk:1257,chunk-dur:32, timestamp:41667, od:1124 - chunk_composer.go:299
2026/03/17 13:05:15.408556 [22;34mDEBUG[0m chunk:1258,chunk-dur:33, timestamp:41700, od:1125 - chunk_composer.go:299
2026/03/17 13:05:15.487346 [22;34mDEBUG[0m chunk:1259,chunk-dur:79, timestamp:41734, od:1126 - chunk_composer.go:299
2026/03/17 13:05:15.488660 [22;34mDEBUG[0m chunk:1260,chunk-dur:1, timestamp:41767, od:1126 - chunk_composer.go:299
2026/03/17 13:05:15.509029 [22;34mDEBUG[0m chunk:1261,chunk-dur:21, timestamp:41800, od:1127 - chunk_composer.go:299
2026/03/17 13:05:15.541224 [22;34mDEBUG[0m chunk:1262,chunk-dur:32, timestamp:41834, od:1128 - chunk_composer.go:299
2026/03/17 13:05:15.575868 [22;34mDEBUG[0m chunk:1263,chunk-dur:34, timestamp:41867, od:1129 - chunk_composer.go:299
2026/03/17 13:05:15.609606 [22;34mDEBUG[0m chunk:1264,chunk-dur:34, timestamp:41900, od:1130 - chunk_composer.go:299
2026/03/17 13:05:15.641939 [22;34mDEBUG[0m chunk:1265,chunk-dur:32, timestamp:41934, od:1131 - chunk_composer.go:299
2026/03/17 13:05:15.674288 [22;34mDEBUG[0m chunk:1266,chunk-dur:33, timestamp:41967, od:1132 - chunk_composer.go:299
2026/03/17 13:05:15.706040 [22;34mDEBUG[0m rd bitrate:0.000000 Mbps - server_session.go:136
2026/03/17 13:05:15.706142 [22;34mDEBUG[0m wr bitrate:0.000000 Mbps - server_session.go:137
2026/03/17 13:05:15.718128 [22;34mDEBUG[0m chunk:1267,chunk-dur:44, timestamp:42000, od:1133 - chunk_composer.go:299
2026/03/17 13:05:15.744483 [22;34mDEBUG[0m chunk:1268,chunk-dur:26, timestamp:42034, od:1134 - chunk_composer.go:299
2026/03/17 13:05:15.780062 [22;34mDEBUG[0m chunk:1269,chunk-dur:36, timestamp:42067, od:1135 - chunk_composer.go:299
2026/03/17 13:05:15.786307 [22;34mDEBUG[0m rd bitrate:8.576352 Mbps - server_session.go:136
2026/03/17 13:05:15.786341 [22;34mDEBUG[0m wr bitrate:0.000000 Mbps - server_session.go:137
2026/03/17 13:05:15.808283 [22;34mDEBUG[0m chunk:1270,chunk-dur:28, timestamp:42100, od:1136 - chunk_composer.go:299
2026/03/17 13:05:15.842488 [22;34mDEBUG[0m chunk:1271,chunk-dur:34, timestamp:42134, od:1137 - chunk_composer.go:299
2026/03/17 13:05:15.878796 [22;34mDEBUG[0m chunk:1272,chunk-dur:36, timestamp:42167, od:1138 - chunk_composer.go:299
2026/03/17 13:05:15.907781 [22;34mDEBUG[0m chunk:1273,chunk-dur:29, timestamp:42200, od:1139 - chunk_composer.go:299
2026/03/17 13:05:15.940724 [22;34mDEBUG[0m chunk:1274,chunk-dur:33, timestamp:42234, od:1140 - chunk_composer.go:299
2026/03/17 13:05:15.975950 [22;34mDEBUG[0m chunk:1275,chunk-dur:35, timestamp:42267, od:1141 - chunk_composer.go:299
2026/03/17 13:05:16.010062 [22;34mDEBUG[0m chunk:1276,chunk-dur:35, timestamp:42300, od:1142 - chunk_composer.go:299
2026/03/17 13:05:16.042987 [22;34mDEBUG[0m chunk:1277,chunk-dur:32, timestamp:42334, od:1143 - chunk_composer.go:299
2026/03/17 13:05:16.079387 [22;34mDEBUG[0m chunk:1278,chunk-dur:37, timestamp:42367, od:1144 - chunk_composer.go:299
2026/03/17 13:05:16.111292 [22;34mDEBUG[0m chunk:1279,chunk-dur:32, timestamp:42400, od:1145 - chunk_composer.go:299
2026/03/17 13:05:16.141895 [22;34mDEBUG[0m chunk:1280,chunk-dur:30, timestamp:42434, od:1146 - chunk_composer.go:299
2026/03/17 13:05:16.174806 [22;34mDEBUG[0m chunk:1281,chunk-dur:33, timestamp:42467, od:1147 - chunk_composer.go:299
2026/03/17 13:05:16.211009 [22;34mDEBUG[0m chunk:1282,chunk-dur:37, timestamp:42500, od:1148 - chunk_composer.go:299
2026/03/17 13:05:16.245805 [22;34mDEBUG[0m chunk:1283,chunk-dur:34, timestamp:42534, od:1149 - chunk_composer.go:299
2026/03/17 13:05:16.275134 [22;34mDEBUG[0m chunk:1284,chunk-dur:30, timestamp:42567, od:1150 - chunk_composer.go:299
2026/03/17 13:05:16.311761 [22;34mDEBUG[0m chunk:1285,chunk-dur:36, timestamp:42600, od:1151 - chunk_composer.go:299
2026/03/17 13:05:16.342392 [22;34mDEBUG[0m chunk:1286,chunk-dur:31, timestamp:42634, od:1152 - chunk_composer.go:299
2026/03/17 13:05:16.356891 [22;34mDEBUG[0m rd bitrate:0.000000 Mbps - server_session.go:136
2026/03/17 13:05:16.356941 [22;34mDEBUG[0m wr bitrate:9.262483 Mbps - server_session.go:137
2026/03/17 13:05:16.396244 [22;34mDEBUG[0m chunk:1287,chunk-dur:54, timestamp:42667, od:1153 - chunk_composer.go:299
2026/03/17 13:05:16.412438 [22;34mDEBUG[0m chunk:1288,chunk-dur:16, timestamp:42700, od:1153 - chunk_composer.go:299
2026/03/17 13:05:16.442250 [22;34mDEBUG[0m chunk:1289,chunk-dur:30, timestamp:42734, od:1154 - chunk_composer.go:299
2026/03/17 13:05:16.474791 [22;34mDEBUG[0m chunk:1290,chunk-dur:32, timestamp:42767, od:1155 - chunk_composer.go:299
2026/03/17 13:05:16.509588 [22;34mDEBUG[0m chunk:1291,chunk-dur:35, timestamp:42800, od:1156 - chunk_composer.go:299
2026/03/17 13:05:16.541410 [22;34mDEBUG[0m chunk:1292,chunk-dur:32, timestamp:42834, od:1157 - chunk_composer.go:299
2026/03/17 13:05:16.576736 [22;34mDEBUG[0m chunk:1293,chunk-dur:35, timestamp:42867, od:1158 - chunk_composer.go:299
2026/03/17 13:05:16.607906 [22;34mDEBUG[0m chunk:1294,chunk-dur:31, timestamp:42900, od:1159 - chunk_composer.go:299
2026/03/17 13:05:16.642051 [22;34mDEBUG[0m chunk:1295,chunk-dur:35, timestamp:42934, od:1160 - chunk_composer.go:299
2026/03/17 13:05:16.676594 [22;34mDEBUG[0m chunk:1296,chunk-dur:34, timestamp:42967, od:1161 - chunk_composer.go:299
2026/03/17 13:05:16.706947 [22;34mDEBUG[0m chunk:1297,chunk-dur:30, timestamp:43000, od:1162 - chunk_composer.go:299
2026/03/17 13:05:16.707871 [22;34mDEBUG[0m rd bitrate:0.000000 Mbps - server_session.go:136
2026/03/17 13:05:16.707909 [22;34mDEBUG[0m wr bitrate:0.000000 Mbps - server_session.go:137
2026/03/17 13:05:16.742450 [22;34mDEBUG[0m chunk:1298,chunk-dur:36, timestamp:43034, od:1163 - chunk_composer.go:299
2026/03/17 13:05:16.778176 [22;34mDEBUG[0m chunk:1299,chunk-dur:36, timestamp:43067, od:1164 - chunk_composer.go:299
2026/03/17 13:05:16.786450 [22;34mDEBUG[0m rd bitrate:8.522295 Mbps - server_session.go:136
2026/03/17 13:05:16.786467 [22;34mDEBUG[0m wr bitrate:0.000000 Mbps - server_session.go:137
2026/03/17 13:05:16.807923 [22;34mDEBUG[0m chunk:1300,chunk-dur:29, timestamp:43100, od:1165 - chunk_composer.go:299
2026/03/17 13:05:16.841932 [22;34mDEBUG[0m chunk:1301,chunk-dur:34, timestamp:43134, od:1166 - chunk_composer.go:299
2026/03/17 13:05:16.874833 [22;34mDEBUG[0m chunk:1302,chunk-dur:33, timestamp:43167, od:1167 - chunk_composer.go:299
2026/03/17 13:05:16.909762 [22;34mDEBUG[0m chunk:1303,chunk-dur:35, timestamp:43200, od:1168 - chunk_composer.go:299
2026/03/17 13:05:16.941026 [22;34mDEBUG[0m chunk:1304,chunk-dur:32, timestamp:43234, od:1169 - chunk_composer.go:299
2026/03/17 13:05:16.975098 [22;34mDEBUG[0m chunk:1305,chunk-dur:34, timestamp:43267, od:1170 - chunk_composer.go:299
2026/03/17 13:05:17.006864 [22;34mDEBUG[0m chunk:1306,chunk-dur:31, timestamp:43300, od:1171 - chunk_composer.go:299
2026/03/17 13:05:17.039951 [22;34mDEBUG[0m chunk:1307,chunk-dur:33, timestamp:43334, od:1172 - chunk_composer.go:299
2026/03/17 13:05:17.076358 [22;34mDEBUG[0m chunk:1308,chunk-dur:37, timestamp:43367, od:1173 - chunk_composer.go:299
2026/03/17 13:05:17.110860 [22;34mDEBUG[0m chunk:1309,chunk-dur:34, timestamp:43400, od:1174 - chunk_composer.go:299
2026/03/17 13:05:17.142051 [22;34mDEBUG[0m chunk:1310,chunk-dur:32, timestamp:43434, od:1175 - chunk_composer.go:299
2026/03/17 13:05:17.180635 [22;34mDEBUG[0m chunk:1311,chunk-dur:38, timestamp:43467, od:1176 - chunk_composer.go:299
2026/03/17 13:05:17.208553 [22;34mDEBUG[0m chunk:1312,chunk-dur:28, timestamp:43500, od:1177 - chunk_composer.go:299
2026/03/17 13:05:17.240741 [22;34mDEBUG[0m chunk:1313,chunk-dur:32, timestamp:43534, od:1178 - chunk_composer.go:299
2026/03/17 13:05:17.327795 [22;34mDEBUG[0m chunk:1314,chunk-dur:87, timestamp:43567, od:1179 - chunk_composer.go:299
2026/03/17 13:05:17.353773 [22;34mDEBUG[0m chunk:1315,chunk-dur:26, timestamp:43600, od:1180 - chunk_composer.go:299
2026/03/17 13:05:17.359049 [22;34mDEBUG[0m rd bitrate:0.000000 Mbps - server_session.go:136
2026/03/17 13:05:17.359090 [22;34mDEBUG[0m wr bitrate:6.936027 Mbps - server_session.go:137
2026/03/17 13:05:17.360092 [22;34mDEBUG[0m chunk:1316,chunk-dur:7, timestamp:43634, od:1180 - chunk_composer.go:299
2026/03/17 13:05:17.380429 [22;34mDEBUG[0m chunk:1317,chunk-dur:20, timestamp:43667, od:1181 - chunk_composer.go:299
2026/03/17 13:05:17.407748 [22;34mDEBUG[0m chunk:1318,chunk-dur:27, timestamp:43700, od:1182 - chunk_composer.go:299
2026/03/17 13:05:17.448293 [22;34mDEBUG[0m chunk:1319,chunk-dur:41, timestamp:43734, od:1183 - chunk_composer.go:299
2026/03/17 13:05:17.476475 [22;34mDEBUG[0m chunk:1320,chunk-dur:28, timestamp:43767, od:1184 - chunk_composer.go:299
2026/03/17 13:05:17.508210 [22;34mDEBUG[0m chunk:1321,chunk-dur:32, timestamp:43800, od:1185 - chunk_composer.go:299
2026/03/17 13:05:17.541836 [22;34mDEBUG[0m chunk:1322,chunk-dur:33, timestamp:43834, od:1186 - chunk_composer.go:299
2026/03/17 13:05:17.575807 [22;34mDEBUG[0m chunk:1323,chunk-dur:34, timestamp:43867, od:1187 - chunk_composer.go:299
2026/03/17 13:05:17.610836 [22;34mDEBUG[0m chunk:1324,chunk-dur:35, timestamp:43900, od:1188 - chunk_composer.go:299
2026/03/17 13:05:17.642443 [22;34mDEBUG[0m chunk:1325,chunk-dur:32, timestamp:43934, od:1189 - chunk_composer.go:299
2026/03/17 13:05:17.675250 [22;34mDEBUG[0m chunk:1326,chunk-dur:33, timestamp:43967, od:1190 - chunk_composer.go:299
2026/03/17 13:05:17.708027 [22;34mDEBUG[0m rd bitrate:0.000000 Mbps - server_session.go:136
2026/03/17 13:05:17.708062 [22;34mDEBUG[0m wr bitrate:0.000000 Mbps - server_session.go:137
2026/03/17 13:05:17.716202 [22;34mDEBUG[0m chunk:1327,chunk-dur:41, timestamp:44000, od:1191 - chunk_composer.go:299
2026/03/17 13:05:17.745930 [22;34mDEBUG[0m chunk:1328,chunk-dur:29, timestamp:44034, od:1192 - chunk_composer.go:299
2026/03/17 13:05:17.776071 [22;34mDEBUG[0m chunk:1329,chunk-dur:31, timestamp:44067, od:1193 - chunk_composer.go:299
2026/03/17 13:05:17.786742 [22;34mDEBUG[0m rd bitrate:9.438321 Mbps - server_session.go:136
2026/03/17 13:05:17.786779 [22;34mDEBUG[0m wr bitrate:0.000000 Mbps - server_session.go:137
2026/03/17 13:05:17.809704 [22;34mDEBUG[0m chunk:1330,chunk-dur:33, timestamp:44100, od:1194 - chunk_composer.go:299
2026/03/17 13:05:17.841824 [22;34mDEBUG[0m chunk:1331,chunk-dur:32, timestamp:44134, od:1195 - chunk_composer.go:299
2026/03/17 13:05:17.878191 [22;34mDEBUG[0m chunk:1332,chunk-dur:37, timestamp:44167, od:1196 - chunk_composer.go:299
2026/03/17 13:05:17.908606 [22;34mDEBUG[0m chunk:1333,chunk-dur:30, timestamp:44200, od:1197 - chunk_composer.go:299
2026/03/17 13:05:17.942209 [22;34mDEBUG[0m chunk:1334,chunk-dur:34, timestamp:44234, od:1198 - chunk_composer.go:299
2026/03/17 13:05:17.973845 [22;34mDEBUG[0m chunk:1335,chunk-dur:31, timestamp:44267, od:1199 - chunk_composer.go:299
2026/03/17 13:05:18.016381 [22;34mDEBUG[0m chunk:1336,chunk-dur:43, timestamp:44300, od:1200 - chunk_composer.go:299
2026/03/17 13:05:18.041149 [22;34mDEBUG[0m chunk:1337,chunk-dur:25, timestamp:44334, od:1201 - chunk_composer.go:299
2026/03/17 13:05:18.075416 [22;34mDEBUG[0m chunk:1338,chunk-dur:34, timestamp:44367, od:1202 - chunk_composer.go:299
2026/03/17 13:05:18.111028 [22;34mDEBUG[0m chunk:1339,chunk-dur:36, timestamp:44400, od:1203 - chunk_composer.go:299
2026/03/17 13:05:18.141957 [22;34mDEBUG[0m chunk:1340,chunk-dur:30, timestamp:44434, od:1204 - chunk_composer.go:299
2026/03/17 13:05:18.181849 [22;34mDEBUG[0m chunk:1341,chunk-dur:40, timestamp:44467, od:1205 - chunk_composer.go:299
2026/03/17 13:05:18.207847 [22;34mDEBUG[0m chunk:1342,chunk-dur:26, timestamp:44500, od:1206 - chunk_composer.go:299
2026/03/17 13:05:18.241793 [22;34mDEBUG[0m chunk:1343,chunk-dur:34, timestamp:44534, od:1207 - chunk_composer.go:299
2026/03/17 13:05:18.277393 [22;34mDEBUG[0m chunk:1344,chunk-dur:36, timestamp:44567, od:1208 - chunk_composer.go:299
2026/03/17 13:05:18.307722 [22;34mDEBUG[0m chunk:1345,chunk-dur:30, timestamp:44600, od:1209 - chunk_composer.go:299
2026/03/17 13:05:18.341644 [22;34mDEBUG[0m chunk:1346,chunk-dur:34, timestamp:44634, od:1210 - chunk_composer.go:299
2026/03/17 13:05:18.359744 [22;34mDEBUG[0m rd bitrate:0.000000 Mbps - server_session.go:136
2026/03/17 13:05:18.359788 [22;34mDEBUG[0m wr bitrate:9.453473 Mbps - server_session.go:137
2026/03/17 13:05:18.381180 [22;34mDEBUG[0m chunk:1347,chunk-dur:40, timestamp:44667, od:1211 - chunk_composer.go:299
2026/03/17 13:05:18.407387 [22;34mDEBUG[0m chunk:1348,chunk-dur:26, timestamp:44700, od:1212 - chunk_composer.go:299
2026/03/17 13:05:18.444034 [22;34mDEBUG[0m chunk:1349,chunk-dur:37, timestamp:44734, od:1213 - chunk_composer.go:299
2026/03/17 13:05:18.474341 [22;34mDEBUG[0m chunk:1350,chunk-dur:30, timestamp:44767, od:1214 - chunk_composer.go:299
2026/03/17 13:05:18.509273 [22;34mDEBUG[0m chunk:1351,chunk-dur:35, timestamp:44800, od:1215 - chunk_composer.go:299
2026/03/17 13:05:18.541462 [22;34mDEBUG[0m chunk:1352,chunk-dur:32, timestamp:44834, od:1216 - chunk_composer.go:299
2026/03/17 13:05:18.579060 [22;34mDEBUG[0m chunk:1353,chunk-dur:38, timestamp:44867, od:1217 - chunk_composer.go:299
2026/03/17 13:05:18.608432 [22;34mDEBUG[0m chunk:1354,chunk-dur:29, timestamp:44900, od:1218 - chunk_composer.go:299
2026/03/17 13:05:18.641747 [22;34mDEBUG[0m chunk:1355,chunk-dur:33, timestamp:44934, od:1219 - chunk_composer.go:299
2026/03/17 13:05:18.680362 [22;34mDEBUG[0m chunk:1356,chunk-dur:39, timestamp:44967, od:1220 - chunk_composer.go:299
2026/03/17 13:05:18.707226 [22;34mDEBUG[0m chunk:1357,chunk-dur:27, timestamp:45000, od:1221 - chunk_composer.go:299
2026/03/17 13:05:18.708095 [22;34mDEBUG[0m rd bitrate:0.000000 Mbps - server_session.go:136
2026/03/17 13:05:18.708109 [22;34mDEBUG[0m wr bitrate:0.000000 Mbps - server_session.go:137
2026/03/17 13:05:18.742313 [22;34mDEBUG[0m chunk:1358,chunk-dur:35, timestamp:45034, od:1222 - chunk_composer.go:299
2026/03/17 13:05:18.781433 [22;34mDEBUG[0m chunk:1359,chunk-dur:39, timestamp:45067, od:1223 - chunk_composer.go:299
2026/03/17 13:05:18.786796 [22;34mDEBUG[0m rd bitrate:6.843017 Mbps - server_session.go:136
2026/03/17 13:05:18.786811 [22;34mDEBUG[0m wr bitrate:0.000000 Mbps - server_session.go:137
2026/03/17 13:05:18.808973 [22;34mDEBUG[0m chunk:1360,chunk-dur:27, timestamp:45100, od:1224 - chunk_composer.go:299
2026/03/17 13:05:18.842046 [22;34mDEBUG[0m chunk:1361,chunk-dur:34, timestamp:45134, od:1225 - chunk_composer.go:299
2026/03/17 13:05:18.875875 [22;34mDEBUG[0m chunk:1362,chunk-dur:33, timestamp:45167, od:1226 - chunk_composer.go:299
2026/03/17 13:05:18.912345 [22;34mDEBUG[0m chunk:1363,chunk-dur:37, timestamp:45200, od:1227 - chunk_composer.go:299
2026/03/17 13:05:18.941389 [22;34mDEBUG[0m chunk:1364,chunk-dur:29, timestamp:45234, od:1228 - chunk_composer.go:299
2026/03/17 13:05:18.979834 [22;34mDEBUG[0m chunk:1365,chunk-dur:38, timestamp:45267, od:1229 - chunk_composer.go:299
2026/03/17 13:05:19.008535 [22;34mDEBUG[0m chunk:1366,chunk-dur:29, timestamp:45300, od:1230 - chunk_composer.go:299
2026/03/17 13:05:19.045845 [22;34mDEBUG[0m chunk:1367,chunk-dur:37, timestamp:45334, od:1231 - chunk_composer.go:299
2026/03/17 13:05:19.075833 [22;34mDEBUG[0m chunk:1368,chunk-dur:30, timestamp:45367, od:1232 - chunk_composer.go:299
2026/03/17 13:05:19.108412 [22;34mDEBUG[0m chunk:1369,chunk-dur:33, timestamp:45400, od:1233 - chunk_composer.go:299
2026/03/17 13:05:19.145107 [22;34mDEBUG[0m chunk:1370,chunk-dur:37, timestamp:45434, od:1234 - chunk_composer.go:299
2026/03/17 13:05:19.173637 [22;34mDEBUG[0m chunk:1371,chunk-dur:28, timestamp:45467, od:1235 - chunk_composer.go:299
2026/03/17 13:05:19.207239 [22;34mDEBUG[0m chunk:1372,chunk-dur:34, timestamp:45500, od:1236 - chunk_composer.go:299
2026/03/17 13:05:19.246364 [22;34mDEBUG[0m chunk:1373,chunk-dur:39, timestamp:45534, od:1237 - chunk_composer.go:299
2026/03/17 13:05:19.274841 [22;34mDEBUG[0m chunk:1374,chunk-dur:28, timestamp:45567, od:1238 - chunk_composer.go:299
2026/03/17 13:05:19.307084 [22;34mDEBUG[0m chunk:1375,chunk-dur:33, timestamp:45600, od:1239 - chunk_composer.go:299
2026/03/17 13:05:19.341483 [22;34mDEBUG[0m chunk:1376,chunk-dur:34, timestamp:45634, od:1240 - chunk_composer.go:299
2026/03/17 13:05:19.359834 [22;34mDEBUG[0m rd bitrate:0.000000 Mbps - server_session.go:136
2026/03/17 13:05:19.359886 [22;34mDEBUG[0m wr bitrate:6.804638 Mbps - server_session.go:137
2026/03/17 13:05:19.382429 [22;34mDEBUG[0m chunk:1377,chunk-dur:41, timestamp:45667, od:1241 - chunk_composer.go:299
2026/03/17 13:05:19.411797 [22;34mDEBUG[0m chunk:1378,chunk-dur:29, timestamp:45700, od:1242 - chunk_composer.go:299
2026/03/17 13:05:19.453855 [22;34mDEBUG[0m chunk:1379,chunk-dur:42, timestamp:45734, od:1243 - chunk_composer.go:299
2026/03/17 13:05:19.475771 [22;34mDEBUG[0m chunk:1380,chunk-dur:22, timestamp:45767, od:1244 - chunk_composer.go:299
2026/03/17 13:05:19.510092 [22;34mDEBUG[0m chunk:1381,chunk-dur:35, timestamp:45800, od:1245 - chunk_composer.go:299
2026/03/17 13:05:19.606712 [22;34mDEBUG[0m chunk:1382,chunk-dur:96, timestamp:45834, od:1246 - chunk_composer.go:299
2026/03/17 13:05:19.608985 [22;34mDEBUG[0m chunk:1383,chunk-dur:2, timestamp:45867, od:1246 - chunk_composer.go:299
2026/03/17 13:05:19.612041 [22;34mDEBUG[0m chunk:1384,chunk-dur:4, timestamp:45900, od:1246 - chunk_composer.go:299
2026/03/17 13:05:19.642561 [22;34mDEBUG[0m chunk:1385,chunk-dur:30, timestamp:45934, od:1247 - chunk_composer.go:299
2026/03/17 13:05:19.677460 [22;34mDEBUG[0m chunk:1386,chunk-dur:35, timestamp:45967, od:1248 - chunk_composer.go:299
2026/03/17 13:05:19.708822 [22;34mDEBUG[0m rd bitrate:0.000000 Mbps - server_session.go:136
2026/03/17 13:05:19.708852 [22;34mDEBUG[0m wr bitrate:0.000000 Mbps - server_session.go:137
2026/03/17 13:05:19.726578 [22;34mDEBUG[0m chunk:1387,chunk-dur:49, timestamp:46000, od:1249 - chunk_composer.go:299
2026/03/17 13:05:19.746730 [22;34mDEBUG[0m chunk:1388,chunk-dur:20, timestamp:46034, od:1250 - chunk_composer.go:299
2026/03/17 13:05:19.774292 [22;34mDEBUG[0m chunk:1389,chunk-dur:28, timestamp:46067, od:1251 - chunk_composer.go:299
2026/03/17 13:05:19.787040 [22;34mDEBUG[0m rd bitrate:8.532258 Mbps - server_session.go:136
2026/03/17 13:05:19.787073 [22;34mDEBUG[0m wr bitrate:0.000000 Mbps - server_session.go:137
2026/03/17 13:05:19.812423 [22;34mDEBUG[0m chunk:1390,chunk-dur:38, timestamp:46100, od:1252 - chunk_composer.go:299
2026/03/17 13:05:19.843169 [22;34mDEBUG[0m chunk:1391,chunk-dur:31, timestamp:46134, od:1253 - chunk_composer.go:299
2026/03/17 13:05:19.874220 [22;34mDEBUG[0m chunk:1392,chunk-dur:31, timestamp:46167, od:1254 - chunk_composer.go:299
2026/03/17 13:05:19.911467 [22;34mDEBUG[0m chunk:1393,chunk-dur:37, timestamp:46200, od:1255 - chunk_composer.go:299
2026/03/17 13:05:19.941368 [22;34mDEBUG[0m chunk:1394,chunk-dur:30, timestamp:46234, od:1256 - chunk_composer.go:299
2026/03/17 13:05:19.991010 [22;34mDEBUG[0m chunk:1395,chunk-dur:49, timestamp:46267, od:1257 - chunk_composer.go:299
2026/03/17 13:05:20.016601 [22;34mDEBUG[0m chunk:1396,chunk-dur:26, timestamp:46300, od:1258 - chunk_composer.go:299
2026/03/17 13:05:20.041105 [22;34mDEBUG[0m chunk:1397,chunk-dur:25, timestamp:46334, od:1259 - chunk_composer.go:299
2026/03/17 13:05:20.079963 [22;34mDEBUG[0m chunk:1398,chunk-dur:38, timestamp:46367, od:1260 - chunk_composer.go:299
2026/03/17 13:05:20.106031 [22;34mDEBUG[0m chunk:1399,chunk-dur:27, timestamp:46400, od:1261 - chunk_composer.go:299
2026/03/17 13:05:20.147213 [22;34mDEBUG[0m chunk:1400,chunk-dur:41, timestamp:46434, od:1262 - chunk_composer.go:299
2026/03/17 13:05:20.174419 [22;34mDEBUG[0m chunk:1401,chunk-dur:27, timestamp:46467, od:1263 - chunk_composer.go:299
2026/03/17 13:05:20.239332 [22;34mDEBUG[0m chunk:1402,chunk-dur:65, timestamp:46500, od:1264 - chunk_composer.go:299
2026/03/17 13:05:20.253161 [22;34mDEBUG[0m chunk:1403,chunk-dur:14, timestamp:46534, od:1264 - chunk_composer.go:299
2026/03/17 13:05:20.274850 [22;34mDEBUG[0m chunk:1404,chunk-dur:21, timestamp:46567, od:1265 - chunk_composer.go:299
2026/03/17 13:05:20.307915 [22;34mDEBUG[0m chunk:1405,chunk-dur:33, timestamp:46600, od:1266 - chunk_composer.go:299
2026/03/17 13:05:20.346768 [22;34mDEBUG[0m chunk:1406,chunk-dur:39, timestamp:46634, od:1267 - chunk_composer.go:299
2026/03/17 13:05:20.360671 [22;34mDEBUG[0m rd bitrate:0.000000 Mbps - server_session.go:136
2026/03/17 13:05:20.360720 [22;34mDEBUG[0m wr bitrate:8.855140 Mbps - server_session.go:137
2026/03/17 13:05:20.375638 [22;34mDEBUG[0m chunk:1407,chunk-dur:29, timestamp:46667, od:1268 - chunk_composer.go:299
2026/03/17 13:05:20.407670 [22;34mDEBUG[0m chunk:1408,chunk-dur:32, timestamp:46700, od:1269 - chunk_composer.go:299
2026/03/17 13:05:20.447000 [22;34mDEBUG[0m chunk:1409,chunk-dur:39, timestamp:46734, od:1270 - chunk_composer.go:299
2026/03/17 13:05:20.475407 [22;34mDEBUG[0m chunk:1410,chunk-dur:29, timestamp:46767, od:1271 - chunk_composer.go:299
2026/03/17 13:05:20.507891 [22;34mDEBUG[0m chunk:1411,chunk-dur:32, timestamp:46800, od:1272 - chunk_composer.go:299
2026/03/17 13:05:20.544910 [22;34mDEBUG[0m chunk:1412,chunk-dur:37, timestamp:46834, od:1273 - chunk_composer.go:299
2026/03/17 13:05:20.574404 [22;34mDEBUG[0m chunk:1413,chunk-dur:30, timestamp:46867, od:1274 - chunk_composer.go:299
2026/03/17 13:05:20.607422 [22;34mDEBUG[0m chunk:1414,chunk-dur:33, timestamp:46900, od:1275 - chunk_composer.go:299
2026/03/17 13:05:20.644184 [22;34mDEBUG[0m chunk:1415,chunk-dur:37, timestamp:46934, od:1276 - chunk_composer.go:299
2026/03/17 13:05:20.674139 [22;34mDEBUG[0m chunk:1416,chunk-dur:30, timestamp:46967, od:1277 - chunk_composer.go:299
2026/03/17 13:05:20.707835 [22;34mDEBUG[0m chunk:1417,chunk-dur:33, timestamp:47000, od:1278 - chunk_composer.go:299
2026/03/17 13:05:20.709744 [22;34mDEBUG[0m rd bitrate:0.000000 Mbps - server_session.go:136
2026/03/17 13:05:20.709773 [22;34mDEBUG[0m wr bitrate:0.000000 Mbps - server_session.go:137
2026/03/17 13:05:20.741372 [22;34mDEBUG[0m chunk:1418,chunk-dur:34, timestamp:47034, od:1279 - chunk_composer.go:299
2026/03/17 13:05:20.778021 [22;34mDEBUG[0m chunk:1419,chunk-dur:36, timestamp:47067, od:1280 - chunk_composer.go:299
2026/03/17 13:05:20.788086 [22;34mDEBUG[0m rd bitrate:6.397482 Mbps - server_session.go:136
2026/03/17 13:05:20.788150 [22;34mDEBUG[0m wr bitrate:0.000000 Mbps - server_session.go:137
2026/03/17 13:05:20.807775 [22;34mDEBUG[0m chunk:1420,chunk-dur:30, timestamp:47100, od:1281 - chunk_composer.go:299
2026/03/17 13:05:20.840615 [22;34mDEBUG[0m chunk:1421,chunk-dur:33, timestamp:47134, od:1282 - chunk_composer.go:299
2026/03/17 13:05:20.879154 [22;34mDEBUG[0m chunk:1422,chunk-dur:39, timestamp:47167, od:1283 - chunk_composer.go:299
2026/03/17 13:05:20.908280 [22;34mDEBUG[0m chunk:1423,chunk-dur:29, timestamp:47200, od:1284 - chunk_composer.go:299
2026/03/17 13:05:20.945525 [22;34mDEBUG[0m chunk:1424,chunk-dur:37, timestamp:47234, od:1285 - chunk_composer.go:299
2026/03/17 13:05:20.974796 [22;34mDEBUG[0m chunk:1425,chunk-dur:29, timestamp:47267, od:1286 - chunk_composer.go:299
2026/03/17 13:05:21.012967 [22;34mDEBUG[0m chunk:1426,chunk-dur:38, timestamp:47300, od:1287 - chunk_composer.go:299
2026/03/17 13:05:21.042481 [22;34mDEBUG[0m chunk:1427,chunk-dur:30, timestamp:47334, od:1288 - chunk_composer.go:299
2026/03/17 13:05:21.072940 [22;34mDEBUG[0m chunk:1428,chunk-dur:30, timestamp:47367, od:1289 - chunk_composer.go:299
2026/03/17 13:05:21.107447 [22;34mDEBUG[0m chunk:1429,chunk-dur:35, timestamp:47400, od:1290 - chunk_composer.go:299
2026/03/17 13:05:21.145391 [22;34mDEBUG[0m chunk:1430,chunk-dur:38, timestamp:47434, od:1291 - chunk_composer.go:299
2026/03/17 13:05:21.174079 [22;34mDEBUG[0m chunk:1431,chunk-dur:29, timestamp:47467, od:1292 - chunk_composer.go:299
2026/03/17 13:05:21.206446 [22;34mDEBUG[0m chunk:1432,chunk-dur:32, timestamp:47500, od:1293 - chunk_composer.go:299
2026/03/17 13:05:21.244959 [22;34mDEBUG[0m chunk:1433,chunk-dur:38, timestamp:47534, od:1294 - chunk_composer.go:299
2026/03/17 13:05:21.281253 [22;34mDEBUG[0m chunk:1434,chunk-dur:37, timestamp:47567, od:1295 - chunk_composer.go:299
2026/03/17 13:05:21.307648 [22;34mDEBUG[0m chunk:1435,chunk-dur:26, timestamp:47600, od:1296 - chunk_composer.go:299
2026/03/17 13:05:21.342333 [22;34mDEBUG[0m chunk:1436,chunk-dur:35, timestamp:47634, od:1297 - chunk_composer.go:299
2026/03/17 13:05:21.363022 [22;36m INFO[0m mean read bitrate:0.000028 Mbps - server_session.go:143
2026/03/17 13:05:21.363068 [22;36m INFO[0m mean write bitrate:5.798432 Mbps - server_session.go:144
2026/03/17 13:05:21.363073 [22;34mDEBUG[0m rd bitrate:0.000000 Mbps - server_session.go:136
2026/03/17 13:05:21.363075 [22;34mDEBUG[0m wr bitrate:6.108372 Mbps - server_session.go:137
2026/03/17 13:05:21.374155 [22;34mDEBUG[0m chunk:1437,chunk-dur:32, timestamp:47667, od:1298 - chunk_composer.go:299
2026/03/17 13:05:21.410975 [22;34mDEBUG[0m chunk:1438,chunk-dur:36, timestamp:47700, od:1299 - chunk_composer.go:299
2026/03/17 13:05:21.442801 [22;34mDEBUG[0m chunk:1439,chunk-dur:32, timestamp:47734, od:1300 - chunk_composer.go:299
2026/03/17 13:05:21.474456 [22;34mDEBUG[0m chunk:1440,chunk-dur:32, timestamp:47767, od:1301 - chunk_composer.go:299
2026/03/17 13:05:21.509716 [22;34mDEBUG[0m chunk:1441,chunk-dur:35, timestamp:47800, od:1302 - chunk_composer.go:299
2026/03/17 13:05:21.547402 [22;34mDEBUG[0m chunk:1442,chunk-dur:38, timestamp:47834, od:1303 - chunk_composer.go:299
2026/03/17 13:05:21.576396 [22;34mDEBUG[0m chunk:1443,chunk-dur:29, timestamp:47867, od:1304 - chunk_composer.go:299
2026/03/17 13:05:21.606995 [22;34mDEBUG[0m chunk:1444,chunk-dur:30, timestamp:47900, od:1305 - chunk_composer.go:299
2026/03/17 13:05:21.644625 [22;34mDEBUG[0m chunk:1445,chunk-dur:38, timestamp:47934, od:1306 - chunk_composer.go:299
2026/03/17 13:05:21.674766 [22;34mDEBUG[0m chunk:1446,chunk-dur:30, timestamp:47967, od:1307 - chunk_composer.go:299
2026/03/17 13:05:21.710395 [22;34mDEBUG[0m rd bitrate:0.000000 Mbps - server_session.go:136
2026/03/17 13:05:21.710437 [22;34mDEBUG[0m wr bitrate:0.000000 Mbps - server_session.go:137
2026/03/17 13:05:21.729432 [22;34mDEBUG[0m chunk:1447,chunk-dur:55, timestamp:48000, od:1308 - chunk_composer.go:299
2026/03/17 13:05:21.753776 [22;34mDEBUG[0m chunk:1448,chunk-dur:24, timestamp:48034, od:1309 - chunk_composer.go:299
2026/03/17 13:05:21.778706 [22;34mDEBUG[0m chunk:1449,chunk-dur:25, timestamp:48067, od:1310 - chunk_composer.go:299
2026/03/17 13:05:21.801177 [22;34mDEBUG[0m rd bitrate:8.301449 Mbps - server_session.go:136
2026/03/17 13:05:21.801269 [22;34mDEBUG[0m wr bitrate:0.000000 Mbps - server_session.go:137
2026/03/17 13:05:21.813482 [22;34mDEBUG[0m chunk:1450,chunk-dur:35, timestamp:48100, od:1311 - chunk_composer.go:299
2026/03/17 13:05:21.841166 [22;34mDEBUG[0m chunk:1451,chunk-dur:28, timestamp:48134, od:1312 - chunk_composer.go:299
2026/03/17 13:05:21.878385 [22;34mDEBUG[0m chunk:1452,chunk-dur:37, timestamp:48167, od:1313 - chunk_composer.go:299
2026/03/17 13:05:21.907287 [22;34mDEBUG[0m chunk:1453,chunk-dur:29, timestamp:48200, od:1314 - chunk_composer.go:299
2026/03/17 13:05:21.941707 [22;34mDEBUG[0m chunk:1454,chunk-dur:34, timestamp:48234, od:1315 - chunk_composer.go:299
2026/03/17 13:05:21.975243 [22;34mDEBUG[0m chunk:1455,chunk-dur:34, timestamp:48267, od:1316 - chunk_composer.go:299
2026/03/17 13:05:22.010145 [22;34mDEBUG[0m chunk:1456,chunk-dur:35, timestamp:48300, od:1317 - chunk_composer.go:299
2026/03/17 13:05:22.041065 [22;34mDEBUG[0m chunk:1457,chunk-dur:31, timestamp:48334, od:1318 - chunk_composer.go:299
2026/03/17 13:05:22.079458 [22;34mDEBUG[0m chunk:1458,chunk-dur:38, timestamp:48367, od:1319 - chunk_composer.go:299
2026/03/17 13:05:22.107015 [22;34mDEBUG[0m chunk:1459,chunk-dur:28, timestamp:48400, od:1320 - chunk_composer.go:299
2026/03/17 13:05:22.145479 [22;34mDEBUG[0m chunk:1460,chunk-dur:38, timestamp:48434, od:1321 - chunk_composer.go:299
2026/03/17 13:05:22.174797 [22;34mDEBUG[0m chunk:1461,chunk-dur:29, timestamp:48467, od:1322 - chunk_composer.go:299
2026/03/17 13:05:22.207029 [22;34mDEBUG[0m chunk:1462,chunk-dur:33, timestamp:48500, od:1323 - chunk_composer.go:299
2026/03/17 13:05:22.240873 [22;34mDEBUG[0m chunk:1463,chunk-dur:33, timestamp:48534, od:1324 - chunk_composer.go:299
2026/03/17 13:05:22.278360 [22;34mDEBUG[0m chunk:1464,chunk-dur:38, timestamp:48567, od:1325 - chunk_composer.go:299
2026/03/17 13:05:22.307038 [22;34mDEBUG[0m chunk:1465,chunk-dur:29, timestamp:48600, od:1326 - chunk_composer.go:299
2026/03/17 13:05:22.342837 [22;34mDEBUG[0m chunk:1466,chunk-dur:35, timestamp:48634, od:1327 - chunk_composer.go:299
2026/03/17 13:05:22.364138 [22;34mDEBUG[0m rd bitrate:0.000000 Mbps - server_session.go:136
2026/03/17 13:05:22.364202 [22;34mDEBUG[0m wr bitrate:8.564605 Mbps - server_session.go:137
2026/03/17 13:05:22.375130 [22;34mDEBUG[0m chunk:1467,chunk-dur:33, timestamp:48667, od:1328 - chunk_composer.go:299
2026/03/17 13:05:22.407290 [22;34mDEBUG[0m chunk:1468,chunk-dur:32, timestamp:48700, od:1329 - chunk_composer.go:299
2026/03/17 13:05:22.441077 [22;34mDEBUG[0m chunk:1469,chunk-dur:34, timestamp:48734, od:1330 - chunk_composer.go:299
2026/03/17 13:05:22.495597 [22;34mDEBUG[0m chunk:1470,chunk-dur:54, timestamp:48767, od:1331 - chunk_composer.go:299
2026/03/17 13:05:22.512736 [22;34mDEBUG[0m chunk:1471,chunk-dur:17, timestamp:48800, od:1332 - chunk_composer.go:299
2026/03/17 13:05:22.540792 [22;34mDEBUG[0m chunk:1472,chunk-dur:28, timestamp:48834, od:1333 - chunk_composer.go:299
2026/03/17 13:05:22.574329 [22;34mDEBUG[0m chunk:1473,chunk-dur:34, timestamp:48867, od:1334 - chunk_composer.go:299
2026/03/17 13:05:22.610977 [22;34mDEBUG[0m chunk:1474,chunk-dur:36, timestamp:48900, od:1335 - chunk_composer.go:299
2026/03/17 13:05:22.640591 [22;34mDEBUG[0m chunk:1475,chunk-dur:30, timestamp:48934, od:1336 - chunk_composer.go:299
2026/03/17 13:05:22.677002 [22;34mDEBUG[0m chunk:1476,chunk-dur:36, timestamp:48967, od:1337 - chunk_composer.go:299
2026/03/17 13:05:22.707370 [22;34mDEBUG[0m chunk:1477,chunk-dur:31, timestamp:49000, od:1338 - chunk_composer.go:299
2026/03/17 13:05:22.711356 [22;34mDEBUG[0m rd bitrate:0.000000 Mbps - server_session.go:136
2026/03/17 13:05:22.711384 [22;34mDEBUG[0m wr bitrate:0.000000 Mbps - server_session.go:137
2026/03/17 13:05:22.745591 [22;34mDEBUG[0m chunk:1478,chunk-dur:38, timestamp:49034, od:1339 - chunk_composer.go:299
2026/03/17 13:05:22.774388 [22;34mDEBUG[0m chunk:1479,chunk-dur:29, timestamp:49067, od:1340 - chunk_composer.go:299
2026/03/17 13:05:22.801977 [22;34mDEBUG[0m rd bitrate:6.054657 Mbps - server_session.go:136
2026/03/17 13:05:22.802020 [22;34mDEBUG[0m wr bitrate:0.000000 Mbps - server_session.go:137
2026/03/17 13:05:22.807597 [22;34mDEBUG[0m chunk:1480,chunk-dur:33, timestamp:49100, od:1341 - chunk_composer.go:299
2026/03/17 13:05:22.842326 [22;34mDEBUG[0m chunk:1481,chunk-dur:35, timestamp:49134, od:1342 - chunk_composer.go:299
2026/03/17 13:05:22.878332 [22;34mDEBUG[0m chunk:1482,chunk-dur:36, timestamp:49167, od:1343 - chunk_composer.go:299
2026/03/17 13:05:22.909001 [22;34mDEBUG[0m chunk:1483,chunk-dur:30, timestamp:49200, od:1344 - chunk_composer.go:299
2026/03/17 13:05:22.941044 [22;34mDEBUG[0m chunk:1484,chunk-dur:33, timestamp:49234, od:1345 - chunk_composer.go:299
2026/03/17 13:05:22.977988 [22;34mDEBUG[0m chunk:1485,chunk-dur:36, timestamp:49267, od:1346 - chunk_composer.go:299
2026/03/17 13:05:23.013284 [22;34mDEBUG[0m chunk:1486,chunk-dur:36, timestamp:49300, od:1347 - chunk_composer.go:299
2026/03/17 13:05:23.041259 [22;34mDEBUG[0m chunk:1487,chunk-dur:28, timestamp:49334, od:1348 - chunk_composer.go:299
2026/03/17 13:05:23.073088 [22;34mDEBUG[0m chunk:1488,chunk-dur:32, timestamp:49367, od:1349 - chunk_composer.go:299
2026/03/17 13:05:23.107683 [22;34mDEBUG[0m chunk:1489,chunk-dur:34, timestamp:49400, od:1350 - chunk_composer.go:299
2026/03/17 13:05:23.147778 [22;34mDEBUG[0m chunk:1490,chunk-dur:40, timestamp:49434, od:1351 - chunk_composer.go:299
2026/03/17 13:05:23.175049 [22;34mDEBUG[0m chunk:1491,chunk-dur:28, timestamp:49467, od:1352 - chunk_composer.go:299
2026/03/17 13:05:23.207401 [22;34mDEBUG[0m chunk:1492,chunk-dur:32, timestamp:49500, od:1353 - chunk_composer.go:299
2026/03/17 13:05:23.241742 [22;34mDEBUG[0m chunk:1493,chunk-dur:34, timestamp:49534, od:1354 - chunk_composer.go:299
2026/03/17 13:05:23.280226 [22;34mDEBUG[0m chunk:1494,chunk-dur:39, timestamp:49567, od:1355 - chunk_composer.go:299
2026/03/17 13:05:23.307005 [22;34mDEBUG[0m chunk:1495,chunk-dur:26, timestamp:49600, od:1356 - chunk_composer.go:299
2026/03/17 13:05:23.341376 [22;34mDEBUG[0m chunk:1496,chunk-dur:35, timestamp:49634, od:1357 - chunk_composer.go:299
2026/03/17 13:05:23.365110 [22;34mDEBUG[0m rd bitrate:0.000000 Mbps - server_session.go:136
2026/03/17 13:05:23.365154 [22;34mDEBUG[0m wr bitrate:5.707674 Mbps - server_session.go:137
2026/03/17 13:05:23.374896 [22;34mDEBUG[0m chunk:1497,chunk-dur:33, timestamp:49667, od:1358 - chunk_composer.go:299
2026/03/17 13:05:23.412185 [22;34mDEBUG[0m chunk:1498,chunk-dur:38, timestamp:49700, od:1359 - chunk_composer.go:299
2026/03/17 13:05:23.441463 [22;34mDEBUG[0m chunk:1499,chunk-dur:29, timestamp:49734, od:1360 - chunk_composer.go:299
2026/03/17 13:05:23.481148 [22;34mDEBUG[0m chunk:1500,chunk-dur:40, timestamp:49767, od:1361 - chunk_composer.go:299
2026/03/17 13:05:23.512693 [22;34mDEBUG[0m chunk:1501,chunk-dur:31, timestamp:49800, od:1362 - chunk_composer.go:299
2026/03/17 13:05:23.540967 [22;34mDEBUG[0m chunk:1502,chunk-dur:28, timestamp:49834, od:1363 - chunk_composer.go:299
2026/03/17 13:05:23.573788 [22;34mDEBUG[0m chunk:1503,chunk-dur:33, timestamp:49867, od:1364 - chunk_composer.go:299
2026/03/17 13:05:23.608816 [22;34mDEBUG[0m chunk:1504,chunk-dur:35, timestamp:49900, od:1365 - chunk_composer.go:299
2026/03/17 13:05:23.642329 [22;34mDEBUG[0m chunk:1505,chunk-dur:34, timestamp:49934, od:1366 - chunk_composer.go:299
2026/03/17 13:05:23.674200 [22;34mDEBUG[0m chunk:1506,chunk-dur:32, timestamp:49967, od:1367 - chunk_composer.go:299
2026/03/17 13:05:23.711459 [22;34mDEBUG[0m rd bitrate:0.000000 Mbps - server_session.go:136
2026/03/17 13:05:23.711486 [22;34mDEBUG[0m wr bitrate:0.000000 Mbps - server_session.go:137
2026/03/17 13:05:23.719164 [22;34mDEBUG[0m chunk:1507,chunk-dur:45, timestamp:50000, od:1368 - chunk_composer.go:299
2026/03/17 13:05:23.744125 [22;34mDEBUG[0m chunk:1508,chunk-dur:25, timestamp:50034, od:1369 - chunk_composer.go:299
2026/03/17 13:05:23.774137 [22;34mDEBUG[0m chunk:1509,chunk-dur:30, timestamp:50067, od:1370 - chunk_composer.go:299
2026/03/17 13:05:23.802032 [22;36m INFO[0m mean read bitrate:7.297876 Mbps - server_session.go:143
2026/03/17 13:05:23.802064 [22;36m INFO[0m mean write bitrate:0.000065 Mbps - server_session.go:144
2026/03/17 13:05:23.802069 [22;34mDEBUG[0m rd bitrate:7.979532 Mbps - server_session.go:136
2026/03/17 13:05:23.802071 [22;34mDEBUG[0m wr bitrate:0.000000 Mbps - server_session.go:137
2026/03/17 13:05:23.807640 [22;34mDEBUG[0m chunk:1510,chunk-dur:33, timestamp:50100, od:1371 - chunk_composer.go:299
2026/03/17 13:05:23.840623 [22;34mDEBUG[0m chunk:1511,chunk-dur:33, timestamp:50134, od:1372 - chunk_composer.go:299
2026/03/17 13:05:23.877414 [22;34mDEBUG[0m chunk:1512,chunk-dur:37, timestamp:50167, od:1373 - chunk_composer.go:299
2026/03/17 13:05:23.908647 [22;34mDEBUG[0m chunk:1513,chunk-dur:31, timestamp:50200, od:1374 - chunk_composer.go:299
2026/03/17 13:05:23.941033 [22;34mDEBUG[0m chunk:1514,chunk-dur:33, timestamp:50234, od:1375 - chunk_composer.go:299
2026/03/17 13:05:23.974070 [22;34mDEBUG[0m chunk:1515,chunk-dur:33, timestamp:50267, od:1376 - chunk_composer.go:299
2026/03/17 13:05:24.011416 [22;34mDEBUG[0m chunk:1516,chunk-dur:37, timestamp:50300, od:1377 - chunk_composer.go:299
2026/03/17 13:05:24.040447 [22;34mDEBUG[0m chunk:1517,chunk-dur:29, timestamp:50334, od:1378 - chunk_composer.go:299
2026/03/17 13:05:24.074197 [22;34mDEBUG[0m chunk:1518,chunk-dur:34, timestamp:50367, od:1379 - chunk_composer.go:299
2026/03/17 13:05:24.107809 [22;34mDEBUG[0m chunk:1519,chunk-dur:33, timestamp:50400, od:1380 - chunk_composer.go:299
2026/03/17 13:05:24.147174 [22;34mDEBUG[0m chunk:1520,chunk-dur:40, timestamp:50434, od:1381 - chunk_composer.go:299
2026/03/17 13:05:24.174855 [22;34mDEBUG[0m chunk:1521,chunk-dur:27, timestamp:50467, od:1382 - chunk_composer.go:299
2026/03/17 13:05:24.206363 [22;34mDEBUG[0m chunk:1522,chunk-dur:32, timestamp:50500, od:1383 - chunk_composer.go:299
2026/03/17 13:05:24.241754 [22;34mDEBUG[0m chunk:1523,chunk-dur:35, timestamp:50534, od:1384 - chunk_composer.go:299
2026/03/17 13:05:24.315401 [22;34mDEBUG[0m chunk:1524,chunk-dur:74, timestamp:50567, od:1385 - chunk_composer.go:299
2026/03/17 13:05:24.317132 [22;34mDEBUG[0m chunk:1525,chunk-dur:2, timestamp:50600, od:1385 - chunk_composer.go:299
2026/03/17 13:05:24.340561 [22;34mDEBUG[0m chunk:1526,chunk-dur:23, timestamp:50634, od:1386 - chunk_composer.go:299
2026/03/17 13:05:24.365559 [22;34mDEBUG[0m rd bitrate:0.000000 Mbps - server_session.go:136
2026/03/17 13:05:24.365589 [22;34mDEBUG[0m wr bitrate:7.630918 Mbps - server_session.go:137
2026/03/17 13:05:24.374139 [22;34mDEBUG[0m chunk:1527,chunk-dur:34, timestamp:50667, od:1387 - chunk_composer.go:299
2026/03/17 13:05:24.411533 [22;34mDEBUG[0m chunk:1528,chunk-dur:37, timestamp:50700, od:1388 - chunk_composer.go:299
2026/03/17 13:05:24.441740 [22;34mDEBUG[0m chunk:1529,chunk-dur:30, timestamp:50734, od:1389 - chunk_composer.go:299
2026/03/17 13:05:24.474962 [22;34mDEBUG[0m chunk:1530,chunk-dur:33, timestamp:50767, od:1390 - chunk_composer.go:299
2026/03/17 13:05:24.507883 [22;34mDEBUG[0m chunk:1531,chunk-dur:33, timestamp:50800, od:1391 - chunk_composer.go:299
2026/03/17 13:05:24.546633 [22;34mDEBUG[0m chunk:1532,chunk-dur:39, timestamp:50834, od:1392 - chunk_composer.go:299
2026/03/17 13:05:24.574086 [22;34mDEBUG[0m chunk:1533,chunk-dur:28, timestamp:50867, od:1393 - chunk_composer.go:299
2026/03/17 13:05:24.607154 [22;34mDEBUG[0m chunk:1534,chunk-dur:33, timestamp:50900, od:1394 - chunk_composer.go:299
2026/03/17 13:05:24.641053 [22;34mDEBUG[0m chunk:1535,chunk-dur:34, timestamp:50934, od:1395 - chunk_composer.go:299
2026/03/17 13:05:24.677530 [22;34mDEBUG[0m chunk:1536,chunk-dur:36, timestamp:50967, od:1396 - chunk_composer.go:299
2026/03/17 13:05:24.708034 [22;34mDEBUG[0m chunk:1537,chunk-dur:31, timestamp:51000, od:1397 - chunk_composer.go:299
2026/03/17 13:05:24.712194 [22;36m INFO[0m mean read bitrate:0.000004 Mbps - server_session.go:143
2026/03/17 13:05:24.712224 [22;36m INFO[0m mean write bitrate:0.000009 Mbps - server_session.go:144
2026/03/17 13:05:24.712231 [22;34mDEBUG[0m rd bitrate:0.000000 Mbps - server_session.go:136
2026/03/17 13:05:24.712236 [22;34mDEBUG[0m wr bitrate:0.000000 Mbps - server_session.go:137
2026/03/17 13:05:24.744484 [22;34mDEBUG[0m chunk:1538,chunk-dur:36, timestamp:51034, od:1398 - chunk_composer.go:299
2026/03/17 13:05:24.774280 [22;34mDEBUG[0m chunk:1539,chunk-dur:30, timestamp:51067, od:1399 - chunk_composer.go:299
2026/03/17 13:05:24.805288 [22;34mDEBUG[0m rd bitrate:4.986118 Mbps - server_session.go:136
2026/03/17 13:05:24.805365 [22;34mDEBUG[0m wr bitrate:0.000000 Mbps - server_session.go:137
2026/03/17 13:05:24.813368 [22;34mDEBUG[0m chunk:1540,chunk-dur:39, timestamp:51100, od:1400 - chunk_composer.go:299
2026/03/17 13:05:24.841117 [22;34mDEBUG[0m chunk:1541,chunk-dur:28, timestamp:51134, od:1401 - chunk_composer.go:299
2026/03/17 13:05:24.873219 [22;34mDEBUG[0m chunk:1542,chunk-dur:32, timestamp:51167, od:1402 - chunk_composer.go:299
2026/03/17 13:05:24.907887 [22;34mDEBUG[0m chunk:1543,chunk-dur:34, timestamp:51200, od:1403 - chunk_composer.go:299
2026/03/17 13:05:24.946707 [22;34mDEBUG[0m chunk:1544,chunk-dur:39, timestamp:51234, od:1404 - chunk_composer.go:299
2026/03/17 13:05:24.976689 [22;34mDEBUG[0m chunk:1545,chunk-dur:30, timestamp:51267, od:1405 - chunk_composer.go:299
2026/03/17 13:05:25.006960 [22;34mDEBUG[0m chunk:1546,chunk-dur:30, timestamp:51300, od:1406 - chunk_composer.go:299
2026/03/17 13:05:25.061906 [22;34mDEBUG[0m chunk:1547,chunk-dur:55, timestamp:51334, od:1407 - chunk_composer.go:299
2026/03/17 13:05:25.077846 [22;34mDEBUG[0m chunk:1548,chunk-dur:16, timestamp:51367, od:1407 - chunk_composer.go:299
2026/03/17 13:05:25.108107 [22;34mDEBUG[0m chunk:1549,chunk-dur:31, timestamp:51400, od:1408 - chunk_composer.go:299
2026/03/17 13:05:25.140757 [22;34mDEBUG[0m chunk:1550,chunk-dur:32, timestamp:51434, od:1409 - chunk_composer.go:299
2026/03/17 13:05:25.174317 [22;34mDEBUG[0m chunk:1551,chunk-dur:34, timestamp:51467, od:1410 - chunk_composer.go:299
2026/03/17 13:05:25.209432 [22;34mDEBUG[0m chunk:1552,chunk-dur:35, timestamp:51500, od:1411 - chunk_composer.go:299
2026/03/17 13:05:25.240757 [22;34mDEBUG[0m chunk:1553,chunk-dur:31, timestamp:51534, od:1412 - chunk_composer.go:299
2026/03/17 13:05:25.277419 [22;34mDEBUG[0m chunk:1554,chunk-dur:37, timestamp:51567, od:1413 - chunk_composer.go:299
2026/03/17 13:05:25.340858 [22;34mDEBUG[0m chunk:1555,chunk-dur:63, timestamp:51600, od:1414 - chunk_composer.go:299
2026/03/17 13:05:25.350665 [22;34mDEBUG[0m chunk:1556,chunk-dur:10, timestamp:51634, od:1414 - chunk_composer.go:299
2026/03/17 13:05:25.367225 [22;34mDEBUG[0m rd bitrate:0.000000 Mbps - server_session.go:136
2026/03/17 13:05:25.367258 [22;34mDEBUG[0m wr bitrate:5.060018 Mbps - server_session.go:137
2026/03/17 13:05:25.374724 [22;34mDEBUG[0m chunk:1557,chunk-dur:24, timestamp:51667, od:1415 - chunk_composer.go:299
2026/03/17 13:05:25.407257 [22;34mDEBUG[0m chunk:1558,chunk-dur:33, timestamp:51700, od:1416 - chunk_composer.go:299
2026/03/17 13:05:25.474205 [22;34mDEBUG[0m chunk:1559,chunk-dur:67, timestamp:51734, od:1417 - chunk_composer.go:299
2026/03/17 13:05:25.476082 [22;34mDEBUG[0m chunk:1560,chunk-dur:2, timestamp:51767, od:1417 - chunk_composer.go:299
2026/03/17 13:05:25.506951 [22;34mDEBUG[0m chunk:1561,chunk-dur:30, timestamp:51800, od:1418 - chunk_composer.go:299
2026/03/17 13:05:25.574970 [22;34mDEBUG[0m chunk:1562,chunk-dur:68, timestamp:51834, od:1419 - chunk_composer.go:299
2026/03/17 13:05:25.607355 [22;34mDEBUG[0m chunk:1563,chunk-dur:33, timestamp:51867, od:1420 - chunk_composer.go:299
2026/03/17 13:05:25.608649 [22;34mDEBUG[0m chunk:1564,chunk-dur:1, timestamp:51900, od:1420 - chunk_composer.go:299
2026/03/17 13:05:25.641315 [22;34mDEBUG[0m chunk:1565,chunk-dur:33, timestamp:51934, od:1421 - chunk_composer.go:299
2026/03/17 13:05:25.706366 [22;34mDEBUG[0m chunk:1566,chunk-dur:65, timestamp:51967, od:1422 - chunk_composer.go:299
2026/03/17 13:05:25.716486 [22;34mDEBUG[0m rd bitrate:0.000000 Mbps - server_session.go:136
2026/03/17 13:05:25.716624 [22;34mDEBUG[0m wr bitrate:0.000000 Mbps - server_session.go:137
2026/03/17 13:05:25.730429 [22;34mDEBUG[0m chunk:1567,chunk-dur:24, timestamp:52000, od:1423 - chunk_composer.go:299
2026/03/17 13:05:25.744957 [22;34mDEBUG[0m chunk:1568,chunk-dur:14, timestamp:52034, od:1423 - chunk_composer.go:299
2026/03/17 13:05:25.806280 [22;34mDEBUG[0m rd bitrate:6.389086 Mbps - server_session.go:136
2026/03/17 13:05:25.806353 [22;34mDEBUG[0m wr bitrate:0.000000 Mbps - server_session.go:137
2026/03/17 13:05:25.806905 [22;34mDEBUG[0m chunk:1569,chunk-dur:62, timestamp:52067, od:1424 - chunk_composer.go:299
2026/03/17 13:05:25.817759 [22;34mDEBUG[0m chunk:1570,chunk-dur:11, timestamp:52100, od:1424 - chunk_composer.go:299
2026/03/17 13:05:25.841843 [22;34mDEBUG[0m chunk:1571,chunk-dur:24, timestamp:52134, od:1425 - chunk_composer.go:299
2026/03/17 13:05:25.875262 [22;34mDEBUG[0m chunk:1572,chunk-dur:34, timestamp:52167, od:1426 - chunk_composer.go:299
2026/03/17 13:05:25.907822 [22;34mDEBUG[0m chunk:1573,chunk-dur:32, timestamp:52200, od:1427 - chunk_composer.go:299
2026/03/17 13:05:25.944784 [22;34mDEBUG[0m chunk:1574,chunk-dur:37, timestamp:52234, od:1428 - chunk_composer.go:299
2026/03/17 13:05:25.973335 [22;34mDEBUG[0m chunk:1575,chunk-dur:29, timestamp:52267, od:1429 - chunk_composer.go:299
2026/03/17 13:05:26.040953 [22;34mDEBUG[0m chunk:1576,chunk-dur:67, timestamp:52300, od:1430 - chunk_composer.go:299
2026/03/17 13:05:26.040991 [22;34mDEBUG[0m chunk:1577,chunk-dur:0, timestamp:52334, od:1430 - chunk_composer.go:299
2026/03/17 13:05:26.077338 [22;34mDEBUG[0m chunk:1578,chunk-dur:37, timestamp:52367, od:1431 - chunk_composer.go:299
2026/03/17 13:05:26.107456 [22;34mDEBUG[0m chunk:1579,chunk-dur:30, timestamp:52400, od:1432 - chunk_composer.go:299
2026/03/17 13:05:26.140644 [22;34mDEBUG[0m chunk:1580,chunk-dur:33, timestamp:52434, od:1433 - chunk_composer.go:299
2026/03/17 13:05:26.210046 [22;34mDEBUG[0m chunk:1581,chunk-dur:70, timestamp:52467, od:1434 - chunk_composer.go:299
2026/03/17 13:05:26.212037 [22;34mDEBUG[0m chunk:1582,chunk-dur:2, timestamp:52500, od:1434 - chunk_composer.go:299
2026/03/17 13:05:26.241412 [22;34mDEBUG[0m chunk:1583,chunk-dur:29, timestamp:52534, od:1435 - chunk_composer.go:299
2026/03/17 13:05:26.306732 [22;34mDEBUG[0m chunk:1584,chunk-dur:65, timestamp:52567, od:1436 - chunk_composer.go:299
2026/03/17 13:05:26.340786 [22;34mDEBUG[0m chunk:1585,chunk-dur:34, timestamp:52600, od:1437 - chunk_composer.go:299
2026/03/17 13:05:26.350157 [22;34mDEBUG[0m chunk:1586,chunk-dur:10, timestamp:52634, od:1437 - chunk_composer.go:299
2026/03/17 13:05:26.367726 [22;34mDEBUG[0m rd bitrate:0.000000 Mbps - server_session.go:136
2026/03/17 13:05:26.367765 [22;34mDEBUG[0m wr bitrate:7.235046 Mbps - server_session.go:137
2026/03/17 13:05:26.377953 [22;34mDEBUG[0m chunk:1587,chunk-dur:27, timestamp:52667, od:1438 - chunk_composer.go:299
2026/03/17 13:05:26.440840 [22;34mDEBUG[0m chunk:1588,chunk-dur:63, timestamp:52700, od:1439 - chunk_composer.go:299
2026/03/17 13:05:26.474785 [22;34mDEBUG[0m chunk:1589,chunk-dur:34, timestamp:52734, od:1440 - chunk_composer.go:299
2026/03/17 13:05:26.477662 [22;34mDEBUG[0m chunk:1590,chunk-dur:3, timestamp:52767, od:1440 - chunk_composer.go:299
2026/03/17 13:05:26.508172 [22;34mDEBUG[0m chunk:1591,chunk-dur:31, timestamp:52800, od:1441 - chunk_composer.go:299
2026/03/17 13:05:26.574932 [22;34mDEBUG[0m chunk:1592,chunk-dur:66, timestamp:52834, od:1442 - chunk_composer.go:299
2026/03/17 13:05:26.607311 [22;34mDEBUG[0m chunk:1593,chunk-dur:33, timestamp:52867, od:1443 - chunk_composer.go:299
2026/03/17 13:05:26.612270 [22;34mDEBUG[0m chunk:1594,chunk-dur:5, timestamp:52900, od:1443 - chunk_composer.go:299
2026/03/17 13:05:26.640895 [22;34mDEBUG[0m chunk:1595,chunk-dur:28, timestamp:52934, od:1444 - chunk_composer.go:299
2026/03/17 13:05:26.706047 [22;34mDEBUG[0m chunk:1596,chunk-dur:66, timestamp:52967, od:1445 - chunk_composer.go:299
2026/03/17 13:05:26.716894 [22;34mDEBUG[0m rd bitrate:0.000000 Mbps - server_session.go:136
2026/03/17 13:05:26.716923 [22;34mDEBUG[0m wr bitrate:0.000000 Mbps - server_session.go:137
2026/03/17 13:05:26.741252 [22;34mDEBUG[0m chunk:1597,chunk-dur:35, timestamp:53000, od:1446 - chunk_composer.go:299
2026/03/17 13:05:26.744255 [22;34mDEBUG[0m chunk:1598,chunk-dur:3, timestamp:53034, od:1446 - chunk_composer.go:299
2026/03/17 13:05:26.776352 [22;34mDEBUG[0m chunk:1599,chunk-dur:32, timestamp:53067, od:1447 - chunk_composer.go:299
2026/03/17 13:05:26.808047 [22;34mDEBUG[0m rd bitrate:5.706883 Mbps - server_session.go:136
2026/03/17 13:05:26.808088 [22;34mDEBUG[0m wr bitrate:0.000000 Mbps - server_session.go:137
2026/03/17 13:05:26.808944 [22;34mDEBUG[0m chunk:1600,chunk-dur:32, timestamp:53100, od:1448 - chunk_composer.go:299
2026/03/17 13:05:26.845955 [22;34mDEBUG[0m chunk:1601,chunk-dur:37, timestamp:53134, od:1449 - chunk_composer.go:299
2026/03/17 13:05:26.876742 [22;34mDEBUG[0m chunk:1602,chunk-dur:31, timestamp:53167, od:1450 - chunk_composer.go:299
2026/03/17 13:05:26.906757 [22;34mDEBUG[0m chunk:1603,chunk-dur:30, timestamp:53200, od:1451 - chunk_composer.go:299
2026/03/17 13:05:26.940245 [22;34mDEBUG[0m chunk:1604,chunk-dur:34, timestamp:53234, od:1452 - chunk_composer.go:299
2026/03/17 13:05:26.975271 [22;34mDEBUG[0m chunk:1605,chunk-dur:35, timestamp:53267, od:1453 - chunk_composer.go:299
2026/03/17 13:05:27.012132 [22;34mDEBUG[0m chunk:1606,chunk-dur:37, timestamp:53300, od:1454 - chunk_composer.go:299
2026/03/17 13:05:27.041143 [22;34mDEBUG[0m chunk:1607,chunk-dur:29, timestamp:53334, od:1455 - chunk_composer.go:299
2026/03/17 13:05:27.073243 [22;34mDEBUG[0m chunk:1608,chunk-dur:32, timestamp:53367, od:1456 - chunk_composer.go:299
2026/03/17 13:05:27.108256 [22;34mDEBUG[0m chunk:1609,chunk-dur:35, timestamp:53400, od:1457 - chunk_composer.go:299
2026/03/17 13:05:27.146368 [22;34mDEBUG[0m chunk:1610,chunk-dur:38, timestamp:53434, od:1458 - chunk_composer.go:299
2026/03/17 13:05:27.175274 [22;34mDEBUG[0m chunk:1611,chunk-dur:29, timestamp:53467, od:1459 - chunk_composer.go:299
2026/03/17 13:05:27.207205 [22;34mDEBUG[0m chunk:1612,chunk-dur:32, timestamp:53500, od:1460 - chunk_composer.go:299
2026/03/17 13:05:27.240107 [22;34mDEBUG[0m chunk:1613,chunk-dur:33, timestamp:53534, od:1461 - chunk_composer.go:299
2026/03/17 13:05:27.277839 [22;34mDEBUG[0m chunk:1614,chunk-dur:37, timestamp:53567, od:1462 - chunk_composer.go:299
2026/03/17 13:05:27.307787 [22;34mDEBUG[0m chunk:1615,chunk-dur:30, timestamp:53600, od:1463 - chunk_composer.go:299
2026/03/17 13:05:27.341120 [22;34mDEBUG[0m chunk:1616,chunk-dur:34, timestamp:53634, od:1464 - chunk_composer.go:299
2026/03/17 13:05:27.368724 [22;34mDEBUG[0m rd bitrate:0.000000 Mbps - server_session.go:136
2026/03/17 13:05:27.368769 [22;34mDEBUG[0m wr bitrate:4.552104 Mbps - server_session.go:137
2026/03/17 13:05:27.374325 [22;34mDEBUG[0m chunk:1617,chunk-dur:33, timestamp:53667, od:1465 - chunk_composer.go:299
2026/03/17 13:05:27.417269 [22;34mDEBUG[0m chunk:1618,chunk-dur:43, timestamp:53700, od:1466 - chunk_composer.go:299
2026/03/17 13:05:27.441763 [22;34mDEBUG[0m chunk:1619,chunk-dur:24, timestamp:53734, od:1467 - chunk_composer.go:299
2026/03/17 13:05:27.502205 [22;34mDEBUG[0m chunk:1620,chunk-dur:61, timestamp:53767, od:1468 - chunk_composer.go:299
2026/03/17 13:05:27.514677 [22;34mDEBUG[0m chunk:1621,chunk-dur:12, timestamp:53800, od:1468 - chunk_composer.go:299
2026/03/17 13:05:27.544936 [22;34mDEBUG[0m chunk:1622,chunk-dur:30, timestamp:53834, od:1469 - chunk_composer.go:299
2026/03/17 13:05:27.576126 [22;34mDEBUG[0m chunk:1623,chunk-dur:32, timestamp:53867, od:1470 - chunk_composer.go:299
2026/03/17 13:05:27.607709 [22;34mDEBUG[0m chunk:1624,chunk-dur:31, timestamp:53900, od:1471 - chunk_composer.go:299
2026/03/17 13:05:27.643285 [22;34mDEBUG[0m chunk:1625,chunk-dur:36, timestamp:53934, od:1472 - chunk_composer.go:299
2026/03/17 13:05:27.678211 [22;34mDEBUG[0m chunk:1626,chunk-dur:35, timestamp:53967, od:1473 - chunk_composer.go:299
2026/03/17 13:05:27.714293 [22;34mDEBUG[0m chunk:1627,chunk-dur:36, timestamp:54000, od:1474 - chunk_composer.go:299
2026/03/17 13:05:27.717039 [22;34mDEBUG[0m rd bitrate:0.000000 Mbps - server_session.go:136
2026/03/17 13:05:27.717050 [22;34mDEBUG[0m wr bitrate:0.000000 Mbps - server_session.go:137
2026/03/17 13:05:27.747288 [22;34mDEBUG[0m chunk:1628,chunk-dur:33, timestamp:54034, od:1475 - chunk_composer.go:299
2026/03/17 13:05:27.774087 [22;34mDEBUG[0m chunk:1629,chunk-dur:27, timestamp:54067, od:1476 - chunk_composer.go:299
2026/03/17 13:05:27.808842 [22;34mDEBUG[0m rd bitrate:6.541964 Mbps - server_session.go:136
2026/03/17 13:05:27.808876 [22;34mDEBUG[0m wr bitrate:0.000000 Mbps - server_session.go:137
2026/03/17 13:05:27.810271 [22;34mDEBUG[0m chunk:1630,chunk-dur:36, timestamp:54100, od:1477 - chunk_composer.go:299
2026/03/17 13:05:27.842247 [22;34mDEBUG[0m chunk:1631,chunk-dur:32, timestamp:54134, od:1478 - chunk_composer.go:299
2026/03/17 13:05:27.879183 [22;34mDEBUG[0m chunk:1632,chunk-dur:37, timestamp:54167, od:1479 - chunk_composer.go:299
2026/03/17 13:05:27.910027 [22;34mDEBUG[0m chunk:1633,chunk-dur:31, timestamp:54200, od:1480 - chunk_composer.go:299
2026/03/17 13:05:27.941693 [22;34mDEBUG[0m chunk:1634,chunk-dur:31, timestamp:54234, od:1481 - chunk_composer.go:299
2026/03/17 13:05:27.973777 [22;34mDEBUG[0m chunk:1635,chunk-dur:32, timestamp:54267, od:1482 - chunk_composer.go:299
2026/03/17 13:05:28.009483 [22;34mDEBUG[0m chunk:1636,chunk-dur:36, timestamp:54300, od:1483 - chunk_composer.go:299
2026/03/17 13:05:28.041063 [22;34mDEBUG[0m chunk:1637,chunk-dur:32, timestamp:54334, od:1484 - chunk_composer.go:299
2026/03/17 13:05:28.074680 [22;34mDEBUG[0m chunk:1638,chunk-dur:33, timestamp:54367, od:1485 - chunk_composer.go:299
2026/03/17 13:05:28.106593 [22;34mDEBUG[0m chunk:1639,chunk-dur:32, timestamp:54400, od:1486 - chunk_composer.go:299
2026/03/17 13:05:28.157912 [22;34mDEBUG[0m chunk:1640,chunk-dur:51, timestamp:54434, od:1487 - chunk_composer.go:299
2026/03/17 13:05:28.186266 [22;34mDEBUG[0m chunk:1641,chunk-dur:29, timestamp:54467, od:1488 - chunk_composer.go:299
2026/03/17 13:05:28.207438 [22;34mDEBUG[0m chunk:1642,chunk-dur:21, timestamp:54500, od:1489 - chunk_composer.go:299
2026/03/17 13:05:28.316599 [22;34mDEBUG[0m chunk:1643,chunk-dur:109, timestamp:54534, od:1490 - chunk_composer.go:299
2026/03/17 13:05:28.324012 [22;34mDEBUG[0m chunk:1644,chunk-dur:7, timestamp:54567, od:1490 - chunk_composer.go:299
2026/03/17 13:05:28.330280 [22;34mDEBUG[0m chunk:1645,chunk-dur:7, timestamp:54600, od:1490 - chunk_composer.go:299
2026/03/17 13:05:28.369137 [22;34mDEBUG[0m rd bitrate:0.000000 Mbps - server_session.go:136
2026/03/17 13:05:28.369199 [22;34mDEBUG[0m wr bitrate:6.990802 Mbps - server_session.go:137
2026/03/17 13:05:28.378593 [22;34mDEBUG[0m chunk:1646,chunk-dur:48, timestamp:54634, od:1491 - chunk_composer.go:299
2026/03/17 13:05:28.383484 [22;34mDEBUG[0m chunk:1647,chunk-dur:5, timestamp:54667, od:1491 - chunk_composer.go:299
2026/03/17 13:05:28.413530 [22;34mDEBUG[0m chunk:1648,chunk-dur:30, timestamp:54700, od:1492 - chunk_composer.go:299
2026/03/17 13:05:28.498789 [22;34mDEBUG[0m chunk:1649,chunk-dur:85, timestamp:54734, od:1493 - chunk_composer.go:299
2026/03/17 13:05:28.499695 [22;34mDEBUG[0m chunk:1650,chunk-dur:1, timestamp:54767, od:1493 - chunk_composer.go:299
2026/03/17 13:05:28.507570 [22;34mDEBUG[0m chunk:1651,chunk-dur:8, timestamp:54800, od:1493 - chunk_composer.go:299
2026/03/17 13:05:28.542321 [22;34mDEBUG[0m chunk:1652,chunk-dur:35, timestamp:54834, od:1494 - chunk_composer.go:299
2026/03/17 13:05:28.580437 [22;34mDEBUG[0m chunk:1653,chunk-dur:38, timestamp:54867, od:1495 - chunk_composer.go:299
2026/03/17 13:05:28.608116 [22;34mDEBUG[0m chunk:1654,chunk-dur:28, timestamp:54900, od:1496 - chunk_composer.go:299
2026/03/17 13:05:28.649094 [22;34mDEBUG[0m chunk:1655,chunk-dur:41, timestamp:54934, od:1497 - chunk_composer.go:299
2026/03/17 13:05:28.681996 [22;34mDEBUG[0m chunk:1656,chunk-dur:32, timestamp:54967, od:1498 - chunk_composer.go:299
2026/03/17 13:05:28.710279 [22;34mDEBUG[0m chunk:1657,chunk-dur:29, timestamp:55000, od:1499 - chunk_composer.go:299
2026/03/17 13:05:28.717782 [22;34mDEBUG[0m rd bitrate:0.000000 Mbps - server_session.go:136
2026/03/17 13:05:28.717824 [22;34mDEBUG[0m wr bitrate:0.000000 Mbps - server_session.go:137
2026/03/17 13:05:28.743358 [22;34mDEBUG[0m chunk:1658,chunk-dur:33, timestamp:55034, od:1500 - chunk_composer.go:299
2026/03/17 13:05:28.775379 [22;34mDEBUG[0m chunk:1659,chunk-dur:32, timestamp:55067, od:1501 - chunk_composer.go:299
2026/03/17 13:05:28.808889 [22;34mDEBUG[0m rd bitrate:6.382875 Mbps - server_session.go:136
2026/03/17 13:05:28.809273 [22;34mDEBUG[0m wr bitrate:0.000000 Mbps - server_session.go:137
2026/03/17 13:05:28.814204 [22;34mDEBUG[0m chunk:1660,chunk-dur:39, timestamp:55100, od:1502 - chunk_composer.go:299
2026/03/17 13:05:28.849687 [22;34mDEBUG[0m chunk:1661,chunk-dur:35, timestamp:55134, od:1503 - chunk_composer.go:299
2026/03/17 13:05:28.877414 [22;34mDEBUG[0m chunk:1662,chunk-dur:28, timestamp:55167, od:1504 - chunk_composer.go:299
2026/03/17 13:05:28.913934 [22;34mDEBUG[0m chunk:1663,chunk-dur:36, timestamp:55200, od:1505 - chunk_composer.go:299
2026/03/17 13:05:28.941986 [22;34mDEBUG[0m chunk:1664,chunk-dur:28, timestamp:55234, od:1506 - chunk_composer.go:299
2026/03/17 13:05:28.975189 [22;34mDEBUG[0m chunk:1665,chunk-dur:34, timestamp:55267, od:1507 - chunk_composer.go:299
2026/03/17 13:05:29.013157 [22;34mDEBUG[0m chunk:1666,chunk-dur:38, timestamp:55300, od:1508 - chunk_composer.go:299
2026/03/17 13:05:29.041955 [22;34mDEBUG[0m chunk:1667,chunk-dur:28, timestamp:55334, od:1509 - chunk_composer.go:299
2026/03/17 13:05:29.113218 [22;34mDEBUG[0m chunk:1668,chunk-dur:72, timestamp:55367, od:1510 - chunk_composer.go:299
2026/03/17 13:05:29.117191 [22;34mDEBUG[0m chunk:1669,chunk-dur:4, timestamp:55400, od:1510 - chunk_composer.go:299
2026/03/17 13:05:29.145745 [22;34mDEBUG[0m chunk:1670,chunk-dur:28, timestamp:55434, od:1511 - chunk_composer.go:299
2026/03/17 13:05:29.177418 [22;34mDEBUG[0m chunk:1671,chunk-dur:32, timestamp:55467, od:1512 - chunk_composer.go:299
2026/03/17 13:05:29.212450 [22;34mDEBUG[0m chunk:1672,chunk-dur:35, timestamp:55500, od:1513 - chunk_composer.go:299
2026/03/17 13:05:29.244551 [22;34mDEBUG[0m chunk:1673,chunk-dur:32, timestamp:55534, od:1514 - chunk_composer.go:299
2026/03/17 13:05:29.274960 [22;34mDEBUG[0m chunk:1674,chunk-dur:30, timestamp:55567, od:1515 - chunk_composer.go:299
2026/03/17 13:05:29.312205 [22;34mDEBUG[0m chunk:1675,chunk-dur:38, timestamp:55600, od:1516 - chunk_composer.go:299
2026/03/17 13:05:29.342263 [22;34mDEBUG[0m chunk:1676,chunk-dur:30, timestamp:55634, od:1517 - chunk_composer.go:299
2026/03/17 13:05:29.369893 [22;34mDEBUG[0m rd bitrate:0.000000 Mbps - server_session.go:136
2026/03/17 13:05:29.369944 [22;34mDEBUG[0m wr bitrate:7.569748 Mbps - server_session.go:137
2026/03/17 13:05:29.378671 [22;34mDEBUG[0m chunk:1677,chunk-dur:36, timestamp:55667, od:1518 - chunk_composer.go:299
2026/03/17 13:05:29.412644 [22;34mDEBUG[0m chunk:1678,chunk-dur:34, timestamp:55700, od:1519 - chunk_composer.go:299
2026/03/17 13:05:29.440864 [22;34mDEBUG[0m chunk:1679,chunk-dur:28, timestamp:55734, od:1520 - chunk_composer.go:299
2026/03/17 13:05:29.481559 [22;34mDEBUG[0m chunk:1680,chunk-dur:41, timestamp:55767, od:1521 - chunk_composer.go:299
2026/03/17 13:05:29.507832 [22;34mDEBUG[0m chunk:1681,chunk-dur:26, timestamp:55800, od:1522 - chunk_composer.go:299
2026/03/17 13:05:29.544388 [22;34mDEBUG[0m chunk:1682,chunk-dur:37, timestamp:55834, od:1523 - chunk_composer.go:299
2026/03/17 13:05:29.574987 [22;34mDEBUG[0m chunk:1683,chunk-dur:30, timestamp:55867, od:1524 - chunk_composer.go:299
2026/03/17 13:05:29.615875 [22;34mDEBUG[0m chunk:1684,chunk-dur:41, timestamp:55900, od:1525 - chunk_composer.go:299
2026/03/17 13:05:29.655050 [22;34mDEBUG[0m chunk:1685,chunk-dur:39, timestamp:55934, od:1526 - chunk_composer.go:299
2026/03/17 13:05:29.685711 [22;34mDEBUG[0m chunk:1686,chunk-dur:31, timestamp:55967, od:1527 - chunk_composer.go:299
2026/03/17 13:05:29.717903 [22;34mDEBUG[0m rd bitrate:0.000000 Mbps - server_session.go:136
2026/03/17 13:05:29.718026 [22;34mDEBUG[0m wr bitrate:0.000000 Mbps - server_session.go:137
2026/03/17 13:05:29.725028 [22;34mDEBUG[0m chunk:1687,chunk-dur:40, timestamp:56000, od:1528 - chunk_composer.go:299
2026/03/17 13:05:29.751136 [22;34mDEBUG[0m chunk:1688,chunk-dur:26, timestamp:56034, od:1529 - chunk_composer.go:299
2026/03/17 13:05:29.778417 [22;34mDEBUG[0m chunk:1689,chunk-dur:27, timestamp:56067, od:1530 - chunk_composer.go:299
2026/03/17 13:05:29.809795 [22;34mDEBUG[0m rd bitrate:8.883145 Mbps - server_session.go:136
2026/03/17 13:05:29.809874 [22;34mDEBUG[0m wr bitrate:0.000000 Mbps - server_session.go:137
2026/03/17 13:05:29.813738 [22;34mDEBUG[0m chunk:1690,chunk-dur:35, timestamp:56100, od:1531 - chunk_composer.go:299
2026/03/17 13:05:29.852213 [22;34mDEBUG[0m chunk:1691,chunk-dur:38, timestamp:56134, od:1532 - chunk_composer.go:299
2026/03/17 13:05:29.879950 [22;34mDEBUG[0m chunk:1692,chunk-dur:28, timestamp:56167, od:1533 - chunk_composer.go:299
2026/03/17 13:05:29.916961 [22;34mDEBUG[0m chunk:1693,chunk-dur:37, timestamp:56200, od:1534 - chunk_composer.go:299
2026/03/17 13:05:29.942142 [22;34mDEBUG[0m chunk:1694,chunk-dur:26, timestamp:56234, od:1535 - chunk_composer.go:299
2026/03/17 13:05:29.975057 [22;34mDEBUG[0m chunk:1695,chunk-dur:33, timestamp:56267, od:1536 - chunk_composer.go:299
2026/03/17 13:05:30.010704 [22;34mDEBUG[0m chunk:1696,chunk-dur:35, timestamp:56300, od:1537 - chunk_composer.go:299
2026/03/17 13:05:30.050840 [22;34mDEBUG[0m chunk:1697,chunk-dur:40, timestamp:56334, od:1538 - chunk_composer.go:299
2026/03/17 13:05:30.074780 [22;34mDEBUG[0m chunk:1698,chunk-dur:24, timestamp:56367, od:1539 - chunk_composer.go:299
2026/03/17 13:05:30.111399 [22;34mDEBUG[0m chunk:1699,chunk-dur:37, timestamp:56400, od:1540 - chunk_composer.go:299
2026/03/17 13:05:30.145056 [22;34mDEBUG[0m chunk:1700,chunk-dur:34, timestamp:56434, od:1541 - chunk_composer.go:299
2026/03/17 13:05:30.173881 [22;34mDEBUG[0m chunk:1701,chunk-dur:28, timestamp:56467, od:1542 - chunk_composer.go:299
2026/03/17 13:05:30.218627 [22;34mDEBUG[0m chunk:1702,chunk-dur:45, timestamp:56500, od:1543 - chunk_composer.go:299
2026/03/17 13:05:30.243748 [22;34mDEBUG[0m chunk:1703,chunk-dur:25, timestamp:56534, od:1544 - chunk_composer.go:299
2026/03/17 13:05:30.274023 [22;34mDEBUG[0m chunk:1704,chunk-dur:31, timestamp:56567, od:1545 - chunk_composer.go:299
2026/03/17 13:05:30.309792 [22;34mDEBUG[0m chunk:1705,chunk-dur:35, timestamp:56600, od:1546 - chunk_composer.go:299
2026/03/17 13:05:30.341486 [22;34mDEBUG[0m chunk:1706,chunk-dur:32, timestamp:56634, od:1547 - chunk_composer.go:299
2026/03/17 13:05:30.370018 [22;34mDEBUG[0m rd bitrate:0.000000 Mbps - server_session.go:136
2026/03/17 13:05:30.370247 [22;34mDEBUG[0m wr bitrate:7.654536 Mbps - server_session.go:137
2026/03/17 13:05:30.376442 [22;34mDEBUG[0m chunk:1707,chunk-dur:35, timestamp:56667, od:1548 - chunk_composer.go:299
2026/03/17 13:05:30.407800 [22;34mDEBUG[0m chunk:1708,chunk-dur:31, timestamp:56700, od:1549 - chunk_composer.go:299
2026/03/17 13:05:30.443342 [22;34mDEBUG[0m chunk:1709,chunk-dur:36, timestamp:56734, od:1550 - chunk_composer.go:299
2026/03/17 13:05:30.474673 [22;34mDEBUG[0m chunk:1710,chunk-dur:31, timestamp:56767, od:1551 - chunk_composer.go:299
2026/03/17 13:05:30.508484 [22;34mDEBUG[0m chunk:1711,chunk-dur:34, timestamp:56800, od:1552 - chunk_composer.go:299
2026/03/17 13:05:30.545675 [22;34mDEBUG[0m chunk:1712,chunk-dur:37, timestamp:56834, od:1553 - chunk_composer.go:299
2026/03/17 13:05:30.575986 [22;34mDEBUG[0m chunk:1713,chunk-dur:30, timestamp:56867, od:1554 - chunk_composer.go:299
2026/03/17 13:05:30.607279 [22;34mDEBUG[0m chunk:1714,chunk-dur:32, timestamp:56900, od:1555 - chunk_composer.go:299
2026/03/17 13:05:30.643269 [22;34mDEBUG[0m chunk:1715,chunk-dur:36, timestamp:56934, od:1556 - chunk_composer.go:299
2026/03/17 13:05:30.674924 [22;34mDEBUG[0m chunk:1716,chunk-dur:31, timestamp:56967, od:1557 - chunk_composer.go:299
2026/03/17 13:05:30.713834 [22;34mDEBUG[0m chunk:1717,chunk-dur:39, timestamp:57000, od:1558 - chunk_composer.go:299
2026/03/17 13:05:30.718238 [22;34mDEBUG[0m rd bitrate:0.000000 Mbps - server_session.go:136
2026/03/17 13:05:30.718266 [22;34mDEBUG[0m wr bitrate:0.000000 Mbps - server_session.go:137
2026/03/17 13:05:30.744186 [22;34mDEBUG[0m chunk:1718,chunk-dur:31, timestamp:57034, od:1559 - chunk_composer.go:299
2026/03/17 13:05:30.774244 [22;34mDEBUG[0m chunk:1719,chunk-dur:30, timestamp:57067, od:1560 - chunk_composer.go:299
2026/03/17 13:05:30.808295 [22;34mDEBUG[0m chunk:1720,chunk-dur:34, timestamp:57100, od:1561 - chunk_composer.go:299
2026/03/17 13:05:30.811332 [22;34mDEBUG[0m rd bitrate:5.971696 Mbps - server_session.go:136
2026/03/17 13:05:30.811365 [22;34mDEBUG[0m wr bitrate:0.000000 Mbps - server_session.go:137
2026/03/17 13:05:30.844346 [22;34mDEBUG[0m chunk:1721,chunk-dur:36, timestamp:57134, od:1562 - chunk_composer.go:299
2026/03/17 13:05:30.941466 [22;34mDEBUG[0m chunk:1722,chunk-dur:97, timestamp:57167, od:1563 - chunk_composer.go:299
2026/03/17 13:05:30.947778 [22;34mDEBUG[0m chunk:1723,chunk-dur:6, timestamp:57200, od:1563 - chunk_composer.go:299
2026/03/17 13:05:30.948708 [22;34mDEBUG[0m chunk:1724,chunk-dur:1, timestamp:57234, od:1563 - chunk_composer.go:299
2026/03/17 13:05:30.980704 [22;34mDEBUG[0m chunk:1725,chunk-dur:32, timestamp:57267, od:1564 - chunk_composer.go:299
2026/03/17 13:05:31.007120 [22;34mDEBUG[0m chunk:1726,chunk-dur:27, timestamp:57300, od:1565 - chunk_composer.go:299
2026/03/17 13:05:31.045572 [22;34mDEBUG[0m chunk:1727,chunk-dur:38, timestamp:57334, od:1566 - chunk_composer.go:299
2026/03/17 13:05:31.073593 [22;34mDEBUG[0m chunk:1728,chunk-dur:28, timestamp:57367, od:1567 - chunk_composer.go:299
2026/03/17 13:05:31.111336 [22;34mDEBUG[0m chunk:1729,chunk-dur:38, timestamp:57400, od:1568 - chunk_composer.go:299
2026/03/17 13:05:31.141044 [22;34mDEBUG[0m chunk:1730,chunk-dur:30, timestamp:57434, od:1569 - chunk_composer.go:299
2026/03/17 13:05:31.178631 [22;34mDEBUG[0m chunk:1731,chunk-dur:37, timestamp:57467, od:1570 - chunk_composer.go:299
2026/03/17 13:05:31.207593 [22;34mDEBUG[0m chunk:1732,chunk-dur:29, timestamp:57500, od:1571 - chunk_composer.go:299
2026/03/17 13:05:31.240679 [22;34mDEBUG[0m chunk:1733,chunk-dur:33, timestamp:57534, od:1572 - chunk_composer.go:299
2026/03/17 13:05:31.274954 [22;34mDEBUG[0m chunk:1734,chunk-dur:34, timestamp:57567, od:1573 - chunk_composer.go:299
2026/03/17 13:05:31.315618 [22;34mDEBUG[0m chunk:1735,chunk-dur:38, timestamp:57600, od:1574 - chunk_composer.go:299
2026/03/17 13:05:31.341161 [22;34mDEBUG[0m chunk:1736,chunk-dur:29, timestamp:57634, od:1575 - chunk_composer.go:299
2026/03/17 13:05:31.371228 [22;36m INFO[0m mean read bitrate:0.000024 Mbps - server_session.go:143
2026/03/17 13:05:31.371296 [22;36m INFO[0m mean write bitrate:5.928282 Mbps - server_session.go:144
2026/03/17 13:05:31.371303 [22;34mDEBUG[0m rd bitrate:0.000000 Mbps - server_session.go:136
2026/03/17 13:05:31.371309 [22;34mDEBUG[0m wr bitrate:5.940014 Mbps - server_session.go:137
2026/03/17 13:05:31.377455 [22;34mDEBUG[0m chunk:1737,chunk-dur:36, timestamp:57667, od:1576 - chunk_composer.go:299
2026/03/17 13:05:31.409967 [22;34mDEBUG[0m chunk:1738,chunk-dur:32, timestamp:57700, od:1577 - chunk_composer.go:299
2026/03/17 13:05:31.441242 [22;34mDEBUG[0m chunk:1739,chunk-dur:32, timestamp:57734, od:1578 - chunk_composer.go:299
2026/03/17 13:05:31.474293 [22;34mDEBUG[0m chunk:1740,chunk-dur:33, timestamp:57767, od:1579 - chunk_composer.go:299
2026/03/17 13:05:31.718414 [22;34mDEBUG[0m rd bitrate:0.000000 Mbps - server_session.go:136
2026/03/17 13:05:31.718450 [22;34mDEBUG[0m wr bitrate:0.000000 Mbps - server_session.go:137
2026/03/17 13:05:31.811756 [22;34mDEBUG[0m rd bitrate:3.366398 Mbps - server_session.go:136
2026/03/17 13:05:31.811811 [22;34mDEBUG[0m wr bitrate:0.000000 Mbps - server_session.go:137
2026/03/17 13:05:32.372115 [22;34mDEBUG[0m rd bitrate:0.000000 Mbps - server_session.go:136
2026/03/17 13:05:32.372165 [22;34mDEBUG[0m wr bitrate:0.269017 Mbps - server_session.go:137
2026/03/17 13:05:32.719167 [22;34mDEBUG[0m rd bitrate:0.000000 Mbps - server_session.go:136
2026/03/17 13:05:32.719213 [22;34mDEBUG[0m wr bitrate:0.000000 Mbps - server_session.go:137
2026/03/17 13:05:32.812469 [22;34mDEBUG[0m rd bitrate:0.000000 Mbps - server_session.go:136
2026/03/17 13:05:32.812584 [22;34mDEBUG[0m wr bitrate:0.000000 Mbps - server_session.go:137
2026/03/17 13:05:33.374591 [22;34mDEBUG[0m rd bitrate:0.000000 Mbps - server_session.go:136
2026/03/17 13:05:33.374642 [22;34mDEBUG[0m wr bitrate:0.000000 Mbps - server_session.go:137
2026/03/17 13:05:33.719679 [22;34mDEBUG[0m rd bitrate:0.000000 Mbps - server_session.go:136
2026/03/17 13:05:33.719715 [22;34mDEBUG[0m wr bitrate:0.000000 Mbps - server_session.go:137
2026/03/17 13:05:33.814765 [22;36m INFO[0m mean read bitrate:7.018358 Mbps - server_session.go:143
2026/03/17 13:05:33.814810 [22;36m INFO[0m mean write bitrate:0.000054 Mbps - server_session.go:144
2026/03/17 13:05:33.814817 [22;34mDEBUG[0m rd bitrate:0.000000 Mbps - server_session.go:136
2026/03/17 13:05:33.814820 [22;34mDEBUG[0m wr bitrate:0.000000 Mbps - server_session.go:137
2026/03/17 13:05:34.375862 [22;34mDEBUG[0m rd bitrate:0.000000 Mbps - server_session.go:136
2026/03/17 13:05:34.376057 [22;34mDEBUG[0m wr bitrate:0.000000 Mbps - server_session.go:137
2026/03/17 13:05:34.719963 [22;36m INFO[0m mean read bitrate:0.000004 Mbps - server_session.go:143
2026/03/17 13:05:34.720014 [22;36m INFO[0m mean write bitrate:0.000009 Mbps - server_session.go:144
2026/03/17 13:05:34.720024 [22;34mDEBUG[0m rd bitrate:0.000000 Mbps - server_session.go:136
2026/03/17 13:05:34.720039 [22;34mDEBUG[0m wr bitrate:0.000000 Mbps - server_session.go:137
2026/03/17 13:05:34.815196 [22;34mDEBUG[0m rd bitrate:0.000000 Mbps - server_session.go:136
2026/03/17 13:05:34.815235 [22;34mDEBUG[0m wr bitrate:0.000000 Mbps - server_session.go:137
2026/03/17 13:05:35.377361 [22;34mDEBUG[0m rd bitrate:0.000000 Mbps - server_session.go:136
2026/03/17 13:05:35.377417 [22;34mDEBUG[0m wr bitrate:0.000000 Mbps - server_session.go:137
2026/03/17 13:05:35.720698 [22;34mDEBUG[0m rd bitrate:0.000000 Mbps - server_session.go:136
2026/03/17 13:05:35.720747 [22;34mDEBUG[0m wr bitrate:0.000000 Mbps - server_session.go:137
2026/03/17 13:05:35.815812 [22;34mDEBUG[0m rd bitrate:0.000000 Mbps - server_session.go:136
2026/03/17 13:05:35.815850 [22;34mDEBUG[0m wr bitrate:0.000000 Mbps - server_session.go:137
2026/03/17 13:05:36.377842 [22;34mDEBUG[0m rd bitrate:0.000000 Mbps - server_session.go:136
2026/03/17 13:05:36.377914 [22;34mDEBUG[0m wr bitrate:0.000000 Mbps - server_session.go:137
2026/03/17 13:05:36.721104 [22;34mDEBUG[0m rd bitrate:0.000000 Mbps - server_session.go:136
2026/03/17 13:05:36.721146 [22;34mDEBUG[0m wr bitrate:0.000000 Mbps - server_session.go:137
2026/03/17 13:05:36.816534 [22;34mDEBUG[0m rd bitrate:0.000000 Mbps - server_session.go:136
2026/03/17 13:05:36.816574 [22;34mDEBUG[0m wr bitrate:0.000000 Mbps - server_session.go:137
2026/03/17 13:05:37.378575 [22;34mDEBUG[0m rd bitrate:0.000000 Mbps - server_session.go:136
2026/03/17 13:05:37.378619 [22;34mDEBUG[0m wr bitrate:0.000000 Mbps - server_session.go:137
2026/03/17 13:05:37.721374 [22;34mDEBUG[0m rd bitrate:0.000000 Mbps - server_session.go:136
2026/03/17 13:05:37.721468 [22;34mDEBUG[0m wr bitrate:0.000000 Mbps - server_session.go:137
2026/03/17 13:05:37.817722 [22;34mDEBUG[0m rd bitrate:0.000000 Mbps - server_session.go:136
2026/03/17 13:05:37.817759 [22;34mDEBUG[0m wr bitrate:0.000000 Mbps - server_session.go:137
2026/03/17 13:05:38.379634 [22;34mDEBUG[0m rd bitrate:0.000000 Mbps - server_session.go:136
2026/03/17 13:05:38.379705 [22;34mDEBUG[0m wr bitrate:0.000000 Mbps - server_session.go:137
2026/03/17 13:05:38.721768 [22;34mDEBUG[0m rd bitrate:0.000000 Mbps - server_session.go:136
2026/03/17 13:05:38.721913 [22;34mDEBUG[0m wr bitrate:0.000000 Mbps - server_session.go:137
2026/03/17 13:05:38.818147 [22;34mDEBUG[0m rd bitrate:0.000000 Mbps - server_session.go:136
2026/03/17 13:05:38.818202 [22;34mDEBUG[0m wr bitrate:0.000000 Mbps - server_session.go:137
