true dispatch /home/mininet/Videos/sport_1080p30_g60.flv false false false
2026/03/12 14:37:09.728657 [22;34mDEBUG[0m protocol = quic - rtmpquic.go:36

2026/03/12 14:37:09.729941 [22;34mDEBUG[0m [monitor]sess :<nil> - rtmpquic.go:44
2026/03/12 14:37:10.041254 [22;36m INFO[0m read tags from flv file succ. len of tags=1737 - rtmpquic.go:103
2026/03/12 14:37:10.041710 [22;36m INFO[0m [RTMPPUSH1] lifecycle new rtmp ClientSession. session=0x40000ce240 - client_session.go:135
2026/03/12 14:37:10.041726 [22;34mDEBUG[0m [RTMPPUSH1] Do. url=rtmp://127.0.0.1/live/test - client_session.go:141
2026/03/12 14:37:10.042018 [22;36m INFO[0m [RTMPPUSH1] > tcp connect. protocol:quic - client_session.go:354
&{[512 39 38 37] false 10s 30s <nil> 16777216 25165824 false false true dispatch false false}2026/03/12 14:37:10.063215 [22;34mDEBUG[0m [NAZACONN1] lifecycle new connection. net.Conn=0x4003b4a000, naza.Connection=0x40000da2c0 - connection.go:158
2026/03/12 14:37:10.063234 [22;36m INFO[0m [RTMPPUSH1] > W Handshake C0+C1. - client_session.go:388
2026/03/12 14:37:10.065047 [22;36m INFO[0m [RTMPPUSH1] < R Handshake S0+S1. - client_session.go:396
2026/03/12 14:37:10.065068 [22;36m INFO[0m [RTMPPUSH1] > W Handshake C2. - client_session.go:398
2026/03/12 14:37:10.065135 [22;36m INFO[0m [RTMPPUSH1] < R Handshake S2. - client_session.go:406
2026/03/12 14:37:10.065139 [22;36m INFO[0m [RTMPPUSH1] > W SetChunkSize 4096. - client_session.go:294
2026/03/12 14:37:10.065162 [22;36m INFO[0m [RTMPPUSH1] > W connect('live'). tcUrl=rtmp://127.0.0.1/live - client_session.go:300
2026/03/12 14:37:10.065593 [22;34mDEBUG[0m bitrate:0.000000 Mbps - client_session.go:438
2026/03/12 14:37:10.066144 [22;36m INFO[0m [RTMPPUSH1] < R Window Acknowledgement Size: 5000000 - client_session.go:627
2026/03/12 14:37:10.066151 [22;34mDEBUG[0m chunk:1,chunk-dur:1, timestamp:0, od:0 - chunk_composer.go:299
2026/03/12 14:37:10.066156 [22;33m WARN[0m [RTMPPUSH1] < R Set Peer Bandwidth. ignore. - client_session.go:630
2026/03/12 14:37:10.066158 [22;34mDEBUG[0m chunk:2,chunk-dur:0, timestamp:0, od:0 - chunk_composer.go:299
2026/03/12 14:37:10.066162 [22;36m INFO[0m [RTMPPUSH1] < R Set Chunk Size 4096. - client_session.go:633
2026/03/12 14:37:10.066163 [22;34mDEBUG[0m chunk:3,chunk-dur:0, timestamp:0, od:0 - chunk_composer.go:299
2026/03/12 14:37:10.066175 [22;36m INFO[0m [RTMPPUSH1] < R _result("NetConnection.Connect.Success"). - client_session.go:583
2026/03/12 14:37:10.066178 [22;36m INFO[0m [RTMPPUSH1] > W createStream(). - client_session.go:584
2026/03/12 14:37:10.066235 [22;34mDEBUG[0m chunk:4,chunk-dur:0, timestamp:0, od:0 - chunk_composer.go:299
2026/03/12 14:37:10.066490 [22;36m INFO[0m [RTMPPUSH1] < R _result(). - client_session.go:600
2026/03/12 14:37:10.066540 [22;36m INFO[0m [RTMPPUSH1] > W publish('test'). - client_session.go:608
2026/03/12 14:37:10.066600 [22;34mDEBUG[0m chunk:5,chunk-dur:0, timestamp:0, od:0 - chunk_composer.go:299
2026/03/12 14:37:10.067829 [22;36m INFO[0m [RTMPPUSH1] < R onStatus('NetStream.Publish.Start'). - client_session.go:548
2026/03/12 14:37:10.067850 [22;34mDEBUG[0m chunk:6,chunk-dur:1, timestamp:0, od:0 - chunk_composer.go:299
2026/03/12 14:37:10.067857 [22;36m INFO[0m push succ. url=rtmp://127.0.0.1/live/test, handshaketime:26.000000, - rtmpquic.go:116
2026/03/12 14:37:10.067861 [22;34mDEBUG[0m Livestreaming start sending tick:1773326230067860 - rtmpquic.go:231
2026/03/12 14:37:10.067865 [22;34mDEBUG[0m Return monitor from  scheduler : , bw flag : false, limit : 0 - rtmpquic.go:249
2026/03/12 14:37:10.067926 [22;36m INFO[0m IframeComing true, resideSizeInGOP -65, meanGOP 0, meanI 0, curgop 65, curI 0 - rtmpquic.go:283
2026/03/12 14:37:10.067930 [22;36m INFO[0m UNKEYBEHIND 1,limit:0 - rtmpquic.go:284
2026/03/12 14:37:10.067934 [22;34mDEBUG[0m 1 p frame 65 - rtmpquic.go:294
2026/03/12 14:37:10.068027 [22;34mDEBUG[0m 
chunk:1 chunk-dur:1ms, timestamp:0 - rtmpquic.go:220
2026/03/12 14:37:10.068032 [22;34mDEBUG[0m Return monitor from  scheduler : , bw flag : false, limit : 0 - rtmpquic.go:249
key tag 239188
2026/03/12 14:37:10.068039 [22;34mDEBUG[0m 1 I frame 239188 - rtmpquic.go:275
2026/03/12 14:37:10.068055 [22;34mDEBUG[0m 
chunk:2 chunk-dur:0ms, timestamp:34 - rtmpquic.go:220
2026/03/12 14:37:10.101069 [22;34mDEBUG[0m Return monitor from  scheduler : , bw flag : false, limit : 0 - rtmpquic.go:249
2026/03/12 14:37:10.101107 [22;36m INFO[0m IframeComing true, resideSizeInGOP -266649, meanGOP 0, meanI 0, curgop 266649, curI 239188 - rtmpquic.go:283
2026/03/12 14:37:10.101112 [22;36m INFO[0m UNKEYBEHIND 1,limit:0 - rtmpquic.go:284
2026/03/12 14:37:10.101115 [22;34mDEBUG[0m 1 p frame 27461 - rtmpquic.go:294
2026/03/12 14:37:10.101299 [22;34mDEBUG[0m 
chunk:3 chunk-dur:33ms, timestamp:67 - rtmpquic.go:220
2026/03/12 14:37:10.134596 [22;34mDEBUG[0m Return monitor from  scheduler : , bw flag : false, limit : 0 - rtmpquic.go:249
2026/03/12 14:37:10.134615 [22;36m INFO[0m IframeComing true, resideSizeInGOP -272196, meanGOP 0, meanI 0, curgop 272196, curI 239188 - rtmpquic.go:283
2026/03/12 14:37:10.134619 [22;36m INFO[0m UNKEYBEHIND 2,limit:0 - rtmpquic.go:284
2026/03/12 14:37:10.134622 [22;34mDEBUG[0m 2 p frame 5547 - rtmpquic.go:294
2026/03/12 14:37:10.134630 [22;34mDEBUG[0m 
chunk:4 chunk-dur:33ms, timestamp:100 - rtmpquic.go:220
2026/03/12 14:37:10.167713 [22;34mDEBUG[0m Return monitor from  scheduler : , bw flag : false, limit : 0 - rtmpquic.go:249
2026/03/12 14:37:10.167734 [22;36m INFO[0m IframeComing true, resideSizeInGOP -274074, meanGOP 0, meanI 0, curgop 274074, curI 239188 - rtmpquic.go:283
2026/03/12 14:37:10.167738 [22;36m INFO[0m UNKEYBEHIND 3,limit:0 - rtmpquic.go:284
2026/03/12 14:37:10.167742 [22;34mDEBUG[0m 3 p frame 1878 - rtmpquic.go:294
2026/03/12 14:37:10.167766 [22;34mDEBUG[0m 
chunk:5 chunk-dur:33ms, timestamp:134 - rtmpquic.go:220
2026/03/12 14:37:10.202018 [22;34mDEBUG[0m Return monitor from  scheduler : , bw flag : false, limit : 0 - rtmpquic.go:249
2026/03/12 14:37:10.202043 [22;36m INFO[0m IframeComing true, resideSizeInGOP -276941, meanGOP 0, meanI 0, curgop 276941, curI 239188 - rtmpquic.go:283
2026/03/12 14:37:10.202047 [22;36m INFO[0m UNKEYBEHIND 4,limit:0 - rtmpquic.go:284
2026/03/12 14:37:10.202051 [22;34mDEBUG[0m 4 p frame 2867 - rtmpquic.go:294
2026/03/12 14:37:10.202128 [22;34mDEBUG[0m 
chunk:6 chunk-dur:35ms, timestamp:167 - rtmpquic.go:220
2026/03/12 14:37:10.234531 [22;34mDEBUG[0m Return monitor from  scheduler : , bw flag : false, limit : 0 - rtmpquic.go:249
2026/03/12 14:37:10.234555 [22;36m INFO[0m IframeComing true, resideSizeInGOP -318844, meanGOP 0, meanI 0, curgop 318844, curI 239188 - rtmpquic.go:283
2026/03/12 14:37:10.234559 [22;36m INFO[0m UNKEYBEHIND 5,limit:0 - rtmpquic.go:284
2026/03/12 14:37:10.234563 [22;34mDEBUG[0m 5 p frame 41903 - rtmpquic.go:294
2026/03/12 14:37:10.234598 [22;34mDEBUG[0m 
chunk:7 chunk-dur:32ms, timestamp:200 - rtmpquic.go:220
2026/03/12 14:37:10.268256 [22;34mDEBUG[0m Return monitor from  scheduler : , bw flag : false, limit : 0 - rtmpquic.go:249
2026/03/12 14:37:10.268280 [22;36m INFO[0m IframeComing true, resideSizeInGOP -328930, meanGOP 0, meanI 0, curgop 328930, curI 239188 - rtmpquic.go:283
2026/03/12 14:37:10.268286 [22;36m INFO[0m UNKEYBEHIND 6,limit:0 - rtmpquic.go:284
2026/03/12 14:37:10.268289 [22;34mDEBUG[0m 6 p frame 10086 - rtmpquic.go:294
2026/03/12 14:37:10.268308 [22;34mDEBUG[0m 
chunk:8 chunk-dur:34ms, timestamp:234 - rtmpquic.go:220
2026/03/12 14:37:10.301465 [22;34mDEBUG[0m Return monitor from  scheduler : , bw flag : false, limit : 0 - rtmpquic.go:249
2026/03/12 14:37:10.301497 [22;36m INFO[0m IframeComing true, resideSizeInGOP -332866, meanGOP 0, meanI 0, curgop 332866, curI 239188 - rtmpquic.go:283
2026/03/12 14:37:10.301501 [22;36m INFO[0m UNKEYBEHIND 7,limit:0 - rtmpquic.go:284
2026/03/12 14:37:10.301505 [22;34mDEBUG[0m 7 p frame 3936 - rtmpquic.go:294
2026/03/12 14:37:10.301529 [22;34mDEBUG[0m 
chunk:9 chunk-dur:33ms, timestamp:267 - rtmpquic.go:220
2026/03/12 14:37:10.338205 [22;34mDEBUG[0m Return monitor from  scheduler : , bw flag : false, limit : 0 - rtmpquic.go:249
2026/03/12 14:37:10.338226 [22;36m INFO[0m IframeComing true, resideSizeInGOP -336695, meanGOP 0, meanI 0, curgop 336695, curI 239188 - rtmpquic.go:283
2026/03/12 14:37:10.338230 [22;36m INFO[0m UNKEYBEHIND 8,limit:0 - rtmpquic.go:284
2026/03/12 14:37:10.338234 [22;34mDEBUG[0m 8 p frame 3829 - rtmpquic.go:294
2026/03/12 14:37:10.338380 [22;34mDEBUG[0m 
chunk:10 chunk-dur:37ms, timestamp:300 - rtmpquic.go:220
2026/03/12 14:37:10.370995 [22;34mDEBUG[0m Return monitor from  scheduler : , bw flag : false, limit : 0 - rtmpquic.go:249
2026/03/12 14:37:10.371022 [22;36m INFO[0m IframeComing true, resideSizeInGOP -385081, meanGOP 0, meanI 0, curgop 385081, curI 239188 - rtmpquic.go:283
2026/03/12 14:37:10.371026 [22;36m INFO[0m UNKEYBEHIND 9,limit:0 - rtmpquic.go:284
2026/03/12 14:37:10.371029 [22;34mDEBUG[0m 9 p frame 48386 - rtmpquic.go:294
2026/03/12 14:37:10.371037 [22;34mDEBUG[0m 
chunk:11 chunk-dur:33ms, timestamp:334 - rtmpquic.go:220
2026/03/12 14:37:10.402729 [22;34mDEBUG[0m Return monitor from  scheduler : , bw flag : false, limit : 0 - rtmpquic.go:249
2026/03/12 14:37:10.402749 [22;36m INFO[0m IframeComing true, resideSizeInGOP -395898, meanGOP 0, meanI 0, curgop 395898, curI 239188 - rtmpquic.go:283
2026/03/12 14:37:10.402753 [22;36m INFO[0m UNKEYBEHIND 10,limit:0 - rtmpquic.go:284
2026/03/12 14:37:10.402757 [22;34mDEBUG[0m 10 p frame 10817 - rtmpquic.go:294
2026/03/12 14:37:10.402811 [22;34mDEBUG[0m 
chunk:12 chunk-dur:31ms, timestamp:367 - rtmpquic.go:220
2026/03/12 14:37:10.435777 [22;34mDEBUG[0m Return monitor from  scheduler : , bw flag : false, limit : 0 - rtmpquic.go:249
2026/03/12 14:37:10.435822 [22;36m INFO[0m IframeComing true, resideSizeInGOP -400547, meanGOP 0, meanI 0, curgop 400547, curI 239188 - rtmpquic.go:283
2026/03/12 14:37:10.435827 [22;36m INFO[0m UNKEYBEHIND 11,limit:0 - rtmpquic.go:284
2026/03/12 14:37:10.435831 [22;34mDEBUG[0m 11 p frame 4649 - rtmpquic.go:294
2026/03/12 14:37:10.435846 [22;34mDEBUG[0m 
chunk:13 chunk-dur:33ms, timestamp:400 - rtmpquic.go:220
2026/03/12 14:37:10.468125 [22;34mDEBUG[0m Return monitor from  scheduler : , bw flag : false, limit : 0 - rtmpquic.go:249
2026/03/12 14:37:10.468150 [22;36m INFO[0m IframeComing true, resideSizeInGOP -405258, meanGOP 0, meanI 0, curgop 405258, curI 239188 - rtmpquic.go:283
2026/03/12 14:37:10.468154 [22;36m INFO[0m UNKEYBEHIND 12,limit:0 - rtmpquic.go:284
2026/03/12 14:37:10.468158 [22;34mDEBUG[0m 12 p frame 4711 - rtmpquic.go:294
2026/03/12 14:37:10.468203 [22;34mDEBUG[0m 
chunk:14 chunk-dur:33ms, timestamp:434 - rtmpquic.go:220
2026/03/12 14:37:10.501554 [22;34mDEBUG[0m Return monitor from  scheduler : , bw flag : false, limit : 0 - rtmpquic.go:249
2026/03/12 14:37:10.501601 [22;36m INFO[0m IframeComing true, resideSizeInGOP -458720, meanGOP 0, meanI 0, curgop 458720, curI 239188 - rtmpquic.go:283
2026/03/12 14:37:10.501608 [22;36m INFO[0m UNKEYBEHIND 13,limit:0 - rtmpquic.go:284
2026/03/12 14:37:10.501611 [22;34mDEBUG[0m 13 p frame 53462 - rtmpquic.go:294
2026/03/12 14:37:10.501640 [22;34mDEBUG[0m 
chunk:15 chunk-dur:33ms, timestamp:467 - rtmpquic.go:220
2026/03/12 14:37:10.535349 [22;34mDEBUG[0m Return monitor from  scheduler : , bw flag : false, limit : 0 - rtmpquic.go:249
2026/03/12 14:37:10.535376 [22;36m INFO[0m IframeComing true, resideSizeInGOP -470278, meanGOP 0, meanI 0, curgop 470278, curI 239188 - rtmpquic.go:283
2026/03/12 14:37:10.535394 [22;36m INFO[0m UNKEYBEHIND 14,limit:0 - rtmpquic.go:284
2026/03/12 14:37:10.535398 [22;34mDEBUG[0m 14 p frame 11558 - rtmpquic.go:294
2026/03/12 14:37:10.535408 [22;34mDEBUG[0m 
chunk:16 chunk-dur:34ms, timestamp:500 - rtmpquic.go:220
2026/03/12 14:37:10.568396 [22;34mDEBUG[0m Return monitor from  scheduler : , bw flag : false, limit : 0 - rtmpquic.go:249
2026/03/12 14:37:10.568417 [22;36m INFO[0m IframeComing true, resideSizeInGOP -475043, meanGOP 0, meanI 0, curgop 475043, curI 239188 - rtmpquic.go:283
2026/03/12 14:37:10.568420 [22;36m INFO[0m UNKEYBEHIND 15,limit:0 - rtmpquic.go:284
2026/03/12 14:37:10.568424 [22;34mDEBUG[0m 15 p frame 4765 - rtmpquic.go:294
2026/03/12 14:37:10.568440 [22;34mDEBUG[0m 
chunk:17 chunk-dur:33ms, timestamp:534 - rtmpquic.go:220
2026/03/12 14:37:10.602437 [22;34mDEBUG[0m Return monitor from  scheduler : , bw flag : false, limit : 0 - rtmpquic.go:249
2026/03/12 14:37:10.602462 [22;36m INFO[0m IframeComing true, resideSizeInGOP -479897, meanGOP 0, meanI 0, curgop 479897, curI 239188 - rtmpquic.go:283
2026/03/12 14:37:10.602466 [22;36m INFO[0m UNKEYBEHIND 16,limit:0 - rtmpquic.go:284
2026/03/12 14:37:10.602470 [22;34mDEBUG[0m 16 p frame 4854 - rtmpquic.go:294
2026/03/12 14:37:10.602506 [22;34mDEBUG[0m 
chunk:18 chunk-dur:34ms, timestamp:567 - rtmpquic.go:220
2026/03/12 14:37:10.635130 [22;34mDEBUG[0m Return monitor from  scheduler : , bw flag : false, limit : 0 - rtmpquic.go:249
2026/03/12 14:37:10.635155 [22;36m INFO[0m IframeComing true, resideSizeInGOP -529645, meanGOP 0, meanI 0, curgop 529645, curI 239188 - rtmpquic.go:283
2026/03/12 14:37:10.635160 [22;36m INFO[0m UNKEYBEHIND 17,limit:0 - rtmpquic.go:284
2026/03/12 14:37:10.635164 [22;34mDEBUG[0m 17 p frame 49748 - rtmpquic.go:294
2026/03/12 14:37:10.635213 [22;34mDEBUG[0m 
chunk:19 chunk-dur:33ms, timestamp:600 - rtmpquic.go:220
2026/03/12 14:37:10.668825 [22;34mDEBUG[0m Return monitor from  scheduler : , bw flag : false, limit : 0 - rtmpquic.go:249
2026/03/12 14:37:10.668852 [22;36m INFO[0m IframeComing true, resideSizeInGOP -540229, meanGOP 0, meanI 0, curgop 540229, curI 239188 - rtmpquic.go:283
2026/03/12 14:37:10.668856 [22;36m INFO[0m UNKEYBEHIND 18,limit:0 - rtmpquic.go:284
2026/03/12 14:37:10.668859 [22;34mDEBUG[0m 18 p frame 10584 - rtmpquic.go:294
2026/03/12 14:37:10.668901 [22;34mDEBUG[0m 
chunk:20 chunk-dur:33ms, timestamp:634 - rtmpquic.go:220
2026/03/12 14:37:10.706608 [22;34mDEBUG[0m Return monitor from  scheduler : , bw flag : false, limit : 0 - rtmpquic.go:249
2026/03/12 14:37:10.706634 [22;36m INFO[0m IframeComing true, resideSizeInGOP -544615, meanGOP 0, meanI 0, curgop 544615, curI 239188 - rtmpquic.go:283
2026/03/12 14:37:10.706638 [22;36m INFO[0m UNKEYBEHIND 19,limit:0 - rtmpquic.go:284
2026/03/12 14:37:10.706642 [22;34mDEBUG[0m 19 p frame 4386 - rtmpquic.go:294
2026/03/12 14:37:10.706655 [22;34mDEBUG[0m 
chunk:21 chunk-dur:38ms, timestamp:667 - rtmpquic.go:220
2026/03/12 14:37:10.736047 [22;34mDEBUG[0m Return monitor from  scheduler : , bw flag : false, limit : 0 - rtmpquic.go:249
2026/03/12 14:37:10.736074 [22;36m INFO[0m IframeComing true, resideSizeInGOP -549231, meanGOP 0, meanI 0, curgop 549231, curI 239188 - rtmpquic.go:283
2026/03/12 14:37:10.736077 [22;36m INFO[0m UNKEYBEHIND 20,limit:0 - rtmpquic.go:284
2026/03/12 14:37:10.736081 [22;34mDEBUG[0m 20 p frame 4616 - rtmpquic.go:294
2026/03/12 14:37:10.736149 [22;34mDEBUG[0m 
chunk:22 chunk-dur:30ms, timestamp:700 - rtmpquic.go:220
2026/03/12 14:37:10.767803 [22;34mDEBUG[0m Return monitor from  scheduler : , bw flag : false, limit : 0 - rtmpquic.go:249
2026/03/12 14:37:10.767824 [22;36m INFO[0m IframeComing true, resideSizeInGOP -601195, meanGOP 0, meanI 0, curgop 601195, curI 239188 - rtmpquic.go:283
2026/03/12 14:37:10.767828 [22;36m INFO[0m UNKEYBEHIND 21,limit:0 - rtmpquic.go:284
2026/03/12 14:37:10.767832 [22;34mDEBUG[0m 21 p frame 51964 - rtmpquic.go:294
2026/03/12 14:37:10.767859 [22;34mDEBUG[0m 
chunk:23 chunk-dur:31ms, timestamp:734 - rtmpquic.go:220
2026/03/12 14:37:10.802829 [22;34mDEBUG[0m Return monitor from  scheduler : , bw flag : false, limit : 0 - rtmpquic.go:249
2026/03/12 14:37:10.802862 [22;36m INFO[0m IframeComing true, resideSizeInGOP -613128, meanGOP 0, meanI 0, curgop 613128, curI 239188 - rtmpquic.go:283
2026/03/12 14:37:10.802894 [22;36m INFO[0m UNKEYBEHIND 22,limit:0 - rtmpquic.go:284
2026/03/12 14:37:10.802899 [22;34mDEBUG[0m 22 p frame 11933 - rtmpquic.go:294
2026/03/12 14:37:10.802933 [22;34mDEBUG[0m 
chunk:24 chunk-dur:35ms, timestamp:767 - rtmpquic.go:220
2026/03/12 14:37:10.835329 [22;34mDEBUG[0m Return monitor from  scheduler : , bw flag : false, limit : 0 - rtmpquic.go:249
2026/03/12 14:37:10.835368 [22;36m INFO[0m IframeComing true, resideSizeInGOP -618200, meanGOP 0, meanI 0, curgop 618200, curI 239188 - rtmpquic.go:283
2026/03/12 14:37:10.835373 [22;36m INFO[0m UNKEYBEHIND 23,limit:0 - rtmpquic.go:284
2026/03/12 14:37:10.835376 [22;34mDEBUG[0m 23 p frame 5072 - rtmpquic.go:294
2026/03/12 14:37:10.835402 [22;34mDEBUG[0m 
chunk:25 chunk-dur:33ms, timestamp:800 - rtmpquic.go:220
2026/03/12 14:37:10.867995 [22;34mDEBUG[0m Return monitor from  scheduler : , bw flag : false, limit : 0 - rtmpquic.go:249
2026/03/12 14:37:10.868021 [22;36m INFO[0m IframeComing true, resideSizeInGOP -623094, meanGOP 0, meanI 0, curgop 623094, curI 239188 - rtmpquic.go:283
2026/03/12 14:37:10.868025 [22;36m INFO[0m UNKEYBEHIND 24,limit:0 - rtmpquic.go:284
2026/03/12 14:37:10.868029 [22;34mDEBUG[0m 24 p frame 4894 - rtmpquic.go:294
2026/03/12 14:37:10.868083 [22;34mDEBUG[0m 
chunk:26 chunk-dur:33ms, timestamp:834 - rtmpquic.go:220
2026/03/12 14:37:10.902007 [22;34mDEBUG[0m Return monitor from  scheduler : , bw flag : false, limit : 0 - rtmpquic.go:249
2026/03/12 14:37:10.902031 [22;36m INFO[0m IframeComing true, resideSizeInGOP -665779, meanGOP 0, meanI 0, curgop 665779, curI 239188 - rtmpquic.go:283
2026/03/12 14:37:10.902036 [22;36m INFO[0m UNKEYBEHIND 25,limit:0 - rtmpquic.go:284
2026/03/12 14:37:10.902039 [22;34mDEBUG[0m 25 p frame 42685 - rtmpquic.go:294
2026/03/12 14:37:10.902180 [22;34mDEBUG[0m 
chunk:27 chunk-dur:34ms, timestamp:867 - rtmpquic.go:220
2026/03/12 14:37:10.934684 [22;34mDEBUG[0m Return monitor from  scheduler : , bw flag : false, limit : 0 - rtmpquic.go:249
2026/03/12 14:37:10.934705 [22;36m INFO[0m IframeComing true, resideSizeInGOP -678742, meanGOP 0, meanI 0, curgop 678742, curI 239188 - rtmpquic.go:283
2026/03/12 14:37:10.934709 [22;36m INFO[0m UNKEYBEHIND 26,limit:0 - rtmpquic.go:284
2026/03/12 14:37:10.934713 [22;34mDEBUG[0m 26 p frame 12963 - rtmpquic.go:294
2026/03/12 14:37:10.934720 [22;34mDEBUG[0m 
chunk:28 chunk-dur:32ms, timestamp:900 - rtmpquic.go:220
2026/03/12 14:37:10.968255 [22;34mDEBUG[0m Return monitor from  scheduler : , bw flag : false, limit : 0 - rtmpquic.go:249
2026/03/12 14:37:10.968332 [22;36m INFO[0m IframeComing true, resideSizeInGOP -684320, meanGOP 0, meanI 0, curgop 684320, curI 239188 - rtmpquic.go:283
2026/03/12 14:37:10.968342 [22;36m INFO[0m UNKEYBEHIND 27,limit:0 - rtmpquic.go:284
2026/03/12 14:37:10.968368 [22;34mDEBUG[0m 27 p frame 5578 - rtmpquic.go:294
2026/03/12 14:37:10.968387 [22;34mDEBUG[0m 
chunk:29 chunk-dur:34ms, timestamp:934 - rtmpquic.go:220
2026/03/12 14:37:11.002349 [22;34mDEBUG[0m Return monitor from  scheduler : , bw flag : false, limit : 0 - rtmpquic.go:249
2026/03/12 14:37:11.002370 [22;36m INFO[0m IframeComing true, resideSizeInGOP -689910, meanGOP 0, meanI 0, curgop 689910, curI 239188 - rtmpquic.go:283
2026/03/12 14:37:11.002374 [22;36m INFO[0m UNKEYBEHIND 28,limit:0 - rtmpquic.go:284
2026/03/12 14:37:11.002378 [22;34mDEBUG[0m 28 p frame 5590 - rtmpquic.go:294
2026/03/12 14:37:11.002423 [22;34mDEBUG[0m 
chunk:30 chunk-dur:34ms, timestamp:967 - rtmpquic.go:220
2026/03/12 14:37:11.034788 [22;34mDEBUG[0m Return monitor from  scheduler : , bw flag : false, limit : 0 - rtmpquic.go:249
2026/03/12 14:37:11.034808 [22;36m INFO[0m IframeComing true, resideSizeInGOP -726829, meanGOP 0, meanI 0, curgop 726829, curI 239188 - rtmpquic.go:283
2026/03/12 14:37:11.034812 [22;36m INFO[0m UNKEYBEHIND 29,limit:0 - rtmpquic.go:284
2026/03/12 14:37:11.034816 [22;34mDEBUG[0m 29 p frame 36919 - rtmpquic.go:294
2026/03/12 14:37:11.035040 [22;34mDEBUG[0m 
chunk:31 chunk-dur:33ms, timestamp:1000 - rtmpquic.go:220
2026/03/12 14:37:11.065888 [22;34mDEBUG[0m bitrate:5.547466 Mbps - client_session.go:438
2026/03/12 14:37:11.067098 [22;34mDEBUG[0m Return monitor from  scheduler : , bw flag : false, limit : 0 - rtmpquic.go:249
2026/03/12 14:37:11.067128 [22;36m INFO[0m IframeComing true, resideSizeInGOP -732307, meanGOP 0, meanI 0, curgop 732307, curI 239188 - rtmpquic.go:283
2026/03/12 14:37:11.067153 [22;36m INFO[0m UNKEYBEHIND 30,limit:0 - rtmpquic.go:284
2026/03/12 14:37:11.067161 [22;34mDEBUG[0m 30 p frame 5478 - rtmpquic.go:294
2026/03/12 14:37:11.067254 [22;34mDEBUG[0m 
chunk:32 chunk-dur:32ms, timestamp:1034 - rtmpquic.go:220
2026/03/12 14:37:11.102153 [22;34mDEBUG[0m Return monitor from  scheduler : , bw flag : false, limit : 0 - rtmpquic.go:249
2026/03/12 14:37:11.102180 [22;36m INFO[0m IframeComing true, resideSizeInGOP -833223, meanGOP 0, meanI 0, curgop 833223, curI 239188 - rtmpquic.go:283
2026/03/12 14:37:11.102184 [22;36m INFO[0m UNKEYBEHIND 31,limit:0 - rtmpquic.go:284
2026/03/12 14:37:11.102203 [22;34mDEBUG[0m 31 p frame 100916 - rtmpquic.go:294
2026/03/12 14:37:11.102294 [22;34mDEBUG[0m 
chunk:33 chunk-dur:35ms, timestamp:1067 - rtmpquic.go:220
2026/03/12 14:37:11.134757 [22;34mDEBUG[0m Return monitor from  scheduler : , bw flag : false, limit : 0 - rtmpquic.go:249
2026/03/12 14:37:11.134781 [22;36m INFO[0m IframeComing true, resideSizeInGOP -845584, meanGOP 0, meanI 0, curgop 845584, curI 239188 - rtmpquic.go:283
2026/03/12 14:37:11.134785 [22;36m INFO[0m UNKEYBEHIND 32,limit:0 - rtmpquic.go:284
2026/03/12 14:37:11.134788 [22;34mDEBUG[0m 32 p frame 12361 - rtmpquic.go:294
2026/03/12 14:37:11.134804 [22;34mDEBUG[0m 
chunk:34 chunk-dur:32ms, timestamp:1100 - rtmpquic.go:220
2026/03/12 14:37:11.167843 [22;34mDEBUG[0m Return monitor from  scheduler : , bw flag : false, limit : 0 - rtmpquic.go:249
2026/03/12 14:37:11.167901 [22;36m INFO[0m IframeComing true, resideSizeInGOP -850841, meanGOP 0, meanI 0, curgop 850841, curI 239188 - rtmpquic.go:283
2026/03/12 14:37:11.167907 [22;36m INFO[0m UNKEYBEHIND 33,limit:0 - rtmpquic.go:284
2026/03/12 14:37:11.167911 [22;34mDEBUG[0m 33 p frame 5257 - rtmpquic.go:294
2026/03/12 14:37:11.167938 [22;34mDEBUG[0m 
chunk:35 chunk-dur:33ms, timestamp:1134 - rtmpquic.go:220
2026/03/12 14:37:11.202452 [22;34mDEBUG[0m Return monitor from  scheduler : , bw flag : false, limit : 0 - rtmpquic.go:249
2026/03/12 14:37:11.202477 [22;36m INFO[0m IframeComing true, resideSizeInGOP -906133, meanGOP 0, meanI 0, curgop 906133, curI 239188 - rtmpquic.go:283
2026/03/12 14:37:11.202481 [22;36m INFO[0m UNKEYBEHIND 34,limit:0 - rtmpquic.go:284
2026/03/12 14:37:11.202485 [22;34mDEBUG[0m 34 p frame 55292 - rtmpquic.go:294
2026/03/12 14:37:11.202512 [22;34mDEBUG[0m 
chunk:36 chunk-dur:35ms, timestamp:1167 - rtmpquic.go:220
2026/03/12 14:37:11.235984 [22;34mDEBUG[0m Return monitor from  scheduler : , bw flag : false, limit : 0 - rtmpquic.go:249
2026/03/12 14:37:11.236083 [22;36m INFO[0m IframeComing true, resideSizeInGOP -914226, meanGOP 0, meanI 0, curgop 914226, curI 239188 - rtmpquic.go:283
2026/03/12 14:37:11.236090 [22;36m INFO[0m UNKEYBEHIND 35,limit:0 - rtmpquic.go:284
2026/03/12 14:37:11.236096 [22;34mDEBUG[0m 35 p frame 8093 - rtmpquic.go:294
2026/03/12 14:37:11.236106 [22;34mDEBUG[0m 
chunk:37 chunk-dur:34ms, timestamp:1200 - rtmpquic.go:220
2026/03/12 14:37:11.268215 [22;34mDEBUG[0m Return monitor from  scheduler : , bw flag : false, limit : 0 - rtmpquic.go:249
2026/03/12 14:37:11.268252 [22;36m INFO[0m IframeComing true, resideSizeInGOP -920049, meanGOP 0, meanI 0, curgop 920049, curI 239188 - rtmpquic.go:283
2026/03/12 14:37:11.268257 [22;36m INFO[0m UNKEYBEHIND 36,limit:0 - rtmpquic.go:284
2026/03/12 14:37:11.268260 [22;34mDEBUG[0m 36 p frame 5823 - rtmpquic.go:294
2026/03/12 14:37:11.268305 [22;34mDEBUG[0m 
chunk:38 chunk-dur:32ms, timestamp:1234 - rtmpquic.go:220
2026/03/12 14:37:11.301985 [22;34mDEBUG[0m Return monitor from  scheduler : , bw flag : false, limit : 0 - rtmpquic.go:249
2026/03/12 14:37:11.302027 [22;36m INFO[0m IframeComing true, resideSizeInGOP -968717, meanGOP 0, meanI 0, curgop 968717, curI 239188 - rtmpquic.go:283
2026/03/12 14:37:11.302032 [22;36m INFO[0m UNKEYBEHIND 37,limit:0 - rtmpquic.go:284
2026/03/12 14:37:11.302036 [22;34mDEBUG[0m 37 p frame 48668 - rtmpquic.go:294
2026/03/12 14:37:11.302069 [22;34mDEBUG[0m 
chunk:39 chunk-dur:34ms, timestamp:1267 - rtmpquic.go:220
2026/03/12 14:37:11.334331 [22;34mDEBUG[0m Return monitor from  scheduler : , bw flag : false, limit : 0 - rtmpquic.go:249
2026/03/12 14:37:11.334393 [22;36m INFO[0m IframeComing true, resideSizeInGOP -979496, meanGOP 0, meanI 0, curgop 979496, curI 239188 - rtmpquic.go:283
2026/03/12 14:37:11.334398 [22;36m INFO[0m UNKEYBEHIND 38,limit:0 - rtmpquic.go:284
2026/03/12 14:37:11.334402 [22;34mDEBUG[0m 38 p frame 10779 - rtmpquic.go:294
2026/03/12 14:37:11.334422 [22;34mDEBUG[0m 
chunk:40 chunk-dur:32ms, timestamp:1300 - rtmpquic.go:220
2026/03/12 14:37:11.368337 [22;34mDEBUG[0m Return monitor from  scheduler : , bw flag : false, limit : 0 - rtmpquic.go:249
2026/03/12 14:37:11.368386 [22;36m INFO[0m IframeComing true, resideSizeInGOP -984992, meanGOP 0, meanI 0, curgop 984992, curI 239188 - rtmpquic.go:283
2026/03/12 14:37:11.368390 [22;36m INFO[0m UNKEYBEHIND 39,limit:0 - rtmpquic.go:284
2026/03/12 14:37:11.368394 [22;34mDEBUG[0m 39 p frame 5496 - rtmpquic.go:294
2026/03/12 14:37:11.368405 [22;34mDEBUG[0m 
chunk:41 chunk-dur:34ms, timestamp:1334 - rtmpquic.go:220
2026/03/12 14:37:11.403111 [22;34mDEBUG[0m Return monitor from  scheduler : , bw flag : false, limit : 0 - rtmpquic.go:249
2026/03/12 14:37:11.403154 [22;36m INFO[0m IframeComing true, resideSizeInGOP -990493, meanGOP 0, meanI 0, curgop 990493, curI 239188 - rtmpquic.go:283
2026/03/12 14:37:11.403159 [22;36m INFO[0m UNKEYBEHIND 40,limit:0 - rtmpquic.go:284
2026/03/12 14:37:11.403162 [22;34mDEBUG[0m 40 p frame 5501 - rtmpquic.go:294
2026/03/12 14:37:11.403356 [22;34mDEBUG[0m 
chunk:42 chunk-dur:35ms, timestamp:1367 - rtmpquic.go:220
2026/03/12 14:37:11.436474 [22;34mDEBUG[0m Return monitor from  scheduler : , bw flag : false, limit : 0 - rtmpquic.go:249
2026/03/12 14:37:11.436535 [22;36m INFO[0m IframeComing true, resideSizeInGOP -1.049844e+06, meanGOP 0, meanI 0, curgop 1049844, curI 239188 - rtmpquic.go:283
2026/03/12 14:37:11.436540 [22;36m INFO[0m UNKEYBEHIND 41,limit:0 - rtmpquic.go:284
2026/03/12 14:37:11.436544 [22;34mDEBUG[0m 41 p frame 59351 - rtmpquic.go:294
2026/03/12 14:37:11.436552 [22;34mDEBUG[0m 
chunk:43 chunk-dur:33ms, timestamp:1400 - rtmpquic.go:220
2026/03/12 14:37:11.468588 [22;34mDEBUG[0m Return monitor from  scheduler : , bw flag : false, limit : 0 - rtmpquic.go:249
2026/03/12 14:37:11.468617 [22;36m INFO[0m IframeComing true, resideSizeInGOP -1.061066e+06, meanGOP 0, meanI 0, curgop 1061066, curI 239188 - rtmpquic.go:283
2026/03/12 14:37:11.468638 [22;36m INFO[0m UNKEYBEHIND 42,limit:0 - rtmpquic.go:284
2026/03/12 14:37:11.468642 [22;34mDEBUG[0m 42 p frame 11222 - rtmpquic.go:294
2026/03/12 14:37:11.468653 [22;34mDEBUG[0m 
chunk:44 chunk-dur:32ms, timestamp:1434 - rtmpquic.go:220
2026/03/12 14:37:11.502427 [22;34mDEBUG[0m Return monitor from  scheduler : , bw flag : false, limit : 0 - rtmpquic.go:249
2026/03/12 14:37:11.502488 [22;36m INFO[0m IframeComing true, resideSizeInGOP -1.066214e+06, meanGOP 0, meanI 0, curgop 1066214, curI 239188 - rtmpquic.go:283
2026/03/12 14:37:11.502501 [22;36m INFO[0m UNKEYBEHIND 43,limit:0 - rtmpquic.go:284
2026/03/12 14:37:11.502505 [22;34mDEBUG[0m 43 p frame 5148 - rtmpquic.go:294
2026/03/12 14:37:11.502515 [22;34mDEBUG[0m 
chunk:45 chunk-dur:34ms, timestamp:1467 - rtmpquic.go:220
2026/03/12 14:37:11.535576 [22;34mDEBUG[0m Return monitor from  scheduler : , bw flag : false, limit : 0 - rtmpquic.go:249
2026/03/12 14:37:11.535636 [22;36m INFO[0m IframeComing true, resideSizeInGOP -1.071642e+06, meanGOP 0, meanI 0, curgop 1071642, curI 239188 - rtmpquic.go:283
2026/03/12 14:37:11.535641 [22;36m INFO[0m UNKEYBEHIND 44,limit:0 - rtmpquic.go:284
2026/03/12 14:37:11.535645 [22;34mDEBUG[0m 44 p frame 5428 - rtmpquic.go:294
2026/03/12 14:37:11.535684 [22;34mDEBUG[0m 
chunk:46 chunk-dur:33ms, timestamp:1500 - rtmpquic.go:220
2026/03/12 14:37:11.568732 [22;34mDEBUG[0m Return monitor from  scheduler : , bw flag : false, limit : 0 - rtmpquic.go:249
2026/03/12 14:37:11.568754 [22;36m INFO[0m IframeComing true, resideSizeInGOP -1.125927e+06, meanGOP 0, meanI 0, curgop 1125927, curI 239188 - rtmpquic.go:283
2026/03/12 14:37:11.568759 [22;36m INFO[0m UNKEYBEHIND 45,limit:0 - rtmpquic.go:284
2026/03/12 14:37:11.568762 [22;34mDEBUG[0m 45 p frame 54285 - rtmpquic.go:294
2026/03/12 14:37:11.568783 [22;34mDEBUG[0m 
chunk:47 chunk-dur:33ms, timestamp:1534 - rtmpquic.go:220
2026/03/12 14:37:11.602244 [22;34mDEBUG[0m Return monitor from  scheduler : , bw flag : false, limit : 0 - rtmpquic.go:249
2026/03/12 14:37:11.602265 [22;36m INFO[0m IframeComing true, resideSizeInGOP -1.138159e+06, meanGOP 0, meanI 0, curgop 1138159, curI 239188 - rtmpquic.go:283
2026/03/12 14:37:11.602269 [22;36m INFO[0m UNKEYBEHIND 46,limit:0 - rtmpquic.go:284
2026/03/12 14:37:11.602272 [22;34mDEBUG[0m 46 p frame 12232 - rtmpquic.go:294
2026/03/12 14:37:11.602279 [22;34mDEBUG[0m 
chunk:48 chunk-dur:34ms, timestamp:1567 - rtmpquic.go:220
2026/03/12 14:37:11.639016 [22;34mDEBUG[0m Return monitor from  scheduler : , bw flag : false, limit : 0 - rtmpquic.go:249
2026/03/12 14:37:11.639091 [22;36m INFO[0m IframeComing true, resideSizeInGOP -1.145163e+06, meanGOP 0, meanI 0, curgop 1145163, curI 239188 - rtmpquic.go:283
2026/03/12 14:37:11.639098 [22;36m INFO[0m UNKEYBEHIND 47,limit:0 - rtmpquic.go:284
2026/03/12 14:37:11.639102 [22;34mDEBUG[0m 47 p frame 7004 - rtmpquic.go:294
2026/03/12 14:37:11.639117 [22;34mDEBUG[0m 
chunk:49 chunk-dur:37ms, timestamp:1600 - rtmpquic.go:220
2026/03/12 14:37:11.668187 [22;34mDEBUG[0m Return monitor from  scheduler : , bw flag : false, limit : 0 - rtmpquic.go:249
2026/03/12 14:37:11.668203 [22;36m INFO[0m IframeComing true, resideSizeInGOP -1.151635e+06, meanGOP 0, meanI 0, curgop 1151635, curI 239188 - rtmpquic.go:283
2026/03/12 14:37:11.668208 [22;36m INFO[0m UNKEYBEHIND 48,limit:0 - rtmpquic.go:284
2026/03/12 14:37:11.668211 [22;34mDEBUG[0m 48 p frame 6472 - rtmpquic.go:294
2026/03/12 14:37:11.668263 [22;34mDEBUG[0m 
chunk:50 chunk-dur:29ms, timestamp:1634 - rtmpquic.go:220
2026/03/12 14:37:11.701971 [22;34mDEBUG[0m Return monitor from  scheduler : , bw flag : false, limit : 0 - rtmpquic.go:249
2026/03/12 14:37:11.701991 [22;36m INFO[0m IframeComing true, resideSizeInGOP -1.221167e+06, meanGOP 0, meanI 0, curgop 1221167, curI 239188 - rtmpquic.go:283
2026/03/12 14:37:11.701995 [22;36m INFO[0m UNKEYBEHIND 49,limit:0 - rtmpquic.go:284
2026/03/12 14:37:11.701999 [22;34mDEBUG[0m 49 p frame 69532 - rtmpquic.go:294
2026/03/12 14:37:11.702047 [22;34mDEBUG[0m 
chunk:51 chunk-dur:34ms, timestamp:1667 - rtmpquic.go:220
2026/03/12 14:37:11.734761 [22;34mDEBUG[0m Return monitor from  scheduler : , bw flag : false, limit : 0 - rtmpquic.go:249
2026/03/12 14:37:11.734778 [22;36m INFO[0m IframeComing true, resideSizeInGOP -1.237461e+06, meanGOP 0, meanI 0, curgop 1237461, curI 239188 - rtmpquic.go:283
2026/03/12 14:37:11.734783 [22;36m INFO[0m UNKEYBEHIND 50,limit:0 - rtmpquic.go:284
2026/03/12 14:37:11.734786 [22;34mDEBUG[0m 50 p frame 16294 - rtmpquic.go:294
2026/03/12 14:37:11.734795 [22;34mDEBUG[0m 
chunk:52 chunk-dur:32ms, timestamp:1700 - rtmpquic.go:220
2026/03/12 14:37:11.772234 [22;34mDEBUG[0m Return monitor from  scheduler : , bw flag : false, limit : 0 - rtmpquic.go:249
2026/03/12 14:37:11.772273 [22;36m INFO[0m IframeComing true, resideSizeInGOP -1.244601e+06, meanGOP 0, meanI 0, curgop 1244601, curI 239188 - rtmpquic.go:283
2026/03/12 14:37:11.772277 [22;36m INFO[0m UNKEYBEHIND 51,limit:0 - rtmpquic.go:284
2026/03/12 14:37:11.772281 [22;34mDEBUG[0m 51 p frame 7140 - rtmpquic.go:294
2026/03/12 14:37:11.772294 [22;34mDEBUG[0m 
chunk:53 chunk-dur:38ms, timestamp:1734 - rtmpquic.go:220
2026/03/12 14:37:11.801935 [22;34mDEBUG[0m Return monitor from  scheduler : , bw flag : false, limit : 0 - rtmpquic.go:249
2026/03/12 14:37:11.801956 [22;36m INFO[0m IframeComing true, resideSizeInGOP -1.25312e+06, meanGOP 0, meanI 0, curgop 1253120, curI 239188 - rtmpquic.go:283
2026/03/12 14:37:11.801960 [22;36m INFO[0m UNKEYBEHIND 52,limit:0 - rtmpquic.go:284
2026/03/12 14:37:11.801964 [22;34mDEBUG[0m 52 p frame 8519 - rtmpquic.go:294
2026/03/12 14:37:11.802002 [22;34mDEBUG[0m 
chunk:54 chunk-dur:30ms, timestamp:1767 - rtmpquic.go:220
2026/03/12 14:37:11.835425 [22;34mDEBUG[0m Return monitor from  scheduler : , bw flag : false, limit : 0 - rtmpquic.go:249
2026/03/12 14:37:11.835484 [22;36m INFO[0m IframeComing true, resideSizeInGOP -1.296377e+06, meanGOP 0, meanI 0, curgop 1296377, curI 239188 - rtmpquic.go:283
2026/03/12 14:37:11.835495 [22;36m INFO[0m UNKEYBEHIND 53,limit:0 - rtmpquic.go:284
2026/03/12 14:37:11.835499 [22;34mDEBUG[0m 53 p frame 43257 - rtmpquic.go:294
2026/03/12 14:37:11.835508 [22;34mDEBUG[0m 
chunk:55 chunk-dur:33ms, timestamp:1800 - rtmpquic.go:220
2026/03/12 14:37:11.869804 [22;34mDEBUG[0m Return monitor from  scheduler : , bw flag : false, limit : 0 - rtmpquic.go:249
2026/03/12 14:37:11.869824 [22;36m INFO[0m IframeComing true, resideSizeInGOP -1.305299e+06, meanGOP 0, meanI 0, curgop 1305299, curI 239188 - rtmpquic.go:283
2026/03/12 14:37:11.869854 [22;36m INFO[0m UNKEYBEHIND 54,limit:0 - rtmpquic.go:284
2026/03/12 14:37:11.869858 [22;34mDEBUG[0m 54 p frame 8922 - rtmpquic.go:294
2026/03/12 14:37:11.869949 [22;34mDEBUG[0m 
chunk:56 chunk-dur:34ms, timestamp:1834 - rtmpquic.go:220
2026/03/12 14:37:11.904358 [22;34mDEBUG[0m Return monitor from  scheduler : , bw flag : false, limit : 0 - rtmpquic.go:249
2026/03/12 14:37:11.904400 [22;36m INFO[0m IframeComing true, resideSizeInGOP -1.311536e+06, meanGOP 0, meanI 0, curgop 1311536, curI 239188 - rtmpquic.go:283
2026/03/12 14:37:11.904405 [22;36m INFO[0m UNKEYBEHIND 55,limit:0 - rtmpquic.go:284
2026/03/12 14:37:11.904409 [22;34mDEBUG[0m 55 p frame 6237 - rtmpquic.go:294
2026/03/12 14:37:11.904574 [22;34mDEBUG[0m 
chunk:57 chunk-dur:35ms, timestamp:1867 - rtmpquic.go:220
2026/03/12 14:37:11.936374 [22;34mDEBUG[0m Return monitor from  scheduler : , bw flag : false, limit : 0 - rtmpquic.go:249
2026/03/12 14:37:11.936397 [22;36m INFO[0m IframeComing true, resideSizeInGOP -1.383839e+06, meanGOP 0, meanI 0, curgop 1383839, curI 239188 - rtmpquic.go:283
2026/03/12 14:37:11.936401 [22;36m INFO[0m UNKEYBEHIND 56,limit:0 - rtmpquic.go:284
2026/03/12 14:37:11.936404 [22;34mDEBUG[0m 56 p frame 72303 - rtmpquic.go:294
2026/03/12 14:37:11.936421 [22;34mDEBUG[0m 
chunk:58 chunk-dur:32ms, timestamp:1900 - rtmpquic.go:220
2026/03/12 14:37:11.967974 [22;34mDEBUG[0m Return monitor from  scheduler : , bw flag : false, limit : 0 - rtmpquic.go:249
2026/03/12 14:37:11.967997 [22;36m INFO[0m IframeComing true, resideSizeInGOP -1.399652e+06, meanGOP 0, meanI 0, curgop 1399652, curI 239188 - rtmpquic.go:283
2026/03/12 14:37:11.968001 [22;36m INFO[0m UNKEYBEHIND 57,limit:0 - rtmpquic.go:284
2026/03/12 14:37:11.968005 [22;34mDEBUG[0m 57 p frame 15813 - rtmpquic.go:294
2026/03/12 14:37:11.968033 [22;34mDEBUG[0m 
chunk:59 chunk-dur:32ms, timestamp:1934 - rtmpquic.go:220
2026/03/12 14:37:12.002693 [22;34mDEBUG[0m Return monitor from  scheduler : , bw flag : false, limit : 0 - rtmpquic.go:249
2026/03/12 14:37:12.002720 [22;36m INFO[0m IframeComing true, resideSizeInGOP -1.408256e+06, meanGOP 0, meanI 0, curgop 1408256, curI 239188 - rtmpquic.go:283
2026/03/12 14:37:12.002724 [22;36m INFO[0m UNKEYBEHIND 58,limit:0 - rtmpquic.go:284
2026/03/12 14:37:12.002727 [22;34mDEBUG[0m 58 p frame 8604 - rtmpquic.go:294
2026/03/12 14:37:12.002745 [22;34mDEBUG[0m 
chunk:60 chunk-dur:34ms, timestamp:1967 - rtmpquic.go:220
2026/03/12 14:37:12.035805 [22;34mDEBUG[0m Return monitor from  scheduler : , bw flag : false, limit : 0 - rtmpquic.go:249
2026/03/12 14:37:12.035825 [22;36m INFO[0m IframeComing true, resideSizeInGOP -1.416274e+06, meanGOP 0, meanI 0, curgop 1416274, curI 239188 - rtmpquic.go:283
2026/03/12 14:37:12.035830 [22;36m INFO[0m UNKEYBEHIND 59,limit:0 - rtmpquic.go:284
2026/03/12 14:37:12.035840 [22;34mDEBUG[0m 59 p frame 8018 - rtmpquic.go:294
2026/03/12 14:37:12.036017 [22;34mDEBUG[0m 
chunk:61 chunk-dur:34ms, timestamp:2000 - rtmpquic.go:220
2026/03/12 14:37:12.067001 [22;34mDEBUG[0m bitrate:5.254201 Mbps - client_session.go:438
2026/03/12 14:37:12.068096 [22;34mDEBUG[0m Return monitor from  scheduler : , bw flag : false, limit : 0 - rtmpquic.go:249
key tag 244281
2026/03/12 14:37:12.068107 [22;34mDEBUG[0m 2 I frame 244281 - rtmpquic.go:275
2026/03/12 14:37:12.068149 [22;34mDEBUG[0m 
chunk:62 chunk-dur:32ms, timestamp:2034 - rtmpquic.go:220
2026/03/12 14:37:12.101572 [22;34mDEBUG[0m Return monitor from  scheduler : , bw flag : false, limit : 0 - rtmpquic.go:249
2026/03/12 14:37:12.101598 [22;36m INFO[0m IframeComing false, resideSizeInGOP 1.127083e+06, meanGOP 1.416339e+06, meanI 239188, curgop 289256, curI 244281 - rtmpquic.go:283
2026/03/12 14:37:12.101603 [22;36m INFO[0m UNKEYBEHIND 1,limit:0 - rtmpquic.go:284
2026/03/12 14:37:12.101607 [22;34mDEBUG[0m 1 p frame 44975 - rtmpquic.go:294
2026/03/12 14:37:12.101640 [22;34mDEBUG[0m 
chunk:63 chunk-dur:33ms, timestamp:2067 - rtmpquic.go:220
2026/03/12 14:37:12.135298 [22;34mDEBUG[0m Return monitor from  scheduler : , bw flag : false, limit : 0 - rtmpquic.go:249
2026/03/12 14:37:12.135319 [22;36m INFO[0m IframeComing false, resideSizeInGOP 1.118324e+06, meanGOP 1.416339e+06, meanI 239188, curgop 298015, curI 244281 - rtmpquic.go:283
2026/03/12 14:37:12.135323 [22;36m INFO[0m UNKEYBEHIND 2,limit:0 - rtmpquic.go:284
2026/03/12 14:37:12.135327 [22;34mDEBUG[0m 2 p frame 8759 - rtmpquic.go:294
2026/03/12 14:37:12.135347 [22;34mDEBUG[0m 
chunk:64 chunk-dur:34ms, timestamp:2100 - rtmpquic.go:220
2026/03/12 14:37:12.168259 [22;34mDEBUG[0m Return monitor from  scheduler : , bw flag : false, limit : 0 - rtmpquic.go:249
2026/03/12 14:37:12.168280 [22;36m INFO[0m IframeComing false, resideSizeInGOP 1.111501e+06, meanGOP 1.416339e+06, meanI 239188, curgop 304838, curI 244281 - rtmpquic.go:283
2026/03/12 14:37:12.168284 [22;36m INFO[0m UNKEYBEHIND 3,limit:0 - rtmpquic.go:284
2026/03/12 14:37:12.168287 [22;34mDEBUG[0m 3 p frame 6823 - rtmpquic.go:294
2026/03/12 14:37:12.168309 [22;34mDEBUG[0m 
chunk:65 chunk-dur:33ms, timestamp:2134 - rtmpquic.go:220
2026/03/12 14:37:12.202012 [22;34mDEBUG[0m Return monitor from  scheduler : , bw flag : false, limit : 0 - rtmpquic.go:249
2026/03/12 14:37:12.202042 [22;36m INFO[0m IframeComing false, resideSizeInGOP 1.105105e+06, meanGOP 1.416339e+06, meanI 239188, curgop 311234, curI 244281 - rtmpquic.go:283
2026/03/12 14:37:12.202046 [22;36m INFO[0m UNKEYBEHIND 4,limit:0 - rtmpquic.go:284
2026/03/12 14:37:12.202050 [22;34mDEBUG[0m 4 p frame 6396 - rtmpquic.go:294
2026/03/12 14:37:12.202183 [22;34mDEBUG[0m 
chunk:66 chunk-dur:34ms, timestamp:2167 - rtmpquic.go:220
2026/03/12 14:37:12.235131 [22;34mDEBUG[0m Return monitor from  scheduler : , bw flag : false, limit : 0 - rtmpquic.go:249
2026/03/12 14:37:12.235154 [22;36m INFO[0m IframeComing false, resideSizeInGOP 1.051103e+06, meanGOP 1.416339e+06, meanI 239188, curgop 365236, curI 244281 - rtmpquic.go:283
2026/03/12 14:37:12.235158 [22;36m INFO[0m UNKEYBEHIND 5,limit:0 - rtmpquic.go:284
2026/03/12 14:37:12.235162 [22;34mDEBUG[0m 5 p frame 54002 - rtmpquic.go:294
2026/03/12 14:37:12.235169 [22;34mDEBUG[0m 
chunk:67 chunk-dur:33ms, timestamp:2200 - rtmpquic.go:220
2026/03/12 14:37:12.268280 [22;34mDEBUG[0m Return monitor from  scheduler : , bw flag : false, limit : 0 - rtmpquic.go:249
2026/03/12 14:37:12.268300 [22;36m INFO[0m IframeComing false, resideSizeInGOP 1.038722e+06, meanGOP 1.416339e+06, meanI 239188, curgop 377617, curI 244281 - rtmpquic.go:283
2026/03/12 14:37:12.268304 [22;36m INFO[0m UNKEYBEHIND 6,limit:0 - rtmpquic.go:284
2026/03/12 14:37:12.268308 [22;34mDEBUG[0m 6 p frame 12381 - rtmpquic.go:294
2026/03/12 14:37:12.268315 [22;34mDEBUG[0m 
chunk:68 chunk-dur:33ms, timestamp:2234 - rtmpquic.go:220
2026/03/12 14:37:12.302108 [22;34mDEBUG[0m Return monitor from  scheduler : , bw flag : false, limit : 0 - rtmpquic.go:249
2026/03/12 14:37:12.302140 [22;36m INFO[0m IframeComing false, resideSizeInGOP 1.032781e+06, meanGOP 1.416339e+06, meanI 239188, curgop 383558, curI 244281 - rtmpquic.go:283
2026/03/12 14:37:12.302145 [22;36m INFO[0m UNKEYBEHIND 7,limit:0 - rtmpquic.go:284
2026/03/12 14:37:12.302148 [22;34mDEBUG[0m 7 p frame 5941 - rtmpquic.go:294
2026/03/12 14:37:12.302172 [22;34mDEBUG[0m 
chunk:69 chunk-dur:34ms, timestamp:2267 - rtmpquic.go:220
2026/03/12 14:37:12.357662 [22;34mDEBUG[0m Return monitor from  scheduler : , bw flag : false, limit : 0 - rtmpquic.go:249
2026/03/12 14:37:12.358162 [22;36m INFO[0m IframeComing false, resideSizeInGOP 1.026799e+06, meanGOP 1.416339e+06, meanI 239188, curgop 389540, curI 244281 - rtmpquic.go:283
2026/03/12 14:37:12.358189 [22;36m INFO[0m UNKEYBEHIND 8,limit:0 - rtmpquic.go:284
2026/03/12 14:37:12.358198 [22;34mDEBUG[0m 8 p frame 5982 - rtmpquic.go:294
2026/03/12 14:37:12.365047 [22;34mDEBUG[0m 
chunk:70 chunk-dur:63ms, timestamp:2300 - rtmpquic.go:220
2026/03/12 14:37:12.394051 [22;34mDEBUG[0m Return monitor from  scheduler : , bw flag : false, limit : 0 - rtmpquic.go:249
2026/03/12 14:37:12.394456 [22;36m INFO[0m IframeComing false, resideSizeInGOP 973152, meanGOP 1.416339e+06, meanI 239188, curgop 443187, curI 244281 - rtmpquic.go:283
2026/03/12 14:37:12.394465 [22;36m INFO[0m UNKEYBEHIND 9,limit:0 - rtmpquic.go:284
2026/03/12 14:37:12.394470 [22;34mDEBUG[0m 9 p frame 53647 - rtmpquic.go:294
2026/03/12 14:37:12.394680 [22;34mDEBUG[0m 
chunk:71 chunk-dur:29ms, timestamp:2334 - rtmpquic.go:220
2026/03/12 14:37:12.403435 [22;34mDEBUG[0m Return monitor from  scheduler : , bw flag : false, limit : 0 - rtmpquic.go:249
2026/03/12 14:37:12.403540 [22;36m INFO[0m IframeComing false, resideSizeInGOP 958243, meanGOP 1.416339e+06, meanI 239188, curgop 458096, curI 244281 - rtmpquic.go:283
2026/03/12 14:37:12.403550 [22;36m INFO[0m UNKEYBEHIND 10,limit:0 - rtmpquic.go:284
2026/03/12 14:37:12.403558 [22;34mDEBUG[0m 10 p frame 14909 - rtmpquic.go:294
2026/03/12 14:37:12.403593 [22;34mDEBUG[0m 
chunk:72 chunk-dur:9ms, timestamp:2367 - rtmpquic.go:220
2026/03/12 14:37:12.435361 [22;34mDEBUG[0m Return monitor from  scheduler : , bw flag : false, limit : 0 - rtmpquic.go:249
2026/03/12 14:37:12.435399 [22;36m INFO[0m IframeComing false, resideSizeInGOP 952126, meanGOP 1.416339e+06, meanI 239188, curgop 464213, curI 244281 - rtmpquic.go:283
2026/03/12 14:37:12.435447 [22;36m INFO[0m UNKEYBEHIND 11,limit:0 - rtmpquic.go:284
2026/03/12 14:37:12.435457 [22;34mDEBUG[0m 11 p frame 6117 - rtmpquic.go:294
2026/03/12 14:37:12.435473 [22;34mDEBUG[0m 
chunk:73 chunk-dur:32ms, timestamp:2400 - rtmpquic.go:220
2026/03/12 14:37:12.469595 [22;34mDEBUG[0m Return monitor from  scheduler : , bw flag : false, limit : 0 - rtmpquic.go:249
2026/03/12 14:37:12.469682 [22;36m INFO[0m IframeComing false, resideSizeInGOP 945851, meanGOP 1.416339e+06, meanI 239188, curgop 470488, curI 244281 - rtmpquic.go:283
2026/03/12 14:37:12.469691 [22;36m INFO[0m UNKEYBEHIND 12,limit:0 - rtmpquic.go:284
2026/03/12 14:37:12.469734 [22;34mDEBUG[0m 12 p frame 6275 - rtmpquic.go:294
2026/03/12 14:37:12.471263 [22;34mDEBUG[0m 
chunk:74 chunk-dur:36ms, timestamp:2434 - rtmpquic.go:220
2026/03/12 14:37:12.503306 [22;34mDEBUG[0m Return monitor from  scheduler : , bw flag : false, limit : 0 - rtmpquic.go:249
2026/03/12 14:37:12.503357 [22;36m INFO[0m IframeComing false, resideSizeInGOP 891458, meanGOP 1.416339e+06, meanI 239188, curgop 524881, curI 244281 - rtmpquic.go:283
2026/03/12 14:37:12.503363 [22;36m INFO[0m UNKEYBEHIND 13,limit:0 - rtmpquic.go:284
2026/03/12 14:37:12.503367 [22;34mDEBUG[0m 13 p frame 54393 - rtmpquic.go:294
2026/03/12 14:37:12.503462 [22;34mDEBUG[0m 
chunk:75 chunk-dur:32ms, timestamp:2467 - rtmpquic.go:220
2026/03/12 14:37:12.535196 [22;34mDEBUG[0m Return monitor from  scheduler : , bw flag : false, limit : 0 - rtmpquic.go:249
2026/03/12 14:37:12.535232 [22;36m INFO[0m IframeComing false, resideSizeInGOP 875692, meanGOP 1.416339e+06, meanI 239188, curgop 540647, curI 244281 - rtmpquic.go:283
2026/03/12 14:37:12.535237 [22;36m INFO[0m UNKEYBEHIND 14,limit:0 - rtmpquic.go:284
2026/03/12 14:37:12.535240 [22;34mDEBUG[0m 14 p frame 15766 - rtmpquic.go:294
2026/03/12 14:37:12.535327 [22;34mDEBUG[0m 
chunk:76 chunk-dur:32ms, timestamp:2500 - rtmpquic.go:220
2026/03/12 14:37:12.568371 [22;34mDEBUG[0m Return monitor from  scheduler : , bw flag : false, limit : 0 - rtmpquic.go:249
2026/03/12 14:37:12.568414 [22;36m INFO[0m IframeComing false, resideSizeInGOP 868611, meanGOP 1.416339e+06, meanI 239188, curgop 547728, curI 244281 - rtmpquic.go:283
2026/03/12 14:37:12.568423 [22;36m INFO[0m UNKEYBEHIND 15,limit:0 - rtmpquic.go:284
2026/03/12 14:37:12.568431 [22;34mDEBUG[0m 15 p frame 7081 - rtmpquic.go:294
2026/03/12 14:37:12.568472 [22;34mDEBUG[0m 
chunk:77 chunk-dur:33ms, timestamp:2534 - rtmpquic.go:220
2026/03/12 14:37:12.601896 [22;34mDEBUG[0m Return monitor from  scheduler : , bw flag : false, limit : 0 - rtmpquic.go:249
2026/03/12 14:37:12.601925 [22;36m INFO[0m IframeComing false, resideSizeInGOP 860395, meanGOP 1.416339e+06, meanI 239188, curgop 555944, curI 244281 - rtmpquic.go:283
2026/03/12 14:37:12.601930 [22;36m INFO[0m UNKEYBEHIND 16,limit:0 - rtmpquic.go:284
2026/03/12 14:37:12.601933 [22;34mDEBUG[0m 16 p frame 8216 - rtmpquic.go:294
2026/03/12 14:37:12.602038 [22;34mDEBUG[0m 
chunk:78 chunk-dur:34ms, timestamp:2567 - rtmpquic.go:220
2026/03/12 14:37:12.634961 [22;34mDEBUG[0m Return monitor from  scheduler : , bw flag : false, limit : 0 - rtmpquic.go:249
2026/03/12 14:37:12.634984 [22;36m INFO[0m IframeComing false, resideSizeInGOP 789914, meanGOP 1.416339e+06, meanI 239188, curgop 626425, curI 244281 - rtmpquic.go:283
2026/03/12 14:37:12.634989 [22;36m INFO[0m UNKEYBEHIND 17,limit:0 - rtmpquic.go:284
2026/03/12 14:37:12.634993 [22;34mDEBUG[0m 17 p frame 70481 - rtmpquic.go:294
2026/03/12 14:37:12.635026 [22;34mDEBUG[0m 
chunk:79 chunk-dur:33ms, timestamp:2600 - rtmpquic.go:220
2026/03/12 14:37:12.667703 [22;34mDEBUG[0m Return monitor from  scheduler : , bw flag : false, limit : 0 - rtmpquic.go:249
2026/03/12 14:37:12.667730 [22;36m INFO[0m IframeComing false, resideSizeInGOP 770705, meanGOP 1.416339e+06, meanI 239188, curgop 645634, curI 244281 - rtmpquic.go:283
2026/03/12 14:37:12.667735 [22;36m INFO[0m UNKEYBEHIND 18,limit:0 - rtmpquic.go:284
2026/03/12 14:37:12.667738 [22;34mDEBUG[0m 18 p frame 19209 - rtmpquic.go:294
2026/03/12 14:37:12.667776 [22;34mDEBUG[0m 
chunk:80 chunk-dur:32ms, timestamp:2634 - rtmpquic.go:220
2026/03/12 14:37:12.702007 [22;34mDEBUG[0m Return monitor from  scheduler : , bw flag : false, limit : 0 - rtmpquic.go:249
2026/03/12 14:37:12.702031 [22;36m INFO[0m IframeComing false, resideSizeInGOP 763436, meanGOP 1.416339e+06, meanI 239188, curgop 652903, curI 244281 - rtmpquic.go:283
2026/03/12 14:37:12.702035 [22;36m INFO[0m UNKEYBEHIND 19,limit:0 - rtmpquic.go:284
2026/03/12 14:37:12.702039 [22;34mDEBUG[0m 19 p frame 7269 - rtmpquic.go:294
2026/03/12 14:37:12.702076 [22;34mDEBUG[0m 
chunk:81 chunk-dur:35ms, timestamp:2667 - rtmpquic.go:220
2026/03/12 14:37:12.737947 [22;34mDEBUG[0m Return monitor from  scheduler : , bw flag : false, limit : 0 - rtmpquic.go:249
2026/03/12 14:37:12.737989 [22;36m INFO[0m IframeComing false, resideSizeInGOP 755363, meanGOP 1.416339e+06, meanI 239188, curgop 660976, curI 244281 - rtmpquic.go:283
2026/03/12 14:37:12.737996 [22;36m INFO[0m UNKEYBEHIND 20,limit:0 - rtmpquic.go:284
2026/03/12 14:37:12.738000 [22;34mDEBUG[0m 20 p frame 8073 - rtmpquic.go:294
2026/03/12 14:37:12.738083 [22;34mDEBUG[0m 
chunk:82 chunk-dur:36ms, timestamp:2700 - rtmpquic.go:220
2026/03/12 14:37:12.767486 [22;34mDEBUG[0m Return monitor from  scheduler : , bw flag : false, limit : 0 - rtmpquic.go:249
2026/03/12 14:37:12.767504 [22;36m INFO[0m IframeComing false, resideSizeInGOP 692861, meanGOP 1.416339e+06, meanI 239188, curgop 723478, curI 244281 - rtmpquic.go:283
2026/03/12 14:37:12.767508 [22;36m INFO[0m UNKEYBEHIND 21,limit:0 - rtmpquic.go:284
2026/03/12 14:37:12.767511 [22;34mDEBUG[0m 21 p frame 62502 - rtmpquic.go:294
2026/03/12 14:37:12.767551 [22;34mDEBUG[0m 
chunk:83 chunk-dur:29ms, timestamp:2734 - rtmpquic.go:220
2026/03/12 14:37:12.802001 [22;34mDEBUG[0m Return monitor from  scheduler : , bw flag : false, limit : 0 - rtmpquic.go:249
2026/03/12 14:37:12.802030 [22;36m INFO[0m IframeComing false, resideSizeInGOP 678962, meanGOP 1.416339e+06, meanI 239188, curgop 737377, curI 244281 - rtmpquic.go:283
2026/03/12 14:37:12.802039 [22;36m INFO[0m UNKEYBEHIND 22,limit:0 - rtmpquic.go:284
2026/03/12 14:37:12.802043 [22;34mDEBUG[0m 22 p frame 13899 - rtmpquic.go:294
2026/03/12 14:37:12.802069 [22;34mDEBUG[0m 
chunk:84 chunk-dur:35ms, timestamp:2767 - rtmpquic.go:220
2026/03/12 14:37:12.835062 [22;34mDEBUG[0m Return monitor from  scheduler : , bw flag : false, limit : 0 - rtmpquic.go:249
2026/03/12 14:37:12.835081 [22;36m INFO[0m IframeComing false, resideSizeInGOP 672143, meanGOP 1.416339e+06, meanI 239188, curgop 744196, curI 244281 - rtmpquic.go:283
2026/03/12 14:37:12.835084 [22;36m INFO[0m UNKEYBEHIND 23,limit:0 - rtmpquic.go:284
2026/03/12 14:37:12.835088 [22;34mDEBUG[0m 23 p frame 6819 - rtmpquic.go:294
2026/03/12 14:37:12.835108 [22;34mDEBUG[0m 
chunk:85 chunk-dur:33ms, timestamp:2800 - rtmpquic.go:220
2026/03/12 14:37:12.868087 [22;34mDEBUG[0m Return monitor from  scheduler : , bw flag : false, limit : 0 - rtmpquic.go:249
2026/03/12 14:37:12.868114 [22;36m INFO[0m IframeComing false, resideSizeInGOP 665320, meanGOP 1.416339e+06, meanI 239188, curgop 751019, curI 244281 - rtmpquic.go:283
2026/03/12 14:37:12.868118 [22;36m INFO[0m UNKEYBEHIND 24,limit:0 - rtmpquic.go:284
2026/03/12 14:37:12.868122 [22;34mDEBUG[0m 24 p frame 6823 - rtmpquic.go:294
2026/03/12 14:37:12.868255 [22;34mDEBUG[0m 
chunk:86 chunk-dur:33ms, timestamp:2834 - rtmpquic.go:220
2026/03/12 14:37:12.904699 [22;34mDEBUG[0m Return monitor from  scheduler : , bw flag : false, limit : 0 - rtmpquic.go:249
2026/03/12 14:37:12.904728 [22;36m INFO[0m IframeComing false, resideSizeInGOP 612313, meanGOP 1.416339e+06, meanI 239188, curgop 804026, curI 244281 - rtmpquic.go:283
2026/03/12 14:37:12.904732 [22;36m INFO[0m UNKEYBEHIND 25,limit:0 - rtmpquic.go:284
2026/03/12 14:37:12.904747 [22;34mDEBUG[0m 25 p frame 53007 - rtmpquic.go:294
2026/03/12 14:37:12.904766 [22;34mDEBUG[0m 
chunk:87 chunk-dur:36ms, timestamp:2867 - rtmpquic.go:220
2026/03/12 14:37:12.935600 [22;34mDEBUG[0m Return monitor from  scheduler : , bw flag : false, limit : 0 - rtmpquic.go:249
2026/03/12 14:37:12.935625 [22;36m INFO[0m IframeComing false, resideSizeInGOP 598905, meanGOP 1.416339e+06, meanI 239188, curgop 817434, curI 244281 - rtmpquic.go:283
2026/03/12 14:37:12.935629 [22;36m INFO[0m UNKEYBEHIND 26,limit:0 - rtmpquic.go:284
2026/03/12 14:37:12.935633 [22;34mDEBUG[0m 26 p frame 13408 - rtmpquic.go:294
2026/03/12 14:37:12.935679 [22;34mDEBUG[0m 
chunk:88 chunk-dur:31ms, timestamp:2900 - rtmpquic.go:220
2026/03/12 14:37:12.970631 [22;34mDEBUG[0m Return monitor from  scheduler : , bw flag : false, limit : 0 - rtmpquic.go:249
2026/03/12 14:37:12.970713 [22;36m INFO[0m IframeComing false, resideSizeInGOP 592382, meanGOP 1.416339e+06, meanI 239188, curgop 823957, curI 244281 - rtmpquic.go:283
2026/03/12 14:37:12.970753 [22;36m INFO[0m UNKEYBEHIND 27,limit:0 - rtmpquic.go:284
2026/03/12 14:37:12.970790 [22;34mDEBUG[0m 27 p frame 6523 - rtmpquic.go:294
2026/03/12 14:37:12.970850 [22;34mDEBUG[0m 
chunk:89 chunk-dur:35ms, timestamp:2934 - rtmpquic.go:220
2026/03/12 14:37:13.002252 [22;34mDEBUG[0m Return monitor from  scheduler : , bw flag : false, limit : 0 - rtmpquic.go:249
2026/03/12 14:37:13.002290 [22;36m INFO[0m IframeComing false, resideSizeInGOP 586691, meanGOP 1.416339e+06, meanI 239188, curgop 829648, curI 244281 - rtmpquic.go:283
2026/03/12 14:37:13.002295 [22;36m INFO[0m UNKEYBEHIND 28,limit:0 - rtmpquic.go:284
2026/03/12 14:37:13.002298 [22;34mDEBUG[0m 28 p frame 5691 - rtmpquic.go:294
2026/03/12 14:37:13.002401 [22;34mDEBUG[0m 
chunk:90 chunk-dur:32ms, timestamp:2967 - rtmpquic.go:220
2026/03/12 14:37:13.035937 [22;34mDEBUG[0m Return monitor from  scheduler : , bw flag : false, limit : 0 - rtmpquic.go:249
2026/03/12 14:37:13.035992 [22;36m INFO[0m IframeComing false, resideSizeInGOP 517615, meanGOP 1.416339e+06, meanI 239188, curgop 898724, curI 244281 - rtmpquic.go:283
2026/03/12 14:37:13.036000 [22;36m INFO[0m UNKEYBEHIND 29,limit:0 - rtmpquic.go:284
2026/03/12 14:37:13.036003 [22;34mDEBUG[0m 29 p frame 69076 - rtmpquic.go:294
2026/03/12 14:37:13.036022 [22;34mDEBUG[0m 
chunk:91 chunk-dur:34ms, timestamp:3000 - rtmpquic.go:220
2026/03/12 14:37:13.067999 [22;34mDEBUG[0m bitrate:6.849887 Mbps - client_session.go:438
2026/03/12 14:37:13.068072 [22;34mDEBUG[0m Return monitor from  scheduler : , bw flag : false, limit : 0 - rtmpquic.go:249
2026/03/12 14:37:13.068087 [22;36m INFO[0m IframeComing false, resideSizeInGOP 502537, meanGOP 1.416339e+06, meanI 239188, curgop 913802, curI 244281 - rtmpquic.go:283
2026/03/12 14:37:13.068091 [22;36m INFO[0m UNKEYBEHIND 30,limit:0 - rtmpquic.go:284
2026/03/12 14:37:13.068095 [22;34mDEBUG[0m 30 p frame 15078 - rtmpquic.go:294
2026/03/12 14:37:13.068121 [22;34mDEBUG[0m 
chunk:92 chunk-dur:32ms, timestamp:3034 - rtmpquic.go:220
2026/03/12 14:37:13.101720 [22;34mDEBUG[0m Return monitor from  scheduler : , bw flag : false, limit : 0 - rtmpquic.go:249
2026/03/12 14:37:13.101748 [22;36m INFO[0m IframeComing false, resideSizeInGOP 496270, meanGOP 1.416339e+06, meanI 239188, curgop 920069, curI 244281 - rtmpquic.go:283
2026/03/12 14:37:13.101753 [22;36m INFO[0m UNKEYBEHIND 31,limit:0 - rtmpquic.go:284
2026/03/12 14:37:13.101756 [22;34mDEBUG[0m 31 p frame 6267 - rtmpquic.go:294
2026/03/12 14:37:13.101791 [22;34mDEBUG[0m 
chunk:93 chunk-dur:33ms, timestamp:3067 - rtmpquic.go:220
2026/03/12 14:37:13.135789 [22;34mDEBUG[0m Return monitor from  scheduler : , bw flag : false, limit : 0 - rtmpquic.go:249
2026/03/12 14:37:13.135821 [22;36m INFO[0m IframeComing false, resideSizeInGOP 490580, meanGOP 1.416339e+06, meanI 239188, curgop 925759, curI 244281 - rtmpquic.go:283
2026/03/12 14:37:13.135830 [22;36m INFO[0m UNKEYBEHIND 32,limit:0 - rtmpquic.go:284
2026/03/12 14:37:13.135838 [22;34mDEBUG[0m 32 p frame 5690 - rtmpquic.go:294
2026/03/12 14:37:13.137157 [22;34mDEBUG[0m 
chunk:94 chunk-dur:36ms, timestamp:3100 - rtmpquic.go:220
2026/03/12 14:37:13.168570 [22;34mDEBUG[0m Return monitor from  scheduler : , bw flag : false, limit : 0 - rtmpquic.go:249
2026/03/12 14:37:13.168625 [22;36m INFO[0m IframeComing false, resideSizeInGOP 433663, meanGOP 1.416339e+06, meanI 239188, curgop 982676, curI 244281 - rtmpquic.go:283
2026/03/12 14:37:13.168629 [22;36m INFO[0m UNKEYBEHIND 33,limit:0 - rtmpquic.go:284
2026/03/12 14:37:13.168634 [22;34mDEBUG[0m 33 p frame 56917 - rtmpquic.go:294
2026/03/12 14:37:13.168644 [22;34mDEBUG[0m 
chunk:95 chunk-dur:31ms, timestamp:3134 - rtmpquic.go:220
2026/03/12 14:37:13.202579 [22;34mDEBUG[0m Return monitor from  scheduler : , bw flag : false, limit : 0 - rtmpquic.go:249
2026/03/12 14:37:13.202612 [22;36m INFO[0m IframeComing false, resideSizeInGOP 419302, meanGOP 1.416339e+06, meanI 239188, curgop 997037, curI 244281 - rtmpquic.go:283
2026/03/12 14:37:13.202617 [22;36m INFO[0m UNKEYBEHIND 34,limit:0 - rtmpquic.go:284
2026/03/12 14:37:13.202620 [22;34mDEBUG[0m 34 p frame 14361 - rtmpquic.go:294
2026/03/12 14:37:13.202790 [22;34mDEBUG[0m 
chunk:96 chunk-dur:34ms, timestamp:3167 - rtmpquic.go:220
2026/03/12 14:37:13.235360 [22;34mDEBUG[0m Return monitor from  scheduler : , bw flag : false, limit : 0 - rtmpquic.go:249
2026/03/12 14:37:13.235408 [22;36m INFO[0m IframeComing false, resideSizeInGOP 412923, meanGOP 1.416339e+06, meanI 239188, curgop 1003416, curI 244281 - rtmpquic.go:283
2026/03/12 14:37:13.235415 [22;36m INFO[0m UNKEYBEHIND 35,limit:0 - rtmpquic.go:284
2026/03/12 14:37:13.235422 [22;34mDEBUG[0m 35 p frame 6379 - rtmpquic.go:294
2026/03/12 14:37:13.235511 [22;34mDEBUG[0m 
chunk:97 chunk-dur:33ms, timestamp:3200 - rtmpquic.go:220
2026/03/12 14:37:13.268958 [22;34mDEBUG[0m Return monitor from  scheduler : , bw flag : false, limit : 0 - rtmpquic.go:249
2026/03/12 14:37:13.269002 [22;36m INFO[0m IframeComing false, resideSizeInGOP 407292, meanGOP 1.416339e+06, meanI 239188, curgop 1009047, curI 244281 - rtmpquic.go:283
2026/03/12 14:37:13.269009 [22;36m INFO[0m UNKEYBEHIND 36,limit:0 - rtmpquic.go:284
2026/03/12 14:37:13.269013 [22;34mDEBUG[0m 36 p frame 5631 - rtmpquic.go:294
2026/03/12 14:37:13.269118 [22;34mDEBUG[0m 
chunk:98 chunk-dur:34ms, timestamp:3234 - rtmpquic.go:220
2026/03/12 14:37:13.302245 [22;34mDEBUG[0m Return monitor from  scheduler : , bw flag : false, limit : 0 - rtmpquic.go:249
2026/03/12 14:37:13.302295 [22;36m INFO[0m IframeComing false, resideSizeInGOP 350608, meanGOP 1.416339e+06, meanI 239188, curgop 1065731, curI 244281 - rtmpquic.go:283
2026/03/12 14:37:13.302299 [22;36m INFO[0m UNKEYBEHIND 37,limit:0 - rtmpquic.go:284
2026/03/12 14:37:13.302321 [22;34mDEBUG[0m 37 p frame 56684 - rtmpquic.go:294
2026/03/12 14:37:13.302346 [22;34mDEBUG[0m 
chunk:99 chunk-dur:33ms, timestamp:3267 - rtmpquic.go:220
2026/03/12 14:37:13.335313 [22;34mDEBUG[0m Return monitor from  scheduler : , bw flag : false, limit : 0 - rtmpquic.go:249
2026/03/12 14:37:13.335343 [22;36m INFO[0m IframeComing false, resideSizeInGOP 339012, meanGOP 1.416339e+06, meanI 239188, curgop 1077327, curI 244281 - rtmpquic.go:283
2026/03/12 14:37:13.335347 [22;36m INFO[0m UNKEYBEHIND 38,limit:0 - rtmpquic.go:284
2026/03/12 14:37:13.335351 [22;34mDEBUG[0m 38 p frame 11596 - rtmpquic.go:294
2026/03/12 14:37:13.335457 [22;34mDEBUG[0m 
chunk:100 chunk-dur:33ms, timestamp:3300 - rtmpquic.go:220
2026/03/12 14:37:13.367819 [22;34mDEBUG[0m Return monitor from  scheduler : , bw flag : false, limit : 0 - rtmpquic.go:249
2026/03/12 14:37:13.367850 [22;36m INFO[0m IframeComing false, resideSizeInGOP 333250, meanGOP 1.416339e+06, meanI 239188, curgop 1083089, curI 244281 - rtmpquic.go:283
2026/03/12 14:37:13.367855 [22;36m INFO[0m UNKEYBEHIND 39,limit:0 - rtmpquic.go:284
2026/03/12 14:37:13.367858 [22;34mDEBUG[0m 39 p frame 5762 - rtmpquic.go:294
2026/03/12 14:37:13.368003 [22;34mDEBUG[0m 
chunk:101 chunk-dur:32ms, timestamp:3334 - rtmpquic.go:220
2026/03/12 14:37:13.402719 [22;34mDEBUG[0m Return monitor from  scheduler : , bw flag : false, limit : 0 - rtmpquic.go:249
2026/03/12 14:37:13.402787 [22;36m INFO[0m IframeComing false, resideSizeInGOP 328171, meanGOP 1.416339e+06, meanI 239188, curgop 1088168, curI 244281 - rtmpquic.go:283
2026/03/12 14:37:13.402792 [22;36m INFO[0m UNKEYBEHIND 40,limit:0 - rtmpquic.go:284
2026/03/12 14:37:13.402796 [22;34mDEBUG[0m 40 p frame 5079 - rtmpquic.go:294
2026/03/12 14:37:13.402982 [22;34mDEBUG[0m 
chunk:102 chunk-dur:35ms, timestamp:3367 - rtmpquic.go:220
2026/03/12 14:37:13.437986 [22;34mDEBUG[0m Return monitor from  scheduler : , bw flag : false, limit : 0 - rtmpquic.go:249
2026/03/12 14:37:13.438016 [22;36m INFO[0m IframeComing false, resideSizeInGOP 265374, meanGOP 1.416339e+06, meanI 239188, curgop 1150965, curI 244281 - rtmpquic.go:283
2026/03/12 14:37:13.438021 [22;36m INFO[0m UNKEYBEHIND 41,limit:0 - rtmpquic.go:284
2026/03/12 14:37:13.438024 [22;34mDEBUG[0m 41 p frame 62797 - rtmpquic.go:294
2026/03/12 14:37:13.438090 [22;34mDEBUG[0m 
chunk:103 chunk-dur:36ms, timestamp:3400 - rtmpquic.go:220
2026/03/12 14:37:13.467801 [22;34mDEBUG[0m Return monitor from  scheduler : , bw flag : false, limit : 0 - rtmpquic.go:249
2026/03/12 14:37:13.467856 [22;36m INFO[0m IframeComing false, resideSizeInGOP 255248, meanGOP 1.416339e+06, meanI 239188, curgop 1161091, curI 244281 - rtmpquic.go:283
2026/03/12 14:37:13.467864 [22;36m INFO[0m UNKEYBEHIND 42,limit:0 - rtmpquic.go:284
2026/03/12 14:37:13.467906 [22;34mDEBUG[0m 42 p frame 10126 - rtmpquic.go:294
2026/03/12 14:37:13.467933 [22;34mDEBUG[0m 
chunk:104 chunk-dur:29ms, timestamp:3434 - rtmpquic.go:220
2026/03/12 14:37:13.502967 [22;34mDEBUG[0m Return monitor from  scheduler : , bw flag : false, limit : 0 - rtmpquic.go:249
2026/03/12 14:37:13.502996 [22;36m INFO[0m IframeComing false, resideSizeInGOP 250242, meanGOP 1.416339e+06, meanI 239188, curgop 1166097, curI 244281 - rtmpquic.go:283
2026/03/12 14:37:13.503001 [22;36m INFO[0m UNKEYBEHIND 43,limit:0 - rtmpquic.go:284
2026/03/12 14:37:13.503021 [22;34mDEBUG[0m 43 p frame 5006 - rtmpquic.go:294
2026/03/12 14:37:13.503320 [22;34mDEBUG[0m 
chunk:105 chunk-dur:36ms, timestamp:3467 - rtmpquic.go:220
2026/03/12 14:37:13.535513 [22;34mDEBUG[0m Return monitor from  scheduler : , bw flag : false, limit : 0 - rtmpquic.go:249
2026/03/12 14:37:13.535547 [22;36m INFO[0m IframeComing false, resideSizeInGOP 244959, meanGOP 1.416339e+06, meanI 239188, curgop 1171380, curI 244281 - rtmpquic.go:283
2026/03/12 14:37:13.535551 [22;36m INFO[0m UNKEYBEHIND 44,limit:0 - rtmpquic.go:284
2026/03/12 14:37:13.535555 [22;34mDEBUG[0m 44 p frame 5283 - rtmpquic.go:294
2026/03/12 14:37:13.536013 [22;34mDEBUG[0m 
chunk:106 chunk-dur:33ms, timestamp:3500 - rtmpquic.go:220
2026/03/12 14:37:13.568237 [22;34mDEBUG[0m Return monitor from  scheduler : , bw flag : false, limit : 0 - rtmpquic.go:249
2026/03/12 14:37:13.568270 [22;36m INFO[0m IframeComing false, resideSizeInGOP 192149, meanGOP 1.416339e+06, meanI 239188, curgop 1224190, curI 244281 - rtmpquic.go:283
2026/03/12 14:37:13.568510 [22;36m INFO[0m UNKEYBEHIND 45,limit:0 - rtmpquic.go:284
2026/03/12 14:37:13.568536 [22;34mDEBUG[0m 45 p frame 52810 - rtmpquic.go:294
2026/03/12 14:37:13.568598 [22;34mDEBUG[0m 
chunk:107 chunk-dur:32ms, timestamp:3534 - rtmpquic.go:220
2026/03/12 14:37:13.602161 [22;34mDEBUG[0m Return monitor from  scheduler : , bw flag : false, limit : 0 - rtmpquic.go:249
2026/03/12 14:37:13.602204 [22;36m INFO[0m IframeComing false, resideSizeInGOP 182358, meanGOP 1.416339e+06, meanI 239188, curgop 1233981, curI 244281 - rtmpquic.go:283
2026/03/12 14:37:13.602209 [22;36m INFO[0m UNKEYBEHIND 46,limit:0 - rtmpquic.go:284
2026/03/12 14:37:13.602212 [22;34mDEBUG[0m 46 p frame 9791 - rtmpquic.go:294
2026/03/12 14:37:13.602233 [22;34mDEBUG[0m 
chunk:108 chunk-dur:34ms, timestamp:3567 - rtmpquic.go:220
2026/03/12 14:37:13.635635 [22;34mDEBUG[0m Return monitor from  scheduler : , bw flag : false, limit : 0 - rtmpquic.go:249
2026/03/12 14:37:13.635664 [22;36m INFO[0m IframeComing false, resideSizeInGOP 177589, meanGOP 1.416339e+06, meanI 239188, curgop 1238750, curI 244281 - rtmpquic.go:283
2026/03/12 14:37:13.635669 [22;36m INFO[0m UNKEYBEHIND 47,limit:0 - rtmpquic.go:284
2026/03/12 14:37:13.635673 [22;34mDEBUG[0m 47 p frame 4769 - rtmpquic.go:294
2026/03/12 14:37:13.635716 [22;34mDEBUG[0m 
chunk:109 chunk-dur:33ms, timestamp:3600 - rtmpquic.go:220
2026/03/12 14:37:13.669089 [22;34mDEBUG[0m Return monitor from  scheduler : , bw flag : false, limit : 0 - rtmpquic.go:249
2026/03/12 14:37:13.669121 [22;36m INFO[0m IframeComing false, resideSizeInGOP 173010, meanGOP 1.416339e+06, meanI 239188, curgop 1243329, curI 244281 - rtmpquic.go:283
2026/03/12 14:37:13.669126 [22;36m INFO[0m UNKEYBEHIND 48,limit:0 - rtmpquic.go:284
2026/03/12 14:37:13.669129 [22;34mDEBUG[0m 48 p frame 4579 - rtmpquic.go:294
2026/03/12 14:37:13.669360 [22;34mDEBUG[0m 
chunk:110 chunk-dur:34ms, timestamp:3634 - rtmpquic.go:220
2026/03/12 14:37:13.702912 [22;34mDEBUG[0m Return monitor from  scheduler : , bw flag : false, limit : 0 - rtmpquic.go:249
2026/03/12 14:37:13.702942 [22;36m INFO[0m IframeComing false, resideSizeInGOP 101816, meanGOP 1.416339e+06, meanI 239188, curgop 1314523, curI 244281 - rtmpquic.go:283
2026/03/12 14:37:13.702946 [22;36m INFO[0m UNKEYBEHIND 49,limit:0 - rtmpquic.go:284
2026/03/12 14:37:13.702951 [22;34mDEBUG[0m 49 p frame 71194 - rtmpquic.go:294
2026/03/12 14:37:13.702996 [22;34mDEBUG[0m 
chunk:111 chunk-dur:33ms, timestamp:3667 - rtmpquic.go:220
2026/03/12 14:37:13.735584 [22;34mDEBUG[0m Return monitor from  scheduler : , bw flag : false, limit : 0 - rtmpquic.go:249
2026/03/12 14:37:13.735627 [22;36m INFO[0m IframeComing false, resideSizeInGOP 90301, meanGOP 1.416339e+06, meanI 239188, curgop 1326038, curI 244281 - rtmpquic.go:283
2026/03/12 14:37:13.735636 [22;36m INFO[0m UNKEYBEHIND 50,limit:0 - rtmpquic.go:284
2026/03/12 14:37:13.735640 [22;34mDEBUG[0m 50 p frame 11515 - rtmpquic.go:294
2026/03/12 14:37:13.735806 [22;34mDEBUG[0m 
chunk:112 chunk-dur:33ms, timestamp:3700 - rtmpquic.go:220
2026/03/12 14:37:13.770839 [22;34mDEBUG[0m Return monitor from  scheduler : , bw flag : false, limit : 0 - rtmpquic.go:249
2026/03/12 14:37:13.770951 [22;36m INFO[0m IframeComing false, resideSizeInGOP 85444, meanGOP 1.416339e+06, meanI 239188, curgop 1330895, curI 244281 - rtmpquic.go:283
2026/03/12 14:37:13.770958 [22;36m INFO[0m UNKEYBEHIND 51,limit:0 - rtmpquic.go:284
2026/03/12 14:37:13.770962 [22;34mDEBUG[0m 51 p frame 4857 - rtmpquic.go:294
2026/03/12 14:37:13.770975 [22;34mDEBUG[0m 
chunk:113 chunk-dur:35ms, timestamp:3734 - rtmpquic.go:220
2026/03/12 14:37:13.802927 [22;34mDEBUG[0m Return monitor from  scheduler : , bw flag : false, limit : 0 - rtmpquic.go:249
2026/03/12 14:37:13.802974 [22;36m INFO[0m IframeComing false, resideSizeInGOP 80363, meanGOP 1.416339e+06, meanI 239188, curgop 1335976, curI 244281 - rtmpquic.go:283
2026/03/12 14:37:13.802978 [22;36m INFO[0m UNKEYBEHIND 52,limit:0 - rtmpquic.go:284
2026/03/12 14:37:13.802982 [22;34mDEBUG[0m 52 p frame 5081 - rtmpquic.go:294
2026/03/12 14:37:13.803148 [22;34mDEBUG[0m 
chunk:114 chunk-dur:33ms, timestamp:3767 - rtmpquic.go:220
2026/03/12 14:37:13.835507 [22;34mDEBUG[0m Return monitor from  scheduler : , bw flag : false, limit : 0 - rtmpquic.go:249
2026/03/12 14:37:13.835552 [22;36m INFO[0m IframeComing false, resideSizeInGOP 19029, meanGOP 1.416339e+06, meanI 239188, curgop 1397310, curI 244281 - rtmpquic.go:283
2026/03/12 14:37:13.835560 [22;36m INFO[0m UNKEYBEHIND 53,limit:0 - rtmpquic.go:284
2026/03/12 14:37:13.835564 [22;34mDEBUG[0m 53 p frame 61334 - rtmpquic.go:294
2026/03/12 14:37:13.835643 [22;34mDEBUG[0m 
chunk:115 chunk-dur:32ms, timestamp:3800 - rtmpquic.go:220
2026/03/12 14:37:13.869055 [22;34mDEBUG[0m Return monitor from  scheduler : , bw flag : false, limit : 0 - rtmpquic.go:249
2026/03/12 14:37:13.869085 [22;36m INFO[0m IframeComing false, resideSizeInGOP 7692, meanGOP 1.416339e+06, meanI 239188, curgop 1408647, curI 244281 - rtmpquic.go:283
2026/03/12 14:37:13.869090 [22;36m INFO[0m UNKEYBEHIND 54,limit:0 - rtmpquic.go:284
2026/03/12 14:37:13.869093 [22;34mDEBUG[0m 54 p frame 11337 - rtmpquic.go:294
2026/03/12 14:37:13.869129 [22;34mDEBUG[0m 
chunk:116 chunk-dur:34ms, timestamp:3834 - rtmpquic.go:220
2026/03/12 14:37:13.901376 [22;34mDEBUG[0m Return monitor from  scheduler : , bw flag : false, limit : 0 - rtmpquic.go:249
2026/03/12 14:37:13.901406 [22;36m INFO[0m IframeComing false, resideSizeInGOP 3018, meanGOP 1.416339e+06, meanI 239188, curgop 1413321, curI 244281 - rtmpquic.go:283
2026/03/12 14:37:13.901410 [22;36m INFO[0m UNKEYBEHIND 55,limit:0 - rtmpquic.go:284
2026/03/12 14:37:13.901414 [22;34mDEBUG[0m 55 p frame 4674 - rtmpquic.go:294
2026/03/12 14:37:13.901445 [22;34mDEBUG[0m 
chunk:117 chunk-dur:32ms, timestamp:3867 - rtmpquic.go:220
2026/03/12 14:37:13.935229 [22;34mDEBUG[0m Return monitor from  scheduler : , bw flag : false, limit : 0 - rtmpquic.go:249
2026/03/12 14:37:13.935260 [22;36m INFO[0m IframeComing true, resideSizeInGOP -1645, meanGOP 1.416339e+06, meanI 239188, curgop 1417984, curI 244281 - rtmpquic.go:283
2026/03/12 14:37:13.935264 [22;36m INFO[0m UNKEYBEHIND 56,limit:0 - rtmpquic.go:284
2026/03/12 14:37:13.935268 [22;34mDEBUG[0m 56 p frame 4663 - rtmpquic.go:294
2026/03/12 14:37:13.935320 [22;34mDEBUG[0m 
chunk:118 chunk-dur:34ms, timestamp:3900 - rtmpquic.go:220
2026/03/12 14:37:13.968197 [22;34mDEBUG[0m Return monitor from  scheduler : , bw flag : false, limit : 0 - rtmpquic.go:249
2026/03/12 14:37:13.968261 [22;36m INFO[0m IframeComing true, resideSizeInGOP -18452, meanGOP 1.416339e+06, meanI 239188, curgop 1434791, curI 244281 - rtmpquic.go:283
2026/03/12 14:37:13.968274 [22;36m INFO[0m UNKEYBEHIND 57,limit:0 - rtmpquic.go:284
2026/03/12 14:37:13.968278 [22;34mDEBUG[0m 57 p frame 16807 - rtmpquic.go:294
2026/03/12 14:37:13.968309 [22;34mDEBUG[0m 
chunk:119 chunk-dur:33ms, timestamp:3934 - rtmpquic.go:220
2026/03/12 14:37:14.005834 [22;34mDEBUG[0m Return monitor from  scheduler : , bw flag : false, limit : 0 - rtmpquic.go:249
2026/03/12 14:37:14.005964 [22;36m INFO[0m IframeComing true, resideSizeInGOP -24329, meanGOP 1.416339e+06, meanI 239188, curgop 1440668, curI 244281 - rtmpquic.go:283
2026/03/12 14:37:14.005971 [22;36m INFO[0m UNKEYBEHIND 58,limit:0 - rtmpquic.go:284
2026/03/12 14:37:14.005975 [22;34mDEBUG[0m 58 p frame 5877 - rtmpquic.go:294
2026/03/12 14:37:14.006005 [22;34mDEBUG[0m 
chunk:120 chunk-dur:38ms, timestamp:3967 - rtmpquic.go:220
2026/03/12 14:37:14.035049 [22;34mDEBUG[0m Return monitor from  scheduler : , bw flag : false, limit : 0 - rtmpquic.go:249
2026/03/12 14:37:14.035080 [22;36m INFO[0m IframeComing true, resideSizeInGOP -31677, meanGOP 1.416339e+06, meanI 239188, curgop 1448016, curI 244281 - rtmpquic.go:283
2026/03/12 14:37:14.035085 [22;36m INFO[0m UNKEYBEHIND 59,limit:0 - rtmpquic.go:284
2026/03/12 14:37:14.035099 [22;34mDEBUG[0m 59 p frame 7348 - rtmpquic.go:294
2026/03/12 14:37:14.035563 [22;34mDEBUG[0m 
chunk:121 chunk-dur:29ms, timestamp:4000 - rtmpquic.go:220
2026/03/12 14:37:14.069284 [22;34mDEBUG[0m bitrate:4.185402 Mbps - client_session.go:438
2026/03/12 14:37:14.069349 [22;34mDEBUG[0m Return monitor from  scheduler : , bw flag : false, limit : 0 - rtmpquic.go:249
key tag 282073
2026/03/12 14:37:14.069360 [22;34mDEBUG[0m 3 I frame 282073 - rtmpquic.go:275
2026/03/12 14:37:14.069440 [22;34mDEBUG[0m 
chunk:122 chunk-dur:34ms, timestamp:4034 - rtmpquic.go:220
2026/03/12 14:37:14.101529 [22;34mDEBUG[0m Return monitor from  scheduler : , bw flag : false, limit : 0 - rtmpquic.go:249
2026/03/12 14:37:14.101562 [22;36m INFO[0m IframeComing false, resideSizeInGOP 1.116664e+06, meanGOP 1.432177e+06, meanI 241734, curgop 315513, curI 282073 - rtmpquic.go:283
2026/03/12 14:37:14.101567 [22;36m INFO[0m UNKEYBEHIND 1,limit:0 - rtmpquic.go:284
2026/03/12 14:37:14.101571 [22;34mDEBUG[0m 1 p frame 33440 - rtmpquic.go:294
2026/03/12 14:37:14.101629 [22;34mDEBUG[0m 
chunk:123 chunk-dur:32ms, timestamp:4067 - rtmpquic.go:220
2026/03/12 14:37:14.135029 [22;34mDEBUG[0m Return monitor from  scheduler : , bw flag : false, limit : 0 - rtmpquic.go:249
2026/03/12 14:37:14.135049 [22;36m INFO[0m IframeComing false, resideSizeInGOP 1.108708e+06, meanGOP 1.432177e+06, meanI 241734, curgop 323469, curI 282073 - rtmpquic.go:283
2026/03/12 14:37:14.135063 [22;36m INFO[0m UNKEYBEHIND 2,limit:0 - rtmpquic.go:284
2026/03/12 14:37:14.135066 [22;34mDEBUG[0m 2 p frame 7956 - rtmpquic.go:294
2026/03/12 14:37:14.135118 [22;34mDEBUG[0m 
chunk:124 chunk-dur:34ms, timestamp:4100 - rtmpquic.go:220
2026/03/12 14:37:14.167524 [22;34mDEBUG[0m Return monitor from  scheduler : , bw flag : false, limit : 0 - rtmpquic.go:249
2026/03/12 14:37:14.167553 [22;36m INFO[0m IframeComing false, resideSizeInGOP 1.105305e+06, meanGOP 1.432177e+06, meanI 241734, curgop 326872, curI 282073 - rtmpquic.go:283
2026/03/12 14:37:14.167558 [22;36m INFO[0m UNKEYBEHIND 3,limit:0 - rtmpquic.go:284
2026/03/12 14:37:14.167561 [22;34mDEBUG[0m 3 p frame 3403 - rtmpquic.go:294
2026/03/12 14:37:14.167595 [22;34mDEBUG[0m 
chunk:125 chunk-dur:32ms, timestamp:4134 - rtmpquic.go:220
2026/03/12 14:37:14.201791 [22;34mDEBUG[0m Return monitor from  scheduler : , bw flag : false, limit : 0 - rtmpquic.go:249
2026/03/12 14:37:14.201821 [22;36m INFO[0m IframeComing false, resideSizeInGOP 1.101345e+06, meanGOP 1.432177e+06, meanI 241734, curgop 330832, curI 282073 - rtmpquic.go:283
2026/03/12 14:37:14.201827 [22;36m INFO[0m UNKEYBEHIND 4,limit:0 - rtmpquic.go:284
2026/03/12 14:37:14.201831 [22;34mDEBUG[0m 4 p frame 3960 - rtmpquic.go:294
2026/03/12 14:37:14.202263 [22;34mDEBUG[0m 
chunk:126 chunk-dur:35ms, timestamp:4167 - rtmpquic.go:220
2026/03/12 14:37:14.235014 [22;34mDEBUG[0m Return monitor from  scheduler : , bw flag : false, limit : 0 - rtmpquic.go:249
2026/03/12 14:37:14.235037 [22;36m INFO[0m IframeComing false, resideSizeInGOP 1.047187e+06, meanGOP 1.432177e+06, meanI 241734, curgop 384990, curI 282073 - rtmpquic.go:283
2026/03/12 14:37:14.235042 [22;36m INFO[0m UNKEYBEHIND 5,limit:0 - rtmpquic.go:284
2026/03/12 14:37:14.235045 [22;34mDEBUG[0m 5 p frame 54158 - rtmpquic.go:294
2026/03/12 14:37:14.235172 [22;34mDEBUG[0m 
chunk:127 chunk-dur:33ms, timestamp:4200 - rtmpquic.go:220
2026/03/12 14:37:14.267384 [22;34mDEBUG[0m Return monitor from  scheduler : , bw flag : false, limit : 0 - rtmpquic.go:249
2026/03/12 14:37:14.267414 [22;36m INFO[0m IframeComing false, resideSizeInGOP 1.036314e+06, meanGOP 1.432177e+06, meanI 241734, curgop 395863, curI 282073 - rtmpquic.go:283
2026/03/12 14:37:14.267422 [22;36m INFO[0m UNKEYBEHIND 6,limit:0 - rtmpquic.go:284
2026/03/12 14:37:14.267425 [22;34mDEBUG[0m 6 p frame 10873 - rtmpquic.go:294
2026/03/12 14:37:14.267569 [22;34mDEBUG[0m 
chunk:128 chunk-dur:32ms, timestamp:4234 - rtmpquic.go:220
2026/03/12 14:37:14.302147 [22;34mDEBUG[0m Return monitor from  scheduler : , bw flag : false, limit : 0 - rtmpquic.go:249
2026/03/12 14:37:14.302185 [22;36m INFO[0m IframeComing false, resideSizeInGOP 1.03232e+06, meanGOP 1.432177e+06, meanI 241734, curgop 399857, curI 282073 - rtmpquic.go:283
2026/03/12 14:37:14.302191 [22;36m INFO[0m UNKEYBEHIND 7,limit:0 - rtmpquic.go:284
2026/03/12 14:37:14.302195 [22;34mDEBUG[0m 7 p frame 3994 - rtmpquic.go:294
2026/03/12 14:37:14.302216 [22;34mDEBUG[0m 
chunk:129 chunk-dur:35ms, timestamp:4267 - rtmpquic.go:220
2026/03/12 14:37:14.334464 [22;34mDEBUG[0m Return monitor from  scheduler : , bw flag : false, limit : 0 - rtmpquic.go:249
2026/03/12 14:37:14.334489 [22;36m INFO[0m IframeComing false, resideSizeInGOP 1.027776e+06, meanGOP 1.432177e+06, meanI 241734, curgop 404401, curI 282073 - rtmpquic.go:283
2026/03/12 14:37:14.334494 [22;36m INFO[0m UNKEYBEHIND 8,limit:0 - rtmpquic.go:284
2026/03/12 14:37:14.334498 [22;34mDEBUG[0m 8 p frame 4544 - rtmpquic.go:294
2026/03/12 14:37:14.334676 [22;34mDEBUG[0m 
chunk:130 chunk-dur:32ms, timestamp:4300 - rtmpquic.go:220
2026/03/12 14:37:14.368674 [22;34mDEBUG[0m Return monitor from  scheduler : , bw flag : false, limit : 0 - rtmpquic.go:249
2026/03/12 14:37:14.368699 [22;36m INFO[0m IframeComing false, resideSizeInGOP 968069, meanGOP 1.432177e+06, meanI 241734, curgop 464108, curI 282073 - rtmpquic.go:283
2026/03/12 14:37:14.368704 [22;36m INFO[0m UNKEYBEHIND 9,limit:0 - rtmpquic.go:284
2026/03/12 14:37:14.368708 [22;34mDEBUG[0m 9 p frame 59707 - rtmpquic.go:294
2026/03/12 14:37:14.368860 [22;34mDEBUG[0m 
chunk:131 chunk-dur:34ms, timestamp:4334 - rtmpquic.go:220
2026/03/12 14:37:14.402736 [22;34mDEBUG[0m Return monitor from  scheduler : , bw flag : false, limit : 0 - rtmpquic.go:249
2026/03/12 14:37:14.402765 [22;36m INFO[0m IframeComing false, resideSizeInGOP 957403, meanGOP 1.432177e+06, meanI 241734, curgop 474774, curI 282073 - rtmpquic.go:283
2026/03/12 14:37:14.402769 [22;36m INFO[0m UNKEYBEHIND 10,limit:0 - rtmpquic.go:284
2026/03/12 14:37:14.402773 [22;34mDEBUG[0m 10 p frame 10666 - rtmpquic.go:294
2026/03/12 14:37:14.402804 [22;34mDEBUG[0m 
chunk:132 chunk-dur:34ms, timestamp:4367 - rtmpquic.go:220
2026/03/12 14:37:14.434994 [22;34mDEBUG[0m Return monitor from  scheduler : , bw flag : false, limit : 0 - rtmpquic.go:249
2026/03/12 14:37:14.435019 [22;36m INFO[0m IframeComing false, resideSizeInGOP 953435, meanGOP 1.432177e+06, meanI 241734, curgop 478742, curI 282073 - rtmpquic.go:283
2026/03/12 14:37:14.435023 [22;36m INFO[0m UNKEYBEHIND 11,limit:0 - rtmpquic.go:284
2026/03/12 14:37:14.435026 [22;34mDEBUG[0m 11 p frame 3968 - rtmpquic.go:294
2026/03/12 14:37:14.435033 [22;34mDEBUG[0m 
chunk:133 chunk-dur:33ms, timestamp:4400 - rtmpquic.go:220
2026/03/12 14:37:14.467448 [22;34mDEBUG[0m Return monitor from  scheduler : , bw flag : false, limit : 0 - rtmpquic.go:249
2026/03/12 14:37:14.467486 [22;36m INFO[0m IframeComing false, resideSizeInGOP 949520, meanGOP 1.432177e+06, meanI 241734, curgop 482657, curI 282073 - rtmpquic.go:283
2026/03/12 14:37:14.467492 [22;36m INFO[0m UNKEYBEHIND 12,limit:0 - rtmpquic.go:284
2026/03/12 14:37:14.467495 [22;34mDEBUG[0m 12 p frame 3915 - rtmpquic.go:294
2026/03/12 14:37:14.467608 [22;34mDEBUG[0m 
chunk:134 chunk-dur:32ms, timestamp:4434 - rtmpquic.go:220
2026/03/12 14:37:14.503857 [22;34mDEBUG[0m Return monitor from  scheduler : , bw flag : false, limit : 0 - rtmpquic.go:249
2026/03/12 14:37:14.503982 [22;36m INFO[0m IframeComing false, resideSizeInGOP 899468, meanGOP 1.432177e+06, meanI 241734, curgop 532709, curI 282073 - rtmpquic.go:283
2026/03/12 14:37:14.503988 [22;36m INFO[0m UNKEYBEHIND 13,limit:0 - rtmpquic.go:284
2026/03/12 14:37:14.503991 [22;34mDEBUG[0m 13 p frame 50052 - rtmpquic.go:294
2026/03/12 14:37:14.504040 [22;34mDEBUG[0m 
chunk:135 chunk-dur:37ms, timestamp:4467 - rtmpquic.go:220
2026/03/12 14:37:14.534786 [22;34mDEBUG[0m Return monitor from  scheduler : , bw flag : false, limit : 0 - rtmpquic.go:249
2026/03/12 14:37:14.534859 [22;36m INFO[0m IframeComing false, resideSizeInGOP 889941, meanGOP 1.432177e+06, meanI 241734, curgop 542236, curI 282073 - rtmpquic.go:283
2026/03/12 14:37:14.534865 [22;36m INFO[0m UNKEYBEHIND 14,limit:0 - rtmpquic.go:284
2026/03/12 14:37:14.534985 [22;34mDEBUG[0m 14 p frame 9527 - rtmpquic.go:294
2026/03/12 14:37:14.535001 [22;34mDEBUG[0m 
chunk:136 chunk-dur:31ms, timestamp:4500 - rtmpquic.go:220
2026/03/12 14:37:14.567917 [22;34mDEBUG[0m Return monitor from  scheduler : , bw flag : false, limit : 0 - rtmpquic.go:249
2026/03/12 14:37:14.567939 [22;36m INFO[0m IframeComing false, resideSizeInGOP 886488, meanGOP 1.432177e+06, meanI 241734, curgop 545689, curI 282073 - rtmpquic.go:283
2026/03/12 14:37:14.567943 [22;36m INFO[0m UNKEYBEHIND 15,limit:0 - rtmpquic.go:284
2026/03/12 14:37:14.567947 [22;34mDEBUG[0m 15 p frame 3453 - rtmpquic.go:294
2026/03/12 14:37:14.567967 [22;34mDEBUG[0m 
chunk:137 chunk-dur:32ms, timestamp:4534 - rtmpquic.go:220
2026/03/12 14:37:14.602326 [22;34mDEBUG[0m Return monitor from  scheduler : , bw flag : false, limit : 0 - rtmpquic.go:249
2026/03/12 14:37:14.602351 [22;36m INFO[0m IframeComing false, resideSizeInGOP 883469, meanGOP 1.432177e+06, meanI 241734, curgop 548708, curI 282073 - rtmpquic.go:283
2026/03/12 14:37:14.602356 [22;36m INFO[0m UNKEYBEHIND 16,limit:0 - rtmpquic.go:284
2026/03/12 14:37:14.602360 [22;34mDEBUG[0m 16 p frame 3019 - rtmpquic.go:294
2026/03/12 14:37:14.602504 [22;34mDEBUG[0m 
chunk:138 chunk-dur:35ms, timestamp:4567 - rtmpquic.go:220
2026/03/12 14:37:14.635638 [22;34mDEBUG[0m Return monitor from  scheduler : , bw flag : false, limit : 0 - rtmpquic.go:249
2026/03/12 14:37:14.635663 [22;36m INFO[0m IframeComing false, resideSizeInGOP 835957, meanGOP 1.432177e+06, meanI 241734, curgop 596220, curI 282073 - rtmpquic.go:283
2026/03/12 14:37:14.635667 [22;36m INFO[0m UNKEYBEHIND 17,limit:0 - rtmpquic.go:284
2026/03/12 14:37:14.635671 [22;34mDEBUG[0m 17 p frame 47512 - rtmpquic.go:294
2026/03/12 14:37:14.635770 [22;34mDEBUG[0m 
chunk:139 chunk-dur:33ms, timestamp:4600 - rtmpquic.go:220
2026/03/12 14:37:14.667979 [22;34mDEBUG[0m Return monitor from  scheduler : , bw flag : false, limit : 0 - rtmpquic.go:249
2026/03/12 14:37:14.667997 [22;36m INFO[0m IframeComing false, resideSizeInGOP 827548, meanGOP 1.432177e+06, meanI 241734, curgop 604629, curI 282073 - rtmpquic.go:283
2026/03/12 14:37:14.668001 [22;36m INFO[0m UNKEYBEHIND 18,limit:0 - rtmpquic.go:284
2026/03/12 14:37:14.668005 [22;34mDEBUG[0m 18 p frame 8409 - rtmpquic.go:294
2026/03/12 14:37:14.668025 [22;34mDEBUG[0m 
chunk:140 chunk-dur:33ms, timestamp:4634 - rtmpquic.go:220
2026/03/12 14:37:14.701448 [22;34mDEBUG[0m Return monitor from  scheduler : , bw flag : false, limit : 0 - rtmpquic.go:249
2026/03/12 14:37:14.701470 [22;36m INFO[0m IframeComing false, resideSizeInGOP 824127, meanGOP 1.432177e+06, meanI 241734, curgop 608050, curI 282073 - rtmpquic.go:283
2026/03/12 14:37:14.701474 [22;36m INFO[0m UNKEYBEHIND 19,limit:0 - rtmpquic.go:284
2026/03/12 14:37:14.701478 [22;34mDEBUG[0m 19 p frame 3421 - rtmpquic.go:294
2026/03/12 14:37:14.701510 [22;34mDEBUG[0m 
chunk:141 chunk-dur:33ms, timestamp:4667 - rtmpquic.go:220
2026/03/12 14:37:14.734689 [22;34mDEBUG[0m Return monitor from  scheduler : , bw flag : false, limit : 0 - rtmpquic.go:249
2026/03/12 14:37:14.734723 [22;36m INFO[0m IframeComing false, resideSizeInGOP 820791, meanGOP 1.432177e+06, meanI 241734, curgop 611386, curI 282073 - rtmpquic.go:283
2026/03/12 14:37:14.734730 [22;36m INFO[0m UNKEYBEHIND 20,limit:0 - rtmpquic.go:284
2026/03/12 14:37:14.734736 [22;34mDEBUG[0m 20 p frame 3336 - rtmpquic.go:294
2026/03/12 14:37:14.735113 [22;34mDEBUG[0m 
chunk:142 chunk-dur:34ms, timestamp:4700 - rtmpquic.go:220
2026/03/12 14:37:14.767210 [22;34mDEBUG[0m Return monitor from  scheduler : , bw flag : false, limit : 0 - rtmpquic.go:249
2026/03/12 14:37:14.767237 [22;36m INFO[0m IframeComing false, resideSizeInGOP 771085, meanGOP 1.432177e+06, meanI 241734, curgop 661092, curI 282073 - rtmpquic.go:283
2026/03/12 14:37:14.767242 [22;36m INFO[0m UNKEYBEHIND 21,limit:0 - rtmpquic.go:284
2026/03/12 14:37:14.767245 [22;34mDEBUG[0m 21 p frame 49706 - rtmpquic.go:294
2026/03/12 14:37:14.767275 [22;34mDEBUG[0m 
chunk:143 chunk-dur:32ms, timestamp:4734 - rtmpquic.go:220
2026/03/12 14:37:14.801989 [22;34mDEBUG[0m Return monitor from  scheduler : , bw flag : false, limit : 0 - rtmpquic.go:249
2026/03/12 14:37:14.802012 [22;36m INFO[0m IframeComing false, resideSizeInGOP 761405, meanGOP 1.432177e+06, meanI 241734, curgop 670772, curI 282073 - rtmpquic.go:283
2026/03/12 14:37:14.802017 [22;36m INFO[0m UNKEYBEHIND 22,limit:0 - rtmpquic.go:284
2026/03/12 14:37:14.802020 [22;34mDEBUG[0m 22 p frame 9680 - rtmpquic.go:294
2026/03/12 14:37:14.802047 [22;34mDEBUG[0m 
chunk:144 chunk-dur:35ms, timestamp:4767 - rtmpquic.go:220
2026/03/12 14:37:14.834133 [22;34mDEBUG[0m Return monitor from  scheduler : , bw flag : false, limit : 0 - rtmpquic.go:249
2026/03/12 14:37:14.834159 [22;36m INFO[0m IframeComing false, resideSizeInGOP 757982, meanGOP 1.432177e+06, meanI 241734, curgop 674195, curI 282073 - rtmpquic.go:283
2026/03/12 14:37:14.834163 [22;36m INFO[0m UNKEYBEHIND 23,limit:0 - rtmpquic.go:284
2026/03/12 14:37:14.834167 [22;34mDEBUG[0m 23 p frame 3423 - rtmpquic.go:294
2026/03/12 14:37:14.834196 [22;34mDEBUG[0m 
chunk:145 chunk-dur:32ms, timestamp:4800 - rtmpquic.go:220
2026/03/12 14:37:14.867369 [22;34mDEBUG[0m Return monitor from  scheduler : , bw flag : false, limit : 0 - rtmpquic.go:249
2026/03/12 14:37:14.867390 [22;36m INFO[0m IframeComing false, resideSizeInGOP 754495, meanGOP 1.432177e+06, meanI 241734, curgop 677682, curI 282073 - rtmpquic.go:283
2026/03/12 14:37:14.867394 [22;36m INFO[0m UNKEYBEHIND 24,limit:0 - rtmpquic.go:284
2026/03/12 14:37:14.867398 [22;34mDEBUG[0m 24 p frame 3487 - rtmpquic.go:294
2026/03/12 14:37:14.867465 [22;34mDEBUG[0m 
chunk:146 chunk-dur:33ms, timestamp:4834 - rtmpquic.go:220
2026/03/12 14:37:14.902140 [22;34mDEBUG[0m Return monitor from  scheduler : , bw flag : false, limit : 0 - rtmpquic.go:249
2026/03/12 14:37:14.902166 [22;36m INFO[0m IframeComing false, resideSizeInGOP 693204, meanGOP 1.432177e+06, meanI 241734, curgop 738973, curI 282073 - rtmpquic.go:283
2026/03/12 14:37:14.902170 [22;36m INFO[0m UNKEYBEHIND 25,limit:0 - rtmpquic.go:284
2026/03/12 14:37:14.902174 [22;34mDEBUG[0m 25 p frame 61291 - rtmpquic.go:294
2026/03/12 14:37:14.902189 [22;34mDEBUG[0m 
chunk:147 chunk-dur:35ms, timestamp:4867 - rtmpquic.go:220
2026/03/12 14:37:14.935406 [22;34mDEBUG[0m Return monitor from  scheduler : , bw flag : false, limit : 0 - rtmpquic.go:249
2026/03/12 14:37:14.935434 [22;36m INFO[0m IframeComing false, resideSizeInGOP 682749, meanGOP 1.432177e+06, meanI 241734, curgop 749428, curI 282073 - rtmpquic.go:283
2026/03/12 14:37:14.935439 [22;36m INFO[0m UNKEYBEHIND 26,limit:0 - rtmpquic.go:284
2026/03/12 14:37:14.935445 [22;34mDEBUG[0m 26 p frame 10455 - rtmpquic.go:294
2026/03/12 14:37:14.935467 [22;34mDEBUG[0m 
chunk:148 chunk-dur:33ms, timestamp:4900 - rtmpquic.go:220
2026/03/12 14:37:14.968063 [22;34mDEBUG[0m Return monitor from  scheduler : , bw flag : false, limit : 0 - rtmpquic.go:249
2026/03/12 14:37:14.968082 [22;36m INFO[0m IframeComing false, resideSizeInGOP 679292, meanGOP 1.432177e+06, meanI 241734, curgop 752885, curI 282073 - rtmpquic.go:283
2026/03/12 14:37:14.968086 [22;36m INFO[0m UNKEYBEHIND 27,limit:0 - rtmpquic.go:284
2026/03/12 14:37:14.968089 [22;34mDEBUG[0m 27 p frame 3457 - rtmpquic.go:294
2026/03/12 14:37:14.968122 [22;34mDEBUG[0m 
chunk:149 chunk-dur:33ms, timestamp:4934 - rtmpquic.go:220
2026/03/12 14:37:15.001941 [22;34mDEBUG[0m Return monitor from  scheduler : , bw flag : false, limit : 0 - rtmpquic.go:249
2026/03/12 14:37:15.001971 [22;36m INFO[0m IframeComing false, resideSizeInGOP 675087, meanGOP 1.432177e+06, meanI 241734, curgop 757090, curI 282073 - rtmpquic.go:283
2026/03/12 14:37:15.001975 [22;36m INFO[0m UNKEYBEHIND 28,limit:0 - rtmpquic.go:284
2026/03/12 14:37:15.001979 [22;34mDEBUG[0m 28 p frame 4205 - rtmpquic.go:294
2026/03/12 14:37:15.002075 [22;34mDEBUG[0m 
chunk:150 chunk-dur:34ms, timestamp:4967 - rtmpquic.go:220
2026/03/12 14:37:15.035535 [22;34mDEBUG[0m Return monitor from  scheduler : , bw flag : false, limit : 0 - rtmpquic.go:249
2026/03/12 14:37:15.035560 [22;36m INFO[0m IframeComing false, resideSizeInGOP 625660, meanGOP 1.432177e+06, meanI 241734, curgop 806517, curI 282073 - rtmpquic.go:283
2026/03/12 14:37:15.035564 [22;36m INFO[0m UNKEYBEHIND 29,limit:0 - rtmpquic.go:284
2026/03/12 14:37:15.035568 [22;34mDEBUG[0m 29 p frame 49427 - rtmpquic.go:294
2026/03/12 14:37:15.035605 [22;34mDEBUG[0m 
chunk:151 chunk-dur:33ms, timestamp:5000 - rtmpquic.go:220
2026/03/12 14:37:15.068310 [22;34mDEBUG[0m Return monitor from  scheduler : , bw flag : false, limit : 0 - rtmpquic.go:249
2026/03/12 14:37:15.068344 [22;36m INFO[0m IframeComing false, resideSizeInGOP 615348, meanGOP 1.432177e+06, meanI 241734, curgop 816829, curI 282073 - rtmpquic.go:283
2026/03/12 14:37:15.068349 [22;36m INFO[0m UNKEYBEHIND 30,limit:0 - rtmpquic.go:284
2026/03/12 14:37:15.068353 [22;34mDEBUG[0m 30 p frame 10312 - rtmpquic.go:294
2026/03/12 14:37:15.068360 [22;34mDEBUG[0m 
chunk:152 chunk-dur:33ms, timestamp:5034 - rtmpquic.go:220
2026/03/12 14:37:15.070231 [22;34mDEBUG[0m bitrate:6.225972 Mbps - client_session.go:438
2026/03/12 14:37:15.102696 [22;34mDEBUG[0m Return monitor from  scheduler : , bw flag : false, limit : 0 - rtmpquic.go:249
2026/03/12 14:37:15.102718 [22;36m INFO[0m IframeComing false, resideSizeInGOP 611751, meanGOP 1.432177e+06, meanI 241734, curgop 820426, curI 282073 - rtmpquic.go:283
2026/03/12 14:37:15.102722 [22;36m INFO[0m UNKEYBEHIND 31,limit:0 - rtmpquic.go:284
2026/03/12 14:37:15.102725 [22;34mDEBUG[0m 31 p frame 3597 - rtmpquic.go:294
2026/03/12 14:37:15.102799 [22;34mDEBUG[0m 
chunk:153 chunk-dur:34ms, timestamp:5067 - rtmpquic.go:220
2026/03/12 14:37:15.138509 [22;34mDEBUG[0m Return monitor from  scheduler : , bw flag : false, limit : 0 - rtmpquic.go:249
2026/03/12 14:37:15.138538 [22;36m INFO[0m IframeComing false, resideSizeInGOP 608080, meanGOP 1.432177e+06, meanI 241734, curgop 824097, curI 282073 - rtmpquic.go:283
2026/03/12 14:37:15.138543 [22;36m INFO[0m UNKEYBEHIND 32,limit:0 - rtmpquic.go:284
2026/03/12 14:37:15.138546 [22;34mDEBUG[0m 32 p frame 3671 - rtmpquic.go:294
2026/03/12 14:37:15.138786 [22;34mDEBUG[0m 
chunk:154 chunk-dur:36ms, timestamp:5100 - rtmpquic.go:220
2026/03/12 14:37:15.171622 [22;34mDEBUG[0m Return monitor from  scheduler : , bw flag : false, limit : 0 - rtmpquic.go:249
2026/03/12 14:37:15.171660 [22;36m INFO[0m IframeComing false, resideSizeInGOP 555349, meanGOP 1.432177e+06, meanI 241734, curgop 876828, curI 282073 - rtmpquic.go:283
2026/03/12 14:37:15.171667 [22;36m INFO[0m UNKEYBEHIND 33,limit:0 - rtmpquic.go:284
2026/03/12 14:37:15.171672 [22;34mDEBUG[0m 33 p frame 52731 - rtmpquic.go:294
2026/03/12 14:37:15.171724 [22;34mDEBUG[0m 
chunk:155 chunk-dur:33ms, timestamp:5134 - rtmpquic.go:220
2026/03/12 14:37:15.202471 [22;34mDEBUG[0m Return monitor from  scheduler : , bw flag : false, limit : 0 - rtmpquic.go:249
2026/03/12 14:37:15.202498 [22;36m INFO[0m IframeComing false, resideSizeInGOP 544990, meanGOP 1.432177e+06, meanI 241734, curgop 887187, curI 282073 - rtmpquic.go:283
2026/03/12 14:37:15.202503 [22;36m INFO[0m UNKEYBEHIND 34,limit:0 - rtmpquic.go:284
2026/03/12 14:37:15.202507 [22;34mDEBUG[0m 34 p frame 10359 - rtmpquic.go:294
2026/03/12 14:37:15.202526 [22;34mDEBUG[0m 
chunk:156 chunk-dur:31ms, timestamp:5167 - rtmpquic.go:220
2026/03/12 14:37:15.235778 [22;34mDEBUG[0m Return monitor from  scheduler : , bw flag : false, limit : 0 - rtmpquic.go:249
2026/03/12 14:37:15.235799 [22;36m INFO[0m IframeComing false, resideSizeInGOP 541497, meanGOP 1.432177e+06, meanI 241734, curgop 890680, curI 282073 - rtmpquic.go:283
2026/03/12 14:37:15.235803 [22;36m INFO[0m UNKEYBEHIND 35,limit:0 - rtmpquic.go:284
2026/03/12 14:37:15.235807 [22;34mDEBUG[0m 35 p frame 3493 - rtmpquic.go:294
2026/03/12 14:37:15.235850 [22;34mDEBUG[0m 
chunk:157 chunk-dur:33ms, timestamp:5200 - rtmpquic.go:220
2026/03/12 14:37:15.269995 [22;34mDEBUG[0m Return monitor from  scheduler : , bw flag : false, limit : 0 - rtmpquic.go:249
2026/03/12 14:37:15.270068 [22;36m INFO[0m IframeComing false, resideSizeInGOP 537939, meanGOP 1.432177e+06, meanI 241734, curgop 894238, curI 282073 - rtmpquic.go:283
2026/03/12 14:37:15.270075 [22;36m INFO[0m UNKEYBEHIND 36,limit:0 - rtmpquic.go:284
2026/03/12 14:37:15.270100 [22;34mDEBUG[0m 36 p frame 3558 - rtmpquic.go:294
2026/03/12 14:37:15.270224 [22;34mDEBUG[0m 
chunk:158 chunk-dur:35ms, timestamp:5234 - rtmpquic.go:220
2026/03/12 14:37:15.358695 [22;34mDEBUG[0m Return monitor from  scheduler : , bw flag : false, limit : 0 - rtmpquic.go:249
2026/03/12 14:37:15.358771 [22;36m INFO[0m IframeComing false, resideSizeInGOP 489024, meanGOP 1.432177e+06, meanI 241734, curgop 943153, curI 282073 - rtmpquic.go:283
2026/03/12 14:37:15.358779 [22;36m INFO[0m UNKEYBEHIND 37,limit:0 - rtmpquic.go:284
2026/03/12 14:37:15.358786 [22;34mDEBUG[0m 37 p frame 48915 - rtmpquic.go:294
2026/03/12 14:37:15.379292 [22;34mDEBUG[0m 
chunk:159 chunk-dur:109ms, timestamp:5267 - rtmpquic.go:220
2026/03/12 14:37:15.379317 [22;34mDEBUG[0m Return monitor from  scheduler : , bw flag : false, limit : 0 - rtmpquic.go:249
2026/03/12 14:37:15.379326 [22;36m INFO[0m IframeComing false, resideSizeInGOP 479254, meanGOP 1.432177e+06, meanI 241734, curgop 952923, curI 282073 - rtmpquic.go:283
2026/03/12 14:37:15.379333 [22;36m INFO[0m UNKEYBEHIND 38,limit:0 - rtmpquic.go:284
2026/03/12 14:37:15.379338 [22;34mDEBUG[0m 38 p frame 9770 - rtmpquic.go:294
2026/03/12 14:37:15.379351 [22;34mDEBUG[0m 
chunk:160 chunk-dur:0ms, timestamp:5300 - rtmpquic.go:220
2026/03/12 14:37:15.379355 [22;34mDEBUG[0m Return monitor from  scheduler : , bw flag : false, limit : 0 - rtmpquic.go:249
2026/03/12 14:37:15.379361 [22;36m INFO[0m IframeComing false, resideSizeInGOP 475679, meanGOP 1.432177e+06, meanI 241734, curgop 956498, curI 282073 - rtmpquic.go:283
2026/03/12 14:37:15.379366 [22;36m INFO[0m UNKEYBEHIND 39,limit:0 - rtmpquic.go:284
2026/03/12 14:37:15.379371 [22;34mDEBUG[0m 39 p frame 3575 - rtmpquic.go:294
2026/03/12 14:37:15.379385 [22;34mDEBUG[0m 
chunk:161 chunk-dur:0ms, timestamp:5334 - rtmpquic.go:220
2026/03/12 14:37:15.403225 [22;34mDEBUG[0m Return monitor from  scheduler : , bw flag : false, limit : 0 - rtmpquic.go:249
2026/03/12 14:37:15.403292 [22;36m INFO[0m IframeComing false, resideSizeInGOP 471753, meanGOP 1.432177e+06, meanI 241734, curgop 960424, curI 282073 - rtmpquic.go:283
2026/03/12 14:37:15.403304 [22;36m INFO[0m UNKEYBEHIND 40,limit:0 - rtmpquic.go:284
2026/03/12 14:37:15.403313 [22;34mDEBUG[0m 40 p frame 3926 - rtmpquic.go:294
2026/03/12 14:37:15.403448 [22;34mDEBUG[0m 
chunk:162 chunk-dur:24ms, timestamp:5367 - rtmpquic.go:220
2026/03/12 14:37:15.436858 [22;34mDEBUG[0m Return monitor from  scheduler : , bw flag : false, limit : 0 - rtmpquic.go:249
2026/03/12 14:37:15.437088 [22;36m INFO[0m IframeComing false, resideSizeInGOP 418353, meanGOP 1.432177e+06, meanI 241734, curgop 1013824, curI 282073 - rtmpquic.go:283
2026/03/12 14:37:15.437108 [22;36m INFO[0m UNKEYBEHIND 41,limit:0 - rtmpquic.go:284
2026/03/12 14:37:15.437117 [22;34mDEBUG[0m 41 p frame 53400 - rtmpquic.go:294
2026/03/12 14:37:15.437150 [22;34mDEBUG[0m 
chunk:163 chunk-dur:34ms, timestamp:5400 - rtmpquic.go:220
2026/03/12 14:37:15.469266 [22;34mDEBUG[0m Return monitor from  scheduler : , bw flag : false, limit : 0 - rtmpquic.go:249
2026/03/12 14:37:15.469289 [22;36m INFO[0m IframeComing false, resideSizeInGOP 408096, meanGOP 1.432177e+06, meanI 241734, curgop 1024081, curI 282073 - rtmpquic.go:283
2026/03/12 14:37:15.469293 [22;36m INFO[0m UNKEYBEHIND 42,limit:0 - rtmpquic.go:284
2026/03/12 14:37:15.469297 [22;34mDEBUG[0m 42 p frame 10257 - rtmpquic.go:294
2026/03/12 14:37:15.469368 [22;34mDEBUG[0m 
chunk:164 chunk-dur:32ms, timestamp:5434 - rtmpquic.go:220
2026/03/12 14:37:15.502290 [22;34mDEBUG[0m Return monitor from  scheduler : , bw flag : false, limit : 0 - rtmpquic.go:249
2026/03/12 14:37:15.502326 [22;36m INFO[0m IframeComing false, resideSizeInGOP 403049, meanGOP 1.432177e+06, meanI 241734, curgop 1029128, curI 282073 - rtmpquic.go:283
2026/03/12 14:37:15.502331 [22;36m INFO[0m UNKEYBEHIND 43,limit:0 - rtmpquic.go:284
2026/03/12 14:37:15.502335 [22;34mDEBUG[0m 43 p frame 5047 - rtmpquic.go:294
2026/03/12 14:37:15.502418 [22;34mDEBUG[0m 
chunk:165 chunk-dur:33ms, timestamp:5467 - rtmpquic.go:220
2026/03/12 14:37:15.535654 [22;34mDEBUG[0m Return monitor from  scheduler : , bw flag : false, limit : 0 - rtmpquic.go:249
2026/03/12 14:37:15.535838 [22;36m INFO[0m IframeComing false, resideSizeInGOP 399145, meanGOP 1.432177e+06, meanI 241734, curgop 1033032, curI 282073 - rtmpquic.go:283
2026/03/12 14:37:15.536219 [22;36m INFO[0m UNKEYBEHIND 44,limit:0 - rtmpquic.go:284
2026/03/12 14:37:15.536229 [22;34mDEBUG[0m 44 p frame 3904 - rtmpquic.go:294
2026/03/12 14:37:15.537074 [22;34mDEBUG[0m 
chunk:166 chunk-dur:35ms, timestamp:5500 - rtmpquic.go:220
2026/03/12 14:37:15.567241 [22;34mDEBUG[0m Return monitor from  scheduler : , bw flag : false, limit : 0 - rtmpquic.go:249
2026/03/12 14:37:15.567447 [22;36m INFO[0m IframeComing false, resideSizeInGOP 344898, meanGOP 1.432177e+06, meanI 241734, curgop 1087279, curI 282073 - rtmpquic.go:283
2026/03/12 14:37:15.567453 [22;36m INFO[0m UNKEYBEHIND 45,limit:0 - rtmpquic.go:284
2026/03/12 14:37:15.567458 [22;34mDEBUG[0m 45 p frame 54247 - rtmpquic.go:294
2026/03/12 14:37:15.567513 [22;34mDEBUG[0m 
chunk:167 chunk-dur:30ms, timestamp:5534 - rtmpquic.go:220
2026/03/12 14:37:15.601961 [22;34mDEBUG[0m Return monitor from  scheduler : , bw flag : false, limit : 0 - rtmpquic.go:249
2026/03/12 14:37:15.601981 [22;36m INFO[0m IframeComing false, resideSizeInGOP 334803, meanGOP 1.432177e+06, meanI 241734, curgop 1097374, curI 282073 - rtmpquic.go:283
2026/03/12 14:37:15.601986 [22;36m INFO[0m UNKEYBEHIND 46,limit:0 - rtmpquic.go:284
2026/03/12 14:37:15.601990 [22;34mDEBUG[0m 46 p frame 10095 - rtmpquic.go:294
2026/03/12 14:37:15.602021 [22;34mDEBUG[0m 
chunk:168 chunk-dur:35ms, timestamp:5567 - rtmpquic.go:220
2026/03/12 14:37:15.634498 [22;34mDEBUG[0m Return monitor from  scheduler : , bw flag : false, limit : 0 - rtmpquic.go:249
2026/03/12 14:37:15.634526 [22;36m INFO[0m IframeComing false, resideSizeInGOP 331291, meanGOP 1.432177e+06, meanI 241734, curgop 1100886, curI 282073 - rtmpquic.go:283
2026/03/12 14:37:15.634531 [22;36m INFO[0m UNKEYBEHIND 47,limit:0 - rtmpquic.go:284
2026/03/12 14:37:15.634535 [22;34mDEBUG[0m 47 p frame 3512 - rtmpquic.go:294
2026/03/12 14:37:15.634550 [22;34mDEBUG[0m 
chunk:169 chunk-dur:32ms, timestamp:5600 - rtmpquic.go:220
2026/03/12 14:37:15.669334 [22;34mDEBUG[0m Return monitor from  scheduler : , bw flag : false, limit : 0 - rtmpquic.go:249
2026/03/12 14:37:15.669369 [22;36m INFO[0m IframeComing false, resideSizeInGOP 327832, meanGOP 1.432177e+06, meanI 241734, curgop 1104345, curI 282073 - rtmpquic.go:283
2026/03/12 14:37:15.669377 [22;36m INFO[0m UNKEYBEHIND 48,limit:0 - rtmpquic.go:284
2026/03/12 14:37:15.669384 [22;34mDEBUG[0m 48 p frame 3459 - rtmpquic.go:294
2026/03/12 14:37:15.669765 [22;34mDEBUG[0m 
chunk:170 chunk-dur:35ms, timestamp:5634 - rtmpquic.go:220
2026/03/12 14:37:15.706031 [22;34mDEBUG[0m Return monitor from  scheduler : , bw flag : false, limit : 0 - rtmpquic.go:249
2026/03/12 14:37:15.706055 [22;36m INFO[0m IframeComing false, resideSizeInGOP 272098, meanGOP 1.432177e+06, meanI 241734, curgop 1160079, curI 282073 - rtmpquic.go:283
2026/03/12 14:37:15.706059 [22;36m INFO[0m UNKEYBEHIND 49,limit:0 - rtmpquic.go:284
2026/03/12 14:37:15.706063 [22;34mDEBUG[0m 49 p frame 55734 - rtmpquic.go:294
2026/03/12 14:37:15.706083 [22;34mDEBUG[0m 
chunk:171 chunk-dur:37ms, timestamp:5667 - rtmpquic.go:220
2026/03/12 14:37:15.735009 [22;34mDEBUG[0m Return monitor from  scheduler : , bw flag : false, limit : 0 - rtmpquic.go:249
2026/03/12 14:37:15.735944 [22;36m INFO[0m IframeComing false, resideSizeInGOP 262917, meanGOP 1.432177e+06, meanI 241734, curgop 1169260, curI 282073 - rtmpquic.go:283
2026/03/12 14:37:15.735969 [22;36m INFO[0m UNKEYBEHIND 50,limit:0 - rtmpquic.go:284
2026/03/12 14:37:15.735990 [22;34mDEBUG[0m 50 p frame 9181 - rtmpquic.go:294
2026/03/12 14:37:15.737939 [22;34mDEBUG[0m 
chunk:172 chunk-dur:31ms, timestamp:5700 - rtmpquic.go:220
2026/03/12 14:37:15.768646 [22;34mDEBUG[0m Return monitor from  scheduler : , bw flag : false, limit : 0 - rtmpquic.go:249
2026/03/12 14:37:15.768696 [22;36m INFO[0m IframeComing false, resideSizeInGOP 260129, meanGOP 1.432177e+06, meanI 241734, curgop 1172048, curI 282073 - rtmpquic.go:283
2026/03/12 14:37:15.768703 [22;36m INFO[0m UNKEYBEHIND 51,limit:0 - rtmpquic.go:284
2026/03/12 14:37:15.768706 [22;34mDEBUG[0m 51 p frame 2788 - rtmpquic.go:294
2026/03/12 14:37:15.768746 [22;34mDEBUG[0m 
chunk:173 chunk-dur:31ms, timestamp:5734 - rtmpquic.go:220
2026/03/12 14:37:15.801932 [22;34mDEBUG[0m Return monitor from  scheduler : , bw flag : false, limit : 0 - rtmpquic.go:249
2026/03/12 14:37:15.801947 [22;36m INFO[0m IframeComing false, resideSizeInGOP 257479, meanGOP 1.432177e+06, meanI 241734, curgop 1174698, curI 282073 - rtmpquic.go:283
2026/03/12 14:37:15.801951 [22;36m INFO[0m UNKEYBEHIND 52,limit:0 - rtmpquic.go:284
2026/03/12 14:37:15.801954 [22;34mDEBUG[0m 52 p frame 2650 - rtmpquic.go:294
2026/03/12 14:37:15.802050 [22;34mDEBUG[0m 
chunk:174 chunk-dur:34ms, timestamp:5767 - rtmpquic.go:220
2026/03/12 14:37:15.834282 [22;34mDEBUG[0m Return monitor from  scheduler : , bw flag : false, limit : 0 - rtmpquic.go:249
2026/03/12 14:37:15.834306 [22;36m INFO[0m IframeComing false, resideSizeInGOP 196653, meanGOP 1.432177e+06, meanI 241734, curgop 1235524, curI 282073 - rtmpquic.go:283
2026/03/12 14:37:15.834310 [22;36m INFO[0m UNKEYBEHIND 53,limit:0 - rtmpquic.go:284
2026/03/12 14:37:15.834314 [22;34mDEBUG[0m 53 p frame 60826 - rtmpquic.go:294
2026/03/12 14:37:15.834438 [22;34mDEBUG[0m 
chunk:175 chunk-dur:32ms, timestamp:5800 - rtmpquic.go:220
2026/03/12 14:37:15.868228 [22;34mDEBUG[0m Return monitor from  scheduler : , bw flag : false, limit : 0 - rtmpquic.go:249
2026/03/12 14:37:15.868248 [22;36m INFO[0m IframeComing false, resideSizeInGOP 185913, meanGOP 1.432177e+06, meanI 241734, curgop 1246264, curI 282073 - rtmpquic.go:283
2026/03/12 14:37:15.868252 [22;36m INFO[0m UNKEYBEHIND 54,limit:0 - rtmpquic.go:284
2026/03/12 14:37:15.868257 [22;34mDEBUG[0m 54 p frame 10740 - rtmpquic.go:294
2026/03/12 14:37:15.868266 [22;34mDEBUG[0m 
chunk:176 chunk-dur:34ms, timestamp:5834 - rtmpquic.go:220
2026/03/12 14:37:15.902235 [22;34mDEBUG[0m Return monitor from  scheduler : , bw flag : false, limit : 0 - rtmpquic.go:249
2026/03/12 14:37:15.902260 [22;36m INFO[0m IframeComing false, resideSizeInGOP 183036, meanGOP 1.432177e+06, meanI 241734, curgop 1249141, curI 282073 - rtmpquic.go:283
2026/03/12 14:37:15.902264 [22;36m INFO[0m UNKEYBEHIND 55,limit:0 - rtmpquic.go:284
2026/03/12 14:37:15.902276 [22;34mDEBUG[0m 55 p frame 2877 - rtmpquic.go:294
2026/03/12 14:37:15.902294 [22;34mDEBUG[0m 
chunk:177 chunk-dur:34ms, timestamp:5867 - rtmpquic.go:220
2026/03/12 14:37:15.934485 [22;34mDEBUG[0m Return monitor from  scheduler : , bw flag : false, limit : 0 - rtmpquic.go:249
2026/03/12 14:37:15.934499 [22;36m INFO[0m IframeComing false, resideSizeInGOP 180085, meanGOP 1.432177e+06, meanI 241734, curgop 1252092, curI 282073 - rtmpquic.go:283
2026/03/12 14:37:15.934503 [22;36m INFO[0m UNKEYBEHIND 56,limit:0 - rtmpquic.go:284
2026/03/12 14:37:15.934506 [22;34mDEBUG[0m 56 p frame 2951 - rtmpquic.go:294
2026/03/12 14:37:15.934537 [22;34mDEBUG[0m 
chunk:178 chunk-dur:32ms, timestamp:5900 - rtmpquic.go:220
2026/03/12 14:37:15.968204 [22;34mDEBUG[0m Return monitor from  scheduler : , bw flag : false, limit : 0 - rtmpquic.go:249
2026/03/12 14:37:15.968225 [22;36m INFO[0m IframeComing false, resideSizeInGOP 165825, meanGOP 1.432177e+06, meanI 241734, curgop 1266352, curI 282073 - rtmpquic.go:283
2026/03/12 14:37:15.968229 [22;36m INFO[0m UNKEYBEHIND 57,limit:0 - rtmpquic.go:284
2026/03/12 14:37:15.968232 [22;34mDEBUG[0m 57 p frame 14260 - rtmpquic.go:294
2026/03/12 14:37:15.968250 [22;34mDEBUG[0m 
chunk:179 chunk-dur:34ms, timestamp:5934 - rtmpquic.go:220
2026/03/12 14:37:16.002002 [22;34mDEBUG[0m Return monitor from  scheduler : , bw flag : false, limit : 0 - rtmpquic.go:249
2026/03/12 14:37:16.002022 [22;36m INFO[0m IframeComing false, resideSizeInGOP 161048, meanGOP 1.432177e+06, meanI 241734, curgop 1271129, curI 282073 - rtmpquic.go:283
2026/03/12 14:37:16.002026 [22;36m INFO[0m UNKEYBEHIND 58,limit:0 - rtmpquic.go:284
2026/03/12 14:37:16.002029 [22;34mDEBUG[0m 58 p frame 4777 - rtmpquic.go:294
2026/03/12 14:37:16.002062 [22;34mDEBUG[0m 
chunk:180 chunk-dur:34ms, timestamp:5967 - rtmpquic.go:220
2026/03/12 14:37:16.034837 [22;34mDEBUG[0m Return monitor from  scheduler : , bw flag : false, limit : 0 - rtmpquic.go:249
2026/03/12 14:37:16.034860 [22;36m INFO[0m IframeComing false, resideSizeInGOP 154605, meanGOP 1.432177e+06, meanI 241734, curgop 1277572, curI 282073 - rtmpquic.go:283
2026/03/12 14:37:16.034865 [22;36m INFO[0m UNKEYBEHIND 59,limit:0 - rtmpquic.go:284
2026/03/12 14:37:16.034912 [22;34mDEBUG[0m 59 p frame 6443 - rtmpquic.go:294
2026/03/12 14:37:16.035445 [22;34mDEBUG[0m 
chunk:181 chunk-dur:33ms, timestamp:6000 - rtmpquic.go:220
2026/03/12 14:37:16.068301 [22;34mDEBUG[0m Return monitor from  scheduler : , bw flag : false, limit : 0 - rtmpquic.go:249
key tag 296183
2026/03/12 14:37:16.068324 [22;34mDEBUG[0m 4 I frame 296183 - rtmpquic.go:275
2026/03/12 14:37:16.068394 [22;34mDEBUG[0m 
chunk:182 chunk-dur:33ms, timestamp:6034 - rtmpquic.go:220
2026/03/12 14:37:16.070262 [22;34mDEBUG[0m bitrate:3.515083 Mbps - client_session.go:438
2026/03/12 14:37:16.101952 [22;34mDEBUG[0m Return monitor from  scheduler : , bw flag : false, limit : 0 - rtmpquic.go:249
2026/03/12 14:37:16.101978 [22;36m INFO[0m IframeComing false, resideSizeInGOP 1.045649e+06, meanGOP 1.380642e+06, meanI 255180, curgop 334993, curI 296183 - rtmpquic.go:283
2026/03/12 14:37:16.101982 [22;36m INFO[0m UNKEYBEHIND 1,limit:0 - rtmpquic.go:284
2026/03/12 14:37:16.101986 [22;34mDEBUG[0m 1 p frame 38810 - rtmpquic.go:294
2026/03/12 14:37:16.102008 [22;34mDEBUG[0m 
chunk:183 chunk-dur:34ms, timestamp:6067 - rtmpquic.go:220
2026/03/12 14:37:16.134153 [22;34mDEBUG[0m Return monitor from  scheduler : , bw flag : false, limit : 0 - rtmpquic.go:249
2026/03/12 14:37:16.134176 [22;36m INFO[0m IframeComing false, resideSizeInGOP 1.036373e+06, meanGOP 1.380642e+06, meanI 255180, curgop 344269, curI 296183 - rtmpquic.go:283
2026/03/12 14:37:16.134202 [22;36m INFO[0m UNKEYBEHIND 2,limit:0 - rtmpquic.go:284
2026/03/12 14:37:16.134206 [22;34mDEBUG[0m 2 p frame 9276 - rtmpquic.go:294
2026/03/12 14:37:16.134224 [22;34mDEBUG[0m 
chunk:184 chunk-dur:32ms, timestamp:6100 - rtmpquic.go:220
2026/03/12 14:37:16.167620 [22;34mDEBUG[0m Return monitor from  scheduler : , bw flag : false, limit : 0 - rtmpquic.go:249
2026/03/12 14:37:16.167645 [22;36m INFO[0m IframeComing false, resideSizeInGOP 1.03305e+06, meanGOP 1.380642e+06, meanI 255180, curgop 347592, curI 296183 - rtmpquic.go:283
2026/03/12 14:37:16.167650 [22;36m INFO[0m UNKEYBEHIND 3,limit:0 - rtmpquic.go:284
2026/03/12 14:37:16.167654 [22;34mDEBUG[0m 3 p frame 3323 - rtmpquic.go:294
2026/03/12 14:37:16.167705 [22;34mDEBUG[0m 
chunk:185 chunk-dur:33ms, timestamp:6134 - rtmpquic.go:220
2026/03/12 14:37:16.204458 [22;34mDEBUG[0m Return monitor from  scheduler : , bw flag : false, limit : 0 - rtmpquic.go:249
2026/03/12 14:37:16.204469 [22;36m INFO[0m IframeComing false, resideSizeInGOP 1.02992e+06, meanGOP 1.380642e+06, meanI 255180, curgop 350722, curI 296183 - rtmpquic.go:283
2026/03/12 14:37:16.204473 [22;36m INFO[0m UNKEYBEHIND 4,limit:0 - rtmpquic.go:284
2026/03/12 14:37:16.204477 [22;34mDEBUG[0m 4 p frame 3130 - rtmpquic.go:294
2026/03/12 14:37:16.204556 [22;34mDEBUG[0m 
chunk:186 chunk-dur:37ms, timestamp:6167 - rtmpquic.go:220
2026/03/12 14:37:16.235494 [22;34mDEBUG[0m Return monitor from  scheduler : , bw flag : false, limit : 0 - rtmpquic.go:249
2026/03/12 14:37:16.235538 [22;36m INFO[0m IframeComing false, resideSizeInGOP 986195, meanGOP 1.380642e+06, meanI 255180, curgop 394447, curI 296183 - rtmpquic.go:283
2026/03/12 14:37:16.235542 [22;36m INFO[0m UNKEYBEHIND 5,limit:0 - rtmpquic.go:284
2026/03/12 14:37:16.235546 [22;34mDEBUG[0m 5 p frame 43725 - rtmpquic.go:294
2026/03/12 14:37:16.235606 [22;34mDEBUG[0m 
chunk:187 chunk-dur:31ms, timestamp:6200 - rtmpquic.go:220
2026/03/12 14:37:16.268748 [22;34mDEBUG[0m Return monitor from  scheduler : , bw flag : false, limit : 0 - rtmpquic.go:249
2026/03/12 14:37:16.268767 [22;36m INFO[0m IframeComing false, resideSizeInGOP 976028, meanGOP 1.380642e+06, meanI 255180, curgop 404614, curI 296183 - rtmpquic.go:283
2026/03/12 14:37:16.268771 [22;36m INFO[0m UNKEYBEHIND 6,limit:0 - rtmpquic.go:284
2026/03/12 14:37:16.268774 [22;34mDEBUG[0m 6 p frame 10167 - rtmpquic.go:294
2026/03/12 14:37:16.268795 [22;34mDEBUG[0m 
chunk:188 chunk-dur:33ms, timestamp:6234 - rtmpquic.go:220
2026/03/12 14:37:16.302787 [22;34mDEBUG[0m Return monitor from  scheduler : , bw flag : false, limit : 0 - rtmpquic.go:249
2026/03/12 14:37:16.302805 [22;36m INFO[0m IframeComing false, resideSizeInGOP 972847, meanGOP 1.380642e+06, meanI 255180, curgop 407795, curI 296183 - rtmpquic.go:283
2026/03/12 14:37:16.302810 [22;36m INFO[0m UNKEYBEHIND 7,limit:0 - rtmpquic.go:284
2026/03/12 14:37:16.302813 [22;34mDEBUG[0m 7 p frame 3181 - rtmpquic.go:294
2026/03/12 14:37:16.302830 [22;34mDEBUG[0m 
chunk:189 chunk-dur:34ms, timestamp:6267 - rtmpquic.go:220
2026/03/12 14:37:16.335330 [22;34mDEBUG[0m Return monitor from  scheduler : , bw flag : false, limit : 0 - rtmpquic.go:249
2026/03/12 14:37:16.335356 [22;36m INFO[0m IframeComing false, resideSizeInGOP 969756, meanGOP 1.380642e+06, meanI 255180, curgop 410886, curI 296183 - rtmpquic.go:283
2026/03/12 14:37:16.335363 [22;36m INFO[0m UNKEYBEHIND 8,limit:0 - rtmpquic.go:284
2026/03/12 14:37:16.335369 [22;34mDEBUG[0m 8 p frame 3091 - rtmpquic.go:294
2026/03/12 14:37:16.335509 [22;34mDEBUG[0m 
chunk:190 chunk-dur:33ms, timestamp:6300 - rtmpquic.go:220
2026/03/12 14:37:16.369509 [22;34mDEBUG[0m Return monitor from  scheduler : , bw flag : false, limit : 0 - rtmpquic.go:249
2026/03/12 14:37:16.369536 [22;36m INFO[0m IframeComing false, resideSizeInGOP 923082, meanGOP 1.380642e+06, meanI 255180, curgop 457560, curI 296183 - rtmpquic.go:283
2026/03/12 14:37:16.369540 [22;36m INFO[0m UNKEYBEHIND 9,limit:0 - rtmpquic.go:284
2026/03/12 14:37:16.369544 [22;34mDEBUG[0m 9 p frame 46674 - rtmpquic.go:294
2026/03/12 14:37:16.369552 [22;34mDEBUG[0m 
chunk:191 chunk-dur:34ms, timestamp:6334 - rtmpquic.go:220
2026/03/12 14:37:16.402331 [22;34mDEBUG[0m Return monitor from  scheduler : , bw flag : false, limit : 0 - rtmpquic.go:249
2026/03/12 14:37:16.402362 [22;36m INFO[0m IframeComing false, resideSizeInGOP 914557, meanGOP 1.380642e+06, meanI 255180, curgop 466085, curI 296183 - rtmpquic.go:283
2026/03/12 14:37:16.402367 [22;36m INFO[0m UNKEYBEHIND 10,limit:0 - rtmpquic.go:284
2026/03/12 14:37:16.402370 [22;34mDEBUG[0m 10 p frame 8525 - rtmpquic.go:294
2026/03/12 14:37:16.402390 [22;34mDEBUG[0m 
chunk:192 chunk-dur:33ms, timestamp:6367 - rtmpquic.go:220
2026/03/12 14:37:16.435033 [22;34mDEBUG[0m Return monitor from  scheduler : , bw flag : false, limit : 0 - rtmpquic.go:249
2026/03/12 14:37:16.435062 [22;36m INFO[0m IframeComing false, resideSizeInGOP 910396, meanGOP 1.380642e+06, meanI 255180, curgop 470246, curI 296183 - rtmpquic.go:283
2026/03/12 14:37:16.435067 [22;36m INFO[0m UNKEYBEHIND 11,limit:0 - rtmpquic.go:284
2026/03/12 14:37:16.435070 [22;34mDEBUG[0m 11 p frame 4161 - rtmpquic.go:294
2026/03/12 14:37:16.435092 [22;34mDEBUG[0m 
chunk:193 chunk-dur:33ms, timestamp:6400 - rtmpquic.go:220
2026/03/12 14:37:16.467442 [22;34mDEBUG[0m Return monitor from  scheduler : , bw flag : false, limit : 0 - rtmpquic.go:249
2026/03/12 14:37:16.467476 [22;36m INFO[0m IframeComing false, resideSizeInGOP 906968, meanGOP 1.380642e+06, meanI 255180, curgop 473674, curI 296183 - rtmpquic.go:283
2026/03/12 14:37:16.467480 [22;36m INFO[0m UNKEYBEHIND 12,limit:0 - rtmpquic.go:284
2026/03/12 14:37:16.467483 [22;34mDEBUG[0m 12 p frame 3428 - rtmpquic.go:294
2026/03/12 14:37:16.467600 [22;34mDEBUG[0m 
chunk:194 chunk-dur:32ms, timestamp:6434 - rtmpquic.go:220
2026/03/12 14:37:16.503539 [22;34mDEBUG[0m Return monitor from  scheduler : , bw flag : false, limit : 0 - rtmpquic.go:249
2026/03/12 14:37:16.503571 [22;36m INFO[0m IframeComing false, resideSizeInGOP 866009, meanGOP 1.380642e+06, meanI 255180, curgop 514633, curI 296183 - rtmpquic.go:283
2026/03/12 14:37:16.503576 [22;36m INFO[0m UNKEYBEHIND 13,limit:0 - rtmpquic.go:284
2026/03/12 14:37:16.503580 [22;34mDEBUG[0m 13 p frame 40959 - rtmpquic.go:294
2026/03/12 14:37:16.503603 [22;34mDEBUG[0m 
chunk:195 chunk-dur:36ms, timestamp:6467 - rtmpquic.go:220
2026/03/12 14:37:16.535265 [22;34mDEBUG[0m Return monitor from  scheduler : , bw flag : false, limit : 0 - rtmpquic.go:249
2026/03/12 14:37:16.535300 [22;36m INFO[0m IframeComing false, resideSizeInGOP 856683, meanGOP 1.380642e+06, meanI 255180, curgop 523959, curI 296183 - rtmpquic.go:283
2026/03/12 14:37:16.535305 [22;36m INFO[0m UNKEYBEHIND 14,limit:0 - rtmpquic.go:284
2026/03/12 14:37:16.535309 [22;34mDEBUG[0m 14 p frame 9326 - rtmpquic.go:294
2026/03/12 14:37:16.535323 [22;34mDEBUG[0m 
chunk:196 chunk-dur:32ms, timestamp:6500 - rtmpquic.go:220
2026/03/12 14:37:16.567765 [22;34mDEBUG[0m Return monitor from  scheduler : , bw flag : false, limit : 0 - rtmpquic.go:249
2026/03/12 14:37:16.567803 [22;36m INFO[0m IframeComing false, resideSizeInGOP 852863, meanGOP 1.380642e+06, meanI 255180, curgop 527779, curI 296183 - rtmpquic.go:283
2026/03/12 14:37:16.567808 [22;36m INFO[0m UNKEYBEHIND 15,limit:0 - rtmpquic.go:284
2026/03/12 14:37:16.567811 [22;34mDEBUG[0m 15 p frame 3820 - rtmpquic.go:294
2026/03/12 14:37:16.567834 [22;34mDEBUG[0m 
chunk:197 chunk-dur:32ms, timestamp:6534 - rtmpquic.go:220
2026/03/12 14:37:16.602962 [22;34mDEBUG[0m Return monitor from  scheduler : , bw flag : false, limit : 0 - rtmpquic.go:249
2026/03/12 14:37:16.602999 [22;36m INFO[0m IframeComing false, resideSizeInGOP 848959, meanGOP 1.380642e+06, meanI 255180, curgop 531683, curI 296183 - rtmpquic.go:283
2026/03/12 14:37:16.603004 [22;36m INFO[0m UNKEYBEHIND 16,limit:0 - rtmpquic.go:284
2026/03/12 14:37:16.603008 [22;34mDEBUG[0m 16 p frame 3904 - rtmpquic.go:294
2026/03/12 14:37:16.603093 [22;34mDEBUG[0m 
chunk:198 chunk-dur:36ms, timestamp:6567 - rtmpquic.go:220
2026/03/12 14:37:16.636649 [22;34mDEBUG[0m Return monitor from  scheduler : , bw flag : false, limit : 0 - rtmpquic.go:249
2026/03/12 14:37:16.636679 [22;36m INFO[0m IframeComing false, resideSizeInGOP 805236, meanGOP 1.380642e+06, meanI 255180, curgop 575406, curI 296183 - rtmpquic.go:283
2026/03/12 14:37:16.636684 [22;36m INFO[0m UNKEYBEHIND 17,limit:0 - rtmpquic.go:284
2026/03/12 14:37:16.637691 [22;34mDEBUG[0m 17 p frame 43723 - rtmpquic.go:294
2026/03/12 14:37:16.637747 [22;34mDEBUG[0m 
chunk:199 chunk-dur:34ms, timestamp:6600 - rtmpquic.go:220
2026/03/12 14:37:16.668545 [22;34mDEBUG[0m Return monitor from  scheduler : , bw flag : false, limit : 0 - rtmpquic.go:249
2026/03/12 14:37:16.668578 [22;36m INFO[0m IframeComing false, resideSizeInGOP 798434, meanGOP 1.380642e+06, meanI 255180, curgop 582208, curI 296183 - rtmpquic.go:283
2026/03/12 14:37:16.668585 [22;36m INFO[0m UNKEYBEHIND 18,limit:0 - rtmpquic.go:284
2026/03/12 14:37:16.668589 [22;34mDEBUG[0m 18 p frame 6802 - rtmpquic.go:294
2026/03/12 14:37:16.668610 [22;34mDEBUG[0m 
chunk:200 chunk-dur:31ms, timestamp:6634 - rtmpquic.go:220
2026/03/12 14:37:16.702692 [22;34mDEBUG[0m Return monitor from  scheduler : , bw flag : false, limit : 0 - rtmpquic.go:249
2026/03/12 14:37:16.702716 [22;36m INFO[0m IframeComing false, resideSizeInGOP 794256, meanGOP 1.380642e+06, meanI 255180, curgop 586386, curI 296183 - rtmpquic.go:283
2026/03/12 14:37:16.702720 [22;36m INFO[0m UNKEYBEHIND 19,limit:0 - rtmpquic.go:284
2026/03/12 14:37:16.702724 [22;34mDEBUG[0m 19 p frame 4178 - rtmpquic.go:294
2026/03/12 14:37:16.702856 [22;34mDEBUG[0m 
chunk:201 chunk-dur:34ms, timestamp:6667 - rtmpquic.go:220
2026/03/12 14:37:16.735441 [22;34mDEBUG[0m Return monitor from  scheduler : , bw flag : false, limit : 0 - rtmpquic.go:249
2026/03/12 14:37:16.735479 [22;36m INFO[0m IframeComing false, resideSizeInGOP 712472, meanGOP 1.380642e+06, meanI 255180, curgop 668170, curI 296183 - rtmpquic.go:283
2026/03/12 14:37:16.735483 [22;36m INFO[0m UNKEYBEHIND 20,limit:0 - rtmpquic.go:284
2026/03/12 14:37:16.735487 [22;34mDEBUG[0m 20 p frame 81784 - rtmpquic.go:294
2026/03/12 14:37:16.735534 [22;34mDEBUG[0m 
chunk:202 chunk-dur:33ms, timestamp:6700 - rtmpquic.go:220
2026/03/12 14:37:16.768586 [22;34mDEBUG[0m Return monitor from  scheduler : , bw flag : false, limit : 0 - rtmpquic.go:249
2026/03/12 14:37:16.768622 [22;36m INFO[0m IframeComing false, resideSizeInGOP 697959, meanGOP 1.380642e+06, meanI 255180, curgop 682683, curI 296183 - rtmpquic.go:283
2026/03/12 14:37:16.768626 [22;36m INFO[0m UNKEYBEHIND 21,limit:0 - rtmpquic.go:284
2026/03/12 14:37:16.768630 [22;34mDEBUG[0m 21 p frame 14513 - rtmpquic.go:294
2026/03/12 14:37:16.768646 [22;34mDEBUG[0m 
chunk:203 chunk-dur:33ms, timestamp:6734 - rtmpquic.go:220
2026/03/12 14:37:16.802587 [22;34mDEBUG[0m Return monitor from  scheduler : , bw flag : false, limit : 0 - rtmpquic.go:249
2026/03/12 14:37:16.802624 [22;36m INFO[0m IframeComing false, resideSizeInGOP 692658, meanGOP 1.380642e+06, meanI 255180, curgop 687984, curI 296183 - rtmpquic.go:283
2026/03/12 14:37:16.802630 [22;36m INFO[0m UNKEYBEHIND 22,limit:0 - rtmpquic.go:284
2026/03/12 14:37:16.802633 [22;34mDEBUG[0m 22 p frame 5301 - rtmpquic.go:294
2026/03/12 14:37:16.802742 [22;34mDEBUG[0m 
chunk:204 chunk-dur:34ms, timestamp:6767 - rtmpquic.go:220
2026/03/12 14:37:16.835706 [22;34mDEBUG[0m Return monitor from  scheduler : , bw flag : false, limit : 0 - rtmpquic.go:249
2026/03/12 14:37:16.835745 [22;36m INFO[0m IframeComing false, resideSizeInGOP 689267, meanGOP 1.380642e+06, meanI 255180, curgop 691375, curI 296183 - rtmpquic.go:283
2026/03/12 14:37:16.835750 [22;36m INFO[0m UNKEYBEHIND 23,limit:0 - rtmpquic.go:284
2026/03/12 14:37:16.835753 [22;34mDEBUG[0m 23 p frame 3391 - rtmpquic.go:294
2026/03/12 14:37:16.835934 [22;34mDEBUG[0m 
chunk:205 chunk-dur:33ms, timestamp:6800 - rtmpquic.go:220
2026/03/12 14:37:16.870181 [22;34mDEBUG[0m Return monitor from  scheduler : , bw flag : false, limit : 0 - rtmpquic.go:249
2026/03/12 14:37:16.870209 [22;36m INFO[0m IframeComing false, resideSizeInGOP 638619, meanGOP 1.380642e+06, meanI 255180, curgop 742023, curI 296183 - rtmpquic.go:283
2026/03/12 14:37:16.870230 [22;36m INFO[0m UNKEYBEHIND 24,limit:0 - rtmpquic.go:284
2026/03/12 14:37:16.870233 [22;34mDEBUG[0m 24 p frame 50648 - rtmpquic.go:294
2026/03/12 14:37:16.870267 [22;34mDEBUG[0m 
chunk:206 chunk-dur:35ms, timestamp:6834 - rtmpquic.go:220
2026/03/12 14:37:16.902775 [22;34mDEBUG[0m Return monitor from  scheduler : , bw flag : false, limit : 0 - rtmpquic.go:249
2026/03/12 14:37:16.902848 [22;36m INFO[0m IframeComing false, resideSizeInGOP 629659, meanGOP 1.380642e+06, meanI 255180, curgop 750983, curI 296183 - rtmpquic.go:283
2026/03/12 14:37:16.902854 [22;36m INFO[0m UNKEYBEHIND 25,limit:0 - rtmpquic.go:284
2026/03/12 14:37:16.902857 [22;34mDEBUG[0m 25 p frame 8960 - rtmpquic.go:294
2026/03/12 14:37:16.902985 [22;34mDEBUG[0m 
chunk:207 chunk-dur:32ms, timestamp:6867 - rtmpquic.go:220
2026/03/12 14:37:16.936430 [22;34mDEBUG[0m Return monitor from  scheduler : , bw flag : false, limit : 0 - rtmpquic.go:249
2026/03/12 14:37:16.936498 [22;36m INFO[0m IframeComing false, resideSizeInGOP 626216, meanGOP 1.380642e+06, meanI 255180, curgop 754426, curI 296183 - rtmpquic.go:283
2026/03/12 14:37:16.936508 [22;36m INFO[0m UNKEYBEHIND 26,limit:0 - rtmpquic.go:284
2026/03/12 14:37:16.936512 [22;34mDEBUG[0m 26 p frame 3443 - rtmpquic.go:294
2026/03/12 14:37:16.936540 [22;34mDEBUG[0m 
chunk:208 chunk-dur:34ms, timestamp:6900 - rtmpquic.go:220
2026/03/12 14:37:16.968007 [22;34mDEBUG[0m Return monitor from  scheduler : , bw flag : false, limit : 0 - rtmpquic.go:249
2026/03/12 14:37:16.968031 [22;36m INFO[0m IframeComing false, resideSizeInGOP 622884, meanGOP 1.380642e+06, meanI 255180, curgop 757758, curI 296183 - rtmpquic.go:283
2026/03/12 14:37:16.968036 [22;36m INFO[0m UNKEYBEHIND 27,limit:0 - rtmpquic.go:284
2026/03/12 14:37:16.968039 [22;34mDEBUG[0m 27 p frame 3332 - rtmpquic.go:294
2026/03/12 14:37:16.968254 [22;34mDEBUG[0m 
chunk:209 chunk-dur:32ms, timestamp:6934 - rtmpquic.go:220
2026/03/12 14:37:17.002219 [22;34mDEBUG[0m Return monitor from  scheduler : , bw flag : false, limit : 0 - rtmpquic.go:249
2026/03/12 14:37:17.002269 [22;36m INFO[0m IframeComing false, resideSizeInGOP 568351, meanGOP 1.380642e+06, meanI 255180, curgop 812291, curI 296183 - rtmpquic.go:283
2026/03/12 14:37:17.002276 [22;36m INFO[0m UNKEYBEHIND 28,limit:0 - rtmpquic.go:284
2026/03/12 14:37:17.002279 [22;34mDEBUG[0m 28 p frame 54533 - rtmpquic.go:294
2026/03/12 14:37:17.002384 [22;34mDEBUG[0m 
chunk:210 chunk-dur:34ms, timestamp:6967 - rtmpquic.go:220
2026/03/12 14:37:17.035706 [22;34mDEBUG[0m Return monitor from  scheduler : , bw flag : false, limit : 0 - rtmpquic.go:249
2026/03/12 14:37:17.035781 [22;36m INFO[0m IframeComing false, resideSizeInGOP 559049, meanGOP 1.380642e+06, meanI 255180, curgop 821593, curI 296183 - rtmpquic.go:283
2026/03/12 14:37:17.035804 [22;36m INFO[0m UNKEYBEHIND 29,limit:0 - rtmpquic.go:284
2026/03/12 14:37:17.035812 [22;34mDEBUG[0m 29 p frame 9302 - rtmpquic.go:294
2026/03/12 14:37:17.035841 [22;34mDEBUG[0m 
chunk:211 chunk-dur:33ms, timestamp:7000 - rtmpquic.go:220
2026/03/12 14:37:17.068583 [22;34mDEBUG[0m Return monitor from  scheduler : , bw flag : false, limit : 0 - rtmpquic.go:249
2026/03/12 14:37:17.068625 [22;36m INFO[0m IframeComing false, resideSizeInGOP 556041, meanGOP 1.380642e+06, meanI 255180, curgop 824601, curI 296183 - rtmpquic.go:283
2026/03/12 14:37:17.068632 [22;36m INFO[0m UNKEYBEHIND 30,limit:0 - rtmpquic.go:284
2026/03/12 14:37:17.068635 [22;34mDEBUG[0m 30 p frame 3008 - rtmpquic.go:294
2026/03/12 14:37:17.068670 [22;34mDEBUG[0m 
chunk:212 chunk-dur:33ms, timestamp:7034 - rtmpquic.go:220
2026/03/12 14:37:17.070765 [22;34mDEBUG[0m bitrate:6.288044 Mbps - client_session.go:438
2026/03/12 14:37:17.101943 [22;34mDEBUG[0m Return monitor from  scheduler : , bw flag : false, limit : 0 - rtmpquic.go:249
2026/03/12 14:37:17.101973 [22;36m INFO[0m IframeComing false, resideSizeInGOP 553015, meanGOP 1.380642e+06, meanI 255180, curgop 827627, curI 296183 - rtmpquic.go:283
2026/03/12 14:37:17.101977 [22;36m INFO[0m UNKEYBEHIND 31,limit:0 - rtmpquic.go:284
2026/03/12 14:37:17.101981 [22;34mDEBUG[0m 31 p frame 3026 - rtmpquic.go:294
2026/03/12 14:37:17.102116 [22;34mDEBUG[0m 
chunk:213 chunk-dur:34ms, timestamp:7067 - rtmpquic.go:220
2026/03/12 14:37:17.134990 [22;34mDEBUG[0m Return monitor from  scheduler : , bw flag : false, limit : 0 - rtmpquic.go:249
2026/03/12 14:37:17.135015 [22;36m INFO[0m IframeComing false, resideSizeInGOP 501268, meanGOP 1.380642e+06, meanI 255180, curgop 879374, curI 296183 - rtmpquic.go:283
2026/03/12 14:37:17.135019 [22;36m INFO[0m UNKEYBEHIND 32,limit:0 - rtmpquic.go:284
2026/03/12 14:37:17.135023 [22;34mDEBUG[0m 32 p frame 51747 - rtmpquic.go:294
2026/03/12 14:37:17.135051 [22;34mDEBUG[0m 
chunk:214 chunk-dur:33ms, timestamp:7100 - rtmpquic.go:220
2026/03/12 14:37:17.168001 [22;34mDEBUG[0m Return monitor from  scheduler : , bw flag : false, limit : 0 - rtmpquic.go:249
2026/03/12 14:37:17.168026 [22;36m INFO[0m IframeComing false, resideSizeInGOP 491408, meanGOP 1.380642e+06, meanI 255180, curgop 889234, curI 296183 - rtmpquic.go:283
2026/03/12 14:37:17.168030 [22;36m INFO[0m UNKEYBEHIND 33,limit:0 - rtmpquic.go:284
2026/03/12 14:37:17.168036 [22;34mDEBUG[0m 33 p frame 9860 - rtmpquic.go:294
2026/03/12 14:37:17.168090 [22;34mDEBUG[0m 
chunk:215 chunk-dur:33ms, timestamp:7134 - rtmpquic.go:220
2026/03/12 14:37:17.201291 [22;34mDEBUG[0m Return monitor from  scheduler : , bw flag : false, limit : 0 - rtmpquic.go:249
2026/03/12 14:37:17.201317 [22;36m INFO[0m IframeComing false, resideSizeInGOP 488314, meanGOP 1.380642e+06, meanI 255180, curgop 892328, curI 296183 - rtmpquic.go:283
2026/03/12 14:37:17.201322 [22;36m INFO[0m UNKEYBEHIND 34,limit:0 - rtmpquic.go:284
2026/03/12 14:37:17.201325 [22;34mDEBUG[0m 34 p frame 3094 - rtmpquic.go:294
2026/03/12 14:37:17.201371 [22;34mDEBUG[0m 
chunk:216 chunk-dur:33ms, timestamp:7167 - rtmpquic.go:220
2026/03/12 14:37:17.234584 [22;34mDEBUG[0m Return monitor from  scheduler : , bw flag : false, limit : 0 - rtmpquic.go:249
2026/03/12 14:37:17.234629 [22;36m INFO[0m IframeComing false, resideSizeInGOP 485396, meanGOP 1.380642e+06, meanI 255180, curgop 895246, curI 296183 - rtmpquic.go:283
2026/03/12 14:37:17.234634 [22;36m INFO[0m UNKEYBEHIND 35,limit:0 - rtmpquic.go:284
2026/03/12 14:37:17.234638 [22;34mDEBUG[0m 35 p frame 2918 - rtmpquic.go:294
2026/03/12 14:37:17.234763 [22;34mDEBUG[0m 
chunk:217 chunk-dur:33ms, timestamp:7200 - rtmpquic.go:220
2026/03/12 14:37:17.268511 [22;34mDEBUG[0m Return monitor from  scheduler : , bw flag : false, limit : 0 - rtmpquic.go:249
2026/03/12 14:37:17.268595 [22;36m INFO[0m IframeComing false, resideSizeInGOP 420121, meanGOP 1.380642e+06, meanI 255180, curgop 960521, curI 296183 - rtmpquic.go:283
2026/03/12 14:37:17.268603 [22;36m INFO[0m UNKEYBEHIND 36,limit:0 - rtmpquic.go:284
2026/03/12 14:37:17.268607 [22;34mDEBUG[0m 36 p frame 65275 - rtmpquic.go:294
2026/03/12 14:37:17.268643 [22;34mDEBUG[0m 
chunk:218 chunk-dur:34ms, timestamp:7234 - rtmpquic.go:220
2026/03/12 14:37:17.302048 [22;34mDEBUG[0m Return monitor from  scheduler : , bw flag : false, limit : 0 - rtmpquic.go:249
2026/03/12 14:37:17.302091 [22;36m INFO[0m IframeComing false, resideSizeInGOP 410691, meanGOP 1.380642e+06, meanI 255180, curgop 969951, curI 296183 - rtmpquic.go:283
2026/03/12 14:37:17.302098 [22;36m INFO[0m UNKEYBEHIND 37,limit:0 - rtmpquic.go:284
2026/03/12 14:37:17.302102 [22;34mDEBUG[0m 37 p frame 9430 - rtmpquic.go:294
2026/03/12 14:37:17.302121 [22;34mDEBUG[0m 
chunk:219 chunk-dur:34ms, timestamp:7267 - rtmpquic.go:220
2026/03/12 14:37:17.334190 [22;34mDEBUG[0m Return monitor from  scheduler : , bw flag : false, limit : 0 - rtmpquic.go:249
2026/03/12 14:37:17.334227 [22;36m INFO[0m IframeComing false, resideSizeInGOP 407541, meanGOP 1.380642e+06, meanI 255180, curgop 973101, curI 296183 - rtmpquic.go:283
2026/03/12 14:37:17.334232 [22;36m INFO[0m UNKEYBEHIND 38,limit:0 - rtmpquic.go:284
2026/03/12 14:37:17.334236 [22;34mDEBUG[0m 38 p frame 3150 - rtmpquic.go:294
2026/03/12 14:37:17.334286 [22;34mDEBUG[0m 
chunk:220 chunk-dur:32ms, timestamp:7300 - rtmpquic.go:220
2026/03/12 14:37:17.368224 [22;34mDEBUG[0m Return monitor from  scheduler : , bw flag : false, limit : 0 - rtmpquic.go:249
2026/03/12 14:37:17.368251 [22;36m INFO[0m IframeComing false, resideSizeInGOP 404480, meanGOP 1.380642e+06, meanI 255180, curgop 976162, curI 296183 - rtmpquic.go:283
2026/03/12 14:37:17.368256 [22;36m INFO[0m UNKEYBEHIND 39,limit:0 - rtmpquic.go:284
2026/03/12 14:37:17.368261 [22;34mDEBUG[0m 39 p frame 3061 - rtmpquic.go:294
2026/03/12 14:37:17.368358 [22;34mDEBUG[0m 
chunk:221 chunk-dur:34ms, timestamp:7334 - rtmpquic.go:220
2026/03/12 14:37:17.402269 [22;34mDEBUG[0m Return monitor from  scheduler : , bw flag : false, limit : 0 - rtmpquic.go:249
2026/03/12 14:37:17.402307 [22;36m INFO[0m IframeComing false, resideSizeInGOP 354128, meanGOP 1.380642e+06, meanI 255180, curgop 1026514, curI 296183 - rtmpquic.go:283
2026/03/12 14:37:17.402311 [22;36m INFO[0m UNKEYBEHIND 40,limit:0 - rtmpquic.go:284
2026/03/12 14:37:17.402315 [22;34mDEBUG[0m 40 p frame 50352 - rtmpquic.go:294
2026/03/12 14:37:17.402358 [22;34mDEBUG[0m 
chunk:222 chunk-dur:34ms, timestamp:7367 - rtmpquic.go:220
2026/03/12 14:37:17.435734 [22;34mDEBUG[0m Return monitor from  scheduler : , bw flag : false, limit : 0 - rtmpquic.go:249
2026/03/12 14:37:17.435760 [22;36m INFO[0m IframeComing false, resideSizeInGOP 343927, meanGOP 1.380642e+06, meanI 255180, curgop 1036715, curI 296183 - rtmpquic.go:283
2026/03/12 14:37:17.435764 [22;36m INFO[0m UNKEYBEHIND 41,limit:0 - rtmpquic.go:284
2026/03/12 14:37:17.435768 [22;34mDEBUG[0m 41 p frame 10201 - rtmpquic.go:294
2026/03/12 14:37:17.435788 [22;34mDEBUG[0m 
chunk:223 chunk-dur:33ms, timestamp:7400 - rtmpquic.go:220
2026/03/12 14:37:17.468342 [22;34mDEBUG[0m Return monitor from  scheduler : , bw flag : false, limit : 0 - rtmpquic.go:249
2026/03/12 14:37:17.468372 [22;36m INFO[0m IframeComing false, resideSizeInGOP 340490, meanGOP 1.380642e+06, meanI 255180, curgop 1040152, curI 296183 - rtmpquic.go:283
2026/03/12 14:37:17.468377 [22;36m INFO[0m UNKEYBEHIND 42,limit:0 - rtmpquic.go:284
2026/03/12 14:37:17.468381 [22;34mDEBUG[0m 42 p frame 3437 - rtmpquic.go:294
2026/03/12 14:37:17.468466 [22;34mDEBUG[0m 
chunk:224 chunk-dur:33ms, timestamp:7434 - rtmpquic.go:220
2026/03/12 14:37:17.502662 [22;34mDEBUG[0m Return monitor from  scheduler : , bw flag : false, limit : 0 - rtmpquic.go:249
2026/03/12 14:37:17.502695 [22;36m INFO[0m IframeComing false, resideSizeInGOP 336795, meanGOP 1.380642e+06, meanI 255180, curgop 1043847, curI 296183 - rtmpquic.go:283
2026/03/12 14:37:17.502699 [22;36m INFO[0m UNKEYBEHIND 43,limit:0 - rtmpquic.go:284
2026/03/12 14:37:17.502703 [22;34mDEBUG[0m 43 p frame 3695 - rtmpquic.go:294
2026/03/12 14:37:17.503147 [22;34mDEBUG[0m 
chunk:225 chunk-dur:35ms, timestamp:7467 - rtmpquic.go:220
2026/03/12 14:37:17.534819 [22;34mDEBUG[0m Return monitor from  scheduler : , bw flag : false, limit : 0 - rtmpquic.go:249
2026/03/12 14:37:17.534851 [22;36m INFO[0m IframeComing false, resideSizeInGOP 273436, meanGOP 1.380642e+06, meanI 255180, curgop 1107206, curI 296183 - rtmpquic.go:283
2026/03/12 14:37:17.534856 [22;36m INFO[0m UNKEYBEHIND 44,limit:0 - rtmpquic.go:284
2026/03/12 14:37:17.534860 [22;34mDEBUG[0m 44 p frame 63359 - rtmpquic.go:294
2026/03/12 14:37:17.535198 [22;34mDEBUG[0m 
chunk:226 chunk-dur:32ms, timestamp:7500 - rtmpquic.go:220
2026/03/12 14:37:17.568333 [22;34mDEBUG[0m Return monitor from  scheduler : , bw flag : false, limit : 0 - rtmpquic.go:249
2026/03/12 14:37:17.568359 [22;36m INFO[0m IframeComing false, resideSizeInGOP 260590, meanGOP 1.380642e+06, meanI 255180, curgop 1120052, curI 296183 - rtmpquic.go:283
2026/03/12 14:37:17.568364 [22;36m INFO[0m UNKEYBEHIND 45,limit:0 - rtmpquic.go:284
2026/03/12 14:37:17.568367 [22;34mDEBUG[0m 45 p frame 12846 - rtmpquic.go:294
2026/03/12 14:37:17.568375 [22;34mDEBUG[0m 
chunk:227 chunk-dur:33ms, timestamp:7534 - rtmpquic.go:220
2026/03/12 14:37:17.602059 [22;34mDEBUG[0m Return monitor from  scheduler : , bw flag : false, limit : 0 - rtmpquic.go:249
2026/03/12 14:37:17.602107 [22;36m INFO[0m IframeComing false, resideSizeInGOP 256402, meanGOP 1.380642e+06, meanI 255180, curgop 1124240, curI 296183 - rtmpquic.go:283
2026/03/12 14:37:17.602134 [22;36m INFO[0m UNKEYBEHIND 46,limit:0 - rtmpquic.go:284
2026/03/12 14:37:17.602140 [22;34mDEBUG[0m 46 p frame 4188 - rtmpquic.go:294
2026/03/12 14:37:17.602156 [22;34mDEBUG[0m 
chunk:228 chunk-dur:34ms, timestamp:7567 - rtmpquic.go:220
2026/03/12 14:37:17.635289 [22;34mDEBUG[0m Return monitor from  scheduler : , bw flag : false, limit : 0 - rtmpquic.go:249
2026/03/12 14:37:17.635315 [22;36m INFO[0m IframeComing false, resideSizeInGOP 253624, meanGOP 1.380642e+06, meanI 255180, curgop 1127018, curI 296183 - rtmpquic.go:283
2026/03/12 14:37:17.635320 [22;36m INFO[0m UNKEYBEHIND 47,limit:0 - rtmpquic.go:284
2026/03/12 14:37:17.635324 [22;34mDEBUG[0m 47 p frame 2778 - rtmpquic.go:294
2026/03/12 14:37:17.635418 [22;34mDEBUG[0m 
chunk:229 chunk-dur:33ms, timestamp:7600 - rtmpquic.go:220
2026/03/12 14:37:17.667565 [22;34mDEBUG[0m Return monitor from  scheduler : , bw flag : false, limit : 0 - rtmpquic.go:249
2026/03/12 14:37:17.667599 [22;36m INFO[0m IframeComing false, resideSizeInGOP 200862, meanGOP 1.380642e+06, meanI 255180, curgop 1179780, curI 296183 - rtmpquic.go:283
2026/03/12 14:37:17.667604 [22;36m INFO[0m UNKEYBEHIND 48,limit:0 - rtmpquic.go:284
2026/03/12 14:37:17.667608 [22;34mDEBUG[0m 48 p frame 52762 - rtmpquic.go:294
2026/03/12 14:37:17.667847 [22;34mDEBUG[0m 
chunk:230 chunk-dur:32ms, timestamp:7634 - rtmpquic.go:220
2026/03/12 14:37:17.702149 [22;34mDEBUG[0m Return monitor from  scheduler : , bw flag : false, limit : 0 - rtmpquic.go:249
2026/03/12 14:37:17.702172 [22;36m INFO[0m IframeComing false, resideSizeInGOP 190273, meanGOP 1.380642e+06, meanI 255180, curgop 1190369, curI 296183 - rtmpquic.go:283
2026/03/12 14:37:17.702177 [22;36m INFO[0m UNKEYBEHIND 49,limit:0 - rtmpquic.go:284
2026/03/12 14:37:17.702180 [22;34mDEBUG[0m 49 p frame 10589 - rtmpquic.go:294
2026/03/12 14:37:17.702187 [22;34mDEBUG[0m 
chunk:231 chunk-dur:35ms, timestamp:7667 - rtmpquic.go:220
2026/03/12 14:37:17.735029 [22;34mDEBUG[0m Return monitor from  scheduler : , bw flag : false, limit : 0 - rtmpquic.go:249
2026/03/12 14:37:17.735087 [22;36m INFO[0m IframeComing false, resideSizeInGOP 186898, meanGOP 1.380642e+06, meanI 255180, curgop 1193744, curI 296183 - rtmpquic.go:283
2026/03/12 14:37:17.735092 [22;36m INFO[0m UNKEYBEHIND 50,limit:0 - rtmpquic.go:284
2026/03/12 14:37:17.735096 [22;34mDEBUG[0m 50 p frame 3375 - rtmpquic.go:294
2026/03/12 14:37:17.735950 [22;34mDEBUG[0m 
chunk:232 chunk-dur:33ms, timestamp:7700 - rtmpquic.go:220
2026/03/12 14:37:17.768696 [22;34mDEBUG[0m Return monitor from  scheduler : , bw flag : false, limit : 0 - rtmpquic.go:249
2026/03/12 14:37:17.768732 [22;36m INFO[0m IframeComing false, resideSizeInGOP 183924, meanGOP 1.380642e+06, meanI 255180, curgop 1196718, curI 296183 - rtmpquic.go:283
2026/03/12 14:37:17.768767 [22;36m INFO[0m UNKEYBEHIND 51,limit:0 - rtmpquic.go:284
2026/03/12 14:37:17.768771 [22;34mDEBUG[0m 51 p frame 2974 - rtmpquic.go:294
2026/03/12 14:37:17.768835 [22;34mDEBUG[0m 
chunk:233 chunk-dur:33ms, timestamp:7734 - rtmpquic.go:220
2026/03/12 14:37:17.802818 [22;34mDEBUG[0m Return monitor from  scheduler : , bw flag : false, limit : 0 - rtmpquic.go:249
2026/03/12 14:37:17.802864 [22;36m INFO[0m IframeComing false, resideSizeInGOP 125322, meanGOP 1.380642e+06, meanI 255180, curgop 1255320, curI 296183 - rtmpquic.go:283
2026/03/12 14:37:17.802948 [22;36m INFO[0m UNKEYBEHIND 52,limit:0 - rtmpquic.go:284
2026/03/12 14:37:17.802954 [22;34mDEBUG[0m 52 p frame 58602 - rtmpquic.go:294
2026/03/12 14:37:17.802975 [22;34mDEBUG[0m 
chunk:234 chunk-dur:34ms, timestamp:7767 - rtmpquic.go:220
2026/03/12 14:37:17.835149 [22;34mDEBUG[0m Return monitor from  scheduler : , bw flag : false, limit : 0 - rtmpquic.go:249
2026/03/12 14:37:17.835180 [22;36m INFO[0m IframeComing false, resideSizeInGOP 115175, meanGOP 1.380642e+06, meanI 255180, curgop 1265467, curI 296183 - rtmpquic.go:283
2026/03/12 14:37:17.835185 [22;36m INFO[0m UNKEYBEHIND 53,limit:0 - rtmpquic.go:284
2026/03/12 14:37:17.835188 [22;34mDEBUG[0m 53 p frame 10147 - rtmpquic.go:294
2026/03/12 14:37:17.835218 [22;34mDEBUG[0m 
chunk:235 chunk-dur:33ms, timestamp:7800 - rtmpquic.go:220
2026/03/12 14:37:17.869315 [22;34mDEBUG[0m Return monitor from  scheduler : , bw flag : false, limit : 0 - rtmpquic.go:249
2026/03/12 14:37:17.869342 [22;36m INFO[0m IframeComing false, resideSizeInGOP 111686, meanGOP 1.380642e+06, meanI 255180, curgop 1268956, curI 296183 - rtmpquic.go:283
2026/03/12 14:37:17.869347 [22;36m INFO[0m UNKEYBEHIND 54,limit:0 - rtmpquic.go:284
2026/03/12 14:37:17.869351 [22;34mDEBUG[0m 54 p frame 3489 - rtmpquic.go:294
2026/03/12 14:37:17.869376 [22;34mDEBUG[0m 
chunk:236 chunk-dur:34ms, timestamp:7834 - rtmpquic.go:220
2026/03/12 14:37:17.905029 [22;34mDEBUG[0m Return monitor from  scheduler : , bw flag : false, limit : 0 - rtmpquic.go:249
2026/03/12 14:37:17.905042 [22;36m INFO[0m IframeComing false, resideSizeInGOP 108060, meanGOP 1.380642e+06, meanI 255180, curgop 1272582, curI 296183 - rtmpquic.go:283
2026/03/12 14:37:17.905046 [22;36m INFO[0m UNKEYBEHIND 55,limit:0 - rtmpquic.go:284
2026/03/12 14:37:17.905049 [22;34mDEBUG[0m 55 p frame 3626 - rtmpquic.go:294
2026/03/12 14:37:17.905104 [22;34mDEBUG[0m 
chunk:237 chunk-dur:36ms, timestamp:7867 - rtmpquic.go:220
2026/03/12 14:37:17.934901 [22;34mDEBUG[0m Return monitor from  scheduler : , bw flag : false, limit : 0 - rtmpquic.go:249
2026/03/12 14:37:17.934927 [22;36m INFO[0m IframeComing false, resideSizeInGOP 57042, meanGOP 1.380642e+06, meanI 255180, curgop 1323600, curI 296183 - rtmpquic.go:283
2026/03/12 14:37:17.934931 [22;36m INFO[0m UNKEYBEHIND 56,limit:0 - rtmpquic.go:284
2026/03/12 14:37:17.934935 [22;34mDEBUG[0m 56 p frame 51018 - rtmpquic.go:294
2026/03/12 14:37:17.934945 [22;34mDEBUG[0m 
chunk:238 chunk-dur:29ms, timestamp:7900 - rtmpquic.go:220
2026/03/12 14:37:17.968695 [22;34mDEBUG[0m Return monitor from  scheduler : , bw flag : false, limit : 0 - rtmpquic.go:249
2026/03/12 14:37:17.968723 [22;36m INFO[0m IframeComing false, resideSizeInGOP 46498, meanGOP 1.380642e+06, meanI 255180, curgop 1334144, curI 296183 - rtmpquic.go:283
2026/03/12 14:37:17.968728 [22;36m INFO[0m UNKEYBEHIND 57,limit:0 - rtmpquic.go:284
2026/03/12 14:37:17.968732 [22;34mDEBUG[0m 57 p frame 10544 - rtmpquic.go:294
2026/03/12 14:37:17.968742 [22;34mDEBUG[0m 
chunk:239 chunk-dur:34ms, timestamp:7934 - rtmpquic.go:220
2026/03/12 14:37:18.002420 [22;34mDEBUG[0m Return monitor from  scheduler : , bw flag : false, limit : 0 - rtmpquic.go:249
2026/03/12 14:37:18.002440 [22;36m INFO[0m IframeComing false, resideSizeInGOP 43053, meanGOP 1.380642e+06, meanI 255180, curgop 1337589, curI 296183 - rtmpquic.go:283
2026/03/12 14:37:18.002444 [22;36m INFO[0m UNKEYBEHIND 58,limit:0 - rtmpquic.go:284
2026/03/12 14:37:18.002448 [22;34mDEBUG[0m 58 p frame 3445 - rtmpquic.go:294
2026/03/12 14:37:18.002467 [22;34mDEBUG[0m 
chunk:240 chunk-dur:34ms, timestamp:7967 - rtmpquic.go:220
2026/03/12 14:37:18.034629 [22;34mDEBUG[0m Return monitor from  scheduler : , bw flag : false, limit : 0 - rtmpquic.go:249
2026/03/12 14:37:18.034638 [22;36m INFO[0m IframeComing false, resideSizeInGOP 39676, meanGOP 1.380642e+06, meanI 255180, curgop 1340966, curI 296183 - rtmpquic.go:283
2026/03/12 14:37:18.034644 [22;36m INFO[0m UNKEYBEHIND 59,limit:0 - rtmpquic.go:284
2026/03/12 14:37:18.034648 [22;34mDEBUG[0m 59 p frame 3377 - rtmpquic.go:294
2026/03/12 14:37:18.035016 [22;34mDEBUG[0m 
chunk:241 chunk-dur:33ms, timestamp:8000 - rtmpquic.go:220
2026/03/12 14:37:18.067929 [22;34mDEBUG[0m Return monitor from  scheduler : , bw flag : false, limit : 0 - rtmpquic.go:249
key tag 278956
2026/03/12 14:37:18.067944 [22;34mDEBUG[0m 5 I frame 278956 - rtmpquic.go:275
2026/03/12 14:37:18.068343 [22;34mDEBUG[0m 
chunk:242 chunk-dur:33ms, timestamp:8034 - rtmpquic.go:220
2026/03/12 14:37:18.071156 [22;34mDEBUG[0m bitrate:3.938007 Mbps - client_session.go:438
2026/03/12 14:37:18.101596 [22;34mDEBUG[0m Return monitor from  scheduler : , bw flag : false, limit : 0 - rtmpquic.go:249
2026/03/12 14:37:18.101621 [22;36m INFO[0m IframeComing false, resideSizeInGOP 1.055882e+06, meanGOP 1.370723e+06, meanI 265431, curgop 314841, curI 278956 - rtmpquic.go:283
2026/03/12 14:37:18.101626 [22;36m INFO[0m UNKEYBEHIND 1,limit:0 - rtmpquic.go:284
2026/03/12 14:37:18.101629 [22;34mDEBUG[0m 1 p frame 35885 - rtmpquic.go:294
2026/03/12 14:37:18.101673 [22;34mDEBUG[0m 
chunk:243 chunk-dur:33ms, timestamp:8067 - rtmpquic.go:220
2026/03/12 14:37:18.135344 [22;34mDEBUG[0m Return monitor from  scheduler : , bw flag : false, limit : 0 - rtmpquic.go:249
2026/03/12 14:37:18.135370 [22;36m INFO[0m IframeComing false, resideSizeInGOP 1.050354e+06, meanGOP 1.370723e+06, meanI 265431, curgop 320369, curI 278956 - rtmpquic.go:283
2026/03/12 14:37:18.135374 [22;36m INFO[0m UNKEYBEHIND 2,limit:0 - rtmpquic.go:284
2026/03/12 14:37:18.135377 [22;34mDEBUG[0m 2 p frame 5528 - rtmpquic.go:294
2026/03/12 14:37:18.135420 [22;34mDEBUG[0m 
chunk:244 chunk-dur:34ms, timestamp:8100 - rtmpquic.go:220
2026/03/12 14:37:18.168420 [22;34mDEBUG[0m Return monitor from  scheduler : , bw flag : false, limit : 0 - rtmpquic.go:249
2026/03/12 14:37:18.168461 [22;36m INFO[0m IframeComing false, resideSizeInGOP 1.046032e+06, meanGOP 1.370723e+06, meanI 265431, curgop 324691, curI 278956 - rtmpquic.go:283
2026/03/12 14:37:18.168466 [22;36m INFO[0m UNKEYBEHIND 3,limit:0 - rtmpquic.go:284
2026/03/12 14:37:18.168469 [22;34mDEBUG[0m 3 p frame 4322 - rtmpquic.go:294
2026/03/12 14:37:18.168509 [22;34mDEBUG[0m 
chunk:245 chunk-dur:33ms, timestamp:8134 - rtmpquic.go:220
2026/03/12 14:37:18.201728 [22;34mDEBUG[0m Return monitor from  scheduler : , bw flag : false, limit : 0 - rtmpquic.go:249
2026/03/12 14:37:18.201747 [22;36m INFO[0m IframeComing false, resideSizeInGOP 1.041001e+06, meanGOP 1.370723e+06, meanI 265431, curgop 329722, curI 278956 - rtmpquic.go:283
2026/03/12 14:37:18.201751 [22;36m INFO[0m UNKEYBEHIND 4,limit:0 - rtmpquic.go:284
2026/03/12 14:37:18.201755 [22;34mDEBUG[0m 4 p frame 5031 - rtmpquic.go:294
2026/03/12 14:37:18.201812 [22;34mDEBUG[0m 
chunk:246 chunk-dur:33ms, timestamp:8167 - rtmpquic.go:220
2026/03/12 14:37:18.236055 [22;34mDEBUG[0m Return monitor from  scheduler : , bw flag : false, limit : 0 - rtmpquic.go:249
2026/03/12 14:37:18.236077 [22;36m INFO[0m IframeComing false, resideSizeInGOP 988867, meanGOP 1.370723e+06, meanI 265431, curgop 381856, curI 278956 - rtmpquic.go:283
2026/03/12 14:37:18.236081 [22;36m INFO[0m UNKEYBEHIND 5,limit:0 - rtmpquic.go:284
2026/03/12 14:37:18.236084 [22;34mDEBUG[0m 5 p frame 52134 - rtmpquic.go:294
2026/03/12 14:37:18.236111 [22;34mDEBUG[0m 
chunk:247 chunk-dur:35ms, timestamp:8200 - rtmpquic.go:220
2026/03/12 14:37:18.268063 [22;34mDEBUG[0m Return monitor from  scheduler : , bw flag : false, limit : 0 - rtmpquic.go:249
2026/03/12 14:37:18.268080 [22;36m INFO[0m IframeComing false, resideSizeInGOP 979402, meanGOP 1.370723e+06, meanI 265431, curgop 391321, curI 278956 - rtmpquic.go:283
2026/03/12 14:37:18.268085 [22;36m INFO[0m UNKEYBEHIND 6,limit:0 - rtmpquic.go:284
2026/03/12 14:37:18.268099 [22;34mDEBUG[0m 6 p frame 9465 - rtmpquic.go:294
2026/03/12 14:37:18.268246 [22;34mDEBUG[0m 
chunk:248 chunk-dur:32ms, timestamp:8234 - rtmpquic.go:220
2026/03/12 14:37:18.301986 [22;34mDEBUG[0m Return monitor from  scheduler : , bw flag : false, limit : 0 - rtmpquic.go:249
2026/03/12 14:37:18.302012 [22;36m INFO[0m IframeComing false, resideSizeInGOP 973978, meanGOP 1.370723e+06, meanI 265431, curgop 396745, curI 278956 - rtmpquic.go:283
2026/03/12 14:37:18.302016 [22;36m INFO[0m UNKEYBEHIND 7,limit:0 - rtmpquic.go:284
2026/03/12 14:37:18.302020 [22;34mDEBUG[0m 7 p frame 5424 - rtmpquic.go:294
2026/03/12 14:37:18.302058 [22;34mDEBUG[0m 
chunk:249 chunk-dur:34ms, timestamp:8267 - rtmpquic.go:220
2026/03/12 14:37:18.334854 [22;34mDEBUG[0m Return monitor from  scheduler : , bw flag : false, limit : 0 - rtmpquic.go:249
2026/03/12 14:37:18.334895 [22;36m INFO[0m IframeComing false, resideSizeInGOP 968470, meanGOP 1.370723e+06, meanI 265431, curgop 402253, curI 278956 - rtmpquic.go:283
2026/03/12 14:37:18.334901 [22;36m INFO[0m UNKEYBEHIND 8,limit:0 - rtmpquic.go:284
2026/03/12 14:37:18.334905 [22;34mDEBUG[0m 8 p frame 5508 - rtmpquic.go:294
2026/03/12 14:37:18.334966 [22;34mDEBUG[0m 
chunk:250 chunk-dur:32ms, timestamp:8300 - rtmpquic.go:220
2026/03/12 14:37:18.368547 [22;34mDEBUG[0m Return monitor from  scheduler : , bw flag : false, limit : 0 - rtmpquic.go:249
2026/03/12 14:37:18.368567 [22;36m INFO[0m IframeComing false, resideSizeInGOP 925333, meanGOP 1.370723e+06, meanI 265431, curgop 445390, curI 278956 - rtmpquic.go:283
2026/03/12 14:37:18.368570 [22;36m INFO[0m UNKEYBEHIND 9,limit:0 - rtmpquic.go:284
2026/03/12 14:37:18.368574 [22;34mDEBUG[0m 9 p frame 43137 - rtmpquic.go:294
2026/03/12 14:37:18.368650 [22;34mDEBUG[0m 
chunk:251 chunk-dur:34ms, timestamp:8334 - rtmpquic.go:220
2026/03/12 14:37:18.402484 [22;34mDEBUG[0m Return monitor from  scheduler : , bw flag : false, limit : 0 - rtmpquic.go:249
2026/03/12 14:37:18.402585 [22;36m INFO[0m IframeComing false, resideSizeInGOP 917997, meanGOP 1.370723e+06, meanI 265431, curgop 452726, curI 278956 - rtmpquic.go:283
2026/03/12 14:37:18.402594 [22;36m INFO[0m UNKEYBEHIND 10,limit:0 - rtmpquic.go:284
2026/03/12 14:37:18.402613 [22;34mDEBUG[0m 10 p frame 7336 - rtmpquic.go:294
2026/03/12 14:37:18.402653 [22;34mDEBUG[0m 
chunk:252 chunk-dur:34ms, timestamp:8367 - rtmpquic.go:220
2026/03/12 14:37:18.435289 [22;34mDEBUG[0m Return monitor from  scheduler : , bw flag : false, limit : 0 - rtmpquic.go:249
2026/03/12 14:37:18.435317 [22;36m INFO[0m IframeComing false, resideSizeInGOP 913272, meanGOP 1.370723e+06, meanI 265431, curgop 457451, curI 278956 - rtmpquic.go:283
2026/03/12 14:37:18.435322 [22;36m INFO[0m UNKEYBEHIND 11,limit:0 - rtmpquic.go:284
2026/03/12 14:37:18.435326 [22;34mDEBUG[0m 11 p frame 4725 - rtmpquic.go:294
2026/03/12 14:37:18.435512 [22;34mDEBUG[0m 
chunk:253 chunk-dur:33ms, timestamp:8400 - rtmpquic.go:220
2026/03/12 14:37:18.468500 [22;34mDEBUG[0m Return monitor from  scheduler : , bw flag : false, limit : 0 - rtmpquic.go:249
2026/03/12 14:37:18.468520 [22;36m INFO[0m IframeComing false, resideSizeInGOP 852455, meanGOP 1.370723e+06, meanI 265431, curgop 518268, curI 278956 - rtmpquic.go:283
2026/03/12 14:37:18.468524 [22;36m INFO[0m UNKEYBEHIND 12,limit:0 - rtmpquic.go:284
2026/03/12 14:37:18.468530 [22;34mDEBUG[0m 12 p frame 60817 - rtmpquic.go:294
2026/03/12 14:37:18.468703 [22;34mDEBUG[0m 
chunk:254 chunk-dur:33ms, timestamp:8434 - rtmpquic.go:220
2026/03/12 14:37:18.502313 [22;34mDEBUG[0m Return monitor from  scheduler : , bw flag : false, limit : 0 - rtmpquic.go:249
2026/03/12 14:37:18.502339 [22;36m INFO[0m IframeComing false, resideSizeInGOP 837374, meanGOP 1.370723e+06, meanI 265431, curgop 533349, curI 278956 - rtmpquic.go:283
2026/03/12 14:37:18.502353 [22;36m INFO[0m UNKEYBEHIND 13,limit:0 - rtmpquic.go:284
2026/03/12 14:37:18.502356 [22;34mDEBUG[0m 13 p frame 15081 - rtmpquic.go:294
2026/03/12 14:37:18.502750 [22;34mDEBUG[0m 
chunk:255 chunk-dur:34ms, timestamp:8467 - rtmpquic.go:220
2026/03/12 14:37:18.535592 [22;34mDEBUG[0m Return monitor from  scheduler : , bw flag : false, limit : 0 - rtmpquic.go:249
2026/03/12 14:37:18.535626 [22;36m INFO[0m IframeComing false, resideSizeInGOP 832080, meanGOP 1.370723e+06, meanI 265431, curgop 538643, curI 278956 - rtmpquic.go:283
2026/03/12 14:37:18.535630 [22;36m INFO[0m UNKEYBEHIND 14,limit:0 - rtmpquic.go:284
2026/03/12 14:37:18.535634 [22;34mDEBUG[0m 14 p frame 5294 - rtmpquic.go:294
2026/03/12 14:37:18.535672 [22;34mDEBUG[0m 
chunk:256 chunk-dur:33ms, timestamp:8500 - rtmpquic.go:220
2026/03/12 14:37:18.568442 [22;34mDEBUG[0m Return monitor from  scheduler : , bw flag : false, limit : 0 - rtmpquic.go:249
2026/03/12 14:37:18.568486 [22;36m INFO[0m IframeComing false, resideSizeInGOP 827264, meanGOP 1.370723e+06, meanI 265431, curgop 543459, curI 278956 - rtmpquic.go:283
2026/03/12 14:37:18.568493 [22;36m INFO[0m UNKEYBEHIND 15,limit:0 - rtmpquic.go:284
2026/03/12 14:37:18.568497 [22;34mDEBUG[0m 15 p frame 4816 - rtmpquic.go:294
2026/03/12 14:37:18.568550 [22;34mDEBUG[0m 
chunk:257 chunk-dur:33ms, timestamp:8534 - rtmpquic.go:220
2026/03/12 14:37:18.602050 [22;34mDEBUG[0m Return monitor from  scheduler : , bw flag : false, limit : 0 - rtmpquic.go:249
2026/03/12 14:37:18.602088 [22;36m INFO[0m IframeComing false, resideSizeInGOP 791546, meanGOP 1.370723e+06, meanI 265431, curgop 579177, curI 278956 - rtmpquic.go:283
2026/03/12 14:37:18.602092 [22;36m INFO[0m UNKEYBEHIND 16,limit:0 - rtmpquic.go:284
2026/03/12 14:37:18.602096 [22;34mDEBUG[0m 16 p frame 35718 - rtmpquic.go:294
2026/03/12 14:37:18.602130 [22;34mDEBUG[0m 
chunk:258 chunk-dur:34ms, timestamp:8567 - rtmpquic.go:220
2026/03/12 14:37:18.634557 [22;34mDEBUG[0m Return monitor from  scheduler : , bw flag : false, limit : 0 - rtmpquic.go:249
2026/03/12 14:37:18.634585 [22;36m INFO[0m IframeComing false, resideSizeInGOP 783249, meanGOP 1.370723e+06, meanI 265431, curgop 587474, curI 278956 - rtmpquic.go:283
2026/03/12 14:37:18.634589 [22;36m INFO[0m UNKEYBEHIND 17,limit:0 - rtmpquic.go:284
2026/03/12 14:37:18.634592 [22;34mDEBUG[0m 17 p frame 8297 - rtmpquic.go:294
2026/03/12 14:37:18.634611 [22;34mDEBUG[0m 
chunk:259 chunk-dur:32ms, timestamp:8600 - rtmpquic.go:220
2026/03/12 14:37:18.668166 [22;34mDEBUG[0m Return monitor from  scheduler : , bw flag : false, limit : 0 - rtmpquic.go:249
2026/03/12 14:37:18.668186 [22;36m INFO[0m IframeComing false, resideSizeInGOP 778494, meanGOP 1.370723e+06, meanI 265431, curgop 592229, curI 278956 - rtmpquic.go:283
2026/03/12 14:37:18.668190 [22;36m INFO[0m UNKEYBEHIND 18,limit:0 - rtmpquic.go:284
2026/03/12 14:37:18.668193 [22;34mDEBUG[0m 18 p frame 4755 - rtmpquic.go:294
2026/03/12 14:37:18.668266 [22;34mDEBUG[0m 
chunk:260 chunk-dur:34ms, timestamp:8634 - rtmpquic.go:220
2026/03/12 14:37:18.701472 [22;34mDEBUG[0m Return monitor from  scheduler : , bw flag : false, limit : 0 - rtmpquic.go:249
2026/03/12 14:37:18.701500 [22;36m INFO[0m IframeComing false, resideSizeInGOP 722447, meanGOP 1.370723e+06, meanI 265431, curgop 648276, curI 278956 - rtmpquic.go:283
2026/03/12 14:37:18.701508 [22;36m INFO[0m UNKEYBEHIND 19,limit:0 - rtmpquic.go:284
2026/03/12 14:37:18.701511 [22;34mDEBUG[0m 19 p frame 56047 - rtmpquic.go:294
2026/03/12 14:37:18.701572 [22;34mDEBUG[0m 
chunk:261 chunk-dur:33ms, timestamp:8667 - rtmpquic.go:220
2026/03/12 14:37:18.735544 [22;34mDEBUG[0m Return monitor from  scheduler : , bw flag : false, limit : 0 - rtmpquic.go:249
2026/03/12 14:37:18.735567 [22;36m INFO[0m IframeComing false, resideSizeInGOP 715289, meanGOP 1.370723e+06, meanI 265431, curgop 655434, curI 278956 - rtmpquic.go:283
2026/03/12 14:37:18.735572 [22;36m INFO[0m UNKEYBEHIND 20,limit:0 - rtmpquic.go:284
2026/03/12 14:37:18.735576 [22;34mDEBUG[0m 20 p frame 7158 - rtmpquic.go:294
2026/03/12 14:37:18.735731 [22;34mDEBUG[0m 
chunk:262 chunk-dur:34ms, timestamp:8700 - rtmpquic.go:220
2026/03/12 14:37:18.768653 [22;34mDEBUG[0m Return monitor from  scheduler : , bw flag : false, limit : 0 - rtmpquic.go:249
2026/03/12 14:37:18.768704 [22;36m INFO[0m IframeComing false, resideSizeInGOP 659747, meanGOP 1.370723e+06, meanI 265431, curgop 710976, curI 278956 - rtmpquic.go:283
2026/03/12 14:37:18.768722 [22;36m INFO[0m UNKEYBEHIND 21,limit:0 - rtmpquic.go:284
2026/03/12 14:37:18.768728 [22;34mDEBUG[0m 21 p frame 55542 - rtmpquic.go:294
2026/03/12 14:37:18.768793 [22;34mDEBUG[0m 
chunk:263 chunk-dur:33ms, timestamp:8734 - rtmpquic.go:220
2026/03/12 14:37:18.802347 [22;34mDEBUG[0m Return monitor from  scheduler : , bw flag : false, limit : 0 - rtmpquic.go:249
2026/03/12 14:37:18.802381 [22;36m INFO[0m IframeComing false, resideSizeInGOP 606580, meanGOP 1.370723e+06, meanI 265431, curgop 764143, curI 278956 - rtmpquic.go:283
2026/03/12 14:37:18.802385 [22;36m INFO[0m UNKEYBEHIND 22,limit:0 - rtmpquic.go:284
2026/03/12 14:37:18.802389 [22;34mDEBUG[0m 22 p frame 53167 - rtmpquic.go:294
2026/03/12 14:37:18.802492 [22;34mDEBUG[0m 
chunk:264 chunk-dur:34ms, timestamp:8767 - rtmpquic.go:220
2026/03/12 14:37:18.836348 [22;34mDEBUG[0m Return monitor from  scheduler : , bw flag : false, limit : 0 - rtmpquic.go:249
2026/03/12 14:37:18.836369 [22;36m INFO[0m IframeComing false, resideSizeInGOP 544638, meanGOP 1.370723e+06, meanI 265431, curgop 826085, curI 278956 - rtmpquic.go:283
2026/03/12 14:37:18.836373 [22;36m INFO[0m UNKEYBEHIND 23,limit:0 - rtmpquic.go:284
2026/03/12 14:37:18.836377 [22;34mDEBUG[0m 23 p frame 61942 - rtmpquic.go:294
2026/03/12 14:37:18.836402 [22;34mDEBUG[0m 
chunk:265 chunk-dur:34ms, timestamp:8800 - rtmpquic.go:220
2026/03/12 14:37:18.867603 [22;34mDEBUG[0m Return monitor from  scheduler : , bw flag : false, limit : 0 - rtmpquic.go:249
2026/03/12 14:37:18.867624 [22;36m INFO[0m IframeComing false, resideSizeInGOP 528440, meanGOP 1.370723e+06, meanI 265431, curgop 842283, curI 278956 - rtmpquic.go:283
2026/03/12 14:37:18.867628 [22;36m INFO[0m UNKEYBEHIND 24,limit:0 - rtmpquic.go:284
2026/03/12 14:37:18.867631 [22;34mDEBUG[0m 24 p frame 16198 - rtmpquic.go:294
2026/03/12 14:37:18.867677 [22;34mDEBUG[0m 
chunk:266 chunk-dur:31ms, timestamp:8834 - rtmpquic.go:220
2026/03/12 14:37:18.902023 [22;34mDEBUG[0m Return monitor from  scheduler : , bw flag : false, limit : 0 - rtmpquic.go:249
2026/03/12 14:37:18.902040 [22;36m INFO[0m IframeComing false, resideSizeInGOP 521394, meanGOP 1.370723e+06, meanI 265431, curgop 849329, curI 278956 - rtmpquic.go:283
2026/03/12 14:37:18.902045 [22;36m INFO[0m UNKEYBEHIND 25,limit:0 - rtmpquic.go:284
2026/03/12 14:37:18.902048 [22;34mDEBUG[0m 25 p frame 7046 - rtmpquic.go:294
2026/03/12 14:37:18.902065 [22;34mDEBUG[0m 
chunk:267 chunk-dur:35ms, timestamp:8867 - rtmpquic.go:220
2026/03/12 14:37:18.934547 [22;34mDEBUG[0m Return monitor from  scheduler : , bw flag : false, limit : 0 - rtmpquic.go:249
2026/03/12 14:37:18.934574 [22;36m INFO[0m IframeComing false, resideSizeInGOP 515610, meanGOP 1.370723e+06, meanI 265431, curgop 855113, curI 278956 - rtmpquic.go:283
2026/03/12 14:37:18.934579 [22;36m INFO[0m UNKEYBEHIND 26,limit:0 - rtmpquic.go:284
2026/03/12 14:37:18.934583 [22;34mDEBUG[0m 26 p frame 5784 - rtmpquic.go:294
2026/03/12 14:37:18.934814 [22;34mDEBUG[0m 
chunk:268 chunk-dur:32ms, timestamp:8900 - rtmpquic.go:220
2026/03/12 14:37:18.968462 [22;34mDEBUG[0m Return monitor from  scheduler : , bw flag : false, limit : 0 - rtmpquic.go:249
2026/03/12 14:37:18.968489 [22;36m INFO[0m IframeComing false, resideSizeInGOP 469524, meanGOP 1.370723e+06, meanI 265431, curgop 901199, curI 278956 - rtmpquic.go:283
2026/03/12 14:37:18.968493 [22;36m INFO[0m UNKEYBEHIND 27,limit:0 - rtmpquic.go:284
2026/03/12 14:37:18.968497 [22;34mDEBUG[0m 27 p frame 46086 - rtmpquic.go:294
2026/03/12 14:37:18.968508 [22;34mDEBUG[0m 
chunk:269 chunk-dur:34ms, timestamp:8934 - rtmpquic.go:220
2026/03/12 14:37:19.002422 [22;34mDEBUG[0m Return monitor from  scheduler : , bw flag : false, limit : 0 - rtmpquic.go:249
2026/03/12 14:37:19.002472 [22;36m INFO[0m IframeComing false, resideSizeInGOP 462026, meanGOP 1.370723e+06, meanI 265431, curgop 908697, curI 278956 - rtmpquic.go:283
2026/03/12 14:37:19.002476 [22;36m INFO[0m UNKEYBEHIND 28,limit:0 - rtmpquic.go:284
2026/03/12 14:37:19.002480 [22;34mDEBUG[0m 28 p frame 7498 - rtmpquic.go:294
2026/03/12 14:37:19.002487 [22;34mDEBUG[0m 
chunk:270 chunk-dur:34ms, timestamp:8967 - rtmpquic.go:220
2026/03/12 14:37:19.036127 [22;34mDEBUG[0m Return monitor from  scheduler : , bw flag : false, limit : 0 - rtmpquic.go:249
2026/03/12 14:37:19.036231 [22;36m INFO[0m IframeComing false, resideSizeInGOP 456317, meanGOP 1.370723e+06, meanI 265431, curgop 914406, curI 278956 - rtmpquic.go:283
2026/03/12 14:37:19.036236 [22;36m INFO[0m UNKEYBEHIND 29,limit:0 - rtmpquic.go:284
2026/03/12 14:37:19.036240 [22;34mDEBUG[0m 29 p frame 5709 - rtmpquic.go:294
2026/03/12 14:37:19.036316 [22;34mDEBUG[0m 
chunk:271 chunk-dur:34ms, timestamp:9000 - rtmpquic.go:220
2026/03/12 14:37:19.067572 [22;34mDEBUG[0m Return monitor from  scheduler : , bw flag : false, limit : 0 - rtmpquic.go:249
2026/03/12 14:37:19.067596 [22;36m INFO[0m IframeComing false, resideSizeInGOP 404214, meanGOP 1.370723e+06, meanI 265431, curgop 966509, curI 278956 - rtmpquic.go:283
2026/03/12 14:37:19.067600 [22;36m INFO[0m UNKEYBEHIND 30,limit:0 - rtmpquic.go:284
2026/03/12 14:37:19.067604 [22;34mDEBUG[0m 30 p frame 52103 - rtmpquic.go:294
2026/03/12 14:37:19.067736 [22;34mDEBUG[0m 
chunk:272 chunk-dur:31ms, timestamp:9034 - rtmpquic.go:220
2026/03/12 14:37:19.071198 [22;34mDEBUG[0m bitrate:7.373573 Mbps - client_session.go:438
2026/03/12 14:37:19.103039 [22;34mDEBUG[0m Return monitor from  scheduler : , bw flag : false, limit : 0 - rtmpquic.go:249
2026/03/12 14:37:19.103062 [22;36m INFO[0m IframeComing false, resideSizeInGOP 391734, meanGOP 1.370723e+06, meanI 265431, curgop 978989, curI 278956 - rtmpquic.go:283
2026/03/12 14:37:19.103066 [22;36m INFO[0m UNKEYBEHIND 31,limit:0 - rtmpquic.go:284
2026/03/12 14:37:19.103070 [22;34mDEBUG[0m 31 p frame 12480 - rtmpquic.go:294
2026/03/12 14:37:19.103094 [22;34mDEBUG[0m 
chunk:273 chunk-dur:36ms, timestamp:9067 - rtmpquic.go:220
2026/03/12 14:37:19.134276 [22;34mDEBUG[0m Return monitor from  scheduler : , bw flag : false, limit : 0 - rtmpquic.go:249
2026/03/12 14:37:19.134293 [22;36m INFO[0m IframeComing false, resideSizeInGOP 386363, meanGOP 1.370723e+06, meanI 265431, curgop 984360, curI 278956 - rtmpquic.go:283
2026/03/12 14:37:19.134296 [22;36m INFO[0m UNKEYBEHIND 32,limit:0 - rtmpquic.go:284
2026/03/12 14:37:19.134300 [22;34mDEBUG[0m 32 p frame 5371 - rtmpquic.go:294
2026/03/12 14:37:19.134323 [22;34mDEBUG[0m 
chunk:274 chunk-dur:31ms, timestamp:9100 - rtmpquic.go:220
2026/03/12 14:37:19.167863 [22;34mDEBUG[0m Return monitor from  scheduler : , bw flag : false, limit : 0 - rtmpquic.go:249
2026/03/12 14:37:19.167953 [22;36m INFO[0m IframeComing false, resideSizeInGOP 380901, meanGOP 1.370723e+06, meanI 265431, curgop 989822, curI 278956 - rtmpquic.go:283
2026/03/12 14:37:19.167959 [22;36m INFO[0m UNKEYBEHIND 33,limit:0 - rtmpquic.go:284
2026/03/12 14:37:19.167965 [22;34mDEBUG[0m 33 p frame 5462 - rtmpquic.go:294
2026/03/12 14:37:19.168087 [22;34mDEBUG[0m 
chunk:275 chunk-dur:34ms, timestamp:9134 - rtmpquic.go:220
2026/03/12 14:37:19.201825 [22;34mDEBUG[0m Return monitor from  scheduler : , bw flag : false, limit : 0 - rtmpquic.go:249
2026/03/12 14:37:19.201987 [22;36m INFO[0m IframeComing false, resideSizeInGOP 323668, meanGOP 1.370723e+06, meanI 265431, curgop 1047055, curI 278956 - rtmpquic.go:283
2026/03/12 14:37:19.202000 [22;36m INFO[0m UNKEYBEHIND 34,limit:0 - rtmpquic.go:284
2026/03/12 14:37:19.202004 [22;34mDEBUG[0m 34 p frame 57233 - rtmpquic.go:294
2026/03/12 14:37:19.202028 [22;34mDEBUG[0m 
chunk:276 chunk-dur:34ms, timestamp:9167 - rtmpquic.go:220
2026/03/12 14:37:19.235102 [22;34mDEBUG[0m Return monitor from  scheduler : , bw flag : false, limit : 0 - rtmpquic.go:249
2026/03/12 14:37:19.235121 [22;36m INFO[0m IframeComing false, resideSizeInGOP 311408, meanGOP 1.370723e+06, meanI 265431, curgop 1059315, curI 278956 - rtmpquic.go:283
2026/03/12 14:37:19.235125 [22;36m INFO[0m UNKEYBEHIND 35,limit:0 - rtmpquic.go:284
2026/03/12 14:37:19.235128 [22;34mDEBUG[0m 35 p frame 12260 - rtmpquic.go:294
2026/03/12 14:37:19.235169 [22;34mDEBUG[0m 
chunk:277 chunk-dur:33ms, timestamp:9200 - rtmpquic.go:220
2026/03/12 14:37:19.267825 [22;34mDEBUG[0m Return monitor from  scheduler : , bw flag : false, limit : 0 - rtmpquic.go:249
2026/03/12 14:37:19.267846 [22;36m INFO[0m IframeComing false, resideSizeInGOP 305482, meanGOP 1.370723e+06, meanI 265431, curgop 1065241, curI 278956 - rtmpquic.go:283
2026/03/12 14:37:19.267850 [22;36m INFO[0m UNKEYBEHIND 36,limit:0 - rtmpquic.go:284
2026/03/12 14:37:19.267853 [22;34mDEBUG[0m 36 p frame 5926 - rtmpquic.go:294
2026/03/12 14:37:19.268007 [22;34mDEBUG[0m 
chunk:278 chunk-dur:33ms, timestamp:9234 - rtmpquic.go:220
2026/03/12 14:37:19.302313 [22;34mDEBUG[0m Return monitor from  scheduler : , bw flag : false, limit : 0 - rtmpquic.go:249
2026/03/12 14:37:19.302338 [22;36m INFO[0m IframeComing false, resideSizeInGOP 299349, meanGOP 1.370723e+06, meanI 265431, curgop 1071374, curI 278956 - rtmpquic.go:283
2026/03/12 14:37:19.302341 [22;36m INFO[0m UNKEYBEHIND 37,limit:0 - rtmpquic.go:284
2026/03/12 14:37:19.302345 [22;34mDEBUG[0m 37 p frame 6133 - rtmpquic.go:294
2026/03/12 14:37:19.302492 [22;34mDEBUG[0m 
chunk:279 chunk-dur:34ms, timestamp:9267 - rtmpquic.go:220
2026/03/12 14:37:19.335013 [22;34mDEBUG[0m Return monitor from  scheduler : , bw flag : false, limit : 0 - rtmpquic.go:249
2026/03/12 14:37:19.335039 [22;36m INFO[0m IframeComing false, resideSizeInGOP 259555, meanGOP 1.370723e+06, meanI 265431, curgop 1111168, curI 278956 - rtmpquic.go:283
2026/03/12 14:37:19.335044 [22;36m INFO[0m UNKEYBEHIND 38,limit:0 - rtmpquic.go:284
2026/03/12 14:37:19.335047 [22;34mDEBUG[0m 38 p frame 39794 - rtmpquic.go:294
2026/03/12 14:37:19.335077 [22;34mDEBUG[0m 
chunk:280 chunk-dur:33ms, timestamp:9300 - rtmpquic.go:220
2026/03/12 14:37:19.367730 [22;34mDEBUG[0m Return monitor from  scheduler : , bw flag : false, limit : 0 - rtmpquic.go:249
2026/03/12 14:37:19.367748 [22;36m INFO[0m IframeComing false, resideSizeInGOP 254492, meanGOP 1.370723e+06, meanI 265431, curgop 1116231, curI 278956 - rtmpquic.go:283
2026/03/12 14:37:19.367803 [22;36m INFO[0m UNKEYBEHIND 39,limit:0 - rtmpquic.go:284
2026/03/12 14:37:19.367807 [22;34mDEBUG[0m 39 p frame 5063 - rtmpquic.go:294
2026/03/12 14:37:19.367864 [22;34mDEBUG[0m 
chunk:281 chunk-dur:32ms, timestamp:9334 - rtmpquic.go:220
2026/03/12 14:37:19.402672 [22;34mDEBUG[0m Return monitor from  scheduler : , bw flag : false, limit : 0 - rtmpquic.go:249
2026/03/12 14:37:19.402694 [22;36m INFO[0m IframeComing false, resideSizeInGOP 213752, meanGOP 1.370723e+06, meanI 265431, curgop 1156971, curI 278956 - rtmpquic.go:283
2026/03/12 14:37:19.402698 [22;36m INFO[0m UNKEYBEHIND 40,limit:0 - rtmpquic.go:284
2026/03/12 14:37:19.402701 [22;34mDEBUG[0m 40 p frame 40740 - rtmpquic.go:294
2026/03/12 14:37:19.402715 [22;34mDEBUG[0m 
chunk:282 chunk-dur:35ms, timestamp:9367 - rtmpquic.go:220
2026/03/12 14:37:19.435378 [22;34mDEBUG[0m Return monitor from  scheduler : , bw flag : false, limit : 0 - rtmpquic.go:249
2026/03/12 14:37:19.435397 [22;36m INFO[0m IframeComing false, resideSizeInGOP 208151, meanGOP 1.370723e+06, meanI 265431, curgop 1162572, curI 278956 - rtmpquic.go:283
2026/03/12 14:37:19.435402 [22;36m INFO[0m UNKEYBEHIND 41,limit:0 - rtmpquic.go:284
2026/03/12 14:37:19.435405 [22;34mDEBUG[0m 41 p frame 5601 - rtmpquic.go:294
2026/03/12 14:37:19.435492 [22;34mDEBUG[0m 
chunk:283 chunk-dur:33ms, timestamp:9400 - rtmpquic.go:220
2026/03/12 14:37:19.469023 [22;34mDEBUG[0m Return monitor from  scheduler : , bw flag : false, limit : 0 - rtmpquic.go:249
2026/03/12 14:37:19.469049 [22;36m INFO[0m IframeComing false, resideSizeInGOP 154777, meanGOP 1.370723e+06, meanI 265431, curgop 1215946, curI 278956 - rtmpquic.go:283
2026/03/12 14:37:19.469053 [22;36m INFO[0m UNKEYBEHIND 42,limit:0 - rtmpquic.go:284
2026/03/12 14:37:19.469057 [22;34mDEBUG[0m 42 p frame 53374 - rtmpquic.go:294
2026/03/12 14:37:19.469096 [22;34mDEBUG[0m 
chunk:284 chunk-dur:34ms, timestamp:9434 - rtmpquic.go:220
2026/03/12 14:37:19.501625 [22;34mDEBUG[0m Return monitor from  scheduler : , bw flag : false, limit : 0 - rtmpquic.go:249
2026/03/12 14:37:19.501642 [22;36m INFO[0m IframeComing false, resideSizeInGOP 143888, meanGOP 1.370723e+06, meanI 265431, curgop 1226835, curI 278956 - rtmpquic.go:283
2026/03/12 14:37:19.501645 [22;36m INFO[0m UNKEYBEHIND 43,limit:0 - rtmpquic.go:284
2026/03/12 14:37:19.501649 [22;34mDEBUG[0m 43 p frame 10889 - rtmpquic.go:294
2026/03/12 14:37:19.501736 [22;34mDEBUG[0m 
chunk:285 chunk-dur:32ms, timestamp:9467 - rtmpquic.go:220
2026/03/12 14:37:19.535445 [22;34mDEBUG[0m Return monitor from  scheduler : , bw flag : false, limit : 0 - rtmpquic.go:249
2026/03/12 14:37:19.535465 [22;36m INFO[0m IframeComing false, resideSizeInGOP 137035, meanGOP 1.370723e+06, meanI 265431, curgop 1233688, curI 278956 - rtmpquic.go:283
2026/03/12 14:37:19.535470 [22;36m INFO[0m UNKEYBEHIND 44,limit:0 - rtmpquic.go:284
2026/03/12 14:37:19.535473 [22;34mDEBUG[0m 44 p frame 6853 - rtmpquic.go:294
2026/03/12 14:37:19.535481 [22;34mDEBUG[0m 
chunk:286 chunk-dur:34ms, timestamp:9500 - rtmpquic.go:220
2026/03/12 14:37:19.569218 [22;34mDEBUG[0m Return monitor from  scheduler : , bw flag : false, limit : 0 - rtmpquic.go:249
2026/03/12 14:37:19.569268 [22;36m INFO[0m IframeComing false, resideSizeInGOP 131659, meanGOP 1.370723e+06, meanI 265431, curgop 1239064, curI 278956 - rtmpquic.go:283
2026/03/12 14:37:19.569274 [22;36m INFO[0m UNKEYBEHIND 45,limit:0 - rtmpquic.go:284
2026/03/12 14:37:19.569282 [22;34mDEBUG[0m 45 p frame 5376 - rtmpquic.go:294
2026/03/12 14:37:19.569372 [22;34mDEBUG[0m 
chunk:287 chunk-dur:34ms, timestamp:9534 - rtmpquic.go:220
2026/03/12 14:37:19.601431 [22;34mDEBUG[0m Return monitor from  scheduler : , bw flag : false, limit : 0 - rtmpquic.go:249
2026/03/12 14:37:19.601454 [22;36m INFO[0m IframeComing false, resideSizeInGOP 87285, meanGOP 1.370723e+06, meanI 265431, curgop 1283438, curI 278956 - rtmpquic.go:283
2026/03/12 14:37:19.601459 [22;36m INFO[0m UNKEYBEHIND 46,limit:0 - rtmpquic.go:284
2026/03/12 14:37:19.601462 [22;34mDEBUG[0m 46 p frame 44374 - rtmpquic.go:294
2026/03/12 14:37:19.601511 [22;34mDEBUG[0m 
chunk:288 chunk-dur:32ms, timestamp:9567 - rtmpquic.go:220
2026/03/12 14:37:19.635404 [22;34mDEBUG[0m Return monitor from  scheduler : , bw flag : false, limit : 0 - rtmpquic.go:249
2026/03/12 14:37:19.635425 [22;36m INFO[0m IframeComing false, resideSizeInGOP 78649, meanGOP 1.370723e+06, meanI 265431, curgop 1292074, curI 278956 - rtmpquic.go:283
2026/03/12 14:37:19.635430 [22;36m INFO[0m UNKEYBEHIND 47,limit:0 - rtmpquic.go:284
2026/03/12 14:37:19.635433 [22;34mDEBUG[0m 47 p frame 8636 - rtmpquic.go:294
2026/03/12 14:37:19.635441 [22;34mDEBUG[0m 
chunk:289 chunk-dur:34ms, timestamp:9600 - rtmpquic.go:220
2026/03/12 14:37:19.668329 [22;34mDEBUG[0m Return monitor from  scheduler : , bw flag : false, limit : 0 - rtmpquic.go:249
2026/03/12 14:37:19.668352 [22;36m INFO[0m IframeComing false, resideSizeInGOP 72217, meanGOP 1.370723e+06, meanI 265431, curgop 1298506, curI 278956 - rtmpquic.go:283
2026/03/12 14:37:19.668357 [22;36m INFO[0m UNKEYBEHIND 48,limit:0 - rtmpquic.go:284
2026/03/12 14:37:19.668360 [22;34mDEBUG[0m 48 p frame 6432 - rtmpquic.go:294
2026/03/12 14:37:19.668415 [22;34mDEBUG[0m 
chunk:290 chunk-dur:33ms, timestamp:9634 - rtmpquic.go:220
2026/03/12 14:37:19.702055 [22;34mDEBUG[0m Return monitor from  scheduler : , bw flag : false, limit : 0 - rtmpquic.go:249
2026/03/12 14:37:19.702076 [22;36m INFO[0m IframeComing false, resideSizeInGOP 29584, meanGOP 1.370723e+06, meanI 265431, curgop 1341139, curI 278956 - rtmpquic.go:283
2026/03/12 14:37:19.702080 [22;36m INFO[0m UNKEYBEHIND 49,limit:0 - rtmpquic.go:284
2026/03/12 14:37:19.702083 [22;34mDEBUG[0m 49 p frame 42633 - rtmpquic.go:294
2026/03/12 14:37:19.702091 [22;34mDEBUG[0m 
chunk:291 chunk-dur:34ms, timestamp:9667 - rtmpquic.go:220
2026/03/12 14:37:19.734695 [22;34mDEBUG[0m Return monitor from  scheduler : , bw flag : false, limit : 0 - rtmpquic.go:249
2026/03/12 14:37:19.734716 [22;36m INFO[0m IframeComing false, resideSizeInGOP 21783, meanGOP 1.370723e+06, meanI 265431, curgop 1348940, curI 278956 - rtmpquic.go:283
2026/03/12 14:37:19.734720 [22;36m INFO[0m UNKEYBEHIND 50,limit:0 - rtmpquic.go:284
2026/03/12 14:37:19.734724 [22;34mDEBUG[0m 50 p frame 7801 - rtmpquic.go:294
2026/03/12 14:37:19.734765 [22;34mDEBUG[0m 
chunk:292 chunk-dur:32ms, timestamp:9700 - rtmpquic.go:220
2026/03/12 14:37:19.768698 [22;34mDEBUG[0m Return monitor from  scheduler : , bw flag : false, limit : 0 - rtmpquic.go:249
2026/03/12 14:37:19.768725 [22;36m INFO[0m IframeComing false, resideSizeInGOP 16017, meanGOP 1.370723e+06, meanI 265431, curgop 1354706, curI 278956 - rtmpquic.go:283
2026/03/12 14:37:19.768729 [22;36m INFO[0m UNKEYBEHIND 51,limit:0 - rtmpquic.go:284
2026/03/12 14:37:19.768734 [22;34mDEBUG[0m 51 p frame 5766 - rtmpquic.go:294
2026/03/12 14:37:19.768788 [22;34mDEBUG[0m 
chunk:293 chunk-dur:34ms, timestamp:9734 - rtmpquic.go:220
2026/03/12 14:37:19.802248 [22;34mDEBUG[0m Return monitor from  scheduler : , bw flag : false, limit : 0 - rtmpquic.go:249
2026/03/12 14:37:19.802264 [22;36m INFO[0m IframeComing true, resideSizeInGOP -29178, meanGOP 1.370723e+06, meanI 265431, curgop 1399901, curI 278956 - rtmpquic.go:283
2026/03/12 14:37:19.802269 [22;36m INFO[0m UNKEYBEHIND 52,limit:0 - rtmpquic.go:284
2026/03/12 14:37:19.802272 [22;34mDEBUG[0m 52 p frame 45195 - rtmpquic.go:294
2026/03/12 14:37:19.802292 [22;34mDEBUG[0m 
chunk:294 chunk-dur:34ms, timestamp:9767 - rtmpquic.go:220
2026/03/12 14:37:19.835245 [22;34mDEBUG[0m Return monitor from  scheduler : , bw flag : false, limit : 0 - rtmpquic.go:249
2026/03/12 14:37:19.835260 [22;36m INFO[0m IframeComing true, resideSizeInGOP -35352, meanGOP 1.370723e+06, meanI 265431, curgop 1406075, curI 278956 - rtmpquic.go:283
2026/03/12 14:37:19.835264 [22;36m INFO[0m UNKEYBEHIND 53,limit:0 - rtmpquic.go:284
2026/03/12 14:37:19.835267 [22;34mDEBUG[0m 53 p frame 6174 - rtmpquic.go:294
2026/03/12 14:37:19.835319 [22;34mDEBUG[0m 
chunk:295 chunk-dur:33ms, timestamp:9800 - rtmpquic.go:220
2026/03/12 14:37:19.867831 [22;34mDEBUG[0m Return monitor from  scheduler : , bw flag : false, limit : 0 - rtmpquic.go:249
2026/03/12 14:37:19.867919 [22;36m INFO[0m IframeComing true, resideSizeInGOP -90873, meanGOP 1.370723e+06, meanI 265431, curgop 1461596, curI 278956 - rtmpquic.go:283
2026/03/12 14:37:19.867938 [22;36m INFO[0m UNKEYBEHIND 54,limit:0 - rtmpquic.go:284
2026/03/12 14:37:19.867952 [22;34mDEBUG[0m 54 p frame 55521 - rtmpquic.go:294
2026/03/12 14:37:19.868006 [22;34mDEBUG[0m 
chunk:296 chunk-dur:33ms, timestamp:9834 - rtmpquic.go:220
2026/03/12 14:37:19.901322 [22;34mDEBUG[0m Return monitor from  scheduler : , bw flag : false, limit : 0 - rtmpquic.go:249
2026/03/12 14:37:19.901351 [22;36m INFO[0m IframeComing true, resideSizeInGOP -104536, meanGOP 1.370723e+06, meanI 265431, curgop 1475259, curI 278956 - rtmpquic.go:283
2026/03/12 14:37:19.901358 [22;36m INFO[0m UNKEYBEHIND 55,limit:0 - rtmpquic.go:284
2026/03/12 14:37:19.901362 [22;34mDEBUG[0m 55 p frame 13663 - rtmpquic.go:294
2026/03/12 14:37:19.901377 [22;34mDEBUG[0m 
chunk:297 chunk-dur:33ms, timestamp:9867 - rtmpquic.go:220
2026/03/12 14:37:19.935444 [22;34mDEBUG[0m Return monitor from  scheduler : , bw flag : false, limit : 0 - rtmpquic.go:249
2026/03/12 14:37:19.935464 [22;36m INFO[0m IframeComing true, resideSizeInGOP -111260, meanGOP 1.370723e+06, meanI 265431, curgop 1481983, curI 278956 - rtmpquic.go:283
2026/03/12 14:37:19.935469 [22;36m INFO[0m UNKEYBEHIND 56,limit:0 - rtmpquic.go:284
2026/03/12 14:37:19.935472 [22;34mDEBUG[0m 56 p frame 6724 - rtmpquic.go:294
2026/03/12 14:37:19.935490 [22;34mDEBUG[0m 
chunk:298 chunk-dur:34ms, timestamp:9900 - rtmpquic.go:220
2026/03/12 14:37:19.968267 [22;34mDEBUG[0m Return monitor from  scheduler : , bw flag : false, limit : 0 - rtmpquic.go:249
2026/03/12 14:37:19.968292 [22;36m INFO[0m IframeComing true, resideSizeInGOP -117498, meanGOP 1.370723e+06, meanI 265431, curgop 1488221, curI 278956 - rtmpquic.go:283
2026/03/12 14:37:19.968296 [22;36m INFO[0m UNKEYBEHIND 57,limit:0 - rtmpquic.go:284
2026/03/12 14:37:19.968300 [22;34mDEBUG[0m 57 p frame 6238 - rtmpquic.go:294
2026/03/12 14:37:19.968346 [22;34mDEBUG[0m 
chunk:299 chunk-dur:33ms, timestamp:9934 - rtmpquic.go:220
2026/03/12 14:37:20.001641 [22;34mDEBUG[0m Return monitor from  scheduler : , bw flag : false, limit : 0 - rtmpquic.go:249
2026/03/12 14:37:20.001669 [22;36m INFO[0m IframeComing true, resideSizeInGOP -134217, meanGOP 1.370723e+06, meanI 265431, curgop 1504940, curI 278956 - rtmpquic.go:283
2026/03/12 14:37:20.001675 [22;36m INFO[0m UNKEYBEHIND 58,limit:0 - rtmpquic.go:284
2026/03/12 14:37:20.001679 [22;34mDEBUG[0m 58 p frame 16719 - rtmpquic.go:294
2026/03/12 14:37:20.001814 [22;34mDEBUG[0m 
chunk:300 chunk-dur:33ms, timestamp:9967 - rtmpquic.go:220
2026/03/12 14:37:20.036344 [22;34mDEBUG[0m Return monitor from  scheduler : , bw flag : false, limit : 0 - rtmpquic.go:249
2026/03/12 14:37:20.036360 [22;36m INFO[0m IframeComing true, resideSizeInGOP -141718, meanGOP 1.370723e+06, meanI 265431, curgop 1512441, curI 278956 - rtmpquic.go:283
2026/03/12 14:37:20.036364 [22;36m INFO[0m UNKEYBEHIND 59,limit:0 - rtmpquic.go:284
2026/03/12 14:37:20.036368 [22;34mDEBUG[0m 59 p frame 7501 - rtmpquic.go:294
2026/03/12 14:37:20.036559 [22;34mDEBUG[0m 
chunk:301 chunk-dur:35ms, timestamp:10000 - rtmpquic.go:220
2026/03/12 14:37:20.071324 [22;34mDEBUG[0m Return monitor from  scheduler : , bw flag : false, limit : 0 - rtmpquic.go:249
key tag 191786
2026/03/12 14:37:20.071342 [22;34mDEBUG[0m 6 I frame 191786 - rtmpquic.go:275
2026/03/12 14:37:20.071344 [22;36m INFO[0m mean write bitrate:4.917763 Mbps - client_session.go:447
2026/03/12 14:37:20.071351 [22;34mDEBUG[0m bitrate:4.164489 Mbps - client_session.go:438
2026/03/12 14:37:20.071435 [22;34mDEBUG[0m 
chunk:302 chunk-dur:35ms, timestamp:10034 - rtmpquic.go:220
2026/03/12 14:37:20.101795 [22;34mDEBUG[0m Return monitor from  scheduler : , bw flag : false, limit : 0 - rtmpquic.go:249
2026/03/12 14:37:20.101820 [22;36m INFO[0m IframeComing false, resideSizeInGOP 1.15803e+06, meanGOP 1.399066e+06, meanI 268136, curgop 241036, curI 191786 - rtmpquic.go:283
2026/03/12 14:37:20.101824 [22;36m INFO[0m UNKEYBEHIND 1,limit:0 - rtmpquic.go:284
2026/03/12 14:37:20.101828 [22;34mDEBUG[0m 1 p frame 49250 - rtmpquic.go:294
2026/03/12 14:37:20.101859 [22;34mDEBUG[0m 
chunk:303 chunk-dur:30ms, timestamp:10067 - rtmpquic.go:220
2026/03/12 14:37:20.135158 [22;34mDEBUG[0m Return monitor from  scheduler : , bw flag : false, limit : 0 - rtmpquic.go:249
2026/03/12 14:37:20.135176 [22;36m INFO[0m IframeComing false, resideSizeInGOP 1.145501e+06, meanGOP 1.399066e+06, meanI 268136, curgop 253565, curI 191786 - rtmpquic.go:283
2026/03/12 14:37:20.135180 [22;36m INFO[0m UNKEYBEHIND 2,limit:0 - rtmpquic.go:284
2026/03/12 14:37:20.135184 [22;34mDEBUG[0m 2 p frame 12529 - rtmpquic.go:294
2026/03/12 14:37:20.135191 [22;34mDEBUG[0m 
chunk:304 chunk-dur:34ms, timestamp:10100 - rtmpquic.go:220
2026/03/12 14:37:20.168017 [22;34mDEBUG[0m Return monitor from  scheduler : , bw flag : false, limit : 0 - rtmpquic.go:249
2026/03/12 14:37:20.168037 [22;36m INFO[0m IframeComing false, resideSizeInGOP 1.140162e+06, meanGOP 1.399066e+06, meanI 268136, curgop 258904, curI 191786 - rtmpquic.go:283
2026/03/12 14:37:20.168041 [22;36m INFO[0m UNKEYBEHIND 3,limit:0 - rtmpquic.go:284
2026/03/12 14:37:20.168045 [22;34mDEBUG[0m 3 p frame 5339 - rtmpquic.go:294
2026/03/12 14:37:20.168072 [22;34mDEBUG[0m 
chunk:305 chunk-dur:33ms, timestamp:10134 - rtmpquic.go:220
2026/03/12 14:37:20.201501 [22;34mDEBUG[0m Return monitor from  scheduler : , bw flag : false, limit : 0 - rtmpquic.go:249
2026/03/12 14:37:20.201519 [22;36m INFO[0m IframeComing false, resideSizeInGOP 1.134173e+06, meanGOP 1.399066e+06, meanI 268136, curgop 264893, curI 191786 - rtmpquic.go:283
2026/03/12 14:37:20.201524 [22;36m INFO[0m UNKEYBEHIND 4,limit:0 - rtmpquic.go:284
2026/03/12 14:37:20.201527 [22;34mDEBUG[0m 4 p frame 5989 - rtmpquic.go:294
2026/03/12 14:37:20.201596 [22;34mDEBUG[0m 
chunk:306 chunk-dur:33ms, timestamp:10167 - rtmpquic.go:220
2026/03/12 14:37:20.235925 [22;34mDEBUG[0m Return monitor from  scheduler : , bw flag : false, limit : 0 - rtmpquic.go:249
2026/03/12 14:37:20.235950 [22;36m INFO[0m IframeComing false, resideSizeInGOP 1.081596e+06, meanGOP 1.399066e+06, meanI 268136, curgop 317470, curI 191786 - rtmpquic.go:283
2026/03/12 14:37:20.235955 [22;36m INFO[0m UNKEYBEHIND 5,limit:0 - rtmpquic.go:284
2026/03/12 14:37:20.235958 [22;34mDEBUG[0m 5 p frame 52577 - rtmpquic.go:294
2026/03/12 14:37:20.235994 [22;34mDEBUG[0m 
chunk:307 chunk-dur:34ms, timestamp:10200 - rtmpquic.go:220
2026/03/12 14:37:20.269008 [22;34mDEBUG[0m Return monitor from  scheduler : , bw flag : false, limit : 0 - rtmpquic.go:249
2026/03/12 14:37:20.269023 [22;36m INFO[0m IframeComing false, resideSizeInGOP 1.068321e+06, meanGOP 1.399066e+06, meanI 268136, curgop 330745, curI 191786 - rtmpquic.go:283
2026/03/12 14:37:20.269027 [22;36m INFO[0m UNKEYBEHIND 6,limit:0 - rtmpquic.go:284
2026/03/12 14:37:20.269031 [22;34mDEBUG[0m 6 p frame 13275 - rtmpquic.go:294
2026/03/12 14:37:20.269055 [22;34mDEBUG[0m 
chunk:308 chunk-dur:34ms, timestamp:10234 - rtmpquic.go:220
2026/03/12 14:37:20.302123 [22;34mDEBUG[0m Return monitor from  scheduler : , bw flag : false, limit : 0 - rtmpquic.go:249
2026/03/12 14:37:20.302149 [22;36m INFO[0m IframeComing false, resideSizeInGOP 1.061453e+06, meanGOP 1.399066e+06, meanI 268136, curgop 337613, curI 191786 - rtmpquic.go:283
2026/03/12 14:37:20.302153 [22;36m INFO[0m UNKEYBEHIND 7,limit:0 - rtmpquic.go:284
2026/03/12 14:37:20.302156 [22;34mDEBUG[0m 7 p frame 6868 - rtmpquic.go:294
2026/03/12 14:37:20.302177 [22;34mDEBUG[0m 
chunk:309 chunk-dur:33ms, timestamp:10267 - rtmpquic.go:220
2026/03/12 14:37:20.336077 [22;34mDEBUG[0m Return monitor from  scheduler : , bw flag : false, limit : 0 - rtmpquic.go:249
2026/03/12 14:37:20.336103 [22;36m INFO[0m IframeComing false, resideSizeInGOP 1.055285e+06, meanGOP 1.399066e+06, meanI 268136, curgop 343781, curI 191786 - rtmpquic.go:283
2026/03/12 14:37:20.336108 [22;36m INFO[0m UNKEYBEHIND 8,limit:0 - rtmpquic.go:284
2026/03/12 14:37:20.336111 [22;34mDEBUG[0m 8 p frame 6168 - rtmpquic.go:294
2026/03/12 14:37:20.336209 [22;34mDEBUG[0m 
chunk:310 chunk-dur:34ms, timestamp:10300 - rtmpquic.go:220
2026/03/12 14:37:20.367263 [22;34mDEBUG[0m Return monitor from  scheduler : , bw flag : false, limit : 0 - rtmpquic.go:249
2026/03/12 14:37:20.367285 [22;36m INFO[0m IframeComing false, resideSizeInGOP 999030, meanGOP 1.399066e+06, meanI 268136, curgop 400036, curI 191786 - rtmpquic.go:283
2026/03/12 14:37:20.367290 [22;36m INFO[0m UNKEYBEHIND 9,limit:0 - rtmpquic.go:284
2026/03/12 14:37:20.367293 [22;34mDEBUG[0m 9 p frame 56255 - rtmpquic.go:294
2026/03/12 14:37:20.367322 [22;34mDEBUG[0m 
chunk:311 chunk-dur:31ms, timestamp:10334 - rtmpquic.go:220
2026/03/12 14:37:20.401910 [22;34mDEBUG[0m Return monitor from  scheduler : , bw flag : false, limit : 0 - rtmpquic.go:249
2026/03/12 14:37:20.401926 [22;36m INFO[0m IframeComing false, resideSizeInGOP 985168, meanGOP 1.399066e+06, meanI 268136, curgop 413898, curI 191786 - rtmpquic.go:283
2026/03/12 14:37:20.401930 [22;36m INFO[0m UNKEYBEHIND 10,limit:0 - rtmpquic.go:284
2026/03/12 14:37:20.401934 [22;34mDEBUG[0m 10 p frame 13862 - rtmpquic.go:294
2026/03/12 14:37:20.401969 [22;34mDEBUG[0m 
chunk:312 chunk-dur:34ms, timestamp:10367 - rtmpquic.go:220
2026/03/12 14:37:20.435667 [22;34mDEBUG[0m Return monitor from  scheduler : , bw flag : false, limit : 0 - rtmpquic.go:249
2026/03/12 14:37:20.435687 [22;36m INFO[0m IframeComing false, resideSizeInGOP 978932, meanGOP 1.399066e+06, meanI 268136, curgop 420134, curI 191786 - rtmpquic.go:283
2026/03/12 14:37:20.435691 [22;36m INFO[0m UNKEYBEHIND 11,limit:0 - rtmpquic.go:284
2026/03/12 14:37:20.435695 [22;34mDEBUG[0m 11 p frame 6236 - rtmpquic.go:294
2026/03/12 14:37:20.435797 [22;34mDEBUG[0m 
chunk:313 chunk-dur:34ms, timestamp:10400 - rtmpquic.go:220
2026/03/12 14:37:20.468952 [22;34mDEBUG[0m Return monitor from  scheduler : , bw flag : false, limit : 0 - rtmpquic.go:249
2026/03/12 14:37:20.468996 [22;36m INFO[0m IframeComing false, resideSizeInGOP 971943, meanGOP 1.399066e+06, meanI 268136, curgop 427123, curI 191786 - rtmpquic.go:283
2026/03/12 14:37:20.469002 [22;36m INFO[0m UNKEYBEHIND 12,limit:0 - rtmpquic.go:284
2026/03/12 14:37:20.469005 [22;34mDEBUG[0m 12 p frame 6989 - rtmpquic.go:294
2026/03/12 14:37:20.469061 [22;34mDEBUG[0m 
chunk:314 chunk-dur:34ms, timestamp:10434 - rtmpquic.go:220
2026/03/12 14:37:20.501637 [22;34mDEBUG[0m Return monitor from  scheduler : , bw flag : false, limit : 0 - rtmpquic.go:249
2026/03/12 14:37:20.501661 [22;36m INFO[0m IframeComing false, resideSizeInGOP 932323, meanGOP 1.399066e+06, meanI 268136, curgop 466743, curI 191786 - rtmpquic.go:283
2026/03/12 14:37:20.501666 [22;36m INFO[0m UNKEYBEHIND 13,limit:0 - rtmpquic.go:284
2026/03/12 14:37:20.501669 [22;34mDEBUG[0m 13 p frame 39620 - rtmpquic.go:294
2026/03/12 14:37:20.501699 [22;34mDEBUG[0m 
chunk:315 chunk-dur:32ms, timestamp:10467 - rtmpquic.go:220
2026/03/12 14:37:20.535137 [22;34mDEBUG[0m Return monitor from  scheduler : , bw flag : false, limit : 0 - rtmpquic.go:249
2026/03/12 14:37:20.535161 [22;36m INFO[0m IframeComing false, resideSizeInGOP 924282, meanGOP 1.399066e+06, meanI 268136, curgop 474784, curI 191786 - rtmpquic.go:283
2026/03/12 14:37:20.535218 [22;36m INFO[0m UNKEYBEHIND 14,limit:0 - rtmpquic.go:284
2026/03/12 14:37:20.535225 [22;34mDEBUG[0m 14 p frame 8041 - rtmpquic.go:294
2026/03/12 14:37:20.535244 [22;34mDEBUG[0m 
chunk:316 chunk-dur:34ms, timestamp:10500 - rtmpquic.go:220
2026/03/12 14:37:20.567912 [22;34mDEBUG[0m Return monitor from  scheduler : , bw flag : false, limit : 0 - rtmpquic.go:249
2026/03/12 14:37:20.567977 [22;36m INFO[0m IframeComing false, resideSizeInGOP 918636, meanGOP 1.399066e+06, meanI 268136, curgop 480430, curI 191786 - rtmpquic.go:283
2026/03/12 14:37:20.567985 [22;36m INFO[0m UNKEYBEHIND 15,limit:0 - rtmpquic.go:284
2026/03/12 14:37:20.567989 [22;34mDEBUG[0m 15 p frame 5646 - rtmpquic.go:294
2026/03/12 14:37:20.568046 [22;34mDEBUG[0m 
chunk:317 chunk-dur:33ms, timestamp:10534 - rtmpquic.go:220
2026/03/12 14:37:20.602180 [22;34mDEBUG[0m Return monitor from  scheduler : , bw flag : false, limit : 0 - rtmpquic.go:249
2026/03/12 14:37:20.602195 [22;36m INFO[0m IframeComing false, resideSizeInGOP 874119, meanGOP 1.399066e+06, meanI 268136, curgop 524947, curI 191786 - rtmpquic.go:283
2026/03/12 14:37:20.602199 [22;36m INFO[0m UNKEYBEHIND 16,limit:0 - rtmpquic.go:284
2026/03/12 14:37:20.602215 [22;34mDEBUG[0m 16 p frame 44517 - rtmpquic.go:294
2026/03/12 14:37:20.602304 [22;34mDEBUG[0m 
chunk:318 chunk-dur:34ms, timestamp:10567 - rtmpquic.go:220
2026/03/12 14:37:20.635361 [22;34mDEBUG[0m Return monitor from  scheduler : , bw flag : false, limit : 0 - rtmpquic.go:249
2026/03/12 14:37:20.635380 [22;36m INFO[0m IframeComing false, resideSizeInGOP 793812, meanGOP 1.399066e+06, meanI 268136, curgop 605254, curI 191786 - rtmpquic.go:283
2026/03/12 14:37:20.635384 [22;36m INFO[0m UNKEYBEHIND 17,limit:0 - rtmpquic.go:284
2026/03/12 14:37:20.635388 [22;34mDEBUG[0m 17 p frame 80307 - rtmpquic.go:294
2026/03/12 14:37:20.635396 [22;34mDEBUG[0m 
chunk:319 chunk-dur:33ms, timestamp:10600 - rtmpquic.go:220
2026/03/12 14:37:20.668008 [22;34mDEBUG[0m Return monitor from  scheduler : , bw flag : false, limit : 0 - rtmpquic.go:249
2026/03/12 14:37:20.668024 [22;36m INFO[0m IframeComing false, resideSizeInGOP 783755, meanGOP 1.399066e+06, meanI 268136, curgop 615311, curI 191786 - rtmpquic.go:283
2026/03/12 14:37:20.668028 [22;36m INFO[0m UNKEYBEHIND 18,limit:0 - rtmpquic.go:284
2026/03/12 14:37:20.668031 [22;34mDEBUG[0m 18 p frame 10057 - rtmpquic.go:294
2026/03/12 14:37:20.668052 [22;34mDEBUG[0m 
chunk:320 chunk-dur:33ms, timestamp:10634 - rtmpquic.go:220
2026/03/12 14:37:20.701284 [22;34mDEBUG[0m Return monitor from  scheduler : , bw flag : false, limit : 0 - rtmpquic.go:249
2026/03/12 14:37:20.701308 [22;36m INFO[0m IframeComing false, resideSizeInGOP 777526, meanGOP 1.399066e+06, meanI 268136, curgop 621540, curI 191786 - rtmpquic.go:283
2026/03/12 14:37:20.701312 [22;36m INFO[0m UNKEYBEHIND 19,limit:0 - rtmpquic.go:284
2026/03/12 14:37:20.701316 [22;34mDEBUG[0m 19 p frame 6229 - rtmpquic.go:294
2026/03/12 14:37:20.701406 [22;34mDEBUG[0m 
chunk:321 chunk-dur:33ms, timestamp:10667 - rtmpquic.go:220
2026/03/12 14:37:20.734884 [22;34mDEBUG[0m Return monitor from  scheduler : , bw flag : false, limit : 0 - rtmpquic.go:249
2026/03/12 14:37:20.734906 [22;36m INFO[0m IframeComing false, resideSizeInGOP 699259, meanGOP 1.399066e+06, meanI 268136, curgop 699807, curI 191786 - rtmpquic.go:283
2026/03/12 14:37:20.734910 [22;36m INFO[0m UNKEYBEHIND 20,limit:0 - rtmpquic.go:284
2026/03/12 14:37:20.734914 [22;34mDEBUG[0m 20 p frame 78267 - rtmpquic.go:294
2026/03/12 14:37:20.735000 [22;34mDEBUG[0m 
chunk:322 chunk-dur:33ms, timestamp:10700 - rtmpquic.go:220
2026/03/12 14:37:20.768833 [22;34mDEBUG[0m Return monitor from  scheduler : , bw flag : false, limit : 0 - rtmpquic.go:249
2026/03/12 14:37:20.768858 [22;36m INFO[0m IframeComing false, resideSizeInGOP 685384, meanGOP 1.399066e+06, meanI 268136, curgop 713682, curI 191786 - rtmpquic.go:283
2026/03/12 14:37:20.768862 [22;36m INFO[0m UNKEYBEHIND 21,limit:0 - rtmpquic.go:284
2026/03/12 14:37:20.768865 [22;34mDEBUG[0m 21 p frame 13875 - rtmpquic.go:294
2026/03/12 14:37:20.769007 [22;34mDEBUG[0m 
chunk:323 chunk-dur:35ms, timestamp:10734 - rtmpquic.go:220
2026/03/12 14:37:20.801702 [22;34mDEBUG[0m Return monitor from  scheduler : , bw flag : false, limit : 0 - rtmpquic.go:249
2026/03/12 14:37:20.801738 [22;36m INFO[0m IframeComing false, resideSizeInGOP 677472, meanGOP 1.399066e+06, meanI 268136, curgop 721594, curI 191786 - rtmpquic.go:283
2026/03/12 14:37:20.801743 [22;36m INFO[0m UNKEYBEHIND 22,limit:0 - rtmpquic.go:284
2026/03/12 14:37:20.801746 [22;34mDEBUG[0m 22 p frame 7912 - rtmpquic.go:294
2026/03/12 14:37:20.801764 [22;34mDEBUG[0m 
chunk:324 chunk-dur:32ms, timestamp:10767 - rtmpquic.go:220
2026/03/12 14:37:20.836061 [22;34mDEBUG[0m Return monitor from  scheduler : , bw flag : false, limit : 0 - rtmpquic.go:249
2026/03/12 14:37:20.836085 [22;36m INFO[0m IframeComing false, resideSizeInGOP 670092, meanGOP 1.399066e+06, meanI 268136, curgop 728974, curI 191786 - rtmpquic.go:283
2026/03/12 14:37:20.836089 [22;36m INFO[0m UNKEYBEHIND 23,limit:0 - rtmpquic.go:284
2026/03/12 14:37:20.836093 [22;34mDEBUG[0m 23 p frame 7380 - rtmpquic.go:294
2026/03/12 14:37:20.836146 [22;34mDEBUG[0m 
chunk:325 chunk-dur:35ms, timestamp:10800 - rtmpquic.go:220
2026/03/12 14:37:20.867575 [22;34mDEBUG[0m Return monitor from  scheduler : , bw flag : false, limit : 0 - rtmpquic.go:249
2026/03/12 14:37:20.867599 [22;36m INFO[0m IframeComing false, resideSizeInGOP 612074, meanGOP 1.399066e+06, meanI 268136, curgop 786992, curI 191786 - rtmpquic.go:283
2026/03/12 14:37:20.867606 [22;36m INFO[0m UNKEYBEHIND 24,limit:0 - rtmpquic.go:284
2026/03/12 14:37:20.867609 [22;34mDEBUG[0m 24 p frame 58018 - rtmpquic.go:294
2026/03/12 14:37:20.867697 [22;34mDEBUG[0m 
chunk:326 chunk-dur:31ms, timestamp:10834 - rtmpquic.go:220
2026/03/12 14:37:20.902832 [22;34mDEBUG[0m Return monitor from  scheduler : , bw flag : false, limit : 0 - rtmpquic.go:249
2026/03/12 14:37:20.902853 [22;36m INFO[0m IframeComing false, resideSizeInGOP 599688, meanGOP 1.399066e+06, meanI 268136, curgop 799378, curI 191786 - rtmpquic.go:283
2026/03/12 14:37:20.902856 [22;36m INFO[0m UNKEYBEHIND 25,limit:0 - rtmpquic.go:284
2026/03/12 14:37:20.902859 [22;34mDEBUG[0m 25 p frame 12386 - rtmpquic.go:294
2026/03/12 14:37:20.902941 [22;34mDEBUG[0m 
chunk:327 chunk-dur:35ms, timestamp:10867 - rtmpquic.go:220
2026/03/12 14:37:20.935883 [22;34mDEBUG[0m Return monitor from  scheduler : , bw flag : false, limit : 0 - rtmpquic.go:249
2026/03/12 14:37:20.935902 [22;36m INFO[0m IframeComing false, resideSizeInGOP 592773, meanGOP 1.399066e+06, meanI 268136, curgop 806293, curI 191786 - rtmpquic.go:283
2026/03/12 14:37:20.935906 [22;36m INFO[0m UNKEYBEHIND 26,limit:0 - rtmpquic.go:284
2026/03/12 14:37:20.935910 [22;34mDEBUG[0m 26 p frame 6915 - rtmpquic.go:294
2026/03/12 14:37:20.935933 [22;34mDEBUG[0m 
chunk:328 chunk-dur:33ms, timestamp:10900 - rtmpquic.go:220
2026/03/12 14:37:20.968632 [22;34mDEBUG[0m Return monitor from  scheduler : , bw flag : false, limit : 0 - rtmpquic.go:249
2026/03/12 14:37:20.968656 [22;36m INFO[0m IframeComing false, resideSizeInGOP 586044, meanGOP 1.399066e+06, meanI 268136, curgop 813022, curI 191786 - rtmpquic.go:283
2026/03/12 14:37:20.968661 [22;36m INFO[0m UNKEYBEHIND 27,limit:0 - rtmpquic.go:284
2026/03/12 14:37:20.968664 [22;34mDEBUG[0m 27 p frame 6729 - rtmpquic.go:294
2026/03/12 14:37:20.968736 [22;34mDEBUG[0m 
chunk:329 chunk-dur:33ms, timestamp:10934 - rtmpquic.go:220
2026/03/12 14:37:21.003186 [22;34mDEBUG[0m Return monitor from  scheduler : , bw flag : false, limit : 0 - rtmpquic.go:249
2026/03/12 14:37:21.003208 [22;36m INFO[0m IframeComing false, resideSizeInGOP 531040, meanGOP 1.399066e+06, meanI 268136, curgop 868026, curI 191786 - rtmpquic.go:283
2026/03/12 14:37:21.003226 [22;36m INFO[0m UNKEYBEHIND 28,limit:0 - rtmpquic.go:284
2026/03/12 14:37:21.003230 [22;34mDEBUG[0m 28 p frame 55004 - rtmpquic.go:294
2026/03/12 14:37:21.003248 [22;34mDEBUG[0m 
chunk:330 chunk-dur:35ms, timestamp:10967 - rtmpquic.go:220
2026/03/12 14:37:21.035023 [22;34mDEBUG[0m Return monitor from  scheduler : , bw flag : false, limit : 0 - rtmpquic.go:249
2026/03/12 14:37:21.035047 [22;36m INFO[0m IframeComing false, resideSizeInGOP 519372, meanGOP 1.399066e+06, meanI 268136, curgop 879694, curI 191786 - rtmpquic.go:283
2026/03/12 14:37:21.035052 [22;36m INFO[0m UNKEYBEHIND 29,limit:0 - rtmpquic.go:284
2026/03/12 14:37:21.035055 [22;34mDEBUG[0m 29 p frame 11668 - rtmpquic.go:294
2026/03/12 14:37:21.035206 [22;34mDEBUG[0m 
chunk:331 chunk-dur:32ms, timestamp:11000 - rtmpquic.go:220
2026/03/12 14:37:21.067947 [22;34mDEBUG[0m Return monitor from  scheduler : , bw flag : false, limit : 0 - rtmpquic.go:249
2026/03/12 14:37:21.067970 [22;36m INFO[0m IframeComing false, resideSizeInGOP 512327, meanGOP 1.399066e+06, meanI 268136, curgop 886739, curI 191786 - rtmpquic.go:283
2026/03/12 14:37:21.067974 [22;36m INFO[0m UNKEYBEHIND 30,limit:0 - rtmpquic.go:284
2026/03/12 14:37:21.067978 [22;34mDEBUG[0m 30 p frame 7045 - rtmpquic.go:294
2026/03/12 14:37:21.067986 [22;34mDEBUG[0m 
chunk:332 chunk-dur:32ms, timestamp:11034 - rtmpquic.go:220
2026/03/12 14:37:21.071566 [22;34mDEBUG[0m bitrate:6.763839 Mbps - client_session.go:438
2026/03/12 14:37:21.102933 [22;34mDEBUG[0m Return monitor from  scheduler : , bw flag : false, limit : 0 - rtmpquic.go:249
2026/03/12 14:37:21.102958 [22;36m INFO[0m IframeComing false, resideSizeInGOP 505898, meanGOP 1.399066e+06, meanI 268136, curgop 893168, curI 191786 - rtmpquic.go:283
2026/03/12 14:37:21.102962 [22;36m INFO[0m UNKEYBEHIND 31,limit:0 - rtmpquic.go:284
2026/03/12 14:37:21.102967 [22;34mDEBUG[0m 31 p frame 6429 - rtmpquic.go:294
2026/03/12 14:37:21.103044 [22;34mDEBUG[0m 
chunk:333 chunk-dur:36ms, timestamp:11067 - rtmpquic.go:220
2026/03/12 14:37:21.134460 [22;34mDEBUG[0m Return monitor from  scheduler : , bw flag : false, limit : 0 - rtmpquic.go:249
2026/03/12 14:37:21.134484 [22;36m INFO[0m IframeComing false, resideSizeInGOP 447918, meanGOP 1.399066e+06, meanI 268136, curgop 951148, curI 191786 - rtmpquic.go:283
2026/03/12 14:37:21.134488 [22;36m INFO[0m UNKEYBEHIND 32,limit:0 - rtmpquic.go:284
2026/03/12 14:37:21.134492 [22;34mDEBUG[0m 32 p frame 57980 - rtmpquic.go:294
2026/03/12 14:37:21.134599 [22;34mDEBUG[0m 
chunk:334 chunk-dur:31ms, timestamp:11100 - rtmpquic.go:220
2026/03/12 14:37:21.168608 [22;34mDEBUG[0m Return monitor from  scheduler : , bw flag : false, limit : 0 - rtmpquic.go:249
2026/03/12 14:37:21.168648 [22;36m INFO[0m IframeComing false, resideSizeInGOP 437575, meanGOP 1.399066e+06, meanI 268136, curgop 961491, curI 191786 - rtmpquic.go:283
2026/03/12 14:37:21.168653 [22;36m INFO[0m UNKEYBEHIND 33,limit:0 - rtmpquic.go:284
2026/03/12 14:37:21.168657 [22;34mDEBUG[0m 33 p frame 10343 - rtmpquic.go:294
2026/03/12 14:37:21.168689 [22;34mDEBUG[0m 
chunk:335 chunk-dur:34ms, timestamp:11134 - rtmpquic.go:220
2026/03/12 14:37:21.202470 [22;34mDEBUG[0m Return monitor from  scheduler : , bw flag : false, limit : 0 - rtmpquic.go:249
2026/03/12 14:37:21.202495 [22;36m INFO[0m IframeComing false, resideSizeInGOP 431818, meanGOP 1.399066e+06, meanI 268136, curgop 967248, curI 191786 - rtmpquic.go:283
2026/03/12 14:37:21.202499 [22;36m INFO[0m UNKEYBEHIND 34,limit:0 - rtmpquic.go:284
2026/03/12 14:37:21.202503 [22;34mDEBUG[0m 34 p frame 5757 - rtmpquic.go:294
2026/03/12 14:37:21.202510 [22;34mDEBUG[0m 
chunk:336 chunk-dur:34ms, timestamp:11167 - rtmpquic.go:220
2026/03/12 14:37:21.235815 [22;34mDEBUG[0m Return monitor from  scheduler : , bw flag : false, limit : 0 - rtmpquic.go:249
2026/03/12 14:37:21.235961 [22;36m INFO[0m IframeComing false, resideSizeInGOP 426476, meanGOP 1.399066e+06, meanI 268136, curgop 972590, curI 191786 - rtmpquic.go:283
2026/03/12 14:37:21.235966 [22;36m INFO[0m UNKEYBEHIND 35,limit:0 - rtmpquic.go:284
2026/03/12 14:37:21.235969 [22;34mDEBUG[0m 35 p frame 5342 - rtmpquic.go:294
2026/03/12 14:37:21.236045 [22;34mDEBUG[0m 
chunk:337 chunk-dur:34ms, timestamp:11200 - rtmpquic.go:220
2026/03/12 14:37:21.267769 [22;34mDEBUG[0m Return monitor from  scheduler : , bw flag : false, limit : 0 - rtmpquic.go:249
2026/03/12 14:37:21.267788 [22;36m INFO[0m IframeComing false, resideSizeInGOP 362443, meanGOP 1.399066e+06, meanI 268136, curgop 1036623, curI 191786 - rtmpquic.go:283
2026/03/12 14:37:21.267792 [22;36m INFO[0m UNKEYBEHIND 36,limit:0 - rtmpquic.go:284
2026/03/12 14:37:21.267795 [22;34mDEBUG[0m 36 p frame 64033 - rtmpquic.go:294
2026/03/12 14:37:21.267809 [22;34mDEBUG[0m 
chunk:338 chunk-dur:31ms, timestamp:11234 - rtmpquic.go:220
2026/03/12 14:37:21.302198 [22;34mDEBUG[0m Return monitor from  scheduler : , bw flag : false, limit : 0 - rtmpquic.go:249
2026/03/12 14:37:21.302215 [22;36m INFO[0m IframeComing false, resideSizeInGOP 351346, meanGOP 1.399066e+06, meanI 268136, curgop 1047720, curI 191786 - rtmpquic.go:283
2026/03/12 14:37:21.302218 [22;36m INFO[0m UNKEYBEHIND 37,limit:0 - rtmpquic.go:284
2026/03/12 14:37:21.302221 [22;34mDEBUG[0m 37 p frame 11097 - rtmpquic.go:294
2026/03/12 14:37:21.302242 [22;34mDEBUG[0m 
chunk:339 chunk-dur:35ms, timestamp:11267 - rtmpquic.go:220
2026/03/12 14:37:21.334747 [22;34mDEBUG[0m Return monitor from  scheduler : , bw flag : false, limit : 0 - rtmpquic.go:249
2026/03/12 14:37:21.334766 [22;36m INFO[0m IframeComing false, resideSizeInGOP 344952, meanGOP 1.399066e+06, meanI 268136, curgop 1054114, curI 191786 - rtmpquic.go:283
2026/03/12 14:37:21.334770 [22;36m INFO[0m UNKEYBEHIND 38,limit:0 - rtmpquic.go:284
2026/03/12 14:37:21.334773 [22;34mDEBUG[0m 38 p frame 6394 - rtmpquic.go:294
2026/03/12 14:37:21.334799 [22;34mDEBUG[0m 
chunk:340 chunk-dur:32ms, timestamp:11300 - rtmpquic.go:220
2026/03/12 14:37:21.368523 [22;34mDEBUG[0m Return monitor from  scheduler : , bw flag : false, limit : 0 - rtmpquic.go:249
2026/03/12 14:37:21.368958 [22;36m INFO[0m IframeComing false, resideSizeInGOP 339865, meanGOP 1.399066e+06, meanI 268136, curgop 1059201, curI 191786 - rtmpquic.go:283
2026/03/12 14:37:21.368966 [22;36m INFO[0m UNKEYBEHIND 39,limit:0 - rtmpquic.go:284
2026/03/12 14:37:21.368970 [22;34mDEBUG[0m 39 p frame 5087 - rtmpquic.go:294
2026/03/12 14:37:21.369064 [22;34mDEBUG[0m 
chunk:341 chunk-dur:35ms, timestamp:11334 - rtmpquic.go:220
2026/03/12 14:37:21.401294 [22;34mDEBUG[0m Return monitor from  scheduler : , bw flag : false, limit : 0 - rtmpquic.go:249
2026/03/12 14:37:21.401325 [22;36m INFO[0m IframeComing false, resideSizeInGOP 290704, meanGOP 1.399066e+06, meanI 268136, curgop 1108362, curI 191786 - rtmpquic.go:283
2026/03/12 14:37:21.401332 [22;36m INFO[0m UNKEYBEHIND 40,limit:0 - rtmpquic.go:284
2026/03/12 14:37:21.401336 [22;34mDEBUG[0m 40 p frame 49161 - rtmpquic.go:294
2026/03/12 14:37:21.401358 [22;34mDEBUG[0m 
chunk:342 chunk-dur:32ms, timestamp:11367 - rtmpquic.go:220
2026/03/12 14:37:21.435045 [22;34mDEBUG[0m Return monitor from  scheduler : , bw flag : false, limit : 0 - rtmpquic.go:249
2026/03/12 14:37:21.435061 [22;36m INFO[0m IframeComing false, resideSizeInGOP 281376, meanGOP 1.399066e+06, meanI 268136, curgop 1117690, curI 191786 - rtmpquic.go:283
2026/03/12 14:37:21.435065 [22;36m INFO[0m UNKEYBEHIND 41,limit:0 - rtmpquic.go:284
2026/03/12 14:37:21.435069 [22;34mDEBUG[0m 41 p frame 9328 - rtmpquic.go:294
2026/03/12 14:37:21.435076 [22;34mDEBUG[0m 
chunk:343 chunk-dur:34ms, timestamp:11400 - rtmpquic.go:220
2026/03/12 14:37:21.467701 [22;34mDEBUG[0m Return monitor from  scheduler : , bw flag : false, limit : 0 - rtmpquic.go:249
2026/03/12 14:37:21.467720 [22;36m INFO[0m IframeComing false, resideSizeInGOP 276143, meanGOP 1.399066e+06, meanI 268136, curgop 1122923, curI 191786 - rtmpquic.go:283
2026/03/12 14:37:21.467728 [22;36m INFO[0m UNKEYBEHIND 42,limit:0 - rtmpquic.go:284
2026/03/12 14:37:21.467732 [22;34mDEBUG[0m 42 p frame 5233 - rtmpquic.go:294
2026/03/12 14:37:21.467758 [22;34mDEBUG[0m 
chunk:344 chunk-dur:32ms, timestamp:11434 - rtmpquic.go:220
2026/03/12 14:37:21.503403 [22;34mDEBUG[0m Return monitor from  scheduler : , bw flag : false, limit : 0 - rtmpquic.go:249
2026/03/12 14:37:21.503428 [22;36m INFO[0m IframeComing false, resideSizeInGOP 271629, meanGOP 1.399066e+06, meanI 268136, curgop 1127437, curI 191786 - rtmpquic.go:283
2026/03/12 14:37:21.503432 [22;36m INFO[0m UNKEYBEHIND 43,limit:0 - rtmpquic.go:284
2026/03/12 14:37:21.503435 [22;34mDEBUG[0m 43 p frame 4514 - rtmpquic.go:294
2026/03/12 14:37:21.503502 [22;34mDEBUG[0m 
chunk:345 chunk-dur:36ms, timestamp:11467 - rtmpquic.go:220
2026/03/12 14:37:21.534595 [22;34mDEBUG[0m Return monitor from  scheduler : , bw flag : false, limit : 0 - rtmpquic.go:249
2026/03/12 14:37:21.534614 [22;36m INFO[0m IframeComing false, resideSizeInGOP 225353, meanGOP 1.399066e+06, meanI 268136, curgop 1173713, curI 191786 - rtmpquic.go:283
2026/03/12 14:37:21.534618 [22;36m INFO[0m UNKEYBEHIND 44,limit:0 - rtmpquic.go:284
2026/03/12 14:37:21.534622 [22;34mDEBUG[0m 44 p frame 46276 - rtmpquic.go:294
2026/03/12 14:37:21.534646 [22;34mDEBUG[0m 
chunk:346 chunk-dur:31ms, timestamp:11500 - rtmpquic.go:220
2026/03/12 14:37:21.568206 [22;34mDEBUG[0m Return monitor from  scheduler : , bw flag : false, limit : 0 - rtmpquic.go:249
2026/03/12 14:37:21.568258 [22;36m INFO[0m IframeComing false, resideSizeInGOP 215939, meanGOP 1.399066e+06, meanI 268136, curgop 1183127, curI 191786 - rtmpquic.go:283
2026/03/12 14:37:21.568266 [22;36m INFO[0m UNKEYBEHIND 45,limit:0 - rtmpquic.go:284
2026/03/12 14:37:21.568276 [22;34mDEBUG[0m 45 p frame 9414 - rtmpquic.go:294
2026/03/12 14:37:21.568284 [22;34mDEBUG[0m 
chunk:347 chunk-dur:34ms, timestamp:11534 - rtmpquic.go:220
2026/03/12 14:37:21.601921 [22;34mDEBUG[0m Return monitor from  scheduler : , bw flag : false, limit : 0 - rtmpquic.go:249
2026/03/12 14:37:21.601941 [22;36m INFO[0m IframeComing false, resideSizeInGOP 210786, meanGOP 1.399066e+06, meanI 268136, curgop 1188280, curI 191786 - rtmpquic.go:283
2026/03/12 14:37:21.601945 [22;36m INFO[0m UNKEYBEHIND 46,limit:0 - rtmpquic.go:284
2026/03/12 14:37:21.601948 [22;34mDEBUG[0m 46 p frame 5153 - rtmpquic.go:294
2026/03/12 14:37:21.601956 [22;34mDEBUG[0m 
chunk:348 chunk-dur:33ms, timestamp:11567 - rtmpquic.go:220
2026/03/12 14:37:21.636562 [22;34mDEBUG[0m Return monitor from  scheduler : , bw flag : false, limit : 0 - rtmpquic.go:249
2026/03/12 14:37:21.636588 [22;36m INFO[0m IframeComing false, resideSizeInGOP 206363, meanGOP 1.399066e+06, meanI 268136, curgop 1192703, curI 191786 - rtmpquic.go:283
2026/03/12 14:37:21.636592 [22;36m INFO[0m UNKEYBEHIND 47,limit:0 - rtmpquic.go:284
2026/03/12 14:37:21.636595 [22;34mDEBUG[0m 47 p frame 4423 - rtmpquic.go:294
2026/03/12 14:37:21.636675 [22;34mDEBUG[0m 
chunk:349 chunk-dur:35ms, timestamp:11600 - rtmpquic.go:220
2026/03/12 14:37:21.668948 [22;34mDEBUG[0m Return monitor from  scheduler : , bw flag : false, limit : 0 - rtmpquic.go:249
2026/03/12 14:37:21.668977 [22;36m INFO[0m IframeComing false, resideSizeInGOP 148564, meanGOP 1.399066e+06, meanI 268136, curgop 1250502, curI 191786 - rtmpquic.go:283
2026/03/12 14:37:21.668981 [22;36m INFO[0m UNKEYBEHIND 48,limit:0 - rtmpquic.go:284
2026/03/12 14:37:21.668985 [22;34mDEBUG[0m 48 p frame 57799 - rtmpquic.go:294
2026/03/12 14:37:21.669012 [22;34mDEBUG[0m 
chunk:350 chunk-dur:33ms, timestamp:11634 - rtmpquic.go:220
2026/03/12 14:37:21.701960 [22;34mDEBUG[0m Return monitor from  scheduler : , bw flag : false, limit : 0 - rtmpquic.go:249
2026/03/12 14:37:21.701983 [22;36m INFO[0m IframeComing false, resideSizeInGOP 139046, meanGOP 1.399066e+06, meanI 268136, curgop 1260020, curI 191786 - rtmpquic.go:283
2026/03/12 14:37:21.701988 [22;36m INFO[0m UNKEYBEHIND 49,limit:0 - rtmpquic.go:284
2026/03/12 14:37:21.701991 [22;34mDEBUG[0m 49 p frame 9518 - rtmpquic.go:294
2026/03/12 14:37:21.701999 [22;34mDEBUG[0m 
chunk:351 chunk-dur:32ms, timestamp:11667 - rtmpquic.go:220
2026/03/12 14:37:21.735811 [22;34mDEBUG[0m Return monitor from  scheduler : , bw flag : false, limit : 0 - rtmpquic.go:249
2026/03/12 14:37:21.735830 [22;36m INFO[0m IframeComing false, resideSizeInGOP 133940, meanGOP 1.399066e+06, meanI 268136, curgop 1265126, curI 191786 - rtmpquic.go:283
2026/03/12 14:37:21.735834 [22;36m INFO[0m UNKEYBEHIND 50,limit:0 - rtmpquic.go:284
2026/03/12 14:37:21.735837 [22;34mDEBUG[0m 50 p frame 5106 - rtmpquic.go:294
2026/03/12 14:37:21.735855 [22;34mDEBUG[0m 
chunk:352 chunk-dur:34ms, timestamp:11700 - rtmpquic.go:220
2026/03/12 14:37:21.768125 [22;34mDEBUG[0m Return monitor from  scheduler : , bw flag : false, limit : 0 - rtmpquic.go:249
2026/03/12 14:37:21.768178 [22;36m INFO[0m IframeComing false, resideSizeInGOP 128993, meanGOP 1.399066e+06, meanI 268136, curgop 1270073, curI 191786 - rtmpquic.go:283
2026/03/12 14:37:21.768187 [22;36m INFO[0m UNKEYBEHIND 51,limit:0 - rtmpquic.go:284
2026/03/12 14:37:21.768194 [22;34mDEBUG[0m 51 p frame 4947 - rtmpquic.go:294
2026/03/12 14:37:21.768257 [22;34mDEBUG[0m 
chunk:353 chunk-dur:33ms, timestamp:11734 - rtmpquic.go:220
2026/03/12 14:37:21.803320 [22;34mDEBUG[0m Return monitor from  scheduler : , bw flag : false, limit : 0 - rtmpquic.go:249
2026/03/12 14:37:21.803342 [22;36m INFO[0m IframeComing false, resideSizeInGOP 79430, meanGOP 1.399066e+06, meanI 268136, curgop 1319636, curI 191786 - rtmpquic.go:283
2026/03/12 14:37:21.803346 [22;36m INFO[0m UNKEYBEHIND 52,limit:0 - rtmpquic.go:284
2026/03/12 14:37:21.803349 [22;34mDEBUG[0m 52 p frame 49563 - rtmpquic.go:294
2026/03/12 14:37:21.803405 [22;34mDEBUG[0m 
chunk:354 chunk-dur:35ms, timestamp:11767 - rtmpquic.go:220
2026/03/12 14:37:21.835590 [22;34mDEBUG[0m Return monitor from  scheduler : , bw flag : false, limit : 0 - rtmpquic.go:249
2026/03/12 14:37:21.835614 [22;36m INFO[0m IframeComing true, resideSizeInGOP 70922, meanGOP 1.399066e+06, meanI 268136, curgop 1328144, curI 191786 - rtmpquic.go:283
2026/03/12 14:37:21.835618 [22;36m INFO[0m UNKEYBEHIND 53,limit:0 - rtmpquic.go:284
2026/03/12 14:37:21.835622 [22;34mDEBUG[0m 53 p frame 8508 - rtmpquic.go:294
2026/03/12 14:37:21.835672 [22;34mDEBUG[0m 
chunk:355 chunk-dur:32ms, timestamp:11800 - rtmpquic.go:220
2026/03/12 14:37:21.868797 [22;34mDEBUG[0m Return monitor from  scheduler : , bw flag : false, limit : 0 - rtmpquic.go:249
2026/03/12 14:37:21.868821 [22;36m INFO[0m IframeComing true, resideSizeInGOP 66211, meanGOP 1.399066e+06, meanI 268136, curgop 1332855, curI 191786 - rtmpquic.go:283
2026/03/12 14:37:21.868826 [22;36m INFO[0m UNKEYBEHIND 54,limit:0 - rtmpquic.go:284
2026/03/12 14:37:21.868829 [22;34mDEBUG[0m 54 p frame 4711 - rtmpquic.go:294
2026/03/12 14:37:21.868849 [22;34mDEBUG[0m 
chunk:356 chunk-dur:33ms, timestamp:11834 - rtmpquic.go:220
2026/03/12 14:37:21.902345 [22;34mDEBUG[0m Return monitor from  scheduler : , bw flag : false, limit : 0 - rtmpquic.go:249
2026/03/12 14:37:21.902371 [22;36m INFO[0m IframeComing true, resideSizeInGOP 61914, meanGOP 1.399066e+06, meanI 268136, curgop 1337152, curI 191786 - rtmpquic.go:283
2026/03/12 14:37:21.902376 [22;36m INFO[0m UNKEYBEHIND 55,limit:0 - rtmpquic.go:284
2026/03/12 14:37:21.902379 [22;34mDEBUG[0m 55 p frame 4297 - rtmpquic.go:294
2026/03/12 14:37:21.902580 [22;34mDEBUG[0m 
chunk:357 chunk-dur:34ms, timestamp:11867 - rtmpquic.go:220
2026/03/12 14:37:21.935127 [22;34mDEBUG[0m Return monitor from  scheduler : , bw flag : false, limit : 0 - rtmpquic.go:249
2026/03/12 14:37:21.935162 [22;36m INFO[0m IframeComing true, resideSizeInGOP 9281, meanGOP 1.399066e+06, meanI 268136, curgop 1389785, curI 191786 - rtmpquic.go:283
2026/03/12 14:37:21.935171 [22;36m INFO[0m UNKEYBEHIND 56,limit:0 - rtmpquic.go:284
2026/03/12 14:37:21.935176 [22;34mDEBUG[0m 56 p frame 52633 - rtmpquic.go:294
2026/03/12 14:37:21.935192 [22;34mDEBUG[0m 
chunk:358 chunk-dur:33ms, timestamp:11900 - rtmpquic.go:220
2026/03/12 14:37:21.967943 [22;34mDEBUG[0m Return monitor from  scheduler : , bw flag : false, limit : 0 - rtmpquic.go:249
2026/03/12 14:37:21.967967 [22;36m INFO[0m IframeComing true, resideSizeInGOP 832, meanGOP 1.399066e+06, meanI 268136, curgop 1398234, curI 191786 - rtmpquic.go:283
2026/03/12 14:37:21.967971 [22;36m INFO[0m UNKEYBEHIND 57,limit:0 - rtmpquic.go:284
2026/03/12 14:37:21.967975 [22;34mDEBUG[0m 57 p frame 8449 - rtmpquic.go:294
2026/03/12 14:37:21.968037 [22;34mDEBUG[0m 
chunk:359 chunk-dur:33ms, timestamp:11934 - rtmpquic.go:220
2026/03/12 14:37:22.002076 [22;34mDEBUG[0m Return monitor from  scheduler : , bw flag : false, limit : 0 - rtmpquic.go:249
2026/03/12 14:37:22.002105 [22;36m INFO[0m IframeComing true, resideSizeInGOP -3611, meanGOP 1.399066e+06, meanI 268136, curgop 1402677, curI 191786 - rtmpquic.go:283
2026/03/12 14:37:22.002110 [22;36m INFO[0m UNKEYBEHIND 58,limit:0 - rtmpquic.go:284
2026/03/12 14:37:22.002114 [22;34mDEBUG[0m 58 p frame 4443 - rtmpquic.go:294
2026/03/12 14:37:22.002137 [22;34mDEBUG[0m 
chunk:360 chunk-dur:34ms, timestamp:11967 - rtmpquic.go:220
2026/03/12 14:37:22.034786 [22;34mDEBUG[0m Return monitor from  scheduler : , bw flag : false, limit : 0 - rtmpquic.go:249
2026/03/12 14:37:22.034818 [22;36m INFO[0m IframeComing true, resideSizeInGOP -7643, meanGOP 1.399066e+06, meanI 268136, curgop 1406709, curI 191786 - rtmpquic.go:283
2026/03/12 14:37:22.034823 [22;36m INFO[0m UNKEYBEHIND 59,limit:0 - rtmpquic.go:284
2026/03/12 14:37:22.034826 [22;34mDEBUG[0m 59 p frame 4032 - rtmpquic.go:294
2026/03/12 14:37:22.035210 [22;34mDEBUG[0m 
chunk:361 chunk-dur:33ms, timestamp:12000 - rtmpquic.go:220
2026/03/12 14:37:22.068128 [22;34mDEBUG[0m Return monitor from  scheduler : , bw flag : false, limit : 0 - rtmpquic.go:249
key tag 277045
2026/03/12 14:37:22.068179 [22;34mDEBUG[0m 7 I frame 277045 - rtmpquic.go:275
2026/03/12 14:37:22.068254 [22;34mDEBUG[0m 
chunk:362 chunk-dur:33ms, timestamp:12034 - rtmpquic.go:220
2026/03/12 14:37:22.072843 [22;34mDEBUG[0m bitrate:3.961996 Mbps - client_session.go:438
2026/03/12 14:37:22.101618 [22;34mDEBUG[0m Return monitor from  scheduler : , bw flag : false, limit : 0 - rtmpquic.go:249
2026/03/12 14:37:22.101647 [22;36m INFO[0m IframeComing false, resideSizeInGOP 1.075516e+06, meanGOP 1.40034e+06, meanI 255411, curgop 324824, curI 277045 - rtmpquic.go:283
2026/03/12 14:37:22.101652 [22;36m INFO[0m UNKEYBEHIND 1,limit:0 - rtmpquic.go:284
2026/03/12 14:37:22.101655 [22;34mDEBUG[0m 1 p frame 47779 - rtmpquic.go:294
2026/03/12 14:37:22.101670 [22;34mDEBUG[0m 
chunk:363 chunk-dur:33ms, timestamp:12067 - rtmpquic.go:220
2026/03/12 14:37:22.135556 [22;34mDEBUG[0m Return monitor from  scheduler : , bw flag : false, limit : 0 - rtmpquic.go:249
2026/03/12 14:37:22.135581 [22;36m INFO[0m IframeComing false, resideSizeInGOP 1.070438e+06, meanGOP 1.40034e+06, meanI 255411, curgop 329902, curI 277045 - rtmpquic.go:283
2026/03/12 14:37:22.135585 [22;36m INFO[0m UNKEYBEHIND 2,limit:0 - rtmpquic.go:284
2026/03/12 14:37:22.135589 [22;34mDEBUG[0m 2 p frame 5078 - rtmpquic.go:294
2026/03/12 14:37:22.135635 [22;34mDEBUG[0m 
chunk:364 chunk-dur:34ms, timestamp:12100 - rtmpquic.go:220
2026/03/12 14:37:22.168724 [22;34mDEBUG[0m Return monitor from  scheduler : , bw flag : false, limit : 0 - rtmpquic.go:249
2026/03/12 14:37:22.168747 [22;36m INFO[0m IframeComing false, resideSizeInGOP 1.067506e+06, meanGOP 1.40034e+06, meanI 255411, curgop 332834, curI 277045 - rtmpquic.go:283
2026/03/12 14:37:22.168752 [22;36m INFO[0m UNKEYBEHIND 3,limit:0 - rtmpquic.go:284
2026/03/12 14:37:22.168755 [22;34mDEBUG[0m 3 p frame 2932 - rtmpquic.go:294
2026/03/12 14:37:22.168774 [22;34mDEBUG[0m 
chunk:365 chunk-dur:33ms, timestamp:12134 - rtmpquic.go:220
2026/03/12 14:37:22.202085 [22;34mDEBUG[0m Return monitor from  scheduler : , bw flag : false, limit : 0 - rtmpquic.go:249
2026/03/12 14:37:22.202117 [22;36m INFO[0m IframeComing false, resideSizeInGOP 1.064202e+06, meanGOP 1.40034e+06, meanI 255411, curgop 336138, curI 277045 - rtmpquic.go:283
2026/03/12 14:37:22.202121 [22;36m INFO[0m UNKEYBEHIND 4,limit:0 - rtmpquic.go:284
2026/03/12 14:37:22.202126 [22;34mDEBUG[0m 4 p frame 3304 - rtmpquic.go:294
2026/03/12 14:37:22.202178 [22;34mDEBUG[0m 
chunk:366 chunk-dur:34ms, timestamp:12167 - rtmpquic.go:220
2026/03/12 14:37:22.235157 [22;34mDEBUG[0m Return monitor from  scheduler : , bw flag : false, limit : 0 - rtmpquic.go:249
2026/03/12 14:37:22.235181 [22;36m INFO[0m IframeComing false, resideSizeInGOP 1.016463e+06, meanGOP 1.40034e+06, meanI 255411, curgop 383877, curI 277045 - rtmpquic.go:283
2026/03/12 14:37:22.235185 [22;36m INFO[0m UNKEYBEHIND 5,limit:0 - rtmpquic.go:284
2026/03/12 14:37:22.235188 [22;34mDEBUG[0m 5 p frame 47739 - rtmpquic.go:294
2026/03/12 14:37:22.235232 [22;34mDEBUG[0m 
chunk:367 chunk-dur:33ms, timestamp:12200 - rtmpquic.go:220
2026/03/12 14:37:22.268035 [22;34mDEBUG[0m Return monitor from  scheduler : , bw flag : false, limit : 0 - rtmpquic.go:249
2026/03/12 14:37:22.268071 [22;36m INFO[0m IframeComing false, resideSizeInGOP 1.00708e+06, meanGOP 1.40034e+06, meanI 255411, curgop 393260, curI 277045 - rtmpquic.go:283
2026/03/12 14:37:22.268075 [22;36m INFO[0m UNKEYBEHIND 6,limit:0 - rtmpquic.go:284
2026/03/12 14:37:22.268079 [22;34mDEBUG[0m 6 p frame 9383 - rtmpquic.go:294
2026/03/12 14:37:22.268091 [22;34mDEBUG[0m 
chunk:368 chunk-dur:33ms, timestamp:12234 - rtmpquic.go:220
2026/03/12 14:37:22.301917 [22;34mDEBUG[0m Return monitor from  scheduler : , bw flag : false, limit : 0 - rtmpquic.go:249
2026/03/12 14:37:22.301942 [22;36m INFO[0m IframeComing false, resideSizeInGOP 1.003822e+06, meanGOP 1.40034e+06, meanI 255411, curgop 396518, curI 277045 - rtmpquic.go:283
2026/03/12 14:37:22.301946 [22;36m INFO[0m UNKEYBEHIND 7,limit:0 - rtmpquic.go:284
2026/03/12 14:37:22.301950 [22;34mDEBUG[0m 7 p frame 3258 - rtmpquic.go:294
2026/03/12 14:37:22.301957 [22;34mDEBUG[0m 
chunk:369 chunk-dur:33ms, timestamp:12267 - rtmpquic.go:220
2026/03/12 14:37:22.336000 [22;34mDEBUG[0m Return monitor from  scheduler : , bw flag : false, limit : 0 - rtmpquic.go:249
2026/03/12 14:37:22.336033 [22;36m INFO[0m IframeComing false, resideSizeInGOP 1.000556e+06, meanGOP 1.40034e+06, meanI 255411, curgop 399784, curI 277045 - rtmpquic.go:283
2026/03/12 14:37:22.336038 [22;36m INFO[0m UNKEYBEHIND 8,limit:0 - rtmpquic.go:284
2026/03/12 14:37:22.336042 [22;34mDEBUG[0m 8 p frame 3266 - rtmpquic.go:294
2026/03/12 14:37:22.336110 [22;34mDEBUG[0m 
chunk:370 chunk-dur:35ms, timestamp:12300 - rtmpquic.go:220
2026/03/12 14:37:22.367937 [22;34mDEBUG[0m Return monitor from  scheduler : , bw flag : false, limit : 0 - rtmpquic.go:249
2026/03/12 14:37:22.368009 [22;36m INFO[0m IframeComing false, resideSizeInGOP 949807, meanGOP 1.40034e+06, meanI 255411, curgop 450533, curI 277045 - rtmpquic.go:283
2026/03/12 14:37:22.368014 [22;36m INFO[0m UNKEYBEHIND 9,limit:0 - rtmpquic.go:284
2026/03/12 14:37:22.368018 [22;34mDEBUG[0m 9 p frame 50749 - rtmpquic.go:294
2026/03/12 14:37:22.368053 [22;34mDEBUG[0m 
chunk:371 chunk-dur:32ms, timestamp:12334 - rtmpquic.go:220
2026/03/12 14:37:22.402760 [22;34mDEBUG[0m Return monitor from  scheduler : , bw flag : false, limit : 0 - rtmpquic.go:249
2026/03/12 14:37:22.402796 [22;36m INFO[0m IframeComing false, resideSizeInGOP 938264, meanGOP 1.40034e+06, meanI 255411, curgop 462076, curI 277045 - rtmpquic.go:283
2026/03/12 14:37:22.402801 [22;36m INFO[0m UNKEYBEHIND 10,limit:0 - rtmpquic.go:284
2026/03/12 14:37:22.402804 [22;34mDEBUG[0m 10 p frame 11543 - rtmpquic.go:294
2026/03/12 14:37:22.402815 [22;34mDEBUG[0m 
chunk:372 chunk-dur:34ms, timestamp:12367 - rtmpquic.go:220
2026/03/12 14:37:22.435601 [22;34mDEBUG[0m Return monitor from  scheduler : , bw flag : false, limit : 0 - rtmpquic.go:249
2026/03/12 14:37:22.435627 [22;36m INFO[0m IframeComing false, resideSizeInGOP 933493, meanGOP 1.40034e+06, meanI 255411, curgop 466847, curI 277045 - rtmpquic.go:283
2026/03/12 14:37:22.435632 [22;36m INFO[0m UNKEYBEHIND 11,limit:0 - rtmpquic.go:284
2026/03/12 14:37:22.435635 [22;34mDEBUG[0m 11 p frame 4771 - rtmpquic.go:294
2026/03/12 14:37:22.435692 [22;34mDEBUG[0m 
chunk:373 chunk-dur:33ms, timestamp:12400 - rtmpquic.go:220
2026/03/12 14:37:22.469434 [22;34mDEBUG[0m Return monitor from  scheduler : , bw flag : false, limit : 0 - rtmpquic.go:249
2026/03/12 14:37:22.469468 [22;36m INFO[0m IframeComing false, resideSizeInGOP 929533, meanGOP 1.40034e+06, meanI 255411, curgop 470807, curI 277045 - rtmpquic.go:283
2026/03/12 14:37:22.469472 [22;36m INFO[0m UNKEYBEHIND 12,limit:0 - rtmpquic.go:284
2026/03/12 14:37:22.469476 [22;34mDEBUG[0m 12 p frame 3960 - rtmpquic.go:294
2026/03/12 14:37:22.469547 [22;34mDEBUG[0m 
chunk:374 chunk-dur:34ms, timestamp:12434 - rtmpquic.go:220
2026/03/12 14:37:22.503234 [22;34mDEBUG[0m Return monitor from  scheduler : , bw flag : false, limit : 0 - rtmpquic.go:249
2026/03/12 14:37:22.503271 [22;36m INFO[0m IframeComing false, resideSizeInGOP 882173, meanGOP 1.40034e+06, meanI 255411, curgop 518167, curI 277045 - rtmpquic.go:283
2026/03/12 14:37:22.503275 [22;36m INFO[0m UNKEYBEHIND 13,limit:0 - rtmpquic.go:284
2026/03/12 14:37:22.503278 [22;34mDEBUG[0m 13 p frame 47360 - rtmpquic.go:294
2026/03/12 14:37:22.503322 [22;34mDEBUG[0m 
chunk:375 chunk-dur:34ms, timestamp:12467 - rtmpquic.go:220
2026/03/12 14:37:22.535225 [22;34mDEBUG[0m Return monitor from  scheduler : , bw flag : false, limit : 0 - rtmpquic.go:249
2026/03/12 14:37:22.535268 [22;36m INFO[0m IframeComing false, resideSizeInGOP 869734, meanGOP 1.40034e+06, meanI 255411, curgop 530606, curI 277045 - rtmpquic.go:283
2026/03/12 14:37:22.535277 [22;36m INFO[0m UNKEYBEHIND 14,limit:0 - rtmpquic.go:284
2026/03/12 14:37:22.535281 [22;34mDEBUG[0m 14 p frame 12439 - rtmpquic.go:294
2026/03/12 14:37:22.535319 [22;34mDEBUG[0m 
chunk:376 chunk-dur:32ms, timestamp:12500 - rtmpquic.go:220
2026/03/12 14:37:22.568835 [22;34mDEBUG[0m Return monitor from  scheduler : , bw flag : false, limit : 0 - rtmpquic.go:249
2026/03/12 14:37:22.568912 [22;36m INFO[0m IframeComing false, resideSizeInGOP 864713, meanGOP 1.40034e+06, meanI 255411, curgop 535627, curI 277045 - rtmpquic.go:283
2026/03/12 14:37:22.568929 [22;36m INFO[0m UNKEYBEHIND 15,limit:0 - rtmpquic.go:284
2026/03/12 14:37:22.568933 [22;34mDEBUG[0m 15 p frame 5021 - rtmpquic.go:294
2026/03/12 14:37:22.568953 [22;34mDEBUG[0m 
chunk:377 chunk-dur:33ms, timestamp:12534 - rtmpquic.go:220
2026/03/12 14:37:22.603699 [22;34mDEBUG[0m Return monitor from  scheduler : , bw flag : false, limit : 0 - rtmpquic.go:249
2026/03/12 14:37:22.603728 [22;36m INFO[0m IframeComing false, resideSizeInGOP 859956, meanGOP 1.40034e+06, meanI 255411, curgop 540384, curI 277045 - rtmpquic.go:283
2026/03/12 14:37:22.603732 [22;36m INFO[0m UNKEYBEHIND 16,limit:0 - rtmpquic.go:284
2026/03/12 14:37:22.603750 [22;34mDEBUG[0m 16 p frame 4757 - rtmpquic.go:294
2026/03/12 14:37:22.603947 [22;34mDEBUG[0m 
chunk:378 chunk-dur:35ms, timestamp:12567 - rtmpquic.go:220
2026/03/12 14:37:22.635800 [22;34mDEBUG[0m Return monitor from  scheduler : , bw flag : false, limit : 0 - rtmpquic.go:249
2026/03/12 14:37:22.635829 [22;36m INFO[0m IframeComing false, resideSizeInGOP 795569, meanGOP 1.40034e+06, meanI 255411, curgop 604771, curI 277045 - rtmpquic.go:283
2026/03/12 14:37:22.635833 [22;36m INFO[0m UNKEYBEHIND 17,limit:0 - rtmpquic.go:284
2026/03/12 14:37:22.635837 [22;34mDEBUG[0m 17 p frame 64387 - rtmpquic.go:294
2026/03/12 14:37:22.635910 [22;34mDEBUG[0m 
chunk:379 chunk-dur:32ms, timestamp:12600 - rtmpquic.go:220
2026/03/12 14:37:22.668627 [22;34mDEBUG[0m Return monitor from  scheduler : , bw flag : false, limit : 0 - rtmpquic.go:249
2026/03/12 14:37:22.668645 [22;36m INFO[0m IframeComing false, resideSizeInGOP 783290, meanGOP 1.40034e+06, meanI 255411, curgop 617050, curI 277045 - rtmpquic.go:283
2026/03/12 14:37:22.668649 [22;36m INFO[0m UNKEYBEHIND 18,limit:0 - rtmpquic.go:284
2026/03/12 14:37:22.668652 [22;34mDEBUG[0m 18 p frame 12279 - rtmpquic.go:294
2026/03/12 14:37:22.668672 [22;34mDEBUG[0m 
chunk:380 chunk-dur:33ms, timestamp:12634 - rtmpquic.go:220
2026/03/12 14:37:22.702452 [22;34mDEBUG[0m Return monitor from  scheduler : , bw flag : false, limit : 0 - rtmpquic.go:249
2026/03/12 14:37:22.702473 [22;36m INFO[0m IframeComing false, resideSizeInGOP 778154, meanGOP 1.40034e+06, meanI 255411, curgop 622186, curI 277045 - rtmpquic.go:283
2026/03/12 14:37:22.702477 [22;36m INFO[0m UNKEYBEHIND 19,limit:0 - rtmpquic.go:284
2026/03/12 14:37:22.702481 [22;34mDEBUG[0m 19 p frame 5136 - rtmpquic.go:294
2026/03/12 14:37:22.702495 [22;34mDEBUG[0m 
chunk:381 chunk-dur:34ms, timestamp:12667 - rtmpquic.go:220
2026/03/12 14:37:22.734783 [22;34mDEBUG[0m Return monitor from  scheduler : , bw flag : false, limit : 0 - rtmpquic.go:249
2026/03/12 14:37:22.734807 [22;36m INFO[0m IframeComing false, resideSizeInGOP 772905, meanGOP 1.40034e+06, meanI 255411, curgop 627435, curI 277045 - rtmpquic.go:283
2026/03/12 14:37:22.734810 [22;36m INFO[0m UNKEYBEHIND 20,limit:0 - rtmpquic.go:284
2026/03/12 14:37:22.734814 [22;34mDEBUG[0m 20 p frame 5249 - rtmpquic.go:294
2026/03/12 14:37:22.734920 [22;34mDEBUG[0m 
chunk:382 chunk-dur:32ms, timestamp:12700 - rtmpquic.go:220
2026/03/12 14:37:22.768118 [22;34mDEBUG[0m Return monitor from  scheduler : , bw flag : false, limit : 0 - rtmpquic.go:249
2026/03/12 14:37:22.768143 [22;36m INFO[0m IframeComing false, resideSizeInGOP 725410, meanGOP 1.40034e+06, meanI 255411, curgop 674930, curI 277045 - rtmpquic.go:283
2026/03/12 14:37:22.768147 [22;36m INFO[0m UNKEYBEHIND 21,limit:0 - rtmpquic.go:284
2026/03/12 14:37:22.768150 [22;34mDEBUG[0m 21 p frame 47495 - rtmpquic.go:294
2026/03/12 14:37:22.768178 [22;34mDEBUG[0m 
chunk:383 chunk-dur:34ms, timestamp:12734 - rtmpquic.go:220
2026/03/12 14:37:22.801896 [22;34mDEBUG[0m Return monitor from  scheduler : , bw flag : false, limit : 0 - rtmpquic.go:249
2026/03/12 14:37:22.801953 [22;36m INFO[0m IframeComing false, resideSizeInGOP 716393, meanGOP 1.40034e+06, meanI 255411, curgop 683947, curI 277045 - rtmpquic.go:283
2026/03/12 14:37:22.801968 [22;36m INFO[0m UNKEYBEHIND 22,limit:0 - rtmpquic.go:284
2026/03/12 14:37:22.801972 [22;34mDEBUG[0m 22 p frame 9017 - rtmpquic.go:294
2026/03/12 14:37:22.801984 [22;34mDEBUG[0m 
chunk:384 chunk-dur:33ms, timestamp:12767 - rtmpquic.go:220
2026/03/12 14:37:22.836617 [22;34mDEBUG[0m Return monitor from  scheduler : , bw flag : false, limit : 0 - rtmpquic.go:249
2026/03/12 14:37:22.836642 [22;36m INFO[0m IframeComing false, resideSizeInGOP 711848, meanGOP 1.40034e+06, meanI 255411, curgop 688492, curI 277045 - rtmpquic.go:283
2026/03/12 14:37:22.836647 [22;36m INFO[0m UNKEYBEHIND 23,limit:0 - rtmpquic.go:284
2026/03/12 14:37:22.836650 [22;34mDEBUG[0m 23 p frame 4545 - rtmpquic.go:294
2026/03/12 14:37:22.836666 [22;34mDEBUG[0m 
chunk:385 chunk-dur:35ms, timestamp:12800 - rtmpquic.go:220
2026/03/12 14:37:22.871922 [22;34mDEBUG[0m Return monitor from  scheduler : , bw flag : false, limit : 0 - rtmpquic.go:249
2026/03/12 14:37:22.871950 [22;36m INFO[0m IframeComing false, resideSizeInGOP 707701, meanGOP 1.40034e+06, meanI 255411, curgop 692639, curI 277045 - rtmpquic.go:283
2026/03/12 14:37:22.871954 [22;36m INFO[0m UNKEYBEHIND 24,limit:0 - rtmpquic.go:284
2026/03/12 14:37:22.871959 [22;34mDEBUG[0m 24 p frame 4147 - rtmpquic.go:294
2026/03/12 14:37:22.872150 [22;34mDEBUG[0m 
chunk:386 chunk-dur:36ms, timestamp:12834 - rtmpquic.go:220
2026/03/12 14:37:22.901630 [22;34mDEBUG[0m Return monitor from  scheduler : , bw flag : false, limit : 0 - rtmpquic.go:249
2026/03/12 14:37:22.901650 [22;36m INFO[0m IframeComing false, resideSizeInGOP 662939, meanGOP 1.40034e+06, meanI 255411, curgop 737401, curI 277045 - rtmpquic.go:283
2026/03/12 14:37:22.901656 [22;36m INFO[0m UNKEYBEHIND 25,limit:0 - rtmpquic.go:284
2026/03/12 14:37:22.901659 [22;34mDEBUG[0m 25 p frame 44762 - rtmpquic.go:294
2026/03/12 14:37:22.901688 [22;34mDEBUG[0m 
chunk:387 chunk-dur:29ms, timestamp:12867 - rtmpquic.go:220
2026/03/12 14:37:22.934742 [22;34mDEBUG[0m Return monitor from  scheduler : , bw flag : false, limit : 0 - rtmpquic.go:249
2026/03/12 14:37:22.934792 [22;36m INFO[0m IframeComing false, resideSizeInGOP 652481, meanGOP 1.40034e+06, meanI 255411, curgop 747859, curI 277045 - rtmpquic.go:283
2026/03/12 14:37:22.934798 [22;36m INFO[0m UNKEYBEHIND 26,limit:0 - rtmpquic.go:284
2026/03/12 14:37:22.934802 [22;34mDEBUG[0m 26 p frame 10458 - rtmpquic.go:294
2026/03/12 14:37:22.934821 [22;34mDEBUG[0m 
chunk:388 chunk-dur:33ms, timestamp:12900 - rtmpquic.go:220
2026/03/12 14:37:22.968760 [22;34mDEBUG[0m Return monitor from  scheduler : , bw flag : false, limit : 0 - rtmpquic.go:249
2026/03/12 14:37:22.968786 [22;36m INFO[0m IframeComing false, resideSizeInGOP 648057, meanGOP 1.40034e+06, meanI 255411, curgop 752283, curI 277045 - rtmpquic.go:283
2026/03/12 14:37:22.968790 [22;36m INFO[0m UNKEYBEHIND 27,limit:0 - rtmpquic.go:284
2026/03/12 14:37:22.968794 [22;34mDEBUG[0m 27 p frame 4424 - rtmpquic.go:294
2026/03/12 14:37:22.968807 [22;34mDEBUG[0m 
chunk:389 chunk-dur:34ms, timestamp:12934 - rtmpquic.go:220
2026/03/12 14:37:23.003556 [22;34mDEBUG[0m Return monitor from  scheduler : , bw flag : false, limit : 0 - rtmpquic.go:249
2026/03/12 14:37:23.003577 [22;36m INFO[0m IframeComing false, resideSizeInGOP 643188, meanGOP 1.40034e+06, meanI 255411, curgop 757152, curI 277045 - rtmpquic.go:283
2026/03/12 14:37:23.003581 [22;36m INFO[0m UNKEYBEHIND 28,limit:0 - rtmpquic.go:284
2026/03/12 14:37:23.003585 [22;34mDEBUG[0m 28 p frame 4869 - rtmpquic.go:294
2026/03/12 14:37:23.003660 [22;34mDEBUG[0m 
chunk:390 chunk-dur:35ms, timestamp:12967 - rtmpquic.go:220
2026/03/12 14:37:23.035395 [22;34mDEBUG[0m Return monitor from  scheduler : , bw flag : false, limit : 0 - rtmpquic.go:249
2026/03/12 14:37:23.035420 [22;36m INFO[0m IframeComing false, resideSizeInGOP 600245, meanGOP 1.40034e+06, meanI 255411, curgop 800095, curI 277045 - rtmpquic.go:283
2026/03/12 14:37:23.035424 [22;36m INFO[0m UNKEYBEHIND 29,limit:0 - rtmpquic.go:284
2026/03/12 14:37:23.035427 [22;34mDEBUG[0m 29 p frame 42943 - rtmpquic.go:294
2026/03/12 14:37:23.035549 [22;34mDEBUG[0m 
chunk:391 chunk-dur:32ms, timestamp:13000 - rtmpquic.go:220
2026/03/12 14:37:23.068701 [22;34mDEBUG[0m Return monitor from  scheduler : , bw flag : false, limit : 0 - rtmpquic.go:249
2026/03/12 14:37:23.068720 [22;36m INFO[0m IframeComing false, resideSizeInGOP 590448, meanGOP 1.40034e+06, meanI 255411, curgop 809892, curI 277045 - rtmpquic.go:283
2026/03/12 14:37:23.068725 [22;36m INFO[0m UNKEYBEHIND 30,limit:0 - rtmpquic.go:284
2026/03/12 14:37:23.068728 [22;34mDEBUG[0m 30 p frame 9797 - rtmpquic.go:294
2026/03/12 14:37:23.068736 [22;34mDEBUG[0m 
chunk:392 chunk-dur:33ms, timestamp:13034 - rtmpquic.go:220
2026/03/12 14:37:23.073541 [22;34mDEBUG[0m bitrate:6.174674 Mbps - client_session.go:438
2026/03/12 14:37:23.101817 [22;34mDEBUG[0m Return monitor from  scheduler : , bw flag : false, limit : 0 - rtmpquic.go:249
2026/03/12 14:37:23.101834 [22;36m INFO[0m IframeComing false, resideSizeInGOP 585996, meanGOP 1.40034e+06, meanI 255411, curgop 814344, curI 277045 - rtmpquic.go:283
2026/03/12 14:37:23.101838 [22;36m INFO[0m UNKEYBEHIND 31,limit:0 - rtmpquic.go:284
2026/03/12 14:37:23.101841 [22;34mDEBUG[0m 31 p frame 4452 - rtmpquic.go:294
2026/03/12 14:37:23.101851 [22;34mDEBUG[0m 
chunk:393 chunk-dur:33ms, timestamp:13067 - rtmpquic.go:220
2026/03/12 14:37:23.135703 [22;34mDEBUG[0m Return monitor from  scheduler : , bw flag : false, limit : 0 - rtmpquic.go:249
2026/03/12 14:37:23.135731 [22;36m INFO[0m IframeComing false, resideSizeInGOP 581995, meanGOP 1.40034e+06, meanI 255411, curgop 818345, curI 277045 - rtmpquic.go:283
2026/03/12 14:37:23.135735 [22;36m INFO[0m UNKEYBEHIND 32,limit:0 - rtmpquic.go:284
2026/03/12 14:37:23.135739 [22;34mDEBUG[0m 32 p frame 4001 - rtmpquic.go:294
2026/03/12 14:37:23.135845 [22;34mDEBUG[0m 
chunk:394 chunk-dur:34ms, timestamp:13100 - rtmpquic.go:220
2026/03/12 14:37:23.168015 [22;34mDEBUG[0m Return monitor from  scheduler : , bw flag : false, limit : 0 - rtmpquic.go:249
2026/03/12 14:37:23.168028 [22;36m INFO[0m IframeComing false, resideSizeInGOP 525743, meanGOP 1.40034e+06, meanI 255411, curgop 874597, curI 277045 - rtmpquic.go:283
2026/03/12 14:37:23.168032 [22;36m INFO[0m UNKEYBEHIND 33,limit:0 - rtmpquic.go:284
2026/03/12 14:37:23.168035 [22;34mDEBUG[0m 33 p frame 56252 - rtmpquic.go:294
2026/03/12 14:37:23.168051 [22;34mDEBUG[0m 
chunk:395 chunk-dur:33ms, timestamp:13134 - rtmpquic.go:220
2026/03/12 14:37:23.201831 [22;34mDEBUG[0m Return monitor from  scheduler : , bw flag : false, limit : 0 - rtmpquic.go:249
2026/03/12 14:37:23.201850 [22;36m INFO[0m IframeComing false, resideSizeInGOP 513144, meanGOP 1.40034e+06, meanI 255411, curgop 887196, curI 277045 - rtmpquic.go:283
2026/03/12 14:37:23.201855 [22;36m INFO[0m UNKEYBEHIND 34,limit:0 - rtmpquic.go:284
2026/03/12 14:37:23.201858 [22;34mDEBUG[0m 34 p frame 12599 - rtmpquic.go:294
2026/03/12 14:37:23.201865 [22;34mDEBUG[0m 
chunk:396 chunk-dur:33ms, timestamp:13167 - rtmpquic.go:220
2026/03/12 14:37:23.235931 [22;34mDEBUG[0m Return monitor from  scheduler : , bw flag : false, limit : 0 - rtmpquic.go:249
2026/03/12 14:37:23.235951 [22;36m INFO[0m IframeComing false, resideSizeInGOP 507744, meanGOP 1.40034e+06, meanI 255411, curgop 892596, curI 277045 - rtmpquic.go:283
2026/03/12 14:37:23.235956 [22;36m INFO[0m UNKEYBEHIND 35,limit:0 - rtmpquic.go:284
2026/03/12 14:37:23.235960 [22;34mDEBUG[0m 35 p frame 5400 - rtmpquic.go:294
2026/03/12 14:37:23.236011 [22;34mDEBUG[0m 
chunk:397 chunk-dur:35ms, timestamp:13200 - rtmpquic.go:220
2026/03/12 14:37:23.267828 [22;34mDEBUG[0m Return monitor from  scheduler : , bw flag : false, limit : 0 - rtmpquic.go:249
2026/03/12 14:37:23.267911 [22;36m INFO[0m IframeComing false, resideSizeInGOP 503356, meanGOP 1.40034e+06, meanI 255411, curgop 896984, curI 277045 - rtmpquic.go:283
2026/03/12 14:37:23.267918 [22;36m INFO[0m UNKEYBEHIND 36,limit:0 - rtmpquic.go:284
2026/03/12 14:37:23.267922 [22;34mDEBUG[0m 36 p frame 4388 - rtmpquic.go:294
2026/03/12 14:37:23.268032 [22;34mDEBUG[0m 
chunk:398 chunk-dur:32ms, timestamp:13234 - rtmpquic.go:220
2026/03/12 14:37:23.302123 [22;34mDEBUG[0m Return monitor from  scheduler : , bw flag : false, limit : 0 - rtmpquic.go:249
2026/03/12 14:37:23.302146 [22;36m INFO[0m IframeComing false, resideSizeInGOP 453775, meanGOP 1.40034e+06, meanI 255411, curgop 946565, curI 277045 - rtmpquic.go:283
2026/03/12 14:37:23.302150 [22;36m INFO[0m UNKEYBEHIND 37,limit:0 - rtmpquic.go:284
2026/03/12 14:37:23.302154 [22;34mDEBUG[0m 37 p frame 49581 - rtmpquic.go:294
2026/03/12 14:37:23.302177 [22;34mDEBUG[0m 
chunk:399 chunk-dur:34ms, timestamp:13267 - rtmpquic.go:220
2026/03/12 14:37:23.334414 [22;34mDEBUG[0m Return monitor from  scheduler : , bw flag : false, limit : 0 - rtmpquic.go:249
2026/03/12 14:37:23.334432 [22;36m INFO[0m IframeComing false, resideSizeInGOP 443305, meanGOP 1.40034e+06, meanI 255411, curgop 957035, curI 277045 - rtmpquic.go:283
2026/03/12 14:37:23.334435 [22;36m INFO[0m UNKEYBEHIND 38,limit:0 - rtmpquic.go:284
2026/03/12 14:37:23.334439 [22;34mDEBUG[0m 38 p frame 10470 - rtmpquic.go:294
2026/03/12 14:37:23.334446 [22;34mDEBUG[0m 
chunk:400 chunk-dur:32ms, timestamp:13300 - rtmpquic.go:220
2026/03/12 14:37:23.367734 [22;34mDEBUG[0m Return monitor from  scheduler : , bw flag : false, limit : 0 - rtmpquic.go:249
2026/03/12 14:37:23.367753 [22;36m INFO[0m IframeComing false, resideSizeInGOP 439217, meanGOP 1.40034e+06, meanI 255411, curgop 961123, curI 277045 - rtmpquic.go:283
2026/03/12 14:37:23.367757 [22;36m INFO[0m UNKEYBEHIND 39,limit:0 - rtmpquic.go:284
2026/03/12 14:37:23.367760 [22;34mDEBUG[0m 39 p frame 4088 - rtmpquic.go:294
2026/03/12 14:37:23.367778 [22;34mDEBUG[0m 
chunk:401 chunk-dur:33ms, timestamp:13334 - rtmpquic.go:220
2026/03/12 14:37:23.402013 [22;34mDEBUG[0m Return monitor from  scheduler : , bw flag : false, limit : 0 - rtmpquic.go:249
2026/03/12 14:37:23.402024 [22;36m INFO[0m IframeComing false, resideSizeInGOP 434904, meanGOP 1.40034e+06, meanI 255411, curgop 965436, curI 277045 - rtmpquic.go:283
2026/03/12 14:37:23.402028 [22;36m INFO[0m UNKEYBEHIND 40,limit:0 - rtmpquic.go:284
2026/03/12 14:37:23.402031 [22;34mDEBUG[0m 40 p frame 4313 - rtmpquic.go:294
2026/03/12 14:37:23.402085 [22;34mDEBUG[0m 
chunk:402 chunk-dur:35ms, timestamp:13367 - rtmpquic.go:220
2026/03/12 14:37:23.434453 [22;34mDEBUG[0m Return monitor from  scheduler : , bw flag : false, limit : 0 - rtmpquic.go:249
2026/03/12 14:37:23.434478 [22;36m INFO[0m IframeComing false, resideSizeInGOP 385261, meanGOP 1.40034e+06, meanI 255411, curgop 1015079, curI 277045 - rtmpquic.go:283
2026/03/12 14:37:23.434482 [22;36m INFO[0m UNKEYBEHIND 41,limit:0 - rtmpquic.go:284
2026/03/12 14:37:23.434485 [22;34mDEBUG[0m 41 p frame 49643 - rtmpquic.go:294
2026/03/12 14:37:23.434493 [22;34mDEBUG[0m 
chunk:403 chunk-dur:32ms, timestamp:13400 - rtmpquic.go:220
2026/03/12 14:37:23.469038 [22;34mDEBUG[0m Return monitor from  scheduler : , bw flag : false, limit : 0 - rtmpquic.go:249
2026/03/12 14:37:23.469064 [22;36m INFO[0m IframeComing false, resideSizeInGOP 373484, meanGOP 1.40034e+06, meanI 255411, curgop 1026856, curI 277045 - rtmpquic.go:283
2026/03/12 14:37:23.469068 [22;36m INFO[0m UNKEYBEHIND 42,limit:0 - rtmpquic.go:284
2026/03/12 14:37:23.469072 [22;34mDEBUG[0m 42 p frame 11777 - rtmpquic.go:294
2026/03/12 14:37:23.469111 [22;34mDEBUG[0m 
chunk:404 chunk-dur:35ms, timestamp:13434 - rtmpquic.go:220
2026/03/12 14:37:23.502108 [22;34mDEBUG[0m Return monitor from  scheduler : , bw flag : false, limit : 0 - rtmpquic.go:249
2026/03/12 14:37:23.502132 [22;36m INFO[0m IframeComing false, resideSizeInGOP 369027, meanGOP 1.40034e+06, meanI 255411, curgop 1031313, curI 277045 - rtmpquic.go:283
2026/03/12 14:37:23.502137 [22;36m INFO[0m UNKEYBEHIND 43,limit:0 - rtmpquic.go:284
2026/03/12 14:37:23.502140 [22;34mDEBUG[0m 43 p frame 4457 - rtmpquic.go:294
2026/03/12 14:37:23.502171 [22;34mDEBUG[0m 
chunk:405 chunk-dur:33ms, timestamp:13467 - rtmpquic.go:220
2026/03/12 14:37:23.535059 [22;34mDEBUG[0m Return monitor from  scheduler : , bw flag : false, limit : 0 - rtmpquic.go:249
2026/03/12 14:37:23.535086 [22;36m INFO[0m IframeComing false, resideSizeInGOP 363874, meanGOP 1.40034e+06, meanI 255411, curgop 1036466, curI 277045 - rtmpquic.go:283
2026/03/12 14:37:23.535090 [22;36m INFO[0m UNKEYBEHIND 44,limit:0 - rtmpquic.go:284
2026/03/12 14:37:23.535094 [22;34mDEBUG[0m 44 p frame 5153 - rtmpquic.go:294
2026/03/12 14:37:23.535161 [22;34mDEBUG[0m 
chunk:406 chunk-dur:33ms, timestamp:13500 - rtmpquic.go:220
2026/03/12 14:37:23.567767 [22;34mDEBUG[0m Return monitor from  scheduler : , bw flag : false, limit : 0 - rtmpquic.go:249
2026/03/12 14:37:23.567790 [22;36m INFO[0m IframeComing false, resideSizeInGOP 311125, meanGOP 1.40034e+06, meanI 255411, curgop 1089215, curI 277045 - rtmpquic.go:283
2026/03/12 14:37:23.567795 [22;36m INFO[0m UNKEYBEHIND 45,limit:0 - rtmpquic.go:284
2026/03/12 14:37:23.567798 [22;34mDEBUG[0m 45 p frame 52749 - rtmpquic.go:294
2026/03/12 14:37:23.567950 [22;34mDEBUG[0m 
chunk:407 chunk-dur:32ms, timestamp:13534 - rtmpquic.go:220
2026/03/12 14:37:23.602430 [22;34mDEBUG[0m Return monitor from  scheduler : , bw flag : false, limit : 0 - rtmpquic.go:249
2026/03/12 14:37:23.602450 [22;36m INFO[0m IframeComing false, resideSizeInGOP 301111, meanGOP 1.40034e+06, meanI 255411, curgop 1099229, curI 277045 - rtmpquic.go:283
2026/03/12 14:37:23.602453 [22;36m INFO[0m UNKEYBEHIND 46,limit:0 - rtmpquic.go:284
2026/03/12 14:37:23.602457 [22;34mDEBUG[0m 46 p frame 10014 - rtmpquic.go:294
2026/03/12 14:37:23.602464 [22;34mDEBUG[0m 
chunk:408 chunk-dur:35ms, timestamp:13567 - rtmpquic.go:220
2026/03/12 14:37:23.635408 [22;34mDEBUG[0m Return monitor from  scheduler : , bw flag : false, limit : 0 - rtmpquic.go:249
2026/03/12 14:37:23.635434 [22;36m INFO[0m IframeComing false, resideSizeInGOP 296815, meanGOP 1.40034e+06, meanI 255411, curgop 1103525, curI 277045 - rtmpquic.go:283
2026/03/12 14:37:23.635439 [22;36m INFO[0m UNKEYBEHIND 47,limit:0 - rtmpquic.go:284
2026/03/12 14:37:23.635442 [22;34mDEBUG[0m 47 p frame 4296 - rtmpquic.go:294
2026/03/12 14:37:23.635462 [22;34mDEBUG[0m 
chunk:409 chunk-dur:33ms, timestamp:13600 - rtmpquic.go:220
2026/03/12 14:37:23.667988 [22;34mDEBUG[0m Return monitor from  scheduler : , bw flag : false, limit : 0 - rtmpquic.go:249
2026/03/12 14:37:23.668012 [22;36m INFO[0m IframeComing false, resideSizeInGOP 292989, meanGOP 1.40034e+06, meanI 255411, curgop 1107351, curI 277045 - rtmpquic.go:283
2026/03/12 14:37:23.668017 [22;36m INFO[0m UNKEYBEHIND 48,limit:0 - rtmpquic.go:284
2026/03/12 14:37:23.668021 [22;34mDEBUG[0m 48 p frame 3826 - rtmpquic.go:294
2026/03/12 14:37:23.668104 [22;34mDEBUG[0m 
chunk:410 chunk-dur:33ms, timestamp:13634 - rtmpquic.go:220
2026/03/12 14:37:23.703234 [22;34mDEBUG[0m Return monitor from  scheduler : , bw flag : false, limit : 0 - rtmpquic.go:249
2026/03/12 14:37:23.703246 [22;36m INFO[0m IframeComing false, resideSizeInGOP 243165, meanGOP 1.40034e+06, meanI 255411, curgop 1157175, curI 277045 - rtmpquic.go:283
2026/03/12 14:37:23.703249 [22;36m INFO[0m UNKEYBEHIND 49,limit:0 - rtmpquic.go:284
2026/03/12 14:37:23.703252 [22;34mDEBUG[0m 49 p frame 49824 - rtmpquic.go:294
2026/03/12 14:37:23.703267 [22;34mDEBUG[0m 
chunk:411 chunk-dur:35ms, timestamp:13667 - rtmpquic.go:220
2026/03/12 14:37:23.735595 [22;34mDEBUG[0m Return monitor from  scheduler : , bw flag : false, limit : 0 - rtmpquic.go:249
2026/03/12 14:37:23.735619 [22;36m INFO[0m IframeComing false, resideSizeInGOP 232604, meanGOP 1.40034e+06, meanI 255411, curgop 1167736, curI 277045 - rtmpquic.go:283
2026/03/12 14:37:23.735626 [22;36m INFO[0m UNKEYBEHIND 50,limit:0 - rtmpquic.go:284
2026/03/12 14:37:23.735630 [22;34mDEBUG[0m 50 p frame 10561 - rtmpquic.go:294
2026/03/12 14:37:23.735644 [22;34mDEBUG[0m 
chunk:412 chunk-dur:32ms, timestamp:13700 - rtmpquic.go:220
2026/03/12 14:37:23.778792 [22;34mDEBUG[0m Return monitor from  scheduler : , bw flag : false, limit : 0 - rtmpquic.go:249
2026/03/12 14:37:23.778828 [22;36m INFO[0m IframeComing false, resideSizeInGOP 228729, meanGOP 1.40034e+06, meanI 255411, curgop 1171611, curI 277045 - rtmpquic.go:283
2026/03/12 14:37:23.778832 [22;36m INFO[0m UNKEYBEHIND 51,limit:0 - rtmpquic.go:284
2026/03/12 14:37:23.779014 [22;34mDEBUG[0m 51 p frame 3875 - rtmpquic.go:294
2026/03/12 14:37:23.779032 [22;34mDEBUG[0m 
chunk:413 chunk-dur:44ms, timestamp:13734 - rtmpquic.go:220
2026/03/12 14:37:23.818513 [22;34mDEBUG[0m Return monitor from  scheduler : , bw flag : false, limit : 0 - rtmpquic.go:249
2026/03/12 14:37:23.818587 [22;36m INFO[0m IframeComing false, resideSizeInGOP 225071, meanGOP 1.40034e+06, meanI 255411, curgop 1175269, curI 277045 - rtmpquic.go:283
2026/03/12 14:37:23.818598 [22;36m INFO[0m UNKEYBEHIND 52,limit:0 - rtmpquic.go:284
2026/03/12 14:37:23.818607 [22;34mDEBUG[0m 52 p frame 3658 - rtmpquic.go:294
2026/03/12 14:37:23.818692 [22;34mDEBUG[0m 
chunk:414 chunk-dur:39ms, timestamp:13767 - rtmpquic.go:220
2026/03/12 14:37:23.840219 [22;34mDEBUG[0m Return monitor from  scheduler : , bw flag : false, limit : 0 - rtmpquic.go:249
2026/03/12 14:37:23.840261 [22;36m INFO[0m IframeComing false, resideSizeInGOP 178292, meanGOP 1.40034e+06, meanI 255411, curgop 1222048, curI 277045 - rtmpquic.go:283
2026/03/12 14:37:23.840268 [22;36m INFO[0m UNKEYBEHIND 53,limit:0 - rtmpquic.go:284
2026/03/12 14:37:23.840272 [22;34mDEBUG[0m 53 p frame 46779 - rtmpquic.go:294
2026/03/12 14:37:23.840280 [22;34mDEBUG[0m 
chunk:415 chunk-dur:22ms, timestamp:13800 - rtmpquic.go:220
2026/03/12 14:37:23.867469 [22;34mDEBUG[0m Return monitor from  scheduler : , bw flag : false, limit : 0 - rtmpquic.go:249
2026/03/12 14:37:23.867611 [22;36m INFO[0m IframeComing false, resideSizeInGOP 169180, meanGOP 1.40034e+06, meanI 255411, curgop 1231160, curI 277045 - rtmpquic.go:283
2026/03/12 14:37:23.867732 [22;36m INFO[0m UNKEYBEHIND 54,limit:0 - rtmpquic.go:284
2026/03/12 14:37:23.867765 [22;34mDEBUG[0m 54 p frame 9112 - rtmpquic.go:294
2026/03/12 14:37:23.867800 [22;34mDEBUG[0m 
chunk:416 chunk-dur:27ms, timestamp:13834 - rtmpquic.go:220
2026/03/12 14:37:23.903055 [22;34mDEBUG[0m Return monitor from  scheduler : , bw flag : false, limit : 0 - rtmpquic.go:249
2026/03/12 14:37:23.903087 [22;36m INFO[0m IframeComing false, resideSizeInGOP 165489, meanGOP 1.40034e+06, meanI 255411, curgop 1234851, curI 277045 - rtmpquic.go:283
2026/03/12 14:37:23.903094 [22;36m INFO[0m UNKEYBEHIND 55,limit:0 - rtmpquic.go:284
2026/03/12 14:37:23.903098 [22;34mDEBUG[0m 55 p frame 3691 - rtmpquic.go:294
2026/03/12 14:37:23.903147 [22;34mDEBUG[0m 
chunk:417 chunk-dur:36ms, timestamp:13867 - rtmpquic.go:220
2026/03/12 14:37:23.935319 [22;34mDEBUG[0m Return monitor from  scheduler : , bw flag : false, limit : 0 - rtmpquic.go:249
2026/03/12 14:37:23.935335 [22;36m INFO[0m IframeComing false, resideSizeInGOP 162312, meanGOP 1.40034e+06, meanI 255411, curgop 1238028, curI 277045 - rtmpquic.go:283
2026/03/12 14:37:23.935340 [22;36m INFO[0m UNKEYBEHIND 56,limit:0 - rtmpquic.go:284
2026/03/12 14:37:23.935343 [22;34mDEBUG[0m 56 p frame 3177 - rtmpquic.go:294
2026/03/12 14:37:23.935354 [22;34mDEBUG[0m 
chunk:418 chunk-dur:32ms, timestamp:13900 - rtmpquic.go:220
2026/03/12 14:37:23.967903 [22;34mDEBUG[0m Return monitor from  scheduler : , bw flag : false, limit : 0 - rtmpquic.go:249
2026/03/12 14:37:23.967928 [22;36m INFO[0m IframeComing false, resideSizeInGOP 149801, meanGOP 1.40034e+06, meanI 255411, curgop 1250539, curI 277045 - rtmpquic.go:283
2026/03/12 14:37:23.967932 [22;36m INFO[0m UNKEYBEHIND 57,limit:0 - rtmpquic.go:284
2026/03/12 14:37:23.967936 [22;34mDEBUG[0m 57 p frame 12511 - rtmpquic.go:294
2026/03/12 14:37:23.967944 [22;34mDEBUG[0m 
chunk:419 chunk-dur:32ms, timestamp:13934 - rtmpquic.go:220
2026/03/12 14:37:24.002707 [22;34mDEBUG[0m Return monitor from  scheduler : , bw flag : false, limit : 0 - rtmpquic.go:249
2026/03/12 14:37:24.002735 [22;36m INFO[0m IframeComing false, resideSizeInGOP 145700, meanGOP 1.40034e+06, meanI 255411, curgop 1254640, curI 277045 - rtmpquic.go:283
2026/03/12 14:37:24.002739 [22;36m INFO[0m UNKEYBEHIND 58,limit:0 - rtmpquic.go:284
2026/03/12 14:37:24.002742 [22;34mDEBUG[0m 58 p frame 4101 - rtmpquic.go:294
2026/03/12 14:37:24.002750 [22;34mDEBUG[0m 
chunk:420 chunk-dur:35ms, timestamp:13967 - rtmpquic.go:220
2026/03/12 14:37:24.034784 [22;34mDEBUG[0m Return monitor from  scheduler : , bw flag : false, limit : 0 - rtmpquic.go:249
2026/03/12 14:37:24.034812 [22;36m INFO[0m IframeComing false, resideSizeInGOP 140165, meanGOP 1.40034e+06, meanI 255411, curgop 1260175, curI 277045 - rtmpquic.go:283
2026/03/12 14:37:24.034817 [22;36m INFO[0m UNKEYBEHIND 59,limit:0 - rtmpquic.go:284
2026/03/12 14:37:24.034820 [22;34mDEBUG[0m 59 p frame 5535 - rtmpquic.go:294
2026/03/12 14:37:24.035243 [22;34mDEBUG[0m 
chunk:421 chunk-dur:33ms, timestamp:14000 - rtmpquic.go:220
2026/03/12 14:37:24.067643 [22;34mDEBUG[0m Return monitor from  scheduler : , bw flag : false, limit : 0 - rtmpquic.go:249
key tag 263404
2026/03/12 14:37:24.067671 [22;34mDEBUG[0m 8 I frame 263404 - rtmpquic.go:275
2026/03/12 14:37:24.067746 [22;34mDEBUG[0m 
chunk:422 chunk-dur:32ms, timestamp:14034 - rtmpquic.go:220
2026/03/12 14:37:24.074672 [22;34mDEBUG[0m bitrate:5.438854 Mbps - client_session.go:438
2026/03/12 14:37:24.102194 [22;34mDEBUG[0m Return monitor from  scheduler : , bw flag : false, limit : 0 - rtmpquic.go:249
2026/03/12 14:37:24.102279 [22;36m INFO[0m IframeComing false, resideSizeInGOP 1.060874e+06, meanGOP 1.380316e+06, meanI 258501, curgop 319442, curI 263404 - rtmpquic.go:283
2026/03/12 14:37:24.102286 [22;36m INFO[0m UNKEYBEHIND 1,limit:0 - rtmpquic.go:284
2026/03/12 14:37:24.102290 [22;34mDEBUG[0m 1 p frame 56038 - rtmpquic.go:294
2026/03/12 14:37:24.102302 [22;34mDEBUG[0m 
chunk:423 chunk-dur:35ms, timestamp:14067 - rtmpquic.go:220
2026/03/12 14:37:24.136387 [22;34mDEBUG[0m Return monitor from  scheduler : , bw flag : false, limit : 0 - rtmpquic.go:249
2026/03/12 14:37:24.136501 [22;36m INFO[0m IframeComing false, resideSizeInGOP 1.052116e+06, meanGOP 1.380316e+06, meanI 258501, curgop 328200, curI 263404 - rtmpquic.go:283
2026/03/12 14:37:24.136509 [22;36m INFO[0m UNKEYBEHIND 2,limit:0 - rtmpquic.go:284
2026/03/12 14:37:24.136513 [22;34mDEBUG[0m 2 p frame 8758 - rtmpquic.go:294
2026/03/12 14:37:24.136537 [22;34mDEBUG[0m 
chunk:424 chunk-dur:34ms, timestamp:14100 - rtmpquic.go:220
2026/03/12 14:37:24.168358 [22;34mDEBUG[0m Return monitor from  scheduler : , bw flag : false, limit : 0 - rtmpquic.go:249
2026/03/12 14:37:24.168399 [22;36m INFO[0m IframeComing false, resideSizeInGOP 1.049645e+06, meanGOP 1.380316e+06, meanI 258501, curgop 330671, curI 263404 - rtmpquic.go:283
2026/03/12 14:37:24.168404 [22;36m INFO[0m UNKEYBEHIND 3,limit:0 - rtmpquic.go:284
2026/03/12 14:37:24.168407 [22;34mDEBUG[0m 3 p frame 2471 - rtmpquic.go:294
2026/03/12 14:37:24.168420 [22;34mDEBUG[0m 
chunk:425 chunk-dur:32ms, timestamp:14134 - rtmpquic.go:220
2026/03/12 14:37:24.201598 [22;34mDEBUG[0m Return monitor from  scheduler : , bw flag : false, limit : 0 - rtmpquic.go:249
2026/03/12 14:37:24.201622 [22;36m INFO[0m IframeComing false, resideSizeInGOP 1.047174e+06, meanGOP 1.380316e+06, meanI 258501, curgop 333142, curI 263404 - rtmpquic.go:283
2026/03/12 14:37:24.201626 [22;36m INFO[0m UNKEYBEHIND 4,limit:0 - rtmpquic.go:284
2026/03/12 14:37:24.201630 [22;34mDEBUG[0m 4 p frame 2471 - rtmpquic.go:294
2026/03/12 14:37:24.201778 [22;34mDEBUG[0m 
chunk:426 chunk-dur:33ms, timestamp:14167 - rtmpquic.go:220
2026/03/12 14:37:24.235181 [22;34mDEBUG[0m Return monitor from  scheduler : , bw flag : false, limit : 0 - rtmpquic.go:249
2026/03/12 14:37:24.235206 [22;36m INFO[0m IframeComing false, resideSizeInGOP 1.000341e+06, meanGOP 1.380316e+06, meanI 258501, curgop 379975, curI 263404 - rtmpquic.go:283
2026/03/12 14:37:24.235210 [22;36m INFO[0m UNKEYBEHIND 5,limit:0 - rtmpquic.go:284
2026/03/12 14:37:24.235214 [22;34mDEBUG[0m 5 p frame 46833 - rtmpquic.go:294
2026/03/12 14:37:24.235260 [22;34mDEBUG[0m 
chunk:427 chunk-dur:34ms, timestamp:14200 - rtmpquic.go:220
2026/03/12 14:37:24.268010 [22;34mDEBUG[0m Return monitor from  scheduler : , bw flag : false, limit : 0 - rtmpquic.go:249
2026/03/12 14:37:24.268029 [22;36m INFO[0m IframeComing false, resideSizeInGOP 990128, meanGOP 1.380316e+06, meanI 258501, curgop 390188, curI 263404 - rtmpquic.go:283
2026/03/12 14:37:24.268033 [22;36m INFO[0m UNKEYBEHIND 6,limit:0 - rtmpquic.go:284
2026/03/12 14:37:24.268037 [22;34mDEBUG[0m 6 p frame 10213 - rtmpquic.go:294
2026/03/12 14:37:24.268055 [22;34mDEBUG[0m 
chunk:428 chunk-dur:33ms, timestamp:14234 - rtmpquic.go:220
2026/03/12 14:37:24.302006 [22;34mDEBUG[0m Return monitor from  scheduler : , bw flag : false, limit : 0 - rtmpquic.go:249
2026/03/12 14:37:24.302025 [22;36m INFO[0m IframeComing false, resideSizeInGOP 986394, meanGOP 1.380316e+06, meanI 258501, curgop 393922, curI 263404 - rtmpquic.go:283
2026/03/12 14:37:24.302030 [22;36m INFO[0m UNKEYBEHIND 7,limit:0 - rtmpquic.go:284
2026/03/12 14:37:24.302033 [22;34mDEBUG[0m 7 p frame 3734 - rtmpquic.go:294
2026/03/12 14:37:24.302074 [22;34mDEBUG[0m 
chunk:429 chunk-dur:34ms, timestamp:14267 - rtmpquic.go:220
2026/03/12 14:37:24.334307 [22;34mDEBUG[0m Return monitor from  scheduler : , bw flag : false, limit : 0 - rtmpquic.go:249
2026/03/12 14:37:24.334319 [22;36m INFO[0m IframeComing false, resideSizeInGOP 981632, meanGOP 1.380316e+06, meanI 258501, curgop 398684, curI 263404 - rtmpquic.go:283
2026/03/12 14:37:24.334323 [22;36m INFO[0m UNKEYBEHIND 8,limit:0 - rtmpquic.go:284
2026/03/12 14:37:24.334326 [22;34mDEBUG[0m 8 p frame 4762 - rtmpquic.go:294
2026/03/12 14:37:24.334373 [22;34mDEBUG[0m 
chunk:430 chunk-dur:32ms, timestamp:14300 - rtmpquic.go:220
2026/03/12 14:37:24.368637 [22;34mDEBUG[0m Return monitor from  scheduler : , bw flag : false, limit : 0 - rtmpquic.go:249
2026/03/12 14:37:24.368670 [22;36m INFO[0m IframeComing false, resideSizeInGOP 918076, meanGOP 1.380316e+06, meanI 258501, curgop 462240, curI 263404 - rtmpquic.go:283
2026/03/12 14:37:24.368676 [22;36m INFO[0m UNKEYBEHIND 9,limit:0 - rtmpquic.go:284
2026/03/12 14:37:24.368679 [22;34mDEBUG[0m 9 p frame 63556 - rtmpquic.go:294
2026/03/12 14:37:24.368699 [22;34mDEBUG[0m 
chunk:431 chunk-dur:34ms, timestamp:14334 - rtmpquic.go:220
2026/03/12 14:37:24.402668 [22;34mDEBUG[0m Return monitor from  scheduler : , bw flag : false, limit : 0 - rtmpquic.go:249
2026/03/12 14:37:24.402684 [22;36m INFO[0m IframeComing false, resideSizeInGOP 901967, meanGOP 1.380316e+06, meanI 258501, curgop 478349, curI 263404 - rtmpquic.go:283
2026/03/12 14:37:24.402700 [22;36m INFO[0m UNKEYBEHIND 10,limit:0 - rtmpquic.go:284
2026/03/12 14:37:24.402704 [22;34mDEBUG[0m 10 p frame 16109 - rtmpquic.go:294
2026/03/12 14:37:24.402712 [22;34mDEBUG[0m 
chunk:432 chunk-dur:34ms, timestamp:14367 - rtmpquic.go:220
2026/03/12 14:37:24.435899 [22;34mDEBUG[0m Return monitor from  scheduler : , bw flag : false, limit : 0 - rtmpquic.go:249
2026/03/12 14:37:24.435929 [22;36m INFO[0m IframeComing false, resideSizeInGOP 895585, meanGOP 1.380316e+06, meanI 258501, curgop 484731, curI 263404 - rtmpquic.go:283
2026/03/12 14:37:24.435936 [22;36m INFO[0m UNKEYBEHIND 11,limit:0 - rtmpquic.go:284
2026/03/12 14:37:24.435940 [22;34mDEBUG[0m 11 p frame 6382 - rtmpquic.go:294
2026/03/12 14:37:24.435968 [22;34mDEBUG[0m 
chunk:433 chunk-dur:33ms, timestamp:14400 - rtmpquic.go:220
2026/03/12 14:37:24.468514 [22;34mDEBUG[0m Return monitor from  scheduler : , bw flag : false, limit : 0 - rtmpquic.go:249
2026/03/12 14:37:24.468559 [22;36m INFO[0m IframeComing false, resideSizeInGOP 887854, meanGOP 1.380316e+06, meanI 258501, curgop 492462, curI 263404 - rtmpquic.go:283
2026/03/12 14:37:24.468566 [22;36m INFO[0m UNKEYBEHIND 12,limit:0 - rtmpquic.go:284
2026/03/12 14:37:24.468570 [22;34mDEBUG[0m 12 p frame 7731 - rtmpquic.go:294
2026/03/12 14:37:24.468643 [22;34mDEBUG[0m 
chunk:434 chunk-dur:33ms, timestamp:14434 - rtmpquic.go:220
2026/03/12 14:37:24.502302 [22;34mDEBUG[0m Return monitor from  scheduler : , bw flag : false, limit : 0 - rtmpquic.go:249
2026/03/12 14:37:24.502326 [22;36m INFO[0m IframeComing false, resideSizeInGOP 810216, meanGOP 1.380316e+06, meanI 258501, curgop 570100, curI 263404 - rtmpquic.go:283
2026/03/12 14:37:24.502330 [22;36m INFO[0m UNKEYBEHIND 13,limit:0 - rtmpquic.go:284
2026/03/12 14:37:24.502334 [22;34mDEBUG[0m 13 p frame 77638 - rtmpquic.go:294
2026/03/12 14:37:24.502370 [22;34mDEBUG[0m 
chunk:435 chunk-dur:34ms, timestamp:14467 - rtmpquic.go:220
2026/03/12 14:37:24.534817 [22;34mDEBUG[0m Return monitor from  scheduler : , bw flag : false, limit : 0 - rtmpquic.go:249
2026/03/12 14:37:24.534834 [22;36m INFO[0m IframeComing false, resideSizeInGOP 789737, meanGOP 1.380316e+06, meanI 258501, curgop 590579, curI 263404 - rtmpquic.go:283
2026/03/12 14:37:24.534838 [22;36m INFO[0m UNKEYBEHIND 14,limit:0 - rtmpquic.go:284
2026/03/12 14:37:24.534841 [22;34mDEBUG[0m 14 p frame 20479 - rtmpquic.go:294
2026/03/12 14:37:24.534858 [22;34mDEBUG[0m 
chunk:436 chunk-dur:32ms, timestamp:14500 - rtmpquic.go:220
2026/03/12 14:37:24.568280 [22;34mDEBUG[0m Return monitor from  scheduler : , bw flag : false, limit : 0 - rtmpquic.go:249
2026/03/12 14:37:24.568303 [22;36m INFO[0m IframeComing false, resideSizeInGOP 779877, meanGOP 1.380316e+06, meanI 258501, curgop 600439, curI 263404 - rtmpquic.go:283
2026/03/12 14:37:24.568307 [22;36m INFO[0m UNKEYBEHIND 15,limit:0 - rtmpquic.go:284
2026/03/12 14:37:24.568311 [22;34mDEBUG[0m 15 p frame 9860 - rtmpquic.go:294
2026/03/12 14:37:24.568348 [22;34mDEBUG[0m 
chunk:437 chunk-dur:34ms, timestamp:14534 - rtmpquic.go:220
2026/03/12 14:37:24.602044 [22;34mDEBUG[0m Return monitor from  scheduler : , bw flag : false, limit : 0 - rtmpquic.go:249
2026/03/12 14:37:24.602090 [22;36m INFO[0m IframeComing false, resideSizeInGOP 771172, meanGOP 1.380316e+06, meanI 258501, curgop 609144, curI 263404 - rtmpquic.go:283
2026/03/12 14:37:24.602094 [22;36m INFO[0m UNKEYBEHIND 16,limit:0 - rtmpquic.go:284
2026/03/12 14:37:24.602098 [22;34mDEBUG[0m 16 p frame 8705 - rtmpquic.go:294
2026/03/12 14:37:24.602195 [22;34mDEBUG[0m 
chunk:438 chunk-dur:34ms, timestamp:14567 - rtmpquic.go:220
2026/03/12 14:37:24.634822 [22;34mDEBUG[0m Return monitor from  scheduler : , bw flag : false, limit : 0 - rtmpquic.go:249
2026/03/12 14:37:24.634840 [22;36m INFO[0m IframeComing false, resideSizeInGOP 699936, meanGOP 1.380316e+06, meanI 258501, curgop 680380, curI 263404 - rtmpquic.go:283
2026/03/12 14:37:24.634844 [22;36m INFO[0m UNKEYBEHIND 17,limit:0 - rtmpquic.go:284
2026/03/12 14:37:24.634847 [22;34mDEBUG[0m 17 p frame 71236 - rtmpquic.go:294
2026/03/12 14:37:24.634863 [22;34mDEBUG[0m 
chunk:439 chunk-dur:32ms, timestamp:14600 - rtmpquic.go:220
2026/03/12 14:37:24.668685 [22;34mDEBUG[0m Return monitor from  scheduler : , bw flag : false, limit : 0 - rtmpquic.go:249
2026/03/12 14:37:24.668720 [22;36m INFO[0m IframeComing false, resideSizeInGOP 685624, meanGOP 1.380316e+06, meanI 258501, curgop 694692, curI 263404 - rtmpquic.go:283
2026/03/12 14:37:24.668724 [22;36m INFO[0m UNKEYBEHIND 18,limit:0 - rtmpquic.go:284
2026/03/12 14:37:24.668727 [22;34mDEBUG[0m 18 p frame 14312 - rtmpquic.go:294
2026/03/12 14:37:24.668753 [22;34mDEBUG[0m 
chunk:440 chunk-dur:34ms, timestamp:14634 - rtmpquic.go:220
2026/03/12 14:37:24.702417 [22;34mDEBUG[0m Return monitor from  scheduler : , bw flag : false, limit : 0 - rtmpquic.go:249
2026/03/12 14:37:24.702441 [22;36m INFO[0m IframeComing false, resideSizeInGOP 678862, meanGOP 1.380316e+06, meanI 258501, curgop 701454, curI 263404 - rtmpquic.go:283
2026/03/12 14:37:24.702446 [22;36m INFO[0m UNKEYBEHIND 19,limit:0 - rtmpquic.go:284
2026/03/12 14:37:24.702450 [22;34mDEBUG[0m 19 p frame 6762 - rtmpquic.go:294
2026/03/12 14:37:24.702522 [22;34mDEBUG[0m 
chunk:441 chunk-dur:34ms, timestamp:14667 - rtmpquic.go:220
2026/03/12 14:37:24.735463 [22;34mDEBUG[0m Return monitor from  scheduler : , bw flag : false, limit : 0 - rtmpquic.go:249
2026/03/12 14:37:24.735491 [22;36m INFO[0m IframeComing false, resideSizeInGOP 622351, meanGOP 1.380316e+06, meanI 258501, curgop 757965, curI 263404 - rtmpquic.go:283
2026/03/12 14:37:24.735495 [22;36m INFO[0m UNKEYBEHIND 20,limit:0 - rtmpquic.go:284
2026/03/12 14:37:24.735498 [22;34mDEBUG[0m 20 p frame 56511 - rtmpquic.go:294
2026/03/12 14:37:24.735525 [22;34mDEBUG[0m 
chunk:442 chunk-dur:33ms, timestamp:14700 - rtmpquic.go:220
2026/03/12 14:37:24.768703 [22;34mDEBUG[0m Return monitor from  scheduler : , bw flag : false, limit : 0 - rtmpquic.go:249
2026/03/12 14:37:24.768718 [22;36m INFO[0m IframeComing false, resideSizeInGOP 616675, meanGOP 1.380316e+06, meanI 258501, curgop 763641, curI 263404 - rtmpquic.go:283
2026/03/12 14:37:24.768723 [22;36m INFO[0m UNKEYBEHIND 21,limit:0 - rtmpquic.go:284
2026/03/12 14:37:24.768726 [22;34mDEBUG[0m 21 p frame 5676 - rtmpquic.go:294
2026/03/12 14:37:24.768792 [22;34mDEBUG[0m 
chunk:443 chunk-dur:33ms, timestamp:14734 - rtmpquic.go:220
2026/03/12 14:37:24.802799 [22;34mDEBUG[0m Return monitor from  scheduler : , bw flag : false, limit : 0 - rtmpquic.go:249
2026/03/12 14:37:24.802818 [22;36m INFO[0m IframeComing false, resideSizeInGOP 563283, meanGOP 1.380316e+06, meanI 258501, curgop 817033, curI 263404 - rtmpquic.go:283
2026/03/12 14:37:24.802822 [22;36m INFO[0m UNKEYBEHIND 22,limit:0 - rtmpquic.go:284
2026/03/12 14:37:24.802826 [22;34mDEBUG[0m 22 p frame 53392 - rtmpquic.go:294
2026/03/12 14:37:24.802837 [22;34mDEBUG[0m 
chunk:444 chunk-dur:34ms, timestamp:14767 - rtmpquic.go:220
2026/03/12 14:37:24.835504 [22;34mDEBUG[0m Return monitor from  scheduler : , bw flag : false, limit : 0 - rtmpquic.go:249
2026/03/12 14:37:24.835524 [22;36m INFO[0m IframeComing false, resideSizeInGOP 557848, meanGOP 1.380316e+06, meanI 258501, curgop 822468, curI 263404 - rtmpquic.go:283
2026/03/12 14:37:24.835528 [22;36m INFO[0m UNKEYBEHIND 23,limit:0 - rtmpquic.go:284
2026/03/12 14:37:24.835531 [22;34mDEBUG[0m 23 p frame 5435 - rtmpquic.go:294
2026/03/12 14:37:24.835598 [22;34mDEBUG[0m 
chunk:445 chunk-dur:33ms, timestamp:14800 - rtmpquic.go:220
2026/03/12 14:37:24.867790 [22;34mDEBUG[0m Return monitor from  scheduler : , bw flag : false, limit : 0 - rtmpquic.go:249
2026/03/12 14:37:24.867815 [22;36m INFO[0m IframeComing false, resideSizeInGOP 503845, meanGOP 1.380316e+06, meanI 258501, curgop 876471, curI 263404 - rtmpquic.go:283
2026/03/12 14:37:24.867819 [22;36m INFO[0m UNKEYBEHIND 24,limit:0 - rtmpquic.go:284
2026/03/12 14:37:24.867822 [22;34mDEBUG[0m 24 p frame 54003 - rtmpquic.go:294
2026/03/12 14:37:24.867842 [22;34mDEBUG[0m 
chunk:446 chunk-dur:32ms, timestamp:14834 - rtmpquic.go:220
2026/03/12 14:37:24.903185 [22;34mDEBUG[0m Return monitor from  scheduler : , bw flag : false, limit : 0 - rtmpquic.go:249
2026/03/12 14:37:24.903203 [22;36m INFO[0m IframeComing false, resideSizeInGOP 498674, meanGOP 1.380316e+06, meanI 258501, curgop 881642, curI 263404 - rtmpquic.go:283
2026/03/12 14:37:24.903207 [22;36m INFO[0m UNKEYBEHIND 25,limit:0 - rtmpquic.go:284
2026/03/12 14:37:24.903210 [22;34mDEBUG[0m 25 p frame 5171 - rtmpquic.go:294
2026/03/12 14:37:24.903320 [22;34mDEBUG[0m 
chunk:447 chunk-dur:36ms, timestamp:14867 - rtmpquic.go:220
2026/03/12 14:37:24.935325 [22;34mDEBUG[0m Return monitor from  scheduler : , bw flag : false, limit : 0 - rtmpquic.go:249
2026/03/12 14:37:24.935356 [22;36m INFO[0m IframeComing false, resideSizeInGOP 452636, meanGOP 1.380316e+06, meanI 258501, curgop 927680, curI 263404 - rtmpquic.go:283
2026/03/12 14:37:24.935361 [22;36m INFO[0m UNKEYBEHIND 26,limit:0 - rtmpquic.go:284
2026/03/12 14:37:24.935364 [22;34mDEBUG[0m 26 p frame 46038 - rtmpquic.go:294
2026/03/12 14:37:24.935380 [22;34mDEBUG[0m 
chunk:448 chunk-dur:32ms, timestamp:14900 - rtmpquic.go:220
2026/03/12 14:37:24.968258 [22;34mDEBUG[0m Return monitor from  scheduler : , bw flag : false, limit : 0 - rtmpquic.go:249
2026/03/12 14:37:24.968291 [22;36m INFO[0m IframeComing false, resideSizeInGOP 445316, meanGOP 1.380316e+06, meanI 258501, curgop 935000, curI 263404 - rtmpquic.go:283
2026/03/12 14:37:24.968295 [22;36m INFO[0m UNKEYBEHIND 27,limit:0 - rtmpquic.go:284
2026/03/12 14:37:24.968298 [22;34mDEBUG[0m 27 p frame 7320 - rtmpquic.go:294
2026/03/12 14:37:24.968385 [22;34mDEBUG[0m 
chunk:449 chunk-dur:33ms, timestamp:14934 - rtmpquic.go:220
2026/03/12 14:37:25.005221 [22;34mDEBUG[0m Return monitor from  scheduler : , bw flag : false, limit : 0 - rtmpquic.go:249
2026/03/12 14:37:25.005240 [22;36m INFO[0m IframeComing false, resideSizeInGOP 339474, meanGOP 1.380316e+06, meanI 258501, curgop 1040842, curI 263404 - rtmpquic.go:283
2026/03/12 14:37:25.005275 [22;36m INFO[0m UNKEYBEHIND 28,limit:0 - rtmpquic.go:284
2026/03/12 14:37:25.005280 [22;34mDEBUG[0m 28 p frame 105842 - rtmpquic.go:294
2026/03/12 14:37:25.005324 [22;34mDEBUG[0m 
chunk:450 chunk-dur:37ms, timestamp:14967 - rtmpquic.go:220
2026/03/12 14:37:25.034893 [22;34mDEBUG[0m Return monitor from  scheduler : , bw flag : false, limit : 0 - rtmpquic.go:249
2026/03/12 14:37:25.034910 [22;36m INFO[0m IframeComing false, resideSizeInGOP 309694, meanGOP 1.380316e+06, meanI 258501, curgop 1070622, curI 263404 - rtmpquic.go:283
2026/03/12 14:37:25.034914 [22;36m INFO[0m UNKEYBEHIND 29,limit:0 - rtmpquic.go:284
2026/03/12 14:37:25.034918 [22;34mDEBUG[0m 29 p frame 29780 - rtmpquic.go:294
2026/03/12 14:37:25.034925 [22;34mDEBUG[0m 
chunk:451 chunk-dur:29ms, timestamp:15000 - rtmpquic.go:220
2026/03/12 14:37:25.068267 [22;34mDEBUG[0m Return monitor from  scheduler : , bw flag : false, limit : 0 - rtmpquic.go:249
2026/03/12 14:37:25.068283 [22;36m INFO[0m IframeComing false, resideSizeInGOP 302437, meanGOP 1.380316e+06, meanI 258501, curgop 1077879, curI 263404 - rtmpquic.go:283
2026/03/12 14:37:25.068288 [22;36m INFO[0m UNKEYBEHIND 30,limit:0 - rtmpquic.go:284
2026/03/12 14:37:25.068291 [22;34mDEBUG[0m 30 p frame 7257 - rtmpquic.go:294
2026/03/12 14:37:25.068300 [22;34mDEBUG[0m 
chunk:452 chunk-dur:34ms, timestamp:15034 - rtmpquic.go:220
2026/03/12 14:37:25.075071 [22;34mDEBUG[0m bitrate:6.211464 Mbps - client_session.go:438
2026/03/12 14:37:25.102830 [22;34mDEBUG[0m Return monitor from  scheduler : , bw flag : false, limit : 0 - rtmpquic.go:249
2026/03/12 14:37:25.102850 [22;36m INFO[0m IframeComing false, resideSizeInGOP 295991, meanGOP 1.380316e+06, meanI 258501, curgop 1084325, curI 263404 - rtmpquic.go:283
2026/03/12 14:37:25.102855 [22;36m INFO[0m UNKEYBEHIND 31,limit:0 - rtmpquic.go:284
2026/03/12 14:37:25.102859 [22;34mDEBUG[0m 31 p frame 6446 - rtmpquic.go:294
2026/03/12 14:37:25.103049 [22;34mDEBUG[0m 
chunk:453 chunk-dur:35ms, timestamp:15067 - rtmpquic.go:220
2026/03/12 14:37:25.134525 [22;34mDEBUG[0m Return monitor from  scheduler : , bw flag : false, limit : 0 - rtmpquic.go:249
2026/03/12 14:37:25.134543 [22;36m INFO[0m IframeComing false, resideSizeInGOP 239824, meanGOP 1.380316e+06, meanI 258501, curgop 1140492, curI 263404 - rtmpquic.go:283
2026/03/12 14:37:25.134548 [22;36m INFO[0m UNKEYBEHIND 32,limit:0 - rtmpquic.go:284
2026/03/12 14:37:25.134551 [22;34mDEBUG[0m 32 p frame 56167 - rtmpquic.go:294
2026/03/12 14:37:25.134559 [22;34mDEBUG[0m 
chunk:454 chunk-dur:31ms, timestamp:15100 - rtmpquic.go:220
2026/03/12 14:37:25.168792 [22;34mDEBUG[0m Return monitor from  scheduler : , bw flag : false, limit : 0 - rtmpquic.go:249
2026/03/12 14:37:25.168809 [22;36m INFO[0m IframeComing false, resideSizeInGOP 229017, meanGOP 1.380316e+06, meanI 258501, curgop 1151299, curI 263404 - rtmpquic.go:283
2026/03/12 14:37:25.168813 [22;36m INFO[0m UNKEYBEHIND 33,limit:0 - rtmpquic.go:284
2026/03/12 14:37:25.168817 [22;34mDEBUG[0m 33 p frame 10807 - rtmpquic.go:294
2026/03/12 14:37:25.168824 [22;34mDEBUG[0m 
chunk:455 chunk-dur:34ms, timestamp:15134 - rtmpquic.go:220
2026/03/12 14:37:25.202215 [22;34mDEBUG[0m Return monitor from  scheduler : , bw flag : false, limit : 0 - rtmpquic.go:249
2026/03/12 14:37:25.202235 [22;36m INFO[0m IframeComing false, resideSizeInGOP 220954, meanGOP 1.380316e+06, meanI 258501, curgop 1159362, curI 263404 - rtmpquic.go:283
2026/03/12 14:37:25.202239 [22;36m INFO[0m UNKEYBEHIND 34,limit:0 - rtmpquic.go:284
2026/03/12 14:37:25.202251 [22;34mDEBUG[0m 34 p frame 8063 - rtmpquic.go:294
2026/03/12 14:37:25.202286 [22;34mDEBUG[0m 
chunk:456 chunk-dur:34ms, timestamp:15167 - rtmpquic.go:220
2026/03/12 14:37:25.234584 [22;34mDEBUG[0m Return monitor from  scheduler : , bw flag : false, limit : 0 - rtmpquic.go:249
2026/03/12 14:37:25.234604 [22;36m INFO[0m IframeComing false, resideSizeInGOP 178288, meanGOP 1.380316e+06, meanI 258501, curgop 1202028, curI 263404 - rtmpquic.go:283
2026/03/12 14:37:25.234608 [22;36m INFO[0m UNKEYBEHIND 35,limit:0 - rtmpquic.go:284
2026/03/12 14:37:25.234612 [22;34mDEBUG[0m 35 p frame 42666 - rtmpquic.go:294
2026/03/12 14:37:25.234772 [22;34mDEBUG[0m 
chunk:457 chunk-dur:32ms, timestamp:15200 - rtmpquic.go:220
2026/03/12 14:37:25.268435 [22;34mDEBUG[0m Return monitor from  scheduler : , bw flag : false, limit : 0 - rtmpquic.go:249
2026/03/12 14:37:25.268454 [22;36m INFO[0m IframeComing false, resideSizeInGOP 172578, meanGOP 1.380316e+06, meanI 258501, curgop 1207738, curI 263404 - rtmpquic.go:283
2026/03/12 14:37:25.268458 [22;36m INFO[0m UNKEYBEHIND 36,limit:0 - rtmpquic.go:284
2026/03/12 14:37:25.268462 [22;34mDEBUG[0m 36 p frame 5710 - rtmpquic.go:294
2026/03/12 14:37:25.268529 [22;34mDEBUG[0m 
chunk:458 chunk-dur:34ms, timestamp:15234 - rtmpquic.go:220
2026/03/12 14:37:25.302178 [22;34mDEBUG[0m Return monitor from  scheduler : , bw flag : false, limit : 0 - rtmpquic.go:249
2026/03/12 14:37:25.302204 [22;36m INFO[0m IframeComing false, resideSizeInGOP 123986, meanGOP 1.380316e+06, meanI 258501, curgop 1256330, curI 263404 - rtmpquic.go:283
2026/03/12 14:37:25.302208 [22;36m INFO[0m UNKEYBEHIND 37,limit:0 - rtmpquic.go:284
2026/03/12 14:37:25.302212 [22;34mDEBUG[0m 37 p frame 48592 - rtmpquic.go:294
2026/03/12 14:37:25.302220 [22;34mDEBUG[0m 
chunk:459 chunk-dur:34ms, timestamp:15267 - rtmpquic.go:220
2026/03/12 14:37:25.335758 [22;34mDEBUG[0m Return monitor from  scheduler : , bw flag : false, limit : 0 - rtmpquic.go:249
2026/03/12 14:37:25.335778 [22;36m INFO[0m IframeComing false, resideSizeInGOP 116102, meanGOP 1.380316e+06, meanI 258501, curgop 1264214, curI 263404 - rtmpquic.go:283
2026/03/12 14:37:25.335782 [22;36m INFO[0m UNKEYBEHIND 38,limit:0 - rtmpquic.go:284
2026/03/12 14:37:25.335785 [22;34mDEBUG[0m 38 p frame 7884 - rtmpquic.go:294
2026/03/12 14:37:25.335823 [22;34mDEBUG[0m 
chunk:460 chunk-dur:33ms, timestamp:15300 - rtmpquic.go:220
2026/03/12 14:37:25.368651 [22;34mDEBUG[0m Return monitor from  scheduler : , bw flag : false, limit : 0 - rtmpquic.go:249
2026/03/12 14:37:25.368675 [22;36m INFO[0m IframeComing false, resideSizeInGOP 74483, meanGOP 1.380316e+06, meanI 258501, curgop 1305833, curI 263404 - rtmpquic.go:283
2026/03/12 14:37:25.368680 [22;36m INFO[0m UNKEYBEHIND 39,limit:0 - rtmpquic.go:284
2026/03/12 14:37:25.368694 [22;34mDEBUG[0m 39 p frame 41619 - rtmpquic.go:294
2026/03/12 14:37:25.368715 [22;34mDEBUG[0m 
chunk:461 chunk-dur:33ms, timestamp:15334 - rtmpquic.go:220
2026/03/12 14:37:25.402171 [22;34mDEBUG[0m Return monitor from  scheduler : , bw flag : false, limit : 0 - rtmpquic.go:249
2026/03/12 14:37:25.402192 [22;36m INFO[0m IframeComing false, resideSizeInGOP 66376, meanGOP 1.380316e+06, meanI 258501, curgop 1313940, curI 263404 - rtmpquic.go:283
2026/03/12 14:37:25.402196 [22;36m INFO[0m UNKEYBEHIND 40,limit:0 - rtmpquic.go:284
2026/03/12 14:37:25.402199 [22;34mDEBUG[0m 40 p frame 8107 - rtmpquic.go:294
2026/03/12 14:37:25.402303 [22;34mDEBUG[0m 
chunk:462 chunk-dur:34ms, timestamp:15367 - rtmpquic.go:220
2026/03/12 14:37:25.434389 [22;34mDEBUG[0m Return monitor from  scheduler : , bw flag : false, limit : 0 - rtmpquic.go:249
2026/03/12 14:37:25.434412 [22;36m INFO[0m IframeComing false, resideSizeInGOP 15467, meanGOP 1.380316e+06, meanI 258501, curgop 1364849, curI 263404 - rtmpquic.go:283
2026/03/12 14:37:25.434417 [22;36m INFO[0m UNKEYBEHIND 41,limit:0 - rtmpquic.go:284
2026/03/12 14:37:25.434420 [22;34mDEBUG[0m 41 p frame 50909 - rtmpquic.go:294
2026/03/12 14:37:25.434433 [22;34mDEBUG[0m 
chunk:463 chunk-dur:32ms, timestamp:15400 - rtmpquic.go:220
2026/03/12 14:37:25.468172 [22;34mDEBUG[0m Return monitor from  scheduler : , bw flag : false, limit : 0 - rtmpquic.go:249
2026/03/12 14:37:25.468235 [22;36m INFO[0m IframeComing false, resideSizeInGOP 7833, meanGOP 1.380316e+06, meanI 258501, curgop 1372483, curI 263404 - rtmpquic.go:283
2026/03/12 14:37:25.468242 [22;36m INFO[0m UNKEYBEHIND 42,limit:0 - rtmpquic.go:284
2026/03/12 14:37:25.468245 [22;34mDEBUG[0m 42 p frame 7634 - rtmpquic.go:294
2026/03/12 14:37:25.468301 [22;34mDEBUG[0m 
chunk:464 chunk-dur:34ms, timestamp:15434 - rtmpquic.go:220
2026/03/12 14:37:25.502102 [22;34mDEBUG[0m Return monitor from  scheduler : , bw flag : false, limit : 0 - rtmpquic.go:249
2026/03/12 14:37:25.502155 [22;36m INFO[0m IframeComing true, resideSizeInGOP -35243, meanGOP 1.380316e+06, meanI 258501, curgop 1415559, curI 263404 - rtmpquic.go:283
2026/03/12 14:37:25.502164 [22;36m INFO[0m UNKEYBEHIND 43,limit:0 - rtmpquic.go:284
2026/03/12 14:37:25.502168 [22;34mDEBUG[0m 43 p frame 43076 - rtmpquic.go:294
2026/03/12 14:37:25.502176 [22;34mDEBUG[0m 
chunk:465 chunk-dur:34ms, timestamp:15467 - rtmpquic.go:220
2026/03/12 14:37:25.534673 [22;34mDEBUG[0m Return monitor from  scheduler : , bw flag : false, limit : 0 - rtmpquic.go:249
2026/03/12 14:37:25.534693 [22;36m INFO[0m IframeComing true, resideSizeInGOP -41687, meanGOP 1.380316e+06, meanI 258501, curgop 1422003, curI 263404 - rtmpquic.go:283
2026/03/12 14:37:25.534696 [22;36m INFO[0m UNKEYBEHIND 44,limit:0 - rtmpquic.go:284
2026/03/12 14:37:25.534700 [22;34mDEBUG[0m 44 p frame 6444 - rtmpquic.go:294
2026/03/12 14:37:25.534769 [22;34mDEBUG[0m 
chunk:466 chunk-dur:32ms, timestamp:15500 - rtmpquic.go:220
2026/03/12 14:37:25.568561 [22;34mDEBUG[0m Return monitor from  scheduler : , bw flag : false, limit : 0 - rtmpquic.go:249
2026/03/12 14:37:25.568587 [22;36m INFO[0m IframeComing true, resideSizeInGOP -101839, meanGOP 1.380316e+06, meanI 258501, curgop 1482155, curI 263404 - rtmpquic.go:283
2026/03/12 14:37:25.568592 [22;36m INFO[0m UNKEYBEHIND 45,limit:0 - rtmpquic.go:284
2026/03/12 14:37:25.568595 [22;34mDEBUG[0m 45 p frame 60152 - rtmpquic.go:294
2026/03/12 14:37:25.568742 [22;34mDEBUG[0m 
chunk:467 chunk-dur:34ms, timestamp:15534 - rtmpquic.go:220
2026/03/12 14:37:25.601909 [22;34mDEBUG[0m Return monitor from  scheduler : , bw flag : false, limit : 0 - rtmpquic.go:249
2026/03/12 14:37:25.601956 [22;36m INFO[0m IframeComing true, resideSizeInGOP -113191, meanGOP 1.380316e+06, meanI 258501, curgop 1493507, curI 263404 - rtmpquic.go:283
2026/03/12 14:37:25.601965 [22;36m INFO[0m UNKEYBEHIND 46,limit:0 - rtmpquic.go:284
2026/03/12 14:37:25.601968 [22;34mDEBUG[0m 46 p frame 11352 - rtmpquic.go:294
2026/03/12 14:37:25.601976 [22;34mDEBUG[0m 
chunk:468 chunk-dur:33ms, timestamp:15567 - rtmpquic.go:220
2026/03/12 14:37:25.636127 [22;34mDEBUG[0m Return monitor from  scheduler : , bw flag : false, limit : 0 - rtmpquic.go:249
2026/03/12 14:37:25.636166 [22;36m INFO[0m IframeComing true, resideSizeInGOP -120195, meanGOP 1.380316e+06, meanI 258501, curgop 1500511, curI 263404 - rtmpquic.go:283
2026/03/12 14:37:25.636211 [22;36m INFO[0m UNKEYBEHIND 47,limit:0 - rtmpquic.go:284
2026/03/12 14:37:25.636236 [22;34mDEBUG[0m 47 p frame 7004 - rtmpquic.go:294
2026/03/12 14:37:25.636308 [22;34mDEBUG[0m 
chunk:469 chunk-dur:35ms, timestamp:15600 - rtmpquic.go:220
2026/03/12 14:37:25.668092 [22;34mDEBUG[0m Return monitor from  scheduler : , bw flag : false, limit : 0 - rtmpquic.go:249
2026/03/12 14:37:25.668117 [22;36m INFO[0m IframeComing true, resideSizeInGOP -165304, meanGOP 1.380316e+06, meanI 258501, curgop 1545620, curI 263404 - rtmpquic.go:283
2026/03/12 14:37:25.668121 [22;36m INFO[0m UNKEYBEHIND 48,limit:0 - rtmpquic.go:284
2026/03/12 14:37:25.668124 [22;34mDEBUG[0m 48 p frame 45109 - rtmpquic.go:294
2026/03/12 14:37:25.668134 [22;34mDEBUG[0m 
chunk:470 chunk-dur:32ms, timestamp:15634 - rtmpquic.go:220
2026/03/12 14:37:25.701274 [22;34mDEBUG[0m Return monitor from  scheduler : , bw flag : false, limit : 0 - rtmpquic.go:249
2026/03/12 14:37:25.701294 [22;36m INFO[0m IframeComing true, resideSizeInGOP -171136, meanGOP 1.380316e+06, meanI 258501, curgop 1551452, curI 263404 - rtmpquic.go:283
2026/03/12 14:37:25.701298 [22;36m INFO[0m UNKEYBEHIND 49,limit:0 - rtmpquic.go:284
2026/03/12 14:37:25.701302 [22;34mDEBUG[0m 49 p frame 5832 - rtmpquic.go:294
2026/03/12 14:37:25.701346 [22;34mDEBUG[0m 
chunk:471 chunk-dur:33ms, timestamp:15667 - rtmpquic.go:220
2026/03/12 14:37:25.734701 [22;34mDEBUG[0m Return monitor from  scheduler : , bw flag : false, limit : 0 - rtmpquic.go:249
2026/03/12 14:37:25.734723 [22;36m INFO[0m IframeComing true, resideSizeInGOP -221228, meanGOP 1.380316e+06, meanI 258501, curgop 1601544, curI 263404 - rtmpquic.go:283
2026/03/12 14:37:25.734727 [22;36m INFO[0m UNKEYBEHIND 50,limit:0 - rtmpquic.go:284
2026/03/12 14:37:25.734730 [22;34mDEBUG[0m 50 p frame 50092 - rtmpquic.go:294
2026/03/12 14:37:25.734747 [22;34mDEBUG[0m 
chunk:472 chunk-dur:33ms, timestamp:15700 - rtmpquic.go:220
2026/03/12 14:37:25.768593 [22;34mDEBUG[0m Return monitor from  scheduler : , bw flag : false, limit : 0 - rtmpquic.go:249
2026/03/12 14:37:25.768611 [22;36m INFO[0m IframeComing true, resideSizeInGOP -228364, meanGOP 1.380316e+06, meanI 258501, curgop 1608680, curI 263404 - rtmpquic.go:283
2026/03/12 14:37:25.768616 [22;36m INFO[0m UNKEYBEHIND 51,limit:0 - rtmpquic.go:284
2026/03/12 14:37:25.768619 [22;34mDEBUG[0m 51 p frame 7136 - rtmpquic.go:294
2026/03/12 14:37:25.768677 [22;34mDEBUG[0m 
chunk:473 chunk-dur:34ms, timestamp:15734 - rtmpquic.go:220
2026/03/12 14:37:25.801796 [22;34mDEBUG[0m Return monitor from  scheduler : , bw flag : false, limit : 0 - rtmpquic.go:249
2026/03/12 14:37:25.801818 [22;36m INFO[0m IframeComing true, resideSizeInGOP -282208, meanGOP 1.380316e+06, meanI 258501, curgop 1662524, curI 263404 - rtmpquic.go:283
2026/03/12 14:37:25.801823 [22;36m INFO[0m UNKEYBEHIND 52,limit:0 - rtmpquic.go:284
2026/03/12 14:37:25.801826 [22;34mDEBUG[0m 52 p frame 53844 - rtmpquic.go:294
2026/03/12 14:37:25.801851 [22;34mDEBUG[0m 
chunk:474 chunk-dur:33ms, timestamp:15767 - rtmpquic.go:220
2026/03/12 14:37:25.835526 [22;34mDEBUG[0m Return monitor from  scheduler : , bw flag : false, limit : 0 - rtmpquic.go:249
2026/03/12 14:37:25.835548 [22;36m INFO[0m IframeComing true, resideSizeInGOP -294166, meanGOP 1.380316e+06, meanI 258501, curgop 1674482, curI 263404 - rtmpquic.go:283
2026/03/12 14:37:25.835552 [22;36m INFO[0m UNKEYBEHIND 53,limit:0 - rtmpquic.go:284
2026/03/12 14:37:25.835556 [22;34mDEBUG[0m 53 p frame 11958 - rtmpquic.go:294
2026/03/12 14:37:25.835580 [22;34mDEBUG[0m 
chunk:475 chunk-dur:34ms, timestamp:15800 - rtmpquic.go:220
2026/03/12 14:37:25.868393 [22;34mDEBUG[0m Return monitor from  scheduler : , bw flag : false, limit : 0 - rtmpquic.go:249
2026/03/12 14:37:25.868414 [22;36m INFO[0m IframeComing true, resideSizeInGOP -302455, meanGOP 1.380316e+06, meanI 258501, curgop 1682771, curI 263404 - rtmpquic.go:283
2026/03/12 14:37:25.868418 [22;36m INFO[0m UNKEYBEHIND 54,limit:0 - rtmpquic.go:284
2026/03/12 14:37:25.868421 [22;34mDEBUG[0m 54 p frame 8289 - rtmpquic.go:294
2026/03/12 14:37:25.868473 [22;34mDEBUG[0m 
chunk:476 chunk-dur:33ms, timestamp:15834 - rtmpquic.go:220
2026/03/12 14:37:25.901962 [22;34mDEBUG[0m Return monitor from  scheduler : , bw flag : false, limit : 0 - rtmpquic.go:249
2026/03/12 14:37:25.901985 [22;36m INFO[0m IframeComing true, resideSizeInGOP -364932, meanGOP 1.380316e+06, meanI 258501, curgop 1745248, curI 263404 - rtmpquic.go:283
2026/03/12 14:37:25.901989 [22;36m INFO[0m UNKEYBEHIND 55,limit:0 - rtmpquic.go:284
2026/03/12 14:37:25.901993 [22;34mDEBUG[0m 55 p frame 62477 - rtmpquic.go:294
2026/03/12 14:37:25.902006 [22;34mDEBUG[0m 
chunk:477 chunk-dur:34ms, timestamp:15867 - rtmpquic.go:220
2026/03/12 14:37:25.934899 [22;34mDEBUG[0m Return monitor from  scheduler : , bw flag : false, limit : 0 - rtmpquic.go:249
2026/03/12 14:37:25.934916 [22;36m INFO[0m IframeComing true, resideSizeInGOP -373088, meanGOP 1.380316e+06, meanI 258501, curgop 1753404, curI 263404 - rtmpquic.go:283
2026/03/12 14:37:25.934920 [22;36m INFO[0m UNKEYBEHIND 56,limit:0 - rtmpquic.go:284
2026/03/12 14:37:25.934923 [22;34mDEBUG[0m 56 p frame 8156 - rtmpquic.go:294
2026/03/12 14:37:25.934952 [22;34mDEBUG[0m 
chunk:478 chunk-dur:32ms, timestamp:15900 - rtmpquic.go:220
2026/03/12 14:37:25.968807 [22;34mDEBUG[0m Return monitor from  scheduler : , bw flag : false, limit : 0 - rtmpquic.go:249
2026/03/12 14:37:25.968823 [22;36m INFO[0m IframeComing true, resideSizeInGOP -404553, meanGOP 1.380316e+06, meanI 258501, curgop 1784869, curI 263404 - rtmpquic.go:283
2026/03/12 14:37:25.968827 [22;36m INFO[0m UNKEYBEHIND 57,limit:0 - rtmpquic.go:284
2026/03/12 14:37:25.968830 [22;34mDEBUG[0m 57 p frame 31465 - rtmpquic.go:294
2026/03/12 14:37:25.968854 [22;34mDEBUG[0m 
chunk:479 chunk-dur:34ms, timestamp:15934 - rtmpquic.go:220
2026/03/12 14:37:26.003120 [22;34mDEBUG[0m Return monitor from  scheduler : , bw flag : false, limit : 0 - rtmpquic.go:249
2026/03/12 14:37:26.003150 [22;36m INFO[0m IframeComing true, resideSizeInGOP -415784, meanGOP 1.380316e+06, meanI 258501, curgop 1796100, curI 263404 - rtmpquic.go:283
2026/03/12 14:37:26.003155 [22;36m INFO[0m UNKEYBEHIND 58,limit:0 - rtmpquic.go:284
2026/03/12 14:37:26.003158 [22;34mDEBUG[0m 58 p frame 11231 - rtmpquic.go:294
2026/03/12 14:37:26.003183 [22;34mDEBUG[0m 
chunk:480 chunk-dur:35ms, timestamp:15967 - rtmpquic.go:220
2026/03/12 14:37:26.035251 [22;34mDEBUG[0m Return monitor from  scheduler : , bw flag : false, limit : 0 - rtmpquic.go:249
2026/03/12 14:37:26.035267 [22;36m INFO[0m IframeComing true, resideSizeInGOP -427220, meanGOP 1.380316e+06, meanI 258501, curgop 1807536, curI 263404 - rtmpquic.go:283
2026/03/12 14:37:26.035271 [22;36m INFO[0m UNKEYBEHIND 59,limit:0 - rtmpquic.go:284
2026/03/12 14:37:26.035274 [22;34mDEBUG[0m 59 p frame 11436 - rtmpquic.go:294
2026/03/12 14:37:26.035501 [22;34mDEBUG[0m 
chunk:481 chunk-dur:32ms, timestamp:16000 - rtmpquic.go:220
2026/03/12 14:37:26.068610 [22;34mDEBUG[0m Return monitor from  scheduler : , bw flag : false, limit : 0 - rtmpquic.go:249
key tag 179647
2026/03/12 14:37:26.068667 [22;34mDEBUG[0m 9 I frame 179647 - rtmpquic.go:275
2026/03/12 14:37:26.068733 [22;34mDEBUG[0m 
chunk:482 chunk-dur:33ms, timestamp:16034 - rtmpquic.go:220
2026/03/12 14:37:26.075746 [22;34mDEBUG[0m bitrate:6.932766 Mbps - client_session.go:438
2026/03/12 14:37:26.102018 [22;34mDEBUG[0m Return monitor from  scheduler : , bw flag : false, limit : 0 - rtmpquic.go:249
2026/03/12 14:37:26.102037 [22;36m INFO[0m IframeComing false, resideSizeInGOP 1.20572e+06, meanGOP 1.433719e+06, meanI 259114, curgop 227999, curI 179647 - rtmpquic.go:283
2026/03/12 14:37:26.102041 [22;36m INFO[0m UNKEYBEHIND 1,limit:0 - rtmpquic.go:284
2026/03/12 14:37:26.102045 [22;34mDEBUG[0m 1 p frame 48352 - rtmpquic.go:294
2026/03/12 14:37:26.102052 [22;34mDEBUG[0m 
chunk:483 chunk-dur:34ms, timestamp:16067 - rtmpquic.go:220
2026/03/12 14:37:26.134537 [22;34mDEBUG[0m Return monitor from  scheduler : , bw flag : false, limit : 0 - rtmpquic.go:249
2026/03/12 14:37:26.134552 [22;36m INFO[0m IframeComing false, resideSizeInGOP 1.196753e+06, meanGOP 1.433719e+06, meanI 259114, curgop 236966, curI 179647 - rtmpquic.go:283
2026/03/12 14:37:26.134556 [22;36m INFO[0m UNKEYBEHIND 2,limit:0 - rtmpquic.go:284
2026/03/12 14:37:26.134559 [22;34mDEBUG[0m 2 p frame 8967 - rtmpquic.go:294
2026/03/12 14:37:26.134700 [22;34mDEBUG[0m 
chunk:484 chunk-dur:32ms, timestamp:16100 - rtmpquic.go:220
2026/03/12 14:37:26.168108 [22;34mDEBUG[0m Return monitor from  scheduler : , bw flag : false, limit : 0 - rtmpquic.go:249
2026/03/12 14:37:26.168133 [22;36m INFO[0m IframeComing false, resideSizeInGOP 1.189224e+06, meanGOP 1.433719e+06, meanI 259114, curgop 244495, curI 179647 - rtmpquic.go:283
2026/03/12 14:37:26.168137 [22;36m INFO[0m UNKEYBEHIND 3,limit:0 - rtmpquic.go:284
2026/03/12 14:37:26.168141 [22;34mDEBUG[0m 3 p frame 7529 - rtmpquic.go:294
2026/03/12 14:37:26.168186 [22;34mDEBUG[0m 
chunk:485 chunk-dur:34ms, timestamp:16134 - rtmpquic.go:220
2026/03/12 14:37:26.201386 [22;34mDEBUG[0m Return monitor from  scheduler : , bw flag : false, limit : 0 - rtmpquic.go:249
2026/03/12 14:37:26.201411 [22;36m INFO[0m IframeComing false, resideSizeInGOP 1.143628e+06, meanGOP 1.433719e+06, meanI 259114, curgop 290091, curI 179647 - rtmpquic.go:283
2026/03/12 14:37:26.201415 [22;36m INFO[0m UNKEYBEHIND 4,limit:0 - rtmpquic.go:284
2026/03/12 14:37:26.201418 [22;34mDEBUG[0m 4 p frame 45596 - rtmpquic.go:294
2026/03/12 14:37:26.201504 [22;34mDEBUG[0m 
chunk:486 chunk-dur:33ms, timestamp:16167 - rtmpquic.go:220
2026/03/12 14:37:26.234943 [22;34mDEBUG[0m Return monitor from  scheduler : , bw flag : false, limit : 0 - rtmpquic.go:249
2026/03/12 14:37:26.234963 [22;36m INFO[0m IframeComing false, resideSizeInGOP 1.068269e+06, meanGOP 1.433719e+06, meanI 259114, curgop 365450, curI 179647 - rtmpquic.go:283
2026/03/12 14:37:26.234967 [22;36m INFO[0m UNKEYBEHIND 5,limit:0 - rtmpquic.go:284
2026/03/12 14:37:26.234970 [22;34mDEBUG[0m 5 p frame 75359 - rtmpquic.go:294
2026/03/12 14:37:26.235023 [22;34mDEBUG[0m 
chunk:487 chunk-dur:34ms, timestamp:16200 - rtmpquic.go:220
2026/03/12 14:37:26.267829 [22;34mDEBUG[0m Return monitor from  scheduler : , bw flag : false, limit : 0 - rtmpquic.go:249
2026/03/12 14:37:26.267849 [22;36m INFO[0m IframeComing false, resideSizeInGOP 1.046224e+06, meanGOP 1.433719e+06, meanI 259114, curgop 387495, curI 179647 - rtmpquic.go:283
2026/03/12 14:37:26.267852 [22;36m INFO[0m UNKEYBEHIND 6,limit:0 - rtmpquic.go:284
2026/03/12 14:37:26.267856 [22;34mDEBUG[0m 6 p frame 22045 - rtmpquic.go:294
2026/03/12 14:37:26.267942 [22;34mDEBUG[0m 
chunk:488 chunk-dur:32ms, timestamp:16234 - rtmpquic.go:220
2026/03/12 14:37:26.302006 [22;34mDEBUG[0m Return monitor from  scheduler : , bw flag : false, limit : 0 - rtmpquic.go:249
2026/03/12 14:37:26.302032 [22;36m INFO[0m IframeComing false, resideSizeInGOP 1.038558e+06, meanGOP 1.433719e+06, meanI 259114, curgop 395161, curI 179647 - rtmpquic.go:283
2026/03/12 14:37:26.302036 [22;36m INFO[0m UNKEYBEHIND 7,limit:0 - rtmpquic.go:284
2026/03/12 14:37:26.302039 [22;34mDEBUG[0m 7 p frame 7666 - rtmpquic.go:294
2026/03/12 14:37:26.302107 [22;34mDEBUG[0m 
chunk:489 chunk-dur:35ms, timestamp:16267 - rtmpquic.go:220
2026/03/12 14:37:26.338210 [22;34mDEBUG[0m Return monitor from  scheduler : , bw flag : false, limit : 0 - rtmpquic.go:249
2026/03/12 14:37:26.338235 [22;36m INFO[0m IframeComing false, resideSizeInGOP 1.031242e+06, meanGOP 1.433719e+06, meanI 259114, curgop 402477, curI 179647 - rtmpquic.go:283
2026/03/12 14:37:26.338239 [22;36m INFO[0m UNKEYBEHIND 8,limit:0 - rtmpquic.go:284
2026/03/12 14:37:26.338242 [22;34mDEBUG[0m 8 p frame 7316 - rtmpquic.go:294
2026/03/12 14:37:26.338316 [22;34mDEBUG[0m 
chunk:490 chunk-dur:36ms, timestamp:16300 - rtmpquic.go:220
2026/03/12 14:37:26.368358 [22;34mDEBUG[0m Return monitor from  scheduler : , bw flag : false, limit : 0 - rtmpquic.go:249
2026/03/12 14:37:26.368379 [22;36m INFO[0m IframeComing false, resideSizeInGOP 973155, meanGOP 1.433719e+06, meanI 259114, curgop 460564, curI 179647 - rtmpquic.go:283
2026/03/12 14:37:26.368383 [22;36m INFO[0m UNKEYBEHIND 9,limit:0 - rtmpquic.go:284
2026/03/12 14:37:26.368386 [22;34mDEBUG[0m 9 p frame 58087 - rtmpquic.go:294
2026/03/12 14:37:26.368419 [22;34mDEBUG[0m 
chunk:491 chunk-dur:30ms, timestamp:16334 - rtmpquic.go:220
2026/03/12 14:37:26.401488 [22;34mDEBUG[0m Return monitor from  scheduler : , bw flag : false, limit : 0 - rtmpquic.go:249
2026/03/12 14:37:26.401509 [22;36m INFO[0m IframeComing false, resideSizeInGOP 960133, meanGOP 1.433719e+06, meanI 259114, curgop 473586, curI 179647 - rtmpquic.go:283
2026/03/12 14:37:26.401513 [22;36m INFO[0m UNKEYBEHIND 10,limit:0 - rtmpquic.go:284
2026/03/12 14:37:26.401517 [22;34mDEBUG[0m 10 p frame 13022 - rtmpquic.go:294
2026/03/12 14:37:26.401537 [22;34mDEBUG[0m 
chunk:492 chunk-dur:33ms, timestamp:16367 - rtmpquic.go:220
2026/03/12 14:37:26.434741 [22;34mDEBUG[0m Return monitor from  scheduler : , bw flag : false, limit : 0 - rtmpquic.go:249
2026/03/12 14:37:26.434770 [22;36m INFO[0m IframeComing false, resideSizeInGOP 954511, meanGOP 1.433719e+06, meanI 259114, curgop 479208, curI 179647 - rtmpquic.go:283
2026/03/12 14:37:26.434777 [22;36m INFO[0m UNKEYBEHIND 11,limit:0 - rtmpquic.go:284
2026/03/12 14:37:26.434781 [22;34mDEBUG[0m 11 p frame 5622 - rtmpquic.go:294
2026/03/12 14:37:26.434849 [22;34mDEBUG[0m 
chunk:493 chunk-dur:33ms, timestamp:16400 - rtmpquic.go:220
2026/03/12 14:37:26.469495 [22;34mDEBUG[0m Return monitor from  scheduler : , bw flag : false, limit : 0 - rtmpquic.go:249
2026/03/12 14:37:26.469515 [22;36m INFO[0m IframeComing false, resideSizeInGOP 884260, meanGOP 1.433719e+06, meanI 259114, curgop 549459, curI 179647 - rtmpquic.go:283
2026/03/12 14:37:26.469519 [22;36m INFO[0m UNKEYBEHIND 12,limit:0 - rtmpquic.go:284
2026/03/12 14:37:26.469522 [22;34mDEBUG[0m 12 p frame 70251 - rtmpquic.go:294
2026/03/12 14:37:26.469552 [22;34mDEBUG[0m 
chunk:494 chunk-dur:35ms, timestamp:16434 - rtmpquic.go:220
2026/03/12 14:37:26.502555 [22;34mDEBUG[0m Return monitor from  scheduler : , bw flag : false, limit : 0 - rtmpquic.go:249
2026/03/12 14:37:26.502572 [22;36m INFO[0m IframeComing false, resideSizeInGOP 865208, meanGOP 1.433719e+06, meanI 259114, curgop 568511, curI 179647 - rtmpquic.go:283
2026/03/12 14:37:26.502576 [22;36m INFO[0m UNKEYBEHIND 13,limit:0 - rtmpquic.go:284
2026/03/12 14:37:26.502579 [22;34mDEBUG[0m 13 p frame 19052 - rtmpquic.go:294
2026/03/12 14:37:26.502596 [22;34mDEBUG[0m 
chunk:495 chunk-dur:33ms, timestamp:16467 - rtmpquic.go:220
2026/03/12 14:37:26.535566 [22;34mDEBUG[0m Return monitor from  scheduler : , bw flag : false, limit : 0 - rtmpquic.go:249
2026/03/12 14:37:26.535588 [22;36m INFO[0m IframeComing false, resideSizeInGOP 857835, meanGOP 1.433719e+06, meanI 259114, curgop 575884, curI 179647 - rtmpquic.go:283
2026/03/12 14:37:26.535592 [22;36m INFO[0m UNKEYBEHIND 14,limit:0 - rtmpquic.go:284
2026/03/12 14:37:26.535596 [22;34mDEBUG[0m 14 p frame 7373 - rtmpquic.go:294
2026/03/12 14:37:26.535605 [22;34mDEBUG[0m 
chunk:496 chunk-dur:33ms, timestamp:16500 - rtmpquic.go:220
2026/03/12 14:37:26.568193 [22;34mDEBUG[0m Return monitor from  scheduler : , bw flag : false, limit : 0 - rtmpquic.go:249
2026/03/12 14:37:26.568214 [22;36m INFO[0m IframeComing false, resideSizeInGOP 850048, meanGOP 1.433719e+06, meanI 259114, curgop 583671, curI 179647 - rtmpquic.go:283
2026/03/12 14:37:26.568217 [22;36m INFO[0m UNKEYBEHIND 15,limit:0 - rtmpquic.go:284
2026/03/12 14:37:26.568221 [22;34mDEBUG[0m 15 p frame 7787 - rtmpquic.go:294
2026/03/12 14:37:26.568294 [22;34mDEBUG[0m 
chunk:497 chunk-dur:33ms, timestamp:16534 - rtmpquic.go:220
2026/03/12 14:37:26.602263 [22;34mDEBUG[0m Return monitor from  scheduler : , bw flag : false, limit : 0 - rtmpquic.go:249
2026/03/12 14:37:26.602284 [22;36m INFO[0m IframeComing false, resideSizeInGOP 798021, meanGOP 1.433719e+06, meanI 259114, curgop 635698, curI 179647 - rtmpquic.go:283
2026/03/12 14:37:26.602288 [22;36m INFO[0m UNKEYBEHIND 16,limit:0 - rtmpquic.go:284
2026/03/12 14:37:26.602291 [22;34mDEBUG[0m 16 p frame 52027 - rtmpquic.go:294
2026/03/12 14:37:26.602328 [22;34mDEBUG[0m 
chunk:498 chunk-dur:34ms, timestamp:16567 - rtmpquic.go:220
2026/03/12 14:37:26.635191 [22;34mDEBUG[0m Return monitor from  scheduler : , bw flag : false, limit : 0 - rtmpquic.go:249
2026/03/12 14:37:26.635243 [22;36m INFO[0m IframeComing false, resideSizeInGOP 784214, meanGOP 1.433719e+06, meanI 259114, curgop 649505, curI 179647 - rtmpquic.go:283
2026/03/12 14:37:26.635253 [22;36m INFO[0m UNKEYBEHIND 17,limit:0 - rtmpquic.go:284
2026/03/12 14:37:26.635256 [22;34mDEBUG[0m 17 p frame 13807 - rtmpquic.go:294
2026/03/12 14:37:26.635297 [22;34mDEBUG[0m 
chunk:499 chunk-dur:33ms, timestamp:16600 - rtmpquic.go:220
2026/03/12 14:37:26.668318 [22;34mDEBUG[0m Return monitor from  scheduler : , bw flag : false, limit : 0 - rtmpquic.go:249
2026/03/12 14:37:26.668337 [22;36m INFO[0m IframeComing false, resideSizeInGOP 775147, meanGOP 1.433719e+06, meanI 259114, curgop 658572, curI 179647 - rtmpquic.go:283
2026/03/12 14:37:26.668341 [22;36m INFO[0m UNKEYBEHIND 18,limit:0 - rtmpquic.go:284
2026/03/12 14:37:26.668344 [22;34mDEBUG[0m 18 p frame 9067 - rtmpquic.go:294
2026/03/12 14:37:26.668454 [22;34mDEBUG[0m 
chunk:500 chunk-dur:33ms, timestamp:16634 - rtmpquic.go:220
2026/03/12 14:37:26.702018 [22;34mDEBUG[0m Return monitor from  scheduler : , bw flag : false, limit : 0 - rtmpquic.go:249
2026/03/12 14:37:26.702063 [22;36m INFO[0m IframeComing false, resideSizeInGOP 742785, meanGOP 1.433719e+06, meanI 259114, curgop 690934, curI 179647 - rtmpquic.go:283
2026/03/12 14:37:26.702159 [22;36m INFO[0m UNKEYBEHIND 19,limit:0 - rtmpquic.go:284
2026/03/12 14:37:26.702164 [22;34mDEBUG[0m 19 p frame 32362 - rtmpquic.go:294
2026/03/12 14:37:26.702219 [22;34mDEBUG[0m 
chunk:501 chunk-dur:34ms, timestamp:16667 - rtmpquic.go:220
2026/03/12 14:37:26.734557 [22;34mDEBUG[0m Return monitor from  scheduler : , bw flag : false, limit : 0 - rtmpquic.go:249
2026/03/12 14:37:26.734576 [22;36m INFO[0m IframeComing false, resideSizeInGOP 709646, meanGOP 1.433719e+06, meanI 259114, curgop 724073, curI 179647 - rtmpquic.go:283
2026/03/12 14:37:26.734601 [22;36m INFO[0m UNKEYBEHIND 20,limit:0 - rtmpquic.go:284
2026/03/12 14:37:26.734604 [22;34mDEBUG[0m 20 p frame 33139 - rtmpquic.go:294
2026/03/12 14:37:26.734649 [22;34mDEBUG[0m 
chunk:502 chunk-dur:32ms, timestamp:16700 - rtmpquic.go:220
2026/03/12 14:37:26.768028 [22;34mDEBUG[0m Return monitor from  scheduler : , bw flag : false, limit : 0 - rtmpquic.go:249
2026/03/12 14:37:26.768051 [22;36m INFO[0m IframeComing false, resideSizeInGOP 675418, meanGOP 1.433719e+06, meanI 259114, curgop 758301, curI 179647 - rtmpquic.go:283
2026/03/12 14:37:26.768054 [22;36m INFO[0m UNKEYBEHIND 21,limit:0 - rtmpquic.go:284
2026/03/12 14:37:26.768058 [22;34mDEBUG[0m 21 p frame 34228 - rtmpquic.go:294
2026/03/12 14:37:26.768106 [22;34mDEBUG[0m 
chunk:503 chunk-dur:34ms, timestamp:16734 - rtmpquic.go:220
2026/03/12 14:37:26.801267 [22;34mDEBUG[0m Return monitor from  scheduler : , bw flag : false, limit : 0 - rtmpquic.go:249
2026/03/12 14:37:26.801288 [22;36m INFO[0m IframeComing false, resideSizeInGOP 627683, meanGOP 1.433719e+06, meanI 259114, curgop 806036, curI 179647 - rtmpquic.go:283
2026/03/12 14:37:26.801292 [22;36m INFO[0m UNKEYBEHIND 22,limit:0 - rtmpquic.go:284
2026/03/12 14:37:26.801301 [22;34mDEBUG[0m 22 p frame 47735 - rtmpquic.go:294
2026/03/12 14:37:26.801346 [22;34mDEBUG[0m 
chunk:504 chunk-dur:33ms, timestamp:16767 - rtmpquic.go:220
2026/03/12 14:37:26.835360 [22;34mDEBUG[0m Return monitor from  scheduler : , bw flag : false, limit : 0 - rtmpquic.go:249
2026/03/12 14:37:26.835383 [22;36m INFO[0m IframeComing false, resideSizeInGOP 584400, meanGOP 1.433719e+06, meanI 259114, curgop 849319, curI 179647 - rtmpquic.go:283
2026/03/12 14:37:26.835388 [22;36m INFO[0m UNKEYBEHIND 23,limit:0 - rtmpquic.go:284
2026/03/12 14:37:26.835392 [22;34mDEBUG[0m 23 p frame 43283 - rtmpquic.go:294
2026/03/12 14:37:26.835469 [22;34mDEBUG[0m 
chunk:505 chunk-dur:34ms, timestamp:16800 - rtmpquic.go:220
2026/03/12 14:37:26.868504 [22;34mDEBUG[0m Return monitor from  scheduler : , bw flag : false, limit : 0 - rtmpquic.go:249
2026/03/12 14:37:26.868535 [22;36m INFO[0m IframeComing false, resideSizeInGOP 544575, meanGOP 1.433719e+06, meanI 259114, curgop 889144, curI 179647 - rtmpquic.go:283
2026/03/12 14:37:26.868540 [22;36m INFO[0m UNKEYBEHIND 24,limit:0 - rtmpquic.go:284
2026/03/12 14:37:26.868544 [22;34mDEBUG[0m 24 p frame 39825 - rtmpquic.go:294
2026/03/12 14:37:26.868626 [22;34mDEBUG[0m 
chunk:506 chunk-dur:33ms, timestamp:16834 - rtmpquic.go:220
2026/03/12 14:37:26.902174 [22;34mDEBUG[0m Return monitor from  scheduler : , bw flag : false, limit : 0 - rtmpquic.go:249
2026/03/12 14:37:26.902202 [22;36m INFO[0m IframeComing false, resideSizeInGOP 504937, meanGOP 1.433719e+06, meanI 259114, curgop 928782, curI 179647 - rtmpquic.go:283
2026/03/12 14:37:26.902207 [22;36m INFO[0m UNKEYBEHIND 25,limit:0 - rtmpquic.go:284
2026/03/12 14:37:26.902211 [22;34mDEBUG[0m 25 p frame 39638 - rtmpquic.go:294
2026/03/12 14:37:26.902270 [22;34mDEBUG[0m 
chunk:507 chunk-dur:34ms, timestamp:16867 - rtmpquic.go:220
2026/03/12 14:37:26.934414 [22;34mDEBUG[0m Return monitor from  scheduler : , bw flag : false, limit : 0 - rtmpquic.go:249
2026/03/12 14:37:26.934445 [22;36m INFO[0m IframeComing false, resideSizeInGOP 460818, meanGOP 1.433719e+06, meanI 259114, curgop 972901, curI 179647 - rtmpquic.go:283
2026/03/12 14:37:26.934450 [22;36m INFO[0m UNKEYBEHIND 26,limit:0 - rtmpquic.go:284
2026/03/12 14:37:26.934454 [22;34mDEBUG[0m 26 p frame 44119 - rtmpquic.go:294
2026/03/12 14:37:26.934533 [22;34mDEBUG[0m 
chunk:508 chunk-dur:32ms, timestamp:16900 - rtmpquic.go:220
2026/03/12 14:37:26.968146 [22;34mDEBUG[0m Return monitor from  scheduler : , bw flag : false, limit : 0 - rtmpquic.go:249
2026/03/12 14:37:26.968179 [22;36m INFO[0m IframeComing false, resideSizeInGOP 425738, meanGOP 1.433719e+06, meanI 259114, curgop 1007981, curI 179647 - rtmpquic.go:283
2026/03/12 14:37:26.968186 [22;36m INFO[0m UNKEYBEHIND 27,limit:0 - rtmpquic.go:284
2026/03/12 14:37:26.968192 [22;34mDEBUG[0m 27 p frame 35080 - rtmpquic.go:294
2026/03/12 14:37:26.968224 [22;34mDEBUG[0m 
chunk:509 chunk-dur:34ms, timestamp:16934 - rtmpquic.go:220
2026/03/12 14:37:27.001612 [22;34mDEBUG[0m Return monitor from  scheduler : , bw flag : false, limit : 0 - rtmpquic.go:249
2026/03/12 14:37:27.001651 [22;36m INFO[0m IframeComing false, resideSizeInGOP 388140, meanGOP 1.433719e+06, meanI 259114, curgop 1045579, curI 179647 - rtmpquic.go:283
2026/03/12 14:37:27.001656 [22;36m INFO[0m UNKEYBEHIND 28,limit:0 - rtmpquic.go:284
2026/03/12 14:37:27.001659 [22;34mDEBUG[0m 28 p frame 37598 - rtmpquic.go:294
2026/03/12 14:37:27.001976 [22;34mDEBUG[0m 
chunk:510 chunk-dur:33ms, timestamp:16967 - rtmpquic.go:220
2026/03/12 14:37:27.036121 [22;34mDEBUG[0m Return monitor from  scheduler : , bw flag : false, limit : 0 - rtmpquic.go:249
2026/03/12 14:37:27.036173 [22;36m INFO[0m IframeComing false, resideSizeInGOP 352309, meanGOP 1.433719e+06, meanI 259114, curgop 1081410, curI 179647 - rtmpquic.go:283
2026/03/12 14:37:27.036178 [22;36m INFO[0m UNKEYBEHIND 29,limit:0 - rtmpquic.go:284
2026/03/12 14:37:27.036181 [22;34mDEBUG[0m 29 p frame 35831 - rtmpquic.go:294
2026/03/12 14:37:27.036376 [22;34mDEBUG[0m 
chunk:511 chunk-dur:35ms, timestamp:17000 - rtmpquic.go:220
2026/03/12 14:37:27.067669 [22;34mDEBUG[0m Return monitor from  scheduler : , bw flag : false, limit : 0 - rtmpquic.go:249
2026/03/12 14:37:27.067696 [22;36m INFO[0m IframeComing false, resideSizeInGOP 305418, meanGOP 1.433719e+06, meanI 259114, curgop 1128301, curI 179647 - rtmpquic.go:283
2026/03/12 14:37:27.067701 [22;36m INFO[0m UNKEYBEHIND 30,limit:0 - rtmpquic.go:284
2026/03/12 14:37:27.067705 [22;34mDEBUG[0m 30 p frame 46891 - rtmpquic.go:294
2026/03/12 14:37:27.067755 [22;34mDEBUG[0m 
chunk:512 chunk-dur:31ms, timestamp:17034 - rtmpquic.go:220
2026/03/12 14:37:27.075823 [22;34mDEBUG[0m bitrate:7.237115 Mbps - client_session.go:438
2026/03/12 14:37:27.104032 [22;34mDEBUG[0m Return monitor from  scheduler : , bw flag : false, limit : 0 - rtmpquic.go:249
2026/03/12 14:37:27.104089 [22;36m INFO[0m IframeComing false, resideSizeInGOP 241910, meanGOP 1.433719e+06, meanI 259114, curgop 1191809, curI 179647 - rtmpquic.go:283
2026/03/12 14:37:27.104099 [22;36m INFO[0m UNKEYBEHIND 31,limit:0 - rtmpquic.go:284
2026/03/12 14:37:27.104107 [22;34mDEBUG[0m 31 p frame 63508 - rtmpquic.go:294
2026/03/12 14:37:27.104156 [22;34mDEBUG[0m 
chunk:513 chunk-dur:37ms, timestamp:17067 - rtmpquic.go:220
2026/03/12 14:37:27.134582 [22;34mDEBUG[0m Return monitor from  scheduler : , bw flag : false, limit : 0 - rtmpquic.go:249
2026/03/12 14:37:27.134617 [22;36m INFO[0m IframeComing false, resideSizeInGOP 223195, meanGOP 1.433719e+06, meanI 259114, curgop 1210524, curI 179647 - rtmpquic.go:283
2026/03/12 14:37:27.134646 [22;36m INFO[0m UNKEYBEHIND 32,limit:0 - rtmpquic.go:284
2026/03/12 14:37:27.134651 [22;34mDEBUG[0m 32 p frame 18715 - rtmpquic.go:294
2026/03/12 14:37:27.134675 [22;34mDEBUG[0m 
chunk:514 chunk-dur:30ms, timestamp:17100 - rtmpquic.go:220
2026/03/12 14:37:27.168244 [22;34mDEBUG[0m Return monitor from  scheduler : , bw flag : false, limit : 0 - rtmpquic.go:249
2026/03/12 14:37:27.168341 [22;36m INFO[0m IframeComing false, resideSizeInGOP 212649, meanGOP 1.433719e+06, meanI 259114, curgop 1221070, curI 179647 - rtmpquic.go:283
2026/03/12 14:37:27.168360 [22;36m INFO[0m UNKEYBEHIND 33,limit:0 - rtmpquic.go:284
2026/03/12 14:37:27.168364 [22;34mDEBUG[0m 33 p frame 10546 - rtmpquic.go:294
2026/03/12 14:37:27.168453 [22;34mDEBUG[0m 
chunk:515 chunk-dur:34ms, timestamp:17134 - rtmpquic.go:220
2026/03/12 14:37:27.202909 [22;34mDEBUG[0m Return monitor from  scheduler : , bw flag : false, limit : 0 - rtmpquic.go:249
2026/03/12 14:37:27.202937 [22;36m INFO[0m IframeComing false, resideSizeInGOP 138662, meanGOP 1.433719e+06, meanI 259114, curgop 1295057, curI 179647 - rtmpquic.go:283
2026/03/12 14:37:27.202942 [22;36m INFO[0m UNKEYBEHIND 34,limit:0 - rtmpquic.go:284
2026/03/12 14:37:27.202945 [22;34mDEBUG[0m 34 p frame 73987 - rtmpquic.go:294
2026/03/12 14:37:27.203003 [22;34mDEBUG[0m 
chunk:516 chunk-dur:35ms, timestamp:17167 - rtmpquic.go:220
2026/03/12 14:37:27.234333 [22;34mDEBUG[0m Return monitor from  scheduler : , bw flag : false, limit : 0 - rtmpquic.go:249
2026/03/12 14:37:27.234364 [22;36m INFO[0m IframeComing false, resideSizeInGOP 114331, meanGOP 1.433719e+06, meanI 259114, curgop 1319388, curI 179647 - rtmpquic.go:283
2026/03/12 14:37:27.234369 [22;36m INFO[0m UNKEYBEHIND 35,limit:0 - rtmpquic.go:284
2026/03/12 14:37:27.234373 [22;34mDEBUG[0m 35 p frame 24331 - rtmpquic.go:294
2026/03/12 14:37:27.234404 [22;34mDEBUG[0m 
chunk:517 chunk-dur:31ms, timestamp:17200 - rtmpquic.go:220
2026/03/12 14:37:27.268646 [22;34mDEBUG[0m Return monitor from  scheduler : , bw flag : false, limit : 0 - rtmpquic.go:249
2026/03/12 14:37:27.268684 [22;36m INFO[0m IframeComing false, resideSizeInGOP 103632, meanGOP 1.433719e+06, meanI 259114, curgop 1330087, curI 179647 - rtmpquic.go:283
2026/03/12 14:37:27.268689 [22;36m INFO[0m UNKEYBEHIND 36,limit:0 - rtmpquic.go:284
2026/03/12 14:37:27.268716 [22;34mDEBUG[0m 36 p frame 10699 - rtmpquic.go:294
2026/03/12 14:37:27.268731 [22;34mDEBUG[0m 
chunk:518 chunk-dur:34ms, timestamp:17234 - rtmpquic.go:220
2026/03/12 14:37:27.301758 [22;34mDEBUG[0m Return monitor from  scheduler : , bw flag : false, limit : 0 - rtmpquic.go:249
2026/03/12 14:37:27.301828 [22;36m INFO[0m IframeComing false, resideSizeInGOP 94324, meanGOP 1.433719e+06, meanI 259114, curgop 1339395, curI 179647 - rtmpquic.go:283
2026/03/12 14:37:27.301832 [22;36m INFO[0m UNKEYBEHIND 37,limit:0 - rtmpquic.go:284
2026/03/12 14:37:27.301836 [22;34mDEBUG[0m 37 p frame 9308 - rtmpquic.go:294
2026/03/12 14:37:27.302003 [22;34mDEBUG[0m 
chunk:519 chunk-dur:34ms, timestamp:17267 - rtmpquic.go:220
2026/03/12 14:37:27.334972 [22;34mDEBUG[0m Return monitor from  scheduler : , bw flag : false, limit : 0 - rtmpquic.go:249
2026/03/12 14:37:27.334998 [22;36m INFO[0m IframeComing true, resideSizeInGOP 28016, meanGOP 1.433719e+06, meanI 259114, curgop 1405703, curI 179647 - rtmpquic.go:283
2026/03/12 14:37:27.335002 [22;36m INFO[0m UNKEYBEHIND 38,limit:0 - rtmpquic.go:284
2026/03/12 14:37:27.335005 [22;34mDEBUG[0m 38 p frame 66308 - rtmpquic.go:294
2026/03/12 14:37:27.335088 [22;34mDEBUG[0m 
chunk:520 chunk-dur:33ms, timestamp:17300 - rtmpquic.go:220
2026/03/12 14:37:27.367855 [22;34mDEBUG[0m Return monitor from  scheduler : , bw flag : false, limit : 0 - rtmpquic.go:249
2026/03/12 14:37:27.367896 [22;36m INFO[0m IframeComing true, resideSizeInGOP 13413, meanGOP 1.433719e+06, meanI 259114, curgop 1420306, curI 179647 - rtmpquic.go:283
2026/03/12 14:37:27.367900 [22;36m INFO[0m UNKEYBEHIND 39,limit:0 - rtmpquic.go:284
2026/03/12 14:37:27.367904 [22;34mDEBUG[0m 39 p frame 14603 - rtmpquic.go:294
2026/03/12 14:37:27.367926 [22;34mDEBUG[0m 
chunk:521 chunk-dur:32ms, timestamp:17334 - rtmpquic.go:220
2026/03/12 14:37:27.402345 [22;34mDEBUG[0m Return monitor from  scheduler : , bw flag : false, limit : 0 - rtmpquic.go:249
2026/03/12 14:37:27.402385 [22;36m INFO[0m IframeComing true, resideSizeInGOP 4087, meanGOP 1.433719e+06, meanI 259114, curgop 1429632, curI 179647 - rtmpquic.go:283
2026/03/12 14:37:27.402390 [22;36m INFO[0m UNKEYBEHIND 40,limit:0 - rtmpquic.go:284
2026/03/12 14:37:27.402393 [22;34mDEBUG[0m 40 p frame 9326 - rtmpquic.go:294
2026/03/12 14:37:27.402598 [22;34mDEBUG[0m 
chunk:522 chunk-dur:35ms, timestamp:17367 - rtmpquic.go:220
2026/03/12 14:37:27.435222 [22;34mDEBUG[0m Return monitor from  scheduler : , bw flag : false, limit : 0 - rtmpquic.go:249
2026/03/12 14:37:27.435278 [22;36m INFO[0m IframeComing true, resideSizeInGOP -72925, meanGOP 1.433719e+06, meanI 259114, curgop 1506644, curI 179647 - rtmpquic.go:283
2026/03/12 14:37:27.435284 [22;36m INFO[0m UNKEYBEHIND 41,limit:0 - rtmpquic.go:284
2026/03/12 14:37:27.435287 [22;34mDEBUG[0m 41 p frame 77012 - rtmpquic.go:294
2026/03/12 14:37:27.435333 [22;34mDEBUG[0m 
chunk:523 chunk-dur:33ms, timestamp:17400 - rtmpquic.go:220
2026/03/12 14:37:27.468342 [22;34mDEBUG[0m Return monitor from  scheduler : , bw flag : false, limit : 0 - rtmpquic.go:249
2026/03/12 14:37:27.468368 [22;36m INFO[0m IframeComing true, resideSizeInGOP -95887, meanGOP 1.433719e+06, meanI 259114, curgop 1529606, curI 179647 - rtmpquic.go:283
2026/03/12 14:37:27.468372 [22;36m INFO[0m UNKEYBEHIND 42,limit:0 - rtmpquic.go:284
2026/03/12 14:37:27.468376 [22;34mDEBUG[0m 42 p frame 22962 - rtmpquic.go:294
2026/03/12 14:37:27.468403 [22;34mDEBUG[0m 
chunk:524 chunk-dur:33ms, timestamp:17434 - rtmpquic.go:220
2026/03/12 14:37:27.502215 [22;34mDEBUG[0m Return monitor from  scheduler : , bw flag : false, limit : 0 - rtmpquic.go:249
2026/03/12 14:37:27.502264 [22;36m INFO[0m IframeComing true, resideSizeInGOP -105415, meanGOP 1.433719e+06, meanI 259114, curgop 1539134, curI 179647 - rtmpquic.go:283
2026/03/12 14:37:27.502270 [22;36m INFO[0m UNKEYBEHIND 43,limit:0 - rtmpquic.go:284
2026/03/12 14:37:27.502277 [22;34mDEBUG[0m 43 p frame 9528 - rtmpquic.go:294
2026/03/12 14:37:27.502396 [22;34mDEBUG[0m 
chunk:525 chunk-dur:34ms, timestamp:17467 - rtmpquic.go:220
2026/03/12 14:37:27.535027 [22;34mDEBUG[0m Return monitor from  scheduler : , bw flag : false, limit : 0 - rtmpquic.go:249
2026/03/12 14:37:27.535108 [22;36m INFO[0m IframeComing true, resideSizeInGOP -114241, meanGOP 1.433719e+06, meanI 259114, curgop 1547960, curI 179647 - rtmpquic.go:283
2026/03/12 14:37:27.535115 [22;36m INFO[0m UNKEYBEHIND 44,limit:0 - rtmpquic.go:284
2026/03/12 14:37:27.535120 [22;34mDEBUG[0m 44 p frame 8826 - rtmpquic.go:294
2026/03/12 14:37:27.535203 [22;34mDEBUG[0m 
chunk:526 chunk-dur:33ms, timestamp:17500 - rtmpquic.go:220
2026/03/12 14:37:27.567482 [22;34mDEBUG[0m Return monitor from  scheduler : , bw flag : false, limit : 0 - rtmpquic.go:249
2026/03/12 14:37:27.567523 [22;36m INFO[0m IframeComing true, resideSizeInGOP -173452, meanGOP 1.433719e+06, meanI 259114, curgop 1607171, curI 179647 - rtmpquic.go:283
2026/03/12 14:37:27.567528 [22;36m INFO[0m UNKEYBEHIND 45,limit:0 - rtmpquic.go:284
2026/03/12 14:37:27.567532 [22;34mDEBUG[0m 45 p frame 59211 - rtmpquic.go:294
2026/03/12 14:37:27.567559 [22;34mDEBUG[0m 
chunk:527 chunk-dur:32ms, timestamp:17534 - rtmpquic.go:220
2026/03/12 14:37:27.602170 [22;34mDEBUG[0m Return monitor from  scheduler : , bw flag : false, limit : 0 - rtmpquic.go:249
2026/03/12 14:37:27.602192 [22;36m INFO[0m IframeComing true, resideSizeInGOP -186695, meanGOP 1.433719e+06, meanI 259114, curgop 1620414, curI 179647 - rtmpquic.go:283
2026/03/12 14:37:27.602196 [22;36m INFO[0m UNKEYBEHIND 46,limit:0 - rtmpquic.go:284
2026/03/12 14:37:27.602217 [22;34mDEBUG[0m 46 p frame 13243 - rtmpquic.go:294
2026/03/12 14:37:27.602235 [22;34mDEBUG[0m 
chunk:528 chunk-dur:35ms, timestamp:17567 - rtmpquic.go:220
2026/03/12 14:37:27.635383 [22;34mDEBUG[0m Return monitor from  scheduler : , bw flag : false, limit : 0 - rtmpquic.go:249
2026/03/12 14:37:27.635552 [22;36m INFO[0m IframeComing true, resideSizeInGOP -195189, meanGOP 1.433719e+06, meanI 259114, curgop 1628908, curI 179647 - rtmpquic.go:283
2026/03/12 14:37:27.635574 [22;36m INFO[0m UNKEYBEHIND 47,limit:0 - rtmpquic.go:284
2026/03/12 14:37:27.635579 [22;34mDEBUG[0m 47 p frame 8494 - rtmpquic.go:294
2026/03/12 14:37:27.635748 [22;34mDEBUG[0m 
chunk:529 chunk-dur:33ms, timestamp:17600 - rtmpquic.go:220
2026/03/12 14:37:27.667843 [22;34mDEBUG[0m Return monitor from  scheduler : , bw flag : false, limit : 0 - rtmpquic.go:249
2026/03/12 14:37:27.667907 [22;36m INFO[0m IframeComing true, resideSizeInGOP -258160, meanGOP 1.433719e+06, meanI 259114, curgop 1691879, curI 179647 - rtmpquic.go:283
2026/03/12 14:37:27.667929 [22;36m INFO[0m UNKEYBEHIND 48,limit:0 - rtmpquic.go:284
2026/03/12 14:37:27.667935 [22;34mDEBUG[0m 48 p frame 62971 - rtmpquic.go:294
2026/03/12 14:37:27.667954 [22;34mDEBUG[0m 
chunk:530 chunk-dur:32ms, timestamp:17634 - rtmpquic.go:220
2026/03/12 14:37:27.702485 [22;34mDEBUG[0m Return monitor from  scheduler : , bw flag : false, limit : 0 - rtmpquic.go:249
2026/03/12 14:37:27.702539 [22;36m INFO[0m IframeComing true, resideSizeInGOP -273889, meanGOP 1.433719e+06, meanI 259114, curgop 1707608, curI 179647 - rtmpquic.go:283
2026/03/12 14:37:27.702544 [22;36m INFO[0m UNKEYBEHIND 49,limit:0 - rtmpquic.go:284
2026/03/12 14:37:27.702547 [22;34mDEBUG[0m 49 p frame 15729 - rtmpquic.go:294
2026/03/12 14:37:27.702594 [22;34mDEBUG[0m 
chunk:531 chunk-dur:35ms, timestamp:17667 - rtmpquic.go:220
2026/03/12 14:37:27.734943 [22;34mDEBUG[0m Return monitor from  scheduler : , bw flag : false, limit : 0 - rtmpquic.go:249
2026/03/12 14:37:27.734971 [22;36m INFO[0m IframeComing true, resideSizeInGOP -285755, meanGOP 1.433719e+06, meanI 259114, curgop 1719474, curI 179647 - rtmpquic.go:283
2026/03/12 14:37:27.734976 [22;36m INFO[0m UNKEYBEHIND 50,limit:0 - rtmpquic.go:284
2026/03/12 14:37:27.734980 [22;34mDEBUG[0m 50 p frame 11866 - rtmpquic.go:294
2026/03/12 14:37:27.735060 [22;34mDEBUG[0m 
chunk:532 chunk-dur:33ms, timestamp:17700 - rtmpquic.go:220
2026/03/12 14:37:27.768103 [22;34mDEBUG[0m Return monitor from  scheduler : , bw flag : false, limit : 0 - rtmpquic.go:249
2026/03/12 14:37:27.768124 [22;36m INFO[0m IframeComing true, resideSizeInGOP -334436, meanGOP 1.433719e+06, meanI 259114, curgop 1768155, curI 179647 - rtmpquic.go:283
2026/03/12 14:37:27.768129 [22;36m INFO[0m UNKEYBEHIND 51,limit:0 - rtmpquic.go:284
2026/03/12 14:37:27.768132 [22;34mDEBUG[0m 51 p frame 48681 - rtmpquic.go:294
2026/03/12 14:37:27.768183 [22;34mDEBUG[0m 
chunk:533 chunk-dur:33ms, timestamp:17734 - rtmpquic.go:220
2026/03/12 14:37:27.802639 [22;34mDEBUG[0m Return monitor from  scheduler : , bw flag : false, limit : 0 - rtmpquic.go:249
2026/03/12 14:37:27.802666 [22;36m INFO[0m IframeComing true, resideSizeInGOP -345028, meanGOP 1.433719e+06, meanI 259114, curgop 1778747, curI 179647 - rtmpquic.go:283
2026/03/12 14:37:27.802671 [22;36m INFO[0m UNKEYBEHIND 52,limit:0 - rtmpquic.go:284
2026/03/12 14:37:27.802675 [22;34mDEBUG[0m 52 p frame 10592 - rtmpquic.go:294
2026/03/12 14:37:27.803233 [22;34mDEBUG[0m 
chunk:534 chunk-dur:35ms, timestamp:17767 - rtmpquic.go:220
2026/03/12 14:37:27.835061 [22;34mDEBUG[0m Return monitor from  scheduler : , bw flag : false, limit : 0 - rtmpquic.go:249
2026/03/12 14:37:27.835104 [22;36m INFO[0m IframeComing true, resideSizeInGOP -382109, meanGOP 1.433719e+06, meanI 259114, curgop 1815828, curI 179647 - rtmpquic.go:283
2026/03/12 14:37:27.835110 [22;36m INFO[0m UNKEYBEHIND 53,limit:0 - rtmpquic.go:284
2026/03/12 14:37:27.835115 [22;34mDEBUG[0m 53 p frame 37081 - rtmpquic.go:294
2026/03/12 14:37:27.835195 [22;34mDEBUG[0m 
chunk:535 chunk-dur:32ms, timestamp:17800 - rtmpquic.go:220
2026/03/12 14:37:27.868183 [22;34mDEBUG[0m Return monitor from  scheduler : , bw flag : false, limit : 0 - rtmpquic.go:249
2026/03/12 14:37:27.868222 [22;36m INFO[0m IframeComing true, resideSizeInGOP -430863, meanGOP 1.433719e+06, meanI 259114, curgop 1864582, curI 179647 - rtmpquic.go:283
2026/03/12 14:37:27.868228 [22;36m INFO[0m UNKEYBEHIND 54,limit:0 - rtmpquic.go:284
2026/03/12 14:37:27.868231 [22;34mDEBUG[0m 54 p frame 48754 - rtmpquic.go:294
2026/03/12 14:37:27.868315 [22;34mDEBUG[0m 
chunk:536 chunk-dur:33ms, timestamp:17834 - rtmpquic.go:220
2026/03/12 14:37:27.902543 [22;34mDEBUG[0m Return monitor from  scheduler : , bw flag : false, limit : 0 - rtmpquic.go:249
2026/03/12 14:37:27.902576 [22;36m INFO[0m IframeComing true, resideSizeInGOP -488803, meanGOP 1.433719e+06, meanI 259114, curgop 1922522, curI 179647 - rtmpquic.go:283
2026/03/12 14:37:27.902583 [22;36m INFO[0m UNKEYBEHIND 55,limit:0 - rtmpquic.go:284
2026/03/12 14:37:27.902587 [22;34mDEBUG[0m 55 p frame 57940 - rtmpquic.go:294
2026/03/12 14:37:27.902719 [22;34mDEBUG[0m 
chunk:537 chunk-dur:34ms, timestamp:17867 - rtmpquic.go:220
2026/03/12 14:37:27.936227 [22;34mDEBUG[0m Return monitor from  scheduler : , bw flag : false, limit : 0 - rtmpquic.go:249
2026/03/12 14:37:27.936311 [22;36m INFO[0m IframeComing true, resideSizeInGOP -506071, meanGOP 1.433719e+06, meanI 259114, curgop 1939790, curI 179647 - rtmpquic.go:283
2026/03/12 14:37:27.936318 [22;36m INFO[0m UNKEYBEHIND 56,limit:0 - rtmpquic.go:284
2026/03/12 14:37:27.936322 [22;34mDEBUG[0m 56 p frame 17268 - rtmpquic.go:294
2026/03/12 14:37:27.936354 [22;34mDEBUG[0m 
chunk:538 chunk-dur:34ms, timestamp:17900 - rtmpquic.go:220
2026/03/12 14:37:27.967795 [22;34mDEBUG[0m Return monitor from  scheduler : , bw flag : false, limit : 0 - rtmpquic.go:249
2026/03/12 14:37:27.967837 [22;36m INFO[0m IframeComing true, resideSizeInGOP -517020, meanGOP 1.433719e+06, meanI 259114, curgop 1950739, curI 179647 - rtmpquic.go:283
2026/03/12 14:37:27.967842 [22;36m INFO[0m UNKEYBEHIND 57,limit:0 - rtmpquic.go:284
2026/03/12 14:37:27.967845 [22;34mDEBUG[0m 57 p frame 10949 - rtmpquic.go:294
2026/03/12 14:37:27.968033 [22;34mDEBUG[0m 
chunk:539 chunk-dur:32ms, timestamp:17934 - rtmpquic.go:220
2026/03/12 14:37:28.001815 [22;34mDEBUG[0m Return monitor from  scheduler : , bw flag : false, limit : 0 - rtmpquic.go:249
2026/03/12 14:37:28.001922 [22;36m INFO[0m IframeComing true, resideSizeInGOP -546297, meanGOP 1.433719e+06, meanI 259114, curgop 1980016, curI 179647 - rtmpquic.go:283
2026/03/12 14:37:28.001928 [22;36m INFO[0m UNKEYBEHIND 58,limit:0 - rtmpquic.go:284
2026/03/12 14:37:28.001931 [22;34mDEBUG[0m 58 p frame 29277 - rtmpquic.go:294
2026/03/12 14:37:28.001971 [22;34mDEBUG[0m 
chunk:540 chunk-dur:33ms, timestamp:17967 - rtmpquic.go:220
2026/03/12 14:37:28.035227 [22;34mDEBUG[0m Return monitor from  scheduler : , bw flag : false, limit : 0 - rtmpquic.go:249
2026/03/12 14:37:28.035252 [22;36m INFO[0m IframeComing true, resideSizeInGOP -556256, meanGOP 1.433719e+06, meanI 259114, curgop 1989975, curI 179647 - rtmpquic.go:283
2026/03/12 14:37:28.035256 [22;36m INFO[0m UNKEYBEHIND 59,limit:0 - rtmpquic.go:284
2026/03/12 14:37:28.035260 [22;34mDEBUG[0m 59 p frame 9959 - rtmpquic.go:294
2026/03/12 14:37:28.035807 [22;34mDEBUG[0m 
chunk:541 chunk-dur:34ms, timestamp:18000 - rtmpquic.go:220
2026/03/12 14:37:28.068522 [22;34mDEBUG[0m Return monitor from  scheduler : , bw flag : false, limit : 0 - rtmpquic.go:249
key tag 220746
2026/03/12 14:37:28.068548 [22;34mDEBUG[0m 10 I frame 220746 - rtmpquic.go:275
2026/03/12 14:37:28.068687 [22;34mDEBUG[0m 
chunk:542 chunk-dur:33ms, timestamp:18034 - rtmpquic.go:220
2026/03/12 14:37:28.076389 [22;34mDEBUG[0m bitrate:8.253533 Mbps - client_session.go:438
2026/03/12 14:37:28.101971 [22;34mDEBUG[0m Return monitor from  scheduler : , bw flag : false, limit : 0 - rtmpquic.go:249
2026/03/12 14:37:28.101996 [22;36m INFO[0m IframeComing false, resideSizeInGOP 1.209232e+06, meanGOP 1.495525e+06, meanI 250284, curgop 286293, curI 220746 - rtmpquic.go:283
2026/03/12 14:37:28.102001 [22;36m INFO[0m UNKEYBEHIND 1,limit:0 - rtmpquic.go:284
2026/03/12 14:37:28.102005 [22;34mDEBUG[0m 1 p frame 65547 - rtmpquic.go:294
2026/03/12 14:37:28.102086 [22;34mDEBUG[0m 
chunk:543 chunk-dur:34ms, timestamp:18067 - rtmpquic.go:220
2026/03/12 14:37:28.134906 [22;34mDEBUG[0m Return monitor from  scheduler : , bw flag : false, limit : 0 - rtmpquic.go:249
2026/03/12 14:37:28.134933 [22;36m INFO[0m IframeComing false, resideSizeInGOP 1.192784e+06, meanGOP 1.495525e+06, meanI 250284, curgop 302741, curI 220746 - rtmpquic.go:283
2026/03/12 14:37:28.134960 [22;36m INFO[0m UNKEYBEHIND 2,limit:0 - rtmpquic.go:284
2026/03/12 14:37:28.134964 [22;34mDEBUG[0m 2 p frame 16448 - rtmpquic.go:294
2026/03/12 14:37:28.135187 [22;34mDEBUG[0m 
chunk:544 chunk-dur:33ms, timestamp:18100 - rtmpquic.go:220
2026/03/12 14:37:28.168014 [22;34mDEBUG[0m Return monitor from  scheduler : , bw flag : false, limit : 0 - rtmpquic.go:249
2026/03/12 14:37:28.168060 [22;36m INFO[0m IframeComing false, resideSizeInGOP 1.179936e+06, meanGOP 1.495525e+06, meanI 250284, curgop 315589, curI 220746 - rtmpquic.go:283
2026/03/12 14:37:28.168068 [22;36m INFO[0m UNKEYBEHIND 3,limit:0 - rtmpquic.go:284
2026/03/12 14:37:28.168072 [22;34mDEBUG[0m 3 p frame 12848 - rtmpquic.go:294
2026/03/12 14:37:28.168171 [22;34mDEBUG[0m 
chunk:545 chunk-dur:33ms, timestamp:18134 - rtmpquic.go:220
2026/03/12 14:37:28.201735 [22;34mDEBUG[0m Return monitor from  scheduler : , bw flag : false, limit : 0 - rtmpquic.go:249
2026/03/12 14:37:28.201768 [22;36m INFO[0m IframeComing false, resideSizeInGOP 1.100335e+06, meanGOP 1.495525e+06, meanI 250284, curgop 395190, curI 220746 - rtmpquic.go:283
2026/03/12 14:37:28.201788 [22;36m INFO[0m UNKEYBEHIND 4,limit:0 - rtmpquic.go:284
2026/03/12 14:37:28.201792 [22;34mDEBUG[0m 4 p frame 79601 - rtmpquic.go:294
2026/03/12 14:37:28.201842 [22;34mDEBUG[0m 
chunk:546 chunk-dur:33ms, timestamp:18167 - rtmpquic.go:220
2026/03/12 14:37:28.235206 [22;34mDEBUG[0m Return monitor from  scheduler : , bw flag : false, limit : 0 - rtmpquic.go:249
2026/03/12 14:37:28.235230 [22;36m INFO[0m IframeComing false, resideSizeInGOP 1.075758e+06, meanGOP 1.495525e+06, meanI 250284, curgop 419767, curI 220746 - rtmpquic.go:283
2026/03/12 14:37:28.235235 [22;36m INFO[0m UNKEYBEHIND 5,limit:0 - rtmpquic.go:284
2026/03/12 14:37:28.235238 [22;34mDEBUG[0m 5 p frame 24577 - rtmpquic.go:294
2026/03/12 14:37:28.235259 [22;34mDEBUG[0m 
chunk:547 chunk-dur:34ms, timestamp:18200 - rtmpquic.go:220
2026/03/12 14:37:28.267521 [22;34mDEBUG[0m Return monitor from  scheduler : , bw flag : false, limit : 0 - rtmpquic.go:249
2026/03/12 14:37:28.267543 [22;36m INFO[0m IframeComing false, resideSizeInGOP 1.065814e+06, meanGOP 1.495525e+06, meanI 250284, curgop 429711, curI 220746 - rtmpquic.go:283
2026/03/12 14:37:28.267547 [22;36m INFO[0m UNKEYBEHIND 6,limit:0 - rtmpquic.go:284
2026/03/12 14:37:28.267551 [22;34mDEBUG[0m 6 p frame 9944 - rtmpquic.go:294
2026/03/12 14:37:28.267596 [22;34mDEBUG[0m 
chunk:548 chunk-dur:32ms, timestamp:18234 - rtmpquic.go:220
2026/03/12 14:37:28.302540 [22;34mDEBUG[0m Return monitor from  scheduler : , bw flag : false, limit : 0 - rtmpquic.go:249
2026/03/12 14:37:28.302572 [22;36m INFO[0m IframeComing false, resideSizeInGOP 1.055787e+06, meanGOP 1.495525e+06, meanI 250284, curgop 439738, curI 220746 - rtmpquic.go:283
2026/03/12 14:37:28.302577 [22;36m INFO[0m UNKEYBEHIND 7,limit:0 - rtmpquic.go:284
2026/03/12 14:37:28.302580 [22;34mDEBUG[0m 7 p frame 10027 - rtmpquic.go:294
2026/03/12 14:37:28.302678 [22;34mDEBUG[0m 
chunk:549 chunk-dur:35ms, timestamp:18267 - rtmpquic.go:220
2026/03/12 14:37:28.335562 [22;34mDEBUG[0m Return monitor from  scheduler : , bw flag : false, limit : 0 - rtmpquic.go:249
2026/03/12 14:37:28.335594 [22;36m INFO[0m IframeComing false, resideSizeInGOP 977067, meanGOP 1.495525e+06, meanI 250284, curgop 518458, curI 220746 - rtmpquic.go:283
2026/03/12 14:37:28.335600 [22;36m INFO[0m UNKEYBEHIND 8,limit:0 - rtmpquic.go:284
2026/03/12 14:37:28.335604 [22;34mDEBUG[0m 8 p frame 78720 - rtmpquic.go:294
2026/03/12 14:37:28.335657 [22;34mDEBUG[0m 
chunk:550 chunk-dur:33ms, timestamp:18300 - rtmpquic.go:220
2026/03/12 14:37:28.368530 [22;34mDEBUG[0m Return monitor from  scheduler : , bw flag : false, limit : 0 - rtmpquic.go:249
2026/03/12 14:37:28.368567 [22;36m INFO[0m IframeComing false, resideSizeInGOP 954318, meanGOP 1.495525e+06, meanI 250284, curgop 541207, curI 220746 - rtmpquic.go:283
2026/03/12 14:37:28.368572 [22;36m INFO[0m UNKEYBEHIND 9,limit:0 - rtmpquic.go:284
2026/03/12 14:37:28.368576 [22;34mDEBUG[0m 9 p frame 22749 - rtmpquic.go:294
2026/03/12 14:37:28.368598 [22;34mDEBUG[0m 
chunk:551 chunk-dur:33ms, timestamp:18334 - rtmpquic.go:220
2026/03/12 14:37:28.401619 [22;34mDEBUG[0m Return monitor from  scheduler : , bw flag : false, limit : 0 - rtmpquic.go:249
2026/03/12 14:37:28.401647 [22;36m INFO[0m IframeComing false, resideSizeInGOP 944356, meanGOP 1.495525e+06, meanI 250284, curgop 551169, curI 220746 - rtmpquic.go:283
2026/03/12 14:37:28.401651 [22;36m INFO[0m UNKEYBEHIND 10,limit:0 - rtmpquic.go:284
2026/03/12 14:37:28.401655 [22;34mDEBUG[0m 10 p frame 9962 - rtmpquic.go:294
2026/03/12 14:37:28.401677 [22;34mDEBUG[0m 
chunk:552 chunk-dur:33ms, timestamp:18367 - rtmpquic.go:220
2026/03/12 14:37:28.434903 [22;34mDEBUG[0m Return monitor from  scheduler : , bw flag : false, limit : 0 - rtmpquic.go:249
2026/03/12 14:37:28.434927 [22;36m INFO[0m IframeComing false, resideSizeInGOP 935159, meanGOP 1.495525e+06, meanI 250284, curgop 560366, curI 220746 - rtmpquic.go:283
2026/03/12 14:37:28.434931 [22;36m INFO[0m UNKEYBEHIND 11,limit:0 - rtmpquic.go:284
2026/03/12 14:37:28.434935 [22;34mDEBUG[0m 11 p frame 9197 - rtmpquic.go:294
2026/03/12 14:37:28.435054 [22;34mDEBUG[0m 
chunk:553 chunk-dur:34ms, timestamp:18400 - rtmpquic.go:220
2026/03/12 14:37:28.467198 [22;34mDEBUG[0m Return monitor from  scheduler : , bw flag : false, limit : 0 - rtmpquic.go:249
2026/03/12 14:37:28.467232 [22;36m INFO[0m IframeComing false, resideSizeInGOP 846050, meanGOP 1.495525e+06, meanI 250284, curgop 649475, curI 220746 - rtmpquic.go:283
2026/03/12 14:37:28.467240 [22;36m INFO[0m UNKEYBEHIND 12,limit:0 - rtmpquic.go:284
2026/03/12 14:37:28.467244 [22;34mDEBUG[0m 12 p frame 89109 - rtmpquic.go:294
2026/03/12 14:37:28.467280 [22;34mDEBUG[0m 
chunk:554 chunk-dur:32ms, timestamp:18434 - rtmpquic.go:220
2026/03/12 14:37:28.502292 [22;34mDEBUG[0m Return monitor from  scheduler : , bw flag : false, limit : 0 - rtmpquic.go:249
2026/03/12 14:37:28.502335 [22;36m INFO[0m IframeComing false, resideSizeInGOP 824964, meanGOP 1.495525e+06, meanI 250284, curgop 670561, curI 220746 - rtmpquic.go:283
2026/03/12 14:37:28.502340 [22;36m INFO[0m UNKEYBEHIND 13,limit:0 - rtmpquic.go:284
2026/03/12 14:37:28.502343 [22;34mDEBUG[0m 13 p frame 21086 - rtmpquic.go:294
2026/03/12 14:37:28.502364 [22;34mDEBUG[0m 
chunk:555 chunk-dur:35ms, timestamp:18467 - rtmpquic.go:220
2026/03/12 14:37:28.534406 [22;34mDEBUG[0m Return monitor from  scheduler : , bw flag : false, limit : 0 - rtmpquic.go:249
2026/03/12 14:37:28.534431 [22;36m INFO[0m IframeComing false, resideSizeInGOP 815212, meanGOP 1.495525e+06, meanI 250284, curgop 680313, curI 220746 - rtmpquic.go:283
2026/03/12 14:37:28.534435 [22;36m INFO[0m UNKEYBEHIND 14,limit:0 - rtmpquic.go:284
2026/03/12 14:37:28.534439 [22;34mDEBUG[0m 14 p frame 9752 - rtmpquic.go:294
2026/03/12 14:37:28.534478 [22;34mDEBUG[0m 
chunk:556 chunk-dur:32ms, timestamp:18500 - rtmpquic.go:220
2026/03/12 14:37:28.568229 [22;34mDEBUG[0m Return monitor from  scheduler : , bw flag : false, limit : 0 - rtmpquic.go:249
2026/03/12 14:37:28.568279 [22;36m INFO[0m IframeComing false, resideSizeInGOP 806453, meanGOP 1.495525e+06, meanI 250284, curgop 689072, curI 220746 - rtmpquic.go:283
2026/03/12 14:37:28.568287 [22;36m INFO[0m UNKEYBEHIND 15,limit:0 - rtmpquic.go:284
2026/03/12 14:37:28.568291 [22;34mDEBUG[0m 15 p frame 8759 - rtmpquic.go:294
2026/03/12 14:37:28.568400 [22;34mDEBUG[0m 
chunk:557 chunk-dur:34ms, timestamp:18534 - rtmpquic.go:220
2026/03/12 14:37:28.602901 [22;34mDEBUG[0m Return monitor from  scheduler : , bw flag : false, limit : 0 - rtmpquic.go:249
2026/03/12 14:37:28.602926 [22;36m INFO[0m IframeComing false, resideSizeInGOP 724239, meanGOP 1.495525e+06, meanI 250284, curgop 771286, curI 220746 - rtmpquic.go:283
2026/03/12 14:37:28.602942 [22;36m INFO[0m UNKEYBEHIND 16,limit:0 - rtmpquic.go:284
2026/03/12 14:37:28.602946 [22;34mDEBUG[0m 16 p frame 82214 - rtmpquic.go:294
2026/03/12 14:37:28.602995 [22;34mDEBUG[0m 
chunk:558 chunk-dur:34ms, timestamp:18567 - rtmpquic.go:220
2026/03/12 14:37:28.635285 [22;34mDEBUG[0m Return monitor from  scheduler : , bw flag : false, limit : 0 - rtmpquic.go:249
2026/03/12 14:37:28.635310 [22;36m INFO[0m IframeComing false, resideSizeInGOP 703504, meanGOP 1.495525e+06, meanI 250284, curgop 792021, curI 220746 - rtmpquic.go:283
2026/03/12 14:37:28.635314 [22;36m INFO[0m UNKEYBEHIND 17,limit:0 - rtmpquic.go:284
2026/03/12 14:37:28.635318 [22;34mDEBUG[0m 17 p frame 20735 - rtmpquic.go:294
2026/03/12 14:37:28.635348 [22;34mDEBUG[0m 
chunk:559 chunk-dur:33ms, timestamp:18600 - rtmpquic.go:220
2026/03/12 14:37:28.667755 [22;34mDEBUG[0m Return monitor from  scheduler : , bw flag : false, limit : 0 - rtmpquic.go:249
2026/03/12 14:37:28.667778 [22;36m INFO[0m IframeComing false, resideSizeInGOP 693831, meanGOP 1.495525e+06, meanI 250284, curgop 801694, curI 220746 - rtmpquic.go:283
2026/03/12 14:37:28.667782 [22;36m INFO[0m UNKEYBEHIND 18,limit:0 - rtmpquic.go:284
2026/03/12 14:37:28.667786 [22;34mDEBUG[0m 18 p frame 9673 - rtmpquic.go:294
2026/03/12 14:37:28.667806 [22;34mDEBUG[0m 
chunk:560 chunk-dur:32ms, timestamp:18634 - rtmpquic.go:220
2026/03/12 14:37:28.702480 [22;34mDEBUG[0m Return monitor from  scheduler : , bw flag : false, limit : 0 - rtmpquic.go:249
2026/03/12 14:37:28.702509 [22;36m INFO[0m IframeComing false, resideSizeInGOP 683364, meanGOP 1.495525e+06, meanI 250284, curgop 812161, curI 220746 - rtmpquic.go:283
2026/03/12 14:37:28.702514 [22;36m INFO[0m UNKEYBEHIND 19,limit:0 - rtmpquic.go:284
2026/03/12 14:37:28.702517 [22;34mDEBUG[0m 19 p frame 10467 - rtmpquic.go:294
2026/03/12 14:37:28.702607 [22;34mDEBUG[0m 
chunk:561 chunk-dur:35ms, timestamp:18667 - rtmpquic.go:220
2026/03/12 14:37:28.736200 [22;34mDEBUG[0m Return monitor from  scheduler : , bw flag : false, limit : 0 - rtmpquic.go:249
2026/03/12 14:37:28.736220 [22;36m INFO[0m IframeComing false, resideSizeInGOP 594082, meanGOP 1.495525e+06, meanI 250284, curgop 901443, curI 220746 - rtmpquic.go:283
2026/03/12 14:37:28.736225 [22;36m INFO[0m UNKEYBEHIND 20,limit:0 - rtmpquic.go:284
2026/03/12 14:37:28.736228 [22;34mDEBUG[0m 20 p frame 89282 - rtmpquic.go:294
2026/03/12 14:37:28.736289 [22;34mDEBUG[0m 
chunk:562 chunk-dur:34ms, timestamp:18700 - rtmpquic.go:220
2026/03/12 14:37:28.767806 [22;34mDEBUG[0m Return monitor from  scheduler : , bw flag : false, limit : 0 - rtmpquic.go:249
2026/03/12 14:37:28.767918 [22;36m INFO[0m IframeComing false, resideSizeInGOP 570750, meanGOP 1.495525e+06, meanI 250284, curgop 924775, curI 220746 - rtmpquic.go:283
2026/03/12 14:37:28.767932 [22;36m INFO[0m UNKEYBEHIND 21,limit:0 - rtmpquic.go:284
2026/03/12 14:37:28.767941 [22;34mDEBUG[0m 21 p frame 23332 - rtmpquic.go:294
2026/03/12 14:37:28.767984 [22;34mDEBUG[0m 
chunk:563 chunk-dur:31ms, timestamp:18734 - rtmpquic.go:220
2026/03/12 14:37:28.802225 [22;34mDEBUG[0m Return monitor from  scheduler : , bw flag : false, limit : 0 - rtmpquic.go:249
2026/03/12 14:37:28.802252 [22;36m INFO[0m IframeComing false, resideSizeInGOP 560457, meanGOP 1.495525e+06, meanI 250284, curgop 935068, curI 220746 - rtmpquic.go:283
2026/03/12 14:37:28.802256 [22;36m INFO[0m UNKEYBEHIND 22,limit:0 - rtmpquic.go:284
2026/03/12 14:37:28.802260 [22;34mDEBUG[0m 22 p frame 10293 - rtmpquic.go:294
2026/03/12 14:37:28.802294 [22;34mDEBUG[0m 
chunk:564 chunk-dur:35ms, timestamp:18767 - rtmpquic.go:220
2026/03/12 14:37:28.835157 [22;34mDEBUG[0m Return monitor from  scheduler : , bw flag : false, limit : 0 - rtmpquic.go:249
2026/03/12 14:37:28.835182 [22;36m INFO[0m IframeComing false, resideSizeInGOP 549867, meanGOP 1.495525e+06, meanI 250284, curgop 945658, curI 220746 - rtmpquic.go:283
2026/03/12 14:37:28.835187 [22;36m INFO[0m UNKEYBEHIND 23,limit:0 - rtmpquic.go:284
2026/03/12 14:37:28.835191 [22;34mDEBUG[0m 23 p frame 10590 - rtmpquic.go:294
2026/03/12 14:37:28.835285 [22;34mDEBUG[0m 
chunk:565 chunk-dur:33ms, timestamp:18800 - rtmpquic.go:220
2026/03/12 14:37:28.867803 [22;34mDEBUG[0m Return monitor from  scheduler : , bw flag : false, limit : 0 - rtmpquic.go:249
2026/03/12 14:37:28.868013 [22;36m INFO[0m IframeComing false, resideSizeInGOP 459280, meanGOP 1.495525e+06, meanI 250284, curgop 1036245, curI 220746 - rtmpquic.go:283
2026/03/12 14:37:28.868026 [22;36m INFO[0m UNKEYBEHIND 24,limit:0 - rtmpquic.go:284
2026/03/12 14:37:28.868051 [22;34mDEBUG[0m 24 p frame 90587 - rtmpquic.go:294
2026/03/12 14:37:28.868075 [22;34mDEBUG[0m 
chunk:566 chunk-dur:33ms, timestamp:18834 - rtmpquic.go:220
2026/03/12 14:37:28.901735 [22;34mDEBUG[0m Return monitor from  scheduler : , bw flag : false, limit : 0 - rtmpquic.go:249
2026/03/12 14:37:28.901817 [22;36m INFO[0m IframeComing false, resideSizeInGOP 435101, meanGOP 1.495525e+06, meanI 250284, curgop 1060424, curI 220746 - rtmpquic.go:283
2026/03/12 14:37:28.901821 [22;36m INFO[0m UNKEYBEHIND 25,limit:0 - rtmpquic.go:284
2026/03/12 14:37:28.901825 [22;34mDEBUG[0m 25 p frame 24179 - rtmpquic.go:294
2026/03/12 14:37:28.901842 [22;34mDEBUG[0m 
chunk:567 chunk-dur:33ms, timestamp:18867 - rtmpquic.go:220
2026/03/12 14:37:28.935917 [22;34mDEBUG[0m Return monitor from  scheduler : , bw flag : false, limit : 0 - rtmpquic.go:249
2026/03/12 14:37:28.935940 [22;36m INFO[0m IframeComing false, resideSizeInGOP 423908, meanGOP 1.495525e+06, meanI 250284, curgop 1071617, curI 220746 - rtmpquic.go:283
2026/03/12 14:37:28.935946 [22;36m INFO[0m UNKEYBEHIND 26,limit:0 - rtmpquic.go:284
2026/03/12 14:37:28.935950 [22;34mDEBUG[0m 26 p frame 11193 - rtmpquic.go:294
2026/03/12 14:37:28.935979 [22;34mDEBUG[0m 
chunk:568 chunk-dur:34ms, timestamp:18900 - rtmpquic.go:220
2026/03/12 14:37:28.968164 [22;34mDEBUG[0m Return monitor from  scheduler : , bw flag : false, limit : 0 - rtmpquic.go:249
2026/03/12 14:37:28.968182 [22;36m INFO[0m IframeComing false, resideSizeInGOP 413884, meanGOP 1.495525e+06, meanI 250284, curgop 1081641, curI 220746 - rtmpquic.go:283
2026/03/12 14:37:28.968186 [22;36m INFO[0m UNKEYBEHIND 27,limit:0 - rtmpquic.go:284
2026/03/12 14:37:28.968190 [22;34mDEBUG[0m 27 p frame 10024 - rtmpquic.go:294
2026/03/12 14:37:28.968328 [22;34mDEBUG[0m 
chunk:569 chunk-dur:33ms, timestamp:18934 - rtmpquic.go:220
2026/03/12 14:37:29.001377 [22;34mDEBUG[0m Return monitor from  scheduler : , bw flag : false, limit : 0 - rtmpquic.go:249
2026/03/12 14:37:29.001426 [22;36m INFO[0m IframeComing false, resideSizeInGOP 325031, meanGOP 1.495525e+06, meanI 250284, curgop 1170494, curI 220746 - rtmpquic.go:283
2026/03/12 14:37:29.001433 [22;36m INFO[0m UNKEYBEHIND 28,limit:0 - rtmpquic.go:284
2026/03/12 14:37:29.001437 [22;34mDEBUG[0m 28 p frame 88853 - rtmpquic.go:294
2026/03/12 14:37:29.001492 [22;34mDEBUG[0m 
chunk:570 chunk-dur:33ms, timestamp:18967 - rtmpquic.go:220
2026/03/12 14:37:29.035427 [22;34mDEBUG[0m Return monitor from  scheduler : , bw flag : false, limit : 0 - rtmpquic.go:249
2026/03/12 14:37:29.035462 [22;36m INFO[0m IframeComing false, resideSizeInGOP 297295, meanGOP 1.495525e+06, meanI 250284, curgop 1198230, curI 220746 - rtmpquic.go:283
2026/03/12 14:37:29.035466 [22;36m INFO[0m UNKEYBEHIND 29,limit:0 - rtmpquic.go:284
2026/03/12 14:37:29.035470 [22;34mDEBUG[0m 29 p frame 27736 - rtmpquic.go:294
2026/03/12 14:37:29.035504 [22;34mDEBUG[0m 
chunk:571 chunk-dur:34ms, timestamp:19000 - rtmpquic.go:220
2026/03/12 14:37:29.068407 [22;34mDEBUG[0m Return monitor from  scheduler : , bw flag : false, limit : 0 - rtmpquic.go:249
2026/03/12 14:37:29.068434 [22;36m INFO[0m IframeComing false, resideSizeInGOP 286219, meanGOP 1.495525e+06, meanI 250284, curgop 1209306, curI 220746 - rtmpquic.go:283
2026/03/12 14:37:29.068438 [22;36m INFO[0m UNKEYBEHIND 30,limit:0 - rtmpquic.go:284
2026/03/12 14:37:29.068442 [22;34mDEBUG[0m 30 p frame 11076 - rtmpquic.go:294
2026/03/12 14:37:29.068538 [22;34mDEBUG[0m 
chunk:572 chunk-dur:33ms, timestamp:19034 - rtmpquic.go:220
2026/03/12 14:37:29.077413 [22;34mDEBUG[0m bitrate:7.534398 Mbps - client_session.go:438
2026/03/12 14:37:29.102617 [22;34mDEBUG[0m Return monitor from  scheduler : , bw flag : false, limit : 0 - rtmpquic.go:249
2026/03/12 14:37:29.102647 [22;36m INFO[0m IframeComing false, resideSizeInGOP 276525, meanGOP 1.495525e+06, meanI 250284, curgop 1219000, curI 220746 - rtmpquic.go:283
2026/03/12 14:37:29.102654 [22;36m INFO[0m UNKEYBEHIND 31,limit:0 - rtmpquic.go:284
2026/03/12 14:37:29.102658 [22;34mDEBUG[0m 31 p frame 9694 - rtmpquic.go:294
2026/03/12 14:37:29.102733 [22;34mDEBUG[0m 
chunk:573 chunk-dur:34ms, timestamp:19067 - rtmpquic.go:220
2026/03/12 14:37:29.135238 [22;34mDEBUG[0m Return monitor from  scheduler : , bw flag : false, limit : 0 - rtmpquic.go:249
2026/03/12 14:37:29.135265 [22;36m INFO[0m IframeComing false, resideSizeInGOP 214562, meanGOP 1.495525e+06, meanI 250284, curgop 1280963, curI 220746 - rtmpquic.go:283
2026/03/12 14:37:29.135269 [22;36m INFO[0m UNKEYBEHIND 32,limit:0 - rtmpquic.go:284
2026/03/12 14:37:29.135273 [22;34mDEBUG[0m 32 p frame 61963 - rtmpquic.go:294
2026/03/12 14:37:29.135325 [22;34mDEBUG[0m 
chunk:574 chunk-dur:33ms, timestamp:19100 - rtmpquic.go:220
2026/03/12 14:37:29.168125 [22;34mDEBUG[0m Return monitor from  scheduler : , bw flag : false, limit : 0 - rtmpquic.go:249
2026/03/12 14:37:29.168150 [22;36m INFO[0m IframeComing false, resideSizeInGOP 191582, meanGOP 1.495525e+06, meanI 250284, curgop 1303943, curI 220746 - rtmpquic.go:283
2026/03/12 14:37:29.168154 [22;36m INFO[0m UNKEYBEHIND 33,limit:0 - rtmpquic.go:284
2026/03/12 14:37:29.168169 [22;34mDEBUG[0m 33 p frame 22980 - rtmpquic.go:294
2026/03/12 14:37:29.168203 [22;34mDEBUG[0m 
chunk:575 chunk-dur:33ms, timestamp:19134 - rtmpquic.go:220
2026/03/12 14:37:29.202077 [22;34mDEBUG[0m Return monitor from  scheduler : , bw flag : false, limit : 0 - rtmpquic.go:249
2026/03/12 14:37:29.202100 [22;36m INFO[0m IframeComing false, resideSizeInGOP 182296, meanGOP 1.495525e+06, meanI 250284, curgop 1313229, curI 220746 - rtmpquic.go:283
2026/03/12 14:37:29.202105 [22;36m INFO[0m UNKEYBEHIND 34,limit:0 - rtmpquic.go:284
2026/03/12 14:37:29.202108 [22;34mDEBUG[0m 34 p frame 9286 - rtmpquic.go:294
2026/03/12 14:37:29.202120 [22;34mDEBUG[0m 
chunk:576 chunk-dur:34ms, timestamp:19167 - rtmpquic.go:220
2026/03/12 14:37:29.235181 [22;34mDEBUG[0m Return monitor from  scheduler : , bw flag : false, limit : 0 - rtmpquic.go:249
2026/03/12 14:37:29.235234 [22;36m INFO[0m IframeComing false, resideSizeInGOP 173048, meanGOP 1.495525e+06, meanI 250284, curgop 1322477, curI 220746 - rtmpquic.go:283
2026/03/12 14:37:29.235242 [22;36m INFO[0m UNKEYBEHIND 35,limit:0 - rtmpquic.go:284
2026/03/12 14:37:29.235246 [22;34mDEBUG[0m 35 p frame 9248 - rtmpquic.go:294
2026/03/12 14:37:29.235470 [22;34mDEBUG[0m 
chunk:577 chunk-dur:33ms, timestamp:19200 - rtmpquic.go:220
2026/03/12 14:37:29.268710 [22;34mDEBUG[0m Return monitor from  scheduler : , bw flag : false, limit : 0 - rtmpquic.go:249
2026/03/12 14:37:29.268960 [22;36m INFO[0m IframeComing false, resideSizeInGOP 110580, meanGOP 1.495525e+06, meanI 250284, curgop 1384945, curI 220746 - rtmpquic.go:283
2026/03/12 14:37:29.268968 [22;36m INFO[0m UNKEYBEHIND 36,limit:0 - rtmpquic.go:284
2026/03/12 14:37:29.268972 [22;34mDEBUG[0m 36 p frame 62468 - rtmpquic.go:294
2026/03/12 14:37:29.269039 [22;34mDEBUG[0m 
chunk:578 chunk-dur:34ms, timestamp:19234 - rtmpquic.go:220
2026/03/12 14:37:29.301234 [22;34mDEBUG[0m Return monitor from  scheduler : , bw flag : false, limit : 0 - rtmpquic.go:249
2026/03/12 14:37:29.301270 [22;36m INFO[0m IframeComing false, resideSizeInGOP 83441, meanGOP 1.495525e+06, meanI 250284, curgop 1412084, curI 220746 - rtmpquic.go:283
2026/03/12 14:37:29.301276 [22;36m INFO[0m UNKEYBEHIND 37,limit:0 - rtmpquic.go:284
2026/03/12 14:37:29.301280 [22;34mDEBUG[0m 37 p frame 27139 - rtmpquic.go:294
2026/03/12 14:37:29.301334 [22;34mDEBUG[0m 
chunk:579 chunk-dur:32ms, timestamp:19267 - rtmpquic.go:220
2026/03/12 14:37:29.335226 [22;34mDEBUG[0m Return monitor from  scheduler : , bw flag : false, limit : 0 - rtmpquic.go:249
2026/03/12 14:37:29.335260 [22;36m INFO[0m IframeComing false, resideSizeInGOP 73134, meanGOP 1.495525e+06, meanI 250284, curgop 1422391, curI 220746 - rtmpquic.go:283
2026/03/12 14:37:29.335264 [22;36m INFO[0m UNKEYBEHIND 38,limit:0 - rtmpquic.go:284
2026/03/12 14:37:29.335268 [22;34mDEBUG[0m 38 p frame 10307 - rtmpquic.go:294
2026/03/12 14:37:29.335290 [22;34mDEBUG[0m 
chunk:580 chunk-dur:34ms, timestamp:19300 - rtmpquic.go:220
2026/03/12 14:37:29.367962 [22;34mDEBUG[0m Return monitor from  scheduler : , bw flag : false, limit : 0 - rtmpquic.go:249
2026/03/12 14:37:29.367992 [22;36m INFO[0m IframeComing false, resideSizeInGOP 62346, meanGOP 1.495525e+06, meanI 250284, curgop 1433179, curI 220746 - rtmpquic.go:283
2026/03/12 14:37:29.367997 [22;36m INFO[0m UNKEYBEHIND 39,limit:0 - rtmpquic.go:284
2026/03/12 14:37:29.368000 [22;34mDEBUG[0m 39 p frame 10788 - rtmpquic.go:294
2026/03/12 14:37:29.368164 [22;34mDEBUG[0m 
chunk:581 chunk-dur:33ms, timestamp:19334 - rtmpquic.go:220
2026/03/12 14:37:29.401205 [22;34mDEBUG[0m Return monitor from  scheduler : , bw flag : false, limit : 0 - rtmpquic.go:249
2026/03/12 14:37:29.401237 [22;36m INFO[0m IframeComing true, resideSizeInGOP -49494, meanGOP 1.495525e+06, meanI 250284, curgop 1545019, curI 220746 - rtmpquic.go:283
2026/03/12 14:37:29.401242 [22;36m INFO[0m UNKEYBEHIND 40,limit:0 - rtmpquic.go:284
2026/03/12 14:37:29.401245 [22;34mDEBUG[0m 40 p frame 111840 - rtmpquic.go:294
2026/03/12 14:37:29.401397 [22;34mDEBUG[0m 
chunk:582 chunk-dur:33ms, timestamp:19367 - rtmpquic.go:220
2026/03/12 14:37:29.434638 [22;34mDEBUG[0m Return monitor from  scheduler : , bw flag : false, limit : 0 - rtmpquic.go:249
2026/03/12 14:37:29.434674 [22;36m INFO[0m IframeComing true, resideSizeInGOP -86368, meanGOP 1.495525e+06, meanI 250284, curgop 1581893, curI 220746 - rtmpquic.go:283
2026/03/12 14:37:29.434681 [22;36m INFO[0m UNKEYBEHIND 41,limit:0 - rtmpquic.go:284
2026/03/12 14:37:29.434684 [22;34mDEBUG[0m 41 p frame 36874 - rtmpquic.go:294
2026/03/12 14:37:29.434731 [22;34mDEBUG[0m 
chunk:583 chunk-dur:33ms, timestamp:19400 - rtmpquic.go:220
2026/03/12 14:37:29.468010 [22;34mDEBUG[0m Return monitor from  scheduler : , bw flag : false, limit : 0 - rtmpquic.go:249
2026/03/12 14:37:29.468034 [22;36m INFO[0m IframeComing true, resideSizeInGOP -116228, meanGOP 1.495525e+06, meanI 250284, curgop 1611753, curI 220746 - rtmpquic.go:283
2026/03/12 14:37:29.468039 [22;36m INFO[0m UNKEYBEHIND 42,limit:0 - rtmpquic.go:284
2026/03/12 14:37:29.468042 [22;34mDEBUG[0m 42 p frame 29860 - rtmpquic.go:294
2026/03/12 14:37:29.468127 [22;34mDEBUG[0m 
chunk:584 chunk-dur:34ms, timestamp:19434 - rtmpquic.go:220
2026/03/12 14:37:29.501393 [22;34mDEBUG[0m Return monitor from  scheduler : , bw flag : false, limit : 0 - rtmpquic.go:249
2026/03/12 14:37:29.501422 [22;36m INFO[0m IframeComing true, resideSizeInGOP -141672, meanGOP 1.495525e+06, meanI 250284, curgop 1637197, curI 220746 - rtmpquic.go:283
2026/03/12 14:37:29.501427 [22;36m INFO[0m UNKEYBEHIND 43,limit:0 - rtmpquic.go:284
2026/03/12 14:37:29.501430 [22;34mDEBUG[0m 43 p frame 25444 - rtmpquic.go:294
2026/03/12 14:37:29.501528 [22;34mDEBUG[0m 
chunk:585 chunk-dur:33ms, timestamp:19467 - rtmpquic.go:220
2026/03/12 14:37:29.540213 [22;34mDEBUG[0m Return monitor from  scheduler : , bw flag : false, limit : 0 - rtmpquic.go:249
2026/03/12 14:37:29.540517 [22;36m INFO[0m IframeComing true, resideSizeInGOP -222142, meanGOP 1.495525e+06, meanI 250284, curgop 1717667, curI 220746 - rtmpquic.go:283
2026/03/12 14:37:29.540530 [22;36m INFO[0m UNKEYBEHIND 44,limit:0 - rtmpquic.go:284
2026/03/12 14:37:29.540535 [22;34mDEBUG[0m 44 p frame 80470 - rtmpquic.go:294
2026/03/12 14:37:29.549633 [22;34mDEBUG[0m 
chunk:586 chunk-dur:45ms, timestamp:19500 - rtmpquic.go:220
2026/03/12 14:37:29.572321 [22;34mDEBUG[0m Return monitor from  scheduler : , bw flag : false, limit : 0 - rtmpquic.go:249
2026/03/12 14:37:29.572372 [22;36m INFO[0m IframeComing true, resideSizeInGOP -247056, meanGOP 1.495525e+06, meanI 250284, curgop 1742581, curI 220746 - rtmpquic.go:283
2026/03/12 14:37:29.572381 [22;36m INFO[0m UNKEYBEHIND 45,limit:0 - rtmpquic.go:284
2026/03/12 14:37:29.572387 [22;34mDEBUG[0m 45 p frame 24914 - rtmpquic.go:294
2026/03/12 14:37:29.572430 [22;34mDEBUG[0m 
chunk:587 chunk-dur:26ms, timestamp:19534 - rtmpquic.go:220
2026/03/12 14:37:29.601584 [22;34mDEBUG[0m Return monitor from  scheduler : , bw flag : false, limit : 0 - rtmpquic.go:249
2026/03/12 14:37:29.601627 [22;36m INFO[0m IframeComing true, resideSizeInGOP -263546, meanGOP 1.495525e+06, meanI 250284, curgop 1759071, curI 220746 - rtmpquic.go:283
2026/03/12 14:37:29.601635 [22;36m INFO[0m UNKEYBEHIND 46,limit:0 - rtmpquic.go:284
2026/03/12 14:37:29.601639 [22;34mDEBUG[0m 46 p frame 16490 - rtmpquic.go:294
2026/03/12 14:37:29.601725 [22;34mDEBUG[0m 
chunk:588 chunk-dur:29ms, timestamp:19567 - rtmpquic.go:220
2026/03/12 14:37:29.637311 [22;34mDEBUG[0m Return monitor from  scheduler : , bw flag : false, limit : 0 - rtmpquic.go:249
2026/03/12 14:37:29.637442 [22;36m INFO[0m IframeComing true, resideSizeInGOP -272975, meanGOP 1.495525e+06, meanI 250284, curgop 1768500, curI 220746 - rtmpquic.go:283
2026/03/12 14:37:29.637451 [22;36m INFO[0m UNKEYBEHIND 47,limit:0 - rtmpquic.go:284
2026/03/12 14:37:29.637455 [22;34mDEBUG[0m 47 p frame 9429 - rtmpquic.go:294
2026/03/12 14:37:29.637756 [22;34mDEBUG[0m 
chunk:589 chunk-dur:36ms, timestamp:19600 - rtmpquic.go:220
2026/03/12 14:37:29.670212 [22;34mDEBUG[0m Return monitor from  scheduler : , bw flag : false, limit : 0 - rtmpquic.go:249
2026/03/12 14:37:29.670272 [22;36m INFO[0m IframeComing true, resideSizeInGOP -365227, meanGOP 1.495525e+06, meanI 250284, curgop 1860752, curI 220746 - rtmpquic.go:283
2026/03/12 14:37:29.670276 [22;36m INFO[0m UNKEYBEHIND 48,limit:0 - rtmpquic.go:284
2026/03/12 14:37:29.670280 [22;34mDEBUG[0m 48 p frame 92252 - rtmpquic.go:294
2026/03/12 14:37:29.670451 [22;34mDEBUG[0m 
chunk:590 chunk-dur:33ms, timestamp:19634 - rtmpquic.go:220
2026/03/12 14:37:29.701734 [22;34mDEBUG[0m Return monitor from  scheduler : , bw flag : false, limit : 0 - rtmpquic.go:249
2026/03/12 14:37:29.701814 [22;36m INFO[0m IframeComing true, resideSizeInGOP -383033, meanGOP 1.495525e+06, meanI 250284, curgop 1878558, curI 220746 - rtmpquic.go:283
2026/03/12 14:37:29.701849 [22;36m INFO[0m UNKEYBEHIND 49,limit:0 - rtmpquic.go:284
2026/03/12 14:37:29.702127 [22;34mDEBUG[0m 49 p frame 17806 - rtmpquic.go:294
2026/03/12 14:37:29.702160 [22;34mDEBUG[0m 
chunk:591 chunk-dur:32ms, timestamp:19667 - rtmpquic.go:220
2026/03/12 14:37:29.734719 [22;34mDEBUG[0m Return monitor from  scheduler : , bw flag : false, limit : 0 - rtmpquic.go:249
2026/03/12 14:37:29.734745 [22;36m INFO[0m IframeComing true, resideSizeInGOP -393606, meanGOP 1.495525e+06, meanI 250284, curgop 1889131, curI 220746 - rtmpquic.go:283
2026/03/12 14:37:29.734750 [22;36m INFO[0m UNKEYBEHIND 50,limit:0 - rtmpquic.go:284
2026/03/12 14:37:29.734754 [22;34mDEBUG[0m 50 p frame 10573 - rtmpquic.go:294
2026/03/12 14:37:29.735152 [22;34mDEBUG[0m 
chunk:592 chunk-dur:33ms, timestamp:19700 - rtmpquic.go:220
2026/03/12 14:37:29.767197 [22;34mDEBUG[0m Return monitor from  scheduler : , bw flag : false, limit : 0 - rtmpquic.go:249
2026/03/12 14:37:29.767233 [22;36m INFO[0m IframeComing true, resideSizeInGOP -471246, meanGOP 1.495525e+06, meanI 250284, curgop 1966771, curI 220746 - rtmpquic.go:283
2026/03/12 14:37:29.767237 [22;36m INFO[0m UNKEYBEHIND 51,limit:0 - rtmpquic.go:284
2026/03/12 14:37:29.767241 [22;34mDEBUG[0m 51 p frame 77640 - rtmpquic.go:294
2026/03/12 14:37:29.767264 [22;34mDEBUG[0m 
chunk:593 chunk-dur:32ms, timestamp:19734 - rtmpquic.go:220
2026/03/12 14:37:29.802229 [22;34mDEBUG[0m Return monitor from  scheduler : , bw flag : false, limit : 0 - rtmpquic.go:249
2026/03/12 14:37:29.802252 [22;36m INFO[0m IframeComing true, resideSizeInGOP -494043, meanGOP 1.495525e+06, meanI 250284, curgop 1989568, curI 220746 - rtmpquic.go:283
2026/03/12 14:37:29.802257 [22;36m INFO[0m UNKEYBEHIND 52,limit:0 - rtmpquic.go:284
2026/03/12 14:37:29.802261 [22;34mDEBUG[0m 52 p frame 22797 - rtmpquic.go:294
2026/03/12 14:37:29.802290 [22;34mDEBUG[0m 
chunk:594 chunk-dur:35ms, timestamp:19767 - rtmpquic.go:220
2026/03/12 14:37:29.835181 [22;34mDEBUG[0m Return monitor from  scheduler : , bw flag : false, limit : 0 - rtmpquic.go:249
2026/03/12 14:37:29.835207 [22;36m INFO[0m IframeComing true, resideSizeInGOP -506621, meanGOP 1.495525e+06, meanI 250284, curgop 2002146, curI 220746 - rtmpquic.go:283
2026/03/12 14:37:29.835211 [22;36m INFO[0m UNKEYBEHIND 53,limit:0 - rtmpquic.go:284
2026/03/12 14:37:29.835214 [22;34mDEBUG[0m 53 p frame 12578 - rtmpquic.go:294
2026/03/12 14:37:29.835245 [22;34mDEBUG[0m 
chunk:595 chunk-dur:33ms, timestamp:19800 - rtmpquic.go:220
2026/03/12 14:37:29.867519 [22;34mDEBUG[0m Return monitor from  scheduler : , bw flag : false, limit : 0 - rtmpquic.go:249
2026/03/12 14:37:29.867537 [22;36m INFO[0m IframeComing true, resideSizeInGOP -518430, meanGOP 1.495525e+06, meanI 250284, curgop 2013955, curI 220746 - rtmpquic.go:283
2026/03/12 14:37:29.867541 [22;36m INFO[0m UNKEYBEHIND 54,limit:0 - rtmpquic.go:284
2026/03/12 14:37:29.867545 [22;34mDEBUG[0m 54 p frame 11809 - rtmpquic.go:294
2026/03/12 14:37:29.867721 [22;34mDEBUG[0m 
chunk:596 chunk-dur:32ms, timestamp:19834 - rtmpquic.go:220
2026/03/12 14:37:29.903181 [22;34mDEBUG[0m Return monitor from  scheduler : , bw flag : false, limit : 0 - rtmpquic.go:249
2026/03/12 14:37:29.903203 [22;36m INFO[0m IframeComing true, resideSizeInGOP -624200, meanGOP 1.495525e+06, meanI 250284, curgop 2119725, curI 220746 - rtmpquic.go:283
2026/03/12 14:37:29.903207 [22;36m INFO[0m UNKEYBEHIND 55,limit:0 - rtmpquic.go:284
2026/03/12 14:37:29.903211 [22;34mDEBUG[0m 55 p frame 105770 - rtmpquic.go:294
2026/03/12 14:37:29.903284 [22;34mDEBUG[0m 
chunk:597 chunk-dur:36ms, timestamp:19867 - rtmpquic.go:220
2026/03/12 14:37:29.934743 [22;34mDEBUG[0m Return monitor from  scheduler : , bw flag : false, limit : 0 - rtmpquic.go:249
2026/03/12 14:37:29.934768 [22;36m INFO[0m IframeComing true, resideSizeInGOP -651572, meanGOP 1.495525e+06, meanI 250284, curgop 2147097, curI 220746 - rtmpquic.go:283
2026/03/12 14:37:29.934773 [22;36m INFO[0m UNKEYBEHIND 56,limit:0 - rtmpquic.go:284
2026/03/12 14:37:29.934777 [22;34mDEBUG[0m 56 p frame 27372 - rtmpquic.go:294
2026/03/12 14:37:29.934806 [22;34mDEBUG[0m 
chunk:598 chunk-dur:31ms, timestamp:19900 - rtmpquic.go:220
2026/03/12 14:37:29.967841 [22;34mDEBUG[0m Return monitor from  scheduler : , bw flag : false, limit : 0 - rtmpquic.go:249
2026/03/12 14:37:29.967860 [22;36m INFO[0m IframeComing true, resideSizeInGOP -664300, meanGOP 1.495525e+06, meanI 250284, curgop 2159825, curI 220746 - rtmpquic.go:283
2026/03/12 14:37:29.967865 [22;36m INFO[0m UNKEYBEHIND 57,limit:0 - rtmpquic.go:284
2026/03/12 14:37:29.967944 [22;34mDEBUG[0m 57 p frame 12728 - rtmpquic.go:294
2026/03/12 14:37:29.967988 [22;34mDEBUG[0m 
chunk:599 chunk-dur:33ms, timestamp:19934 - rtmpquic.go:220
2026/03/12 14:37:30.002539 [22;34mDEBUG[0m Return monitor from  scheduler : , bw flag : false, limit : 0 - rtmpquic.go:249
2026/03/12 14:37:30.002557 [22;36m INFO[0m IframeComing true, resideSizeInGOP -673208, meanGOP 1.495525e+06, meanI 250284, curgop 2168733, curI 220746 - rtmpquic.go:283
2026/03/12 14:37:30.002575 [22;36m INFO[0m UNKEYBEHIND 58,limit:0 - rtmpquic.go:284
2026/03/12 14:37:30.002579 [22;34mDEBUG[0m 58 p frame 8908 - rtmpquic.go:294
2026/03/12 14:37:30.002630 [22;34mDEBUG[0m 
chunk:600 chunk-dur:35ms, timestamp:19967 - rtmpquic.go:220
2026/03/12 14:37:30.035037 [22;34mDEBUG[0m Return monitor from  scheduler : , bw flag : false, limit : 0 - rtmpquic.go:249
2026/03/12 14:37:30.035060 [22;36m INFO[0m IframeComing true, resideSizeInGOP -688121, meanGOP 1.495525e+06, meanI 250284, curgop 2183646, curI 220746 - rtmpquic.go:283
2026/03/12 14:37:30.035064 [22;36m INFO[0m UNKEYBEHIND 59,limit:0 - rtmpquic.go:284
2026/03/12 14:37:30.035068 [22;34mDEBUG[0m 59 p frame 14913 - rtmpquic.go:294
2026/03/12 14:37:30.035272 [22;34mDEBUG[0m 
chunk:601 chunk-dur:33ms, timestamp:20000 - rtmpquic.go:220
2026/03/12 14:37:30.068127 [22;34mDEBUG[0m Return monitor from  scheduler : , bw flag : false, limit : 0 - rtmpquic.go:249
key tag 260402
2026/03/12 14:37:30.068166 [22;34mDEBUG[0m 11 I frame 260402 - rtmpquic.go:275
2026/03/12 14:37:30.068244 [22;34mDEBUG[0m 
chunk:602 chunk-dur:33ms, timestamp:20034 - rtmpquic.go:220
2026/03/12 14:37:30.077554 [22;36m INFO[0m mean write bitrate:5.592538 Mbps - client_session.go:447
2026/03/12 14:37:30.077566 [22;34mDEBUG[0m bitrate:9.418868 Mbps - client_session.go:438
2026/03/12 14:37:30.101688 [22;34mDEBUG[0m Return monitor from  scheduler : , bw flag : false, limit : 0 - rtmpquic.go:249
2026/03/12 14:37:30.101735 [22;36m INFO[0m IframeComing false, resideSizeInGOP 1.237996e+06, meanGOP 1.564337e+06, meanI 247330, curgop 326341, curI 260402 - rtmpquic.go:283
2026/03/12 14:37:30.101740 [22;36m INFO[0m UNKEYBEHIND 1,limit:0 - rtmpquic.go:284
2026/03/12 14:37:30.101744 [22;34mDEBUG[0m 1 p frame 65939 - rtmpquic.go:294
2026/03/12 14:37:30.101796 [22;34mDEBUG[0m 
chunk:603 chunk-dur:33ms, timestamp:20067 - rtmpquic.go:220
2026/03/12 14:37:30.135385 [22;34mDEBUG[0m Return monitor from  scheduler : , bw flag : false, limit : 0 - rtmpquic.go:249
2026/03/12 14:37:30.135407 [22;36m INFO[0m IframeComing false, resideSizeInGOP 1.217164e+06, meanGOP 1.564337e+06, meanI 247330, curgop 347173, curI 260402 - rtmpquic.go:283
2026/03/12 14:37:30.135411 [22;36m INFO[0m UNKEYBEHIND 2,limit:0 - rtmpquic.go:284
2026/03/12 14:37:30.135415 [22;34mDEBUG[0m 2 p frame 20832 - rtmpquic.go:294
2026/03/12 14:37:30.135513 [22;34mDEBUG[0m 
chunk:604 chunk-dur:34ms, timestamp:20100 - rtmpquic.go:220
2026/03/12 14:37:30.168515 [22;34mDEBUG[0m Return monitor from  scheduler : , bw flag : false, limit : 0 - rtmpquic.go:249
2026/03/12 14:37:30.168553 [22;36m INFO[0m IframeComing false, resideSizeInGOP 1.209728e+06, meanGOP 1.564337e+06, meanI 247330, curgop 354609, curI 260402 - rtmpquic.go:283
2026/03/12 14:37:30.168558 [22;36m INFO[0m UNKEYBEHIND 3,limit:0 - rtmpquic.go:284
2026/03/12 14:37:30.168562 [22;34mDEBUG[0m 3 p frame 7436 - rtmpquic.go:294
2026/03/12 14:37:30.168593 [22;34mDEBUG[0m 
chunk:605 chunk-dur:33ms, timestamp:20134 - rtmpquic.go:220
2026/03/12 14:37:30.201670 [22;34mDEBUG[0m Return monitor from  scheduler : , bw flag : false, limit : 0 - rtmpquic.go:249
2026/03/12 14:37:30.201701 [22;36m INFO[0m IframeComing false, resideSizeInGOP 1.202903e+06, meanGOP 1.564337e+06, meanI 247330, curgop 361434, curI 260402 - rtmpquic.go:283
2026/03/12 14:37:30.201706 [22;36m INFO[0m UNKEYBEHIND 4,limit:0 - rtmpquic.go:284
2026/03/12 14:37:30.201710 [22;34mDEBUG[0m 4 p frame 6825 - rtmpquic.go:294
2026/03/12 14:37:30.201779 [22;34mDEBUG[0m 
chunk:606 chunk-dur:33ms, timestamp:20167 - rtmpquic.go:220
2026/03/12 14:37:30.235653 [22;34mDEBUG[0m Return monitor from  scheduler : , bw flag : false, limit : 0 - rtmpquic.go:249
2026/03/12 14:37:30.235686 [22;36m INFO[0m IframeComing false, resideSizeInGOP 1.141831e+06, meanGOP 1.564337e+06, meanI 247330, curgop 422506, curI 260402 - rtmpquic.go:283
2026/03/12 14:37:30.235690 [22;36m INFO[0m UNKEYBEHIND 5,limit:0 - rtmpquic.go:284
2026/03/12 14:37:30.235693 [22;34mDEBUG[0m 5 p frame 61072 - rtmpquic.go:294
2026/03/12 14:37:30.235765 [22;34mDEBUG[0m 
chunk:607 chunk-dur:34ms, timestamp:20200 - rtmpquic.go:220
2026/03/12 14:37:30.268400 [22;34mDEBUG[0m Return monitor from  scheduler : , bw flag : false, limit : 0 - rtmpquic.go:249
2026/03/12 14:37:30.268414 [22;36m INFO[0m IframeComing false, resideSizeInGOP 1.121066e+06, meanGOP 1.564337e+06, meanI 247330, curgop 443271, curI 260402 - rtmpquic.go:283
2026/03/12 14:37:30.268418 [22;36m INFO[0m UNKEYBEHIND 6,limit:0 - rtmpquic.go:284
2026/03/12 14:37:30.268421 [22;34mDEBUG[0m 6 p frame 20765 - rtmpquic.go:294
2026/03/12 14:37:30.268460 [22;34mDEBUG[0m 
chunk:608 chunk-dur:33ms, timestamp:20234 - rtmpquic.go:220
2026/03/12 14:37:30.302937 [22;34mDEBUG[0m Return monitor from  scheduler : , bw flag : false, limit : 0 - rtmpquic.go:249
2026/03/12 14:37:30.302971 [22;36m INFO[0m IframeComing false, resideSizeInGOP 1.113698e+06, meanGOP 1.564337e+06, meanI 247330, curgop 450639, curI 260402 - rtmpquic.go:283
2026/03/12 14:37:30.302976 [22;36m INFO[0m UNKEYBEHIND 7,limit:0 - rtmpquic.go:284
2026/03/12 14:37:30.302979 [22;34mDEBUG[0m 7 p frame 7368 - rtmpquic.go:294
2026/03/12 14:37:30.303020 [22;34mDEBUG[0m 
chunk:609 chunk-dur:35ms, timestamp:20267 - rtmpquic.go:220
2026/03/12 14:37:30.336004 [22;34mDEBUG[0m Return monitor from  scheduler : , bw flag : false, limit : 0 - rtmpquic.go:249
2026/03/12 14:37:30.336025 [22;36m INFO[0m IframeComing false, resideSizeInGOP 1.106682e+06, meanGOP 1.564337e+06, meanI 247330, curgop 457655, curI 260402 - rtmpquic.go:283
2026/03/12 14:37:30.336029 [22;36m INFO[0m UNKEYBEHIND 8,limit:0 - rtmpquic.go:284
2026/03/12 14:37:30.336033 [22;34mDEBUG[0m 8 p frame 7016 - rtmpquic.go:294
2026/03/12 14:37:30.336175 [22;34mDEBUG[0m 
chunk:610 chunk-dur:33ms, timestamp:20300 - rtmpquic.go:220
2026/03/12 14:37:30.368021 [22;34mDEBUG[0m Return monitor from  scheduler : , bw flag : false, limit : 0 - rtmpquic.go:249
2026/03/12 14:37:30.368047 [22;36m INFO[0m IframeComing false, resideSizeInGOP 1.058582e+06, meanGOP 1.564337e+06, meanI 247330, curgop 505755, curI 260402 - rtmpquic.go:283
2026/03/12 14:37:30.368052 [22;36m INFO[0m UNKEYBEHIND 9,limit:0 - rtmpquic.go:284
2026/03/12 14:37:30.368055 [22;34mDEBUG[0m 9 p frame 48100 - rtmpquic.go:294
2026/03/12 14:37:30.368081 [22;34mDEBUG[0m 
chunk:611 chunk-dur:32ms, timestamp:20334 - rtmpquic.go:220
2026/03/12 14:37:30.401590 [22;34mDEBUG[0m Return monitor from  scheduler : , bw flag : false, limit : 0 - rtmpquic.go:249
2026/03/12 14:37:30.401610 [22;36m INFO[0m IframeComing false, resideSizeInGOP 1.050943e+06, meanGOP 1.564337e+06, meanI 247330, curgop 513394, curI 260402 - rtmpquic.go:283
2026/03/12 14:37:30.401614 [22;36m INFO[0m UNKEYBEHIND 10,limit:0 - rtmpquic.go:284
2026/03/12 14:37:30.401618 [22;34mDEBUG[0m 10 p frame 7639 - rtmpquic.go:294
2026/03/12 14:37:30.401786 [22;34mDEBUG[0m 
chunk:612 chunk-dur:33ms, timestamp:20367 - rtmpquic.go:220
2026/03/12 14:37:30.435268 [22;34mDEBUG[0m Return monitor from  scheduler : , bw flag : false, limit : 0 - rtmpquic.go:249
2026/03/12 14:37:30.435294 [22;36m INFO[0m IframeComing false, resideSizeInGOP 972948, meanGOP 1.564337e+06, meanI 247330, curgop 591389, curI 260402 - rtmpquic.go:283
2026/03/12 14:37:30.435299 [22;36m INFO[0m UNKEYBEHIND 11,limit:0 - rtmpquic.go:284
2026/03/12 14:37:30.435302 [22;34mDEBUG[0m 11 p frame 77995 - rtmpquic.go:294
2026/03/12 14:37:30.435345 [22;34mDEBUG[0m 
chunk:613 chunk-dur:34ms, timestamp:20400 - rtmpquic.go:220
2026/03/12 14:37:30.467660 [22;34mDEBUG[0m Return monitor from  scheduler : , bw flag : false, limit : 0 - rtmpquic.go:249
2026/03/12 14:37:30.467680 [22;36m INFO[0m IframeComing false, resideSizeInGOP 951688, meanGOP 1.564337e+06, meanI 247330, curgop 612649, curI 260402 - rtmpquic.go:283
2026/03/12 14:37:30.467684 [22;36m INFO[0m UNKEYBEHIND 12,limit:0 - rtmpquic.go:284
2026/03/12 14:37:30.467688 [22;34mDEBUG[0m 12 p frame 21260 - rtmpquic.go:294
2026/03/12 14:37:30.467777 [22;34mDEBUG[0m 
chunk:614 chunk-dur:32ms, timestamp:20434 - rtmpquic.go:220
2026/03/12 14:37:30.502658 [22;34mDEBUG[0m Return monitor from  scheduler : , bw flag : false, limit : 0 - rtmpquic.go:249
2026/03/12 14:37:30.502684 [22;36m INFO[0m IframeComing false, resideSizeInGOP 869038, meanGOP 1.564337e+06, meanI 247330, curgop 695299, curI 260402 - rtmpquic.go:283
2026/03/12 14:37:30.502688 [22;36m INFO[0m UNKEYBEHIND 13,limit:0 - rtmpquic.go:284
2026/03/12 14:37:30.502691 [22;34mDEBUG[0m 13 p frame 82650 - rtmpquic.go:294
2026/03/12 14:37:30.502744 [22;34mDEBUG[0m 
chunk:615 chunk-dur:35ms, timestamp:20467 - rtmpquic.go:220
2026/03/12 14:37:30.535308 [22;34mDEBUG[0m Return monitor from  scheduler : , bw flag : false, limit : 0 - rtmpquic.go:249
2026/03/12 14:37:30.535334 [22;36m INFO[0m IframeComing false, resideSizeInGOP 844121, meanGOP 1.564337e+06, meanI 247330, curgop 720216, curI 260402 - rtmpquic.go:283
2026/03/12 14:37:30.535342 [22;36m INFO[0m UNKEYBEHIND 14,limit:0 - rtmpquic.go:284
2026/03/12 14:37:30.535348 [22;34mDEBUG[0m 14 p frame 24917 - rtmpquic.go:294
2026/03/12 14:37:30.535381 [22;34mDEBUG[0m 
chunk:616 chunk-dur:33ms, timestamp:20500 - rtmpquic.go:220
2026/03/12 14:37:30.568273 [22;34mDEBUG[0m Return monitor from  scheduler : , bw flag : false, limit : 0 - rtmpquic.go:249
2026/03/12 14:37:30.568297 [22;36m INFO[0m IframeComing false, resideSizeInGOP 833642, meanGOP 1.564337e+06, meanI 247330, curgop 730695, curI 260402 - rtmpquic.go:283
2026/03/12 14:37:30.568301 [22;36m INFO[0m UNKEYBEHIND 15,limit:0 - rtmpquic.go:284
2026/03/12 14:37:30.568304 [22;34mDEBUG[0m 15 p frame 10479 - rtmpquic.go:294
2026/03/12 14:37:30.568325 [22;34mDEBUG[0m 
chunk:617 chunk-dur:33ms, timestamp:20534 - rtmpquic.go:220
2026/03/12 14:37:30.601627 [22;34mDEBUG[0m Return monitor from  scheduler : , bw flag : false, limit : 0 - rtmpquic.go:249
2026/03/12 14:37:30.601646 [22;36m INFO[0m IframeComing false, resideSizeInGOP 820204, meanGOP 1.564337e+06, meanI 247330, curgop 744133, curI 260402 - rtmpquic.go:283
2026/03/12 14:37:30.601650 [22;36m INFO[0m UNKEYBEHIND 16,limit:0 - rtmpquic.go:284
2026/03/12 14:37:30.601654 [22;34mDEBUG[0m 16 p frame 13438 - rtmpquic.go:294
2026/03/12 14:37:30.601750 [22;34mDEBUG[0m 
chunk:618 chunk-dur:33ms, timestamp:20567 - rtmpquic.go:220
2026/03/12 14:37:30.636004 [22;34mDEBUG[0m Return monitor from  scheduler : , bw flag : false, limit : 0 - rtmpquic.go:249
2026/03/12 14:37:30.636021 [22;36m INFO[0m IframeComing false, resideSizeInGOP 710700, meanGOP 1.564337e+06, meanI 247330, curgop 853637, curI 260402 - rtmpquic.go:283
2026/03/12 14:37:30.636024 [22;36m INFO[0m UNKEYBEHIND 17,limit:0 - rtmpquic.go:284
2026/03/12 14:37:30.636028 [22;34mDEBUG[0m 17 p frame 109504 - rtmpquic.go:294
2026/03/12 14:37:30.636055 [22;34mDEBUG[0m 
chunk:619 chunk-dur:35ms, timestamp:20600 - rtmpquic.go:220
2026/03/12 14:37:30.667283 [22;34mDEBUG[0m Return monitor from  scheduler : , bw flag : false, limit : 0 - rtmpquic.go:249
2026/03/12 14:37:30.667302 [22;36m INFO[0m IframeComing false, resideSizeInGOP 685756, meanGOP 1.564337e+06, meanI 247330, curgop 878581, curI 260402 - rtmpquic.go:283
2026/03/12 14:37:30.667306 [22;36m INFO[0m UNKEYBEHIND 18,limit:0 - rtmpquic.go:284
2026/03/12 14:37:30.667310 [22;34mDEBUG[0m 18 p frame 24944 - rtmpquic.go:294
2026/03/12 14:37:30.667352 [22;34mDEBUG[0m 
chunk:620 chunk-dur:31ms, timestamp:20634 - rtmpquic.go:220
2026/03/12 14:37:30.701864 [22;34mDEBUG[0m Return monitor from  scheduler : , bw flag : false, limit : 0 - rtmpquic.go:249
2026/03/12 14:37:30.701954 [22;36m INFO[0m IframeComing false, resideSizeInGOP 671755, meanGOP 1.564337e+06, meanI 247330, curgop 892582, curI 260402 - rtmpquic.go:283
2026/03/12 14:37:30.701960 [22;36m INFO[0m UNKEYBEHIND 19,limit:0 - rtmpquic.go:284
2026/03/12 14:37:30.701964 [22;34mDEBUG[0m 19 p frame 14001 - rtmpquic.go:294
2026/03/12 14:37:30.701994 [22;34mDEBUG[0m 
chunk:621 chunk-dur:34ms, timestamp:20667 - rtmpquic.go:220
2026/03/12 14:37:30.735757 [22;34mDEBUG[0m Return monitor from  scheduler : , bw flag : false, limit : 0 - rtmpquic.go:249
2026/03/12 14:37:30.735793 [22;36m INFO[0m IframeComing false, resideSizeInGOP 661960, meanGOP 1.564337e+06, meanI 247330, curgop 902377, curI 260402 - rtmpquic.go:283
2026/03/12 14:37:30.735798 [22;36m INFO[0m UNKEYBEHIND 20,limit:0 - rtmpquic.go:284
2026/03/12 14:37:30.735802 [22;34mDEBUG[0m 20 p frame 9795 - rtmpquic.go:294
2026/03/12 14:37:30.735905 [22;34mDEBUG[0m 
chunk:622 chunk-dur:34ms, timestamp:20700 - rtmpquic.go:220
2026/03/12 14:37:30.768376 [22;34mDEBUG[0m Return monitor from  scheduler : , bw flag : false, limit : 0 - rtmpquic.go:249
2026/03/12 14:37:30.768402 [22;36m INFO[0m IframeComing false, resideSizeInGOP 587995, meanGOP 1.564337e+06, meanI 247330, curgop 976342, curI 260402 - rtmpquic.go:283
2026/03/12 14:37:30.768406 [22;36m INFO[0m UNKEYBEHIND 21,limit:0 - rtmpquic.go:284
2026/03/12 14:37:30.768410 [22;34mDEBUG[0m 21 p frame 73965 - rtmpquic.go:294
2026/03/12 14:37:30.768467 [22;34mDEBUG[0m 
chunk:623 chunk-dur:33ms, timestamp:20734 - rtmpquic.go:220
2026/03/12 14:37:30.801844 [22;34mDEBUG[0m Return monitor from  scheduler : , bw flag : false, limit : 0 - rtmpquic.go:249
2026/03/12 14:37:30.801892 [22;36m INFO[0m IframeComing false, resideSizeInGOP 566593, meanGOP 1.564337e+06, meanI 247330, curgop 997744, curI 260402 - rtmpquic.go:283
2026/03/12 14:37:30.801901 [22;36m INFO[0m UNKEYBEHIND 22,limit:0 - rtmpquic.go:284
2026/03/12 14:37:30.801905 [22;34mDEBUG[0m 22 p frame 21402 - rtmpquic.go:294
2026/03/12 14:37:30.801941 [22;34mDEBUG[0m 
chunk:624 chunk-dur:33ms, timestamp:20767 - rtmpquic.go:220
2026/03/12 14:37:30.839265 [22;34mDEBUG[0m Return monitor from  scheduler : , bw flag : false, limit : 0 - rtmpquic.go:249
2026/03/12 14:37:30.839329 [22;36m INFO[0m IframeComing false, resideSizeInGOP 556387, meanGOP 1.564337e+06, meanI 247330, curgop 1007950, curI 260402 - rtmpquic.go:283
2026/03/12 14:37:30.839353 [22;36m INFO[0m UNKEYBEHIND 23,limit:0 - rtmpquic.go:284
2026/03/12 14:37:30.839357 [22;34mDEBUG[0m 23 p frame 10206 - rtmpquic.go:294
2026/03/12 14:37:30.839367 [22;34mDEBUG[0m 
chunk:625 chunk-dur:38ms, timestamp:20800 - rtmpquic.go:220
2026/03/12 14:37:30.868412 [22;34mDEBUG[0m Return monitor from  scheduler : , bw flag : false, limit : 0 - rtmpquic.go:249
2026/03/12 14:37:30.868520 [22;36m INFO[0m IframeComing false, resideSizeInGOP 545419, meanGOP 1.564337e+06, meanI 247330, curgop 1018918, curI 260402 - rtmpquic.go:283
2026/03/12 14:37:30.868532 [22;36m INFO[0m UNKEYBEHIND 24,limit:0 - rtmpquic.go:284
2026/03/12 14:37:30.868536 [22;34mDEBUG[0m 24 p frame 10968 - rtmpquic.go:294
2026/03/12 14:37:30.868824 [22;34mDEBUG[0m 
chunk:626 chunk-dur:29ms, timestamp:20834 - rtmpquic.go:220
2026/03/12 14:37:30.902816 [22;34mDEBUG[0m Return monitor from  scheduler : , bw flag : false, limit : 0 - rtmpquic.go:249
2026/03/12 14:37:30.902848 [22;36m INFO[0m IframeComing false, resideSizeInGOP 450884, meanGOP 1.564337e+06, meanI 247330, curgop 1113453, curI 260402 - rtmpquic.go:283
2026/03/12 14:37:30.902853 [22;36m INFO[0m UNKEYBEHIND 25,limit:0 - rtmpquic.go:284
2026/03/12 14:37:30.902857 [22;34mDEBUG[0m 25 p frame 94535 - rtmpquic.go:294
2026/03/12 14:37:30.902972 [22;34mDEBUG[0m 
chunk:627 chunk-dur:34ms, timestamp:20867 - rtmpquic.go:220
2026/03/12 14:37:30.935804 [22;34mDEBUG[0m Return monitor from  scheduler : , bw flag : false, limit : 0 - rtmpquic.go:249
2026/03/12 14:37:30.935832 [22;36m INFO[0m IframeComing false, resideSizeInGOP 425969, meanGOP 1.564337e+06, meanI 247330, curgop 1138368, curI 260402 - rtmpquic.go:283
2026/03/12 14:37:30.935853 [22;36m INFO[0m UNKEYBEHIND 26,limit:0 - rtmpquic.go:284
2026/03/12 14:37:30.935857 [22;34mDEBUG[0m 26 p frame 24915 - rtmpquic.go:294
2026/03/12 14:37:30.935896 [22;34mDEBUG[0m 
chunk:628 chunk-dur:33ms, timestamp:20900 - rtmpquic.go:220
2026/03/12 14:37:30.968369 [22;34mDEBUG[0m Return monitor from  scheduler : , bw flag : false, limit : 0 - rtmpquic.go:249
2026/03/12 14:37:30.968402 [22;36m INFO[0m IframeComing false, resideSizeInGOP 414731, meanGOP 1.564337e+06, meanI 247330, curgop 1149606, curI 260402 - rtmpquic.go:283
2026/03/12 14:37:30.968407 [22;36m INFO[0m UNKEYBEHIND 27,limit:0 - rtmpquic.go:284
2026/03/12 14:37:30.968411 [22;34mDEBUG[0m 27 p frame 11238 - rtmpquic.go:294
2026/03/12 14:37:30.968430 [22;34mDEBUG[0m 
chunk:629 chunk-dur:33ms, timestamp:20934 - rtmpquic.go:220
2026/03/12 14:37:31.002250 [22;34mDEBUG[0m Return monitor from  scheduler : , bw flag : false, limit : 0 - rtmpquic.go:249
2026/03/12 14:37:31.002284 [22;36m INFO[0m IframeComing false, resideSizeInGOP 405911, meanGOP 1.564337e+06, meanI 247330, curgop 1158426, curI 260402 - rtmpquic.go:283
2026/03/12 14:37:31.002288 [22;36m INFO[0m UNKEYBEHIND 28,limit:0 - rtmpquic.go:284
2026/03/12 14:37:31.002292 [22;34mDEBUG[0m 28 p frame 8820 - rtmpquic.go:294
2026/03/12 14:37:31.002394 [22;34mDEBUG[0m 
chunk:630 chunk-dur:34ms, timestamp:20967 - rtmpquic.go:220
2026/03/12 14:37:31.034488 [22;34mDEBUG[0m Return monitor from  scheduler : , bw flag : false, limit : 0 - rtmpquic.go:249
2026/03/12 14:37:31.034518 [22;36m INFO[0m IframeComing false, resideSizeInGOP 315860, meanGOP 1.564337e+06, meanI 247330, curgop 1248477, curI 260402 - rtmpquic.go:283
2026/03/12 14:37:31.034522 [22;36m INFO[0m UNKEYBEHIND 29,limit:0 - rtmpquic.go:284
2026/03/12 14:37:31.034525 [22;34mDEBUG[0m 29 p frame 90051 - rtmpquic.go:294
2026/03/12 14:37:31.034562 [22;34mDEBUG[0m 
chunk:631 chunk-dur:32ms, timestamp:21000 - rtmpquic.go:220
2026/03/12 14:37:31.068504 [22;34mDEBUG[0m Return monitor from  scheduler : , bw flag : false, limit : 0 - rtmpquic.go:249
2026/03/12 14:37:31.068529 [22;36m INFO[0m IframeComing false, resideSizeInGOP 293983, meanGOP 1.564337e+06, meanI 247330, curgop 1270354, curI 260402 - rtmpquic.go:283
2026/03/12 14:37:31.068533 [22;36m INFO[0m UNKEYBEHIND 30,limit:0 - rtmpquic.go:284
2026/03/12 14:37:31.068538 [22;34mDEBUG[0m 30 p frame 21877 - rtmpquic.go:294
2026/03/12 14:37:31.068599 [22;34mDEBUG[0m 
chunk:632 chunk-dur:34ms, timestamp:21034 - rtmpquic.go:220
2026/03/12 14:37:31.077835 [22;34mDEBUG[0m bitrate:7.703272 Mbps - client_session.go:438
2026/03/12 14:37:31.103069 [22;34mDEBUG[0m Return monitor from  scheduler : , bw flag : false, limit : 0 - rtmpquic.go:249
2026/03/12 14:37:31.103145 [22;36m INFO[0m IframeComing false, resideSizeInGOP 285179, meanGOP 1.564337e+06, meanI 247330, curgop 1279158, curI 260402 - rtmpquic.go:283
2026/03/12 14:37:31.103150 [22;36m INFO[0m UNKEYBEHIND 31,limit:0 - rtmpquic.go:284
2026/03/12 14:37:31.103154 [22;34mDEBUG[0m 31 p frame 8804 - rtmpquic.go:294
2026/03/12 14:37:31.103902 [22;34mDEBUG[0m 
chunk:633 chunk-dur:35ms, timestamp:21067 - rtmpquic.go:220
2026/03/12 14:37:31.135320 [22;34mDEBUG[0m Return monitor from  scheduler : , bw flag : false, limit : 0 - rtmpquic.go:249
2026/03/12 14:37:31.135356 [22;36m INFO[0m IframeComing false, resideSizeInGOP 274031, meanGOP 1.564337e+06, meanI 247330, curgop 1290306, curI 260402 - rtmpquic.go:283
2026/03/12 14:37:31.135361 [22;36m INFO[0m UNKEYBEHIND 32,limit:0 - rtmpquic.go:284
2026/03/12 14:37:31.135365 [22;34mDEBUG[0m 32 p frame 11148 - rtmpquic.go:294
2026/03/12 14:37:31.135430 [22;34mDEBUG[0m 
chunk:634 chunk-dur:32ms, timestamp:21100 - rtmpquic.go:220
2026/03/12 14:37:31.167923 [22;34mDEBUG[0m Return monitor from  scheduler : , bw flag : false, limit : 0 - rtmpquic.go:249
2026/03/12 14:37:31.167940 [22;36m INFO[0m IframeComing false, resideSizeInGOP 199043, meanGOP 1.564337e+06, meanI 247330, curgop 1365294, curI 260402 - rtmpquic.go:283
2026/03/12 14:37:31.167944 [22;36m INFO[0m UNKEYBEHIND 33,limit:0 - rtmpquic.go:284
2026/03/12 14:37:31.167948 [22;34mDEBUG[0m 33 p frame 74988 - rtmpquic.go:294
2026/03/12 14:37:31.167999 [22;34mDEBUG[0m 
chunk:635 chunk-dur:32ms, timestamp:21134 - rtmpquic.go:220
2026/03/12 14:37:31.202364 [22;34mDEBUG[0m Return monitor from  scheduler : , bw flag : false, limit : 0 - rtmpquic.go:249
2026/03/12 14:37:31.202379 [22;36m INFO[0m IframeComing false, resideSizeInGOP 175823, meanGOP 1.564337e+06, meanI 247330, curgop 1388514, curI 260402 - rtmpquic.go:283
2026/03/12 14:37:31.202384 [22;36m INFO[0m UNKEYBEHIND 34,limit:0 - rtmpquic.go:284
2026/03/12 14:37:31.202387 [22;34mDEBUG[0m 34 p frame 23220 - rtmpquic.go:294
2026/03/12 14:37:31.202403 [22;34mDEBUG[0m 
chunk:636 chunk-dur:35ms, timestamp:21167 - rtmpquic.go:220
2026/03/12 14:37:31.235153 [22;34mDEBUG[0m Return monitor from  scheduler : , bw flag : false, limit : 0 - rtmpquic.go:249
2026/03/12 14:37:31.235177 [22;36m INFO[0m IframeComing false, resideSizeInGOP 165024, meanGOP 1.564337e+06, meanI 247330, curgop 1399313, curI 260402 - rtmpquic.go:283
2026/03/12 14:37:31.235181 [22;36m INFO[0m UNKEYBEHIND 35,limit:0 - rtmpquic.go:284
2026/03/12 14:37:31.235185 [22;34mDEBUG[0m 35 p frame 10799 - rtmpquic.go:294
2026/03/12 14:37:31.235226 [22;34mDEBUG[0m 
chunk:637 chunk-dur:33ms, timestamp:21200 - rtmpquic.go:220
2026/03/12 14:37:31.267621 [22;34mDEBUG[0m Return monitor from  scheduler : , bw flag : false, limit : 0 - rtmpquic.go:249
2026/03/12 14:37:31.267649 [22;36m INFO[0m IframeComing false, resideSizeInGOP 156030, meanGOP 1.564337e+06, meanI 247330, curgop 1408307, curI 260402 - rtmpquic.go:283
2026/03/12 14:37:31.267655 [22;36m INFO[0m UNKEYBEHIND 36,limit:0 - rtmpquic.go:284
2026/03/12 14:37:31.267659 [22;34mDEBUG[0m 36 p frame 8994 - rtmpquic.go:294
2026/03/12 14:37:31.267734 [22;34mDEBUG[0m 
chunk:638 chunk-dur:32ms, timestamp:21234 - rtmpquic.go:220
2026/03/12 14:37:31.302801 [22;34mDEBUG[0m Return monitor from  scheduler : , bw flag : false, limit : 0 - rtmpquic.go:249
2026/03/12 14:37:31.302823 [22;36m INFO[0m IframeComing false, resideSizeInGOP 82104, meanGOP 1.564337e+06, meanI 247330, curgop 1482233, curI 260402 - rtmpquic.go:283
2026/03/12 14:37:31.302828 [22;36m INFO[0m UNKEYBEHIND 37,limit:0 - rtmpquic.go:284
2026/03/12 14:37:31.302832 [22;34mDEBUG[0m 37 p frame 73926 - rtmpquic.go:294
2026/03/12 14:37:31.302957 [22;34mDEBUG[0m 
chunk:639 chunk-dur:35ms, timestamp:21267 - rtmpquic.go:220
2026/03/12 14:37:31.336470 [22;34mDEBUG[0m Return monitor from  scheduler : , bw flag : false, limit : 0 - rtmpquic.go:249
2026/03/12 14:37:31.336489 [22;36m INFO[0m IframeComing false, resideSizeInGOP 59851, meanGOP 1.564337e+06, meanI 247330, curgop 1504486, curI 260402 - rtmpquic.go:283
2026/03/12 14:37:31.336493 [22;36m INFO[0m UNKEYBEHIND 38,limit:0 - rtmpquic.go:284
2026/03/12 14:37:31.336497 [22;34mDEBUG[0m 38 p frame 22253 - rtmpquic.go:294
2026/03/12 14:37:31.336523 [22;34mDEBUG[0m 
chunk:640 chunk-dur:34ms, timestamp:21300 - rtmpquic.go:220
2026/03/12 14:37:31.368772 [22;34mDEBUG[0m Return monitor from  scheduler : , bw flag : false, limit : 0 - rtmpquic.go:249
2026/03/12 14:37:31.369534 [22;36m INFO[0m IframeComing false, resideSizeInGOP 50684, meanGOP 1.564337e+06, meanI 247330, curgop 1513653, curI 260402 - rtmpquic.go:283
2026/03/12 14:37:31.369542 [22;36m INFO[0m UNKEYBEHIND 39,limit:0 - rtmpquic.go:284
2026/03/12 14:37:31.369546 [22;34mDEBUG[0m 39 p frame 9167 - rtmpquic.go:294
2026/03/12 14:37:31.369589 [22;34mDEBUG[0m 
chunk:641 chunk-dur:33ms, timestamp:21334 - rtmpquic.go:220
2026/03/12 14:37:31.402784 [22;34mDEBUG[0m Return monitor from  scheduler : , bw flag : false, limit : 0 - rtmpquic.go:249
2026/03/12 14:37:31.402808 [22;36m INFO[0m IframeComing false, resideSizeInGOP 40205, meanGOP 1.564337e+06, meanI 247330, curgop 1524132, curI 260402 - rtmpquic.go:283
2026/03/12 14:37:31.402812 [22;36m INFO[0m UNKEYBEHIND 40,limit:0 - rtmpquic.go:284
2026/03/12 14:37:31.402816 [22;34mDEBUG[0m 40 p frame 10479 - rtmpquic.go:294
2026/03/12 14:37:31.403051 [22;34mDEBUG[0m 
chunk:642 chunk-dur:34ms, timestamp:21367 - rtmpquic.go:220
2026/03/12 14:37:31.437227 [22;34mDEBUG[0m Return monitor from  scheduler : , bw flag : false, limit : 0 - rtmpquic.go:249
2026/03/12 14:37:31.437262 [22;36m INFO[0m IframeComing true, resideSizeInGOP -49537, meanGOP 1.564337e+06, meanI 247330, curgop 1613874, curI 260402 - rtmpquic.go:283
2026/03/12 14:37:31.437267 [22;36m INFO[0m UNKEYBEHIND 41,limit:0 - rtmpquic.go:284
2026/03/12 14:37:31.437276 [22;34mDEBUG[0m 41 p frame 89742 - rtmpquic.go:294
2026/03/12 14:37:31.437307 [22;34mDEBUG[0m 
chunk:643 chunk-dur:34ms, timestamp:21400 - rtmpquic.go:220
2026/03/12 14:37:31.468000 [22;34mDEBUG[0m Return monitor from  scheduler : , bw flag : false, limit : 0 - rtmpquic.go:249
2026/03/12 14:37:31.468033 [22;36m INFO[0m IframeComing true, resideSizeInGOP -71584, meanGOP 1.564337e+06, meanI 247330, curgop 1635921, curI 260402 - rtmpquic.go:283
2026/03/12 14:37:31.468037 [22;36m INFO[0m UNKEYBEHIND 42,limit:0 - rtmpquic.go:284
2026/03/12 14:37:31.468058 [22;34mDEBUG[0m 42 p frame 22047 - rtmpquic.go:294
2026/03/12 14:37:31.468080 [22;34mDEBUG[0m 
chunk:644 chunk-dur:31ms, timestamp:21434 - rtmpquic.go:220
2026/03/12 14:37:31.501887 [22;34mDEBUG[0m Return monitor from  scheduler : , bw flag : false, limit : 0 - rtmpquic.go:249
2026/03/12 14:37:31.501906 [22;36m INFO[0m IframeComing true, resideSizeInGOP -82804, meanGOP 1.564337e+06, meanI 247330, curgop 1647141, curI 260402 - rtmpquic.go:283
2026/03/12 14:37:31.501910 [22;36m INFO[0m UNKEYBEHIND 43,limit:0 - rtmpquic.go:284
2026/03/12 14:37:31.501913 [22;34mDEBUG[0m 43 p frame 11220 - rtmpquic.go:294
2026/03/12 14:37:31.501941 [22;34mDEBUG[0m 
chunk:645 chunk-dur:33ms, timestamp:21467 - rtmpquic.go:220
2026/03/12 14:37:31.535544 [22;34mDEBUG[0m Return monitor from  scheduler : , bw flag : false, limit : 0 - rtmpquic.go:249
2026/03/12 14:37:31.535569 [22;36m INFO[0m IframeComing true, resideSizeInGOP -94619, meanGOP 1.564337e+06, meanI 247330, curgop 1658956, curI 260402 - rtmpquic.go:283
2026/03/12 14:37:31.535579 [22;36m INFO[0m UNKEYBEHIND 44,limit:0 - rtmpquic.go:284
2026/03/12 14:37:31.535583 [22;34mDEBUG[0m 44 p frame 11815 - rtmpquic.go:294
2026/03/12 14:37:31.535693 [22;34mDEBUG[0m 
chunk:646 chunk-dur:34ms, timestamp:21500 - rtmpquic.go:220
2026/03/12 14:37:31.568669 [22;34mDEBUG[0m Return monitor from  scheduler : , bw flag : false, limit : 0 - rtmpquic.go:249
2026/03/12 14:37:31.568691 [22;36m INFO[0m IframeComing true, resideSizeInGOP -186677, meanGOP 1.564337e+06, meanI 247330, curgop 1751014, curI 260402 - rtmpquic.go:283
2026/03/12 14:37:31.568695 [22;36m INFO[0m UNKEYBEHIND 45,limit:0 - rtmpquic.go:284
2026/03/12 14:37:31.568699 [22;34mDEBUG[0m 45 p frame 92058 - rtmpquic.go:294
2026/03/12 14:37:31.568733 [22;34mDEBUG[0m 
chunk:647 chunk-dur:33ms, timestamp:21534 - rtmpquic.go:220
2026/03/12 14:37:31.601847 [22;34mDEBUG[0m Return monitor from  scheduler : , bw flag : false, limit : 0 - rtmpquic.go:249
2026/03/12 14:37:31.601955 [22;36m INFO[0m IframeComing true, resideSizeInGOP -210322, meanGOP 1.564337e+06, meanI 247330, curgop 1774659, curI 260402 - rtmpquic.go:283
2026/03/12 14:37:31.601962 [22;36m INFO[0m UNKEYBEHIND 46,limit:0 - rtmpquic.go:284
2026/03/12 14:37:31.601966 [22;34mDEBUG[0m 46 p frame 23645 - rtmpquic.go:294
2026/03/12 14:37:31.601998 [22;34mDEBUG[0m 
chunk:648 chunk-dur:33ms, timestamp:21567 - rtmpquic.go:220
2026/03/12 14:37:31.635648 [22;34mDEBUG[0m Return monitor from  scheduler : , bw flag : false, limit : 0 - rtmpquic.go:249
2026/03/12 14:37:31.635670 [22;36m INFO[0m IframeComing true, resideSizeInGOP -218664, meanGOP 1.564337e+06, meanI 247330, curgop 1783001, curI 260402 - rtmpquic.go:283
2026/03/12 14:37:31.635674 [22;36m INFO[0m UNKEYBEHIND 47,limit:0 - rtmpquic.go:284
2026/03/12 14:37:31.635678 [22;34mDEBUG[0m 47 p frame 8342 - rtmpquic.go:294
2026/03/12 14:37:31.635706 [22;34mDEBUG[0m 
chunk:649 chunk-dur:34ms, timestamp:21600 - rtmpquic.go:220
2026/03/12 14:37:31.667733 [22;34mDEBUG[0m Return monitor from  scheduler : , bw flag : false, limit : 0 - rtmpquic.go:249
2026/03/12 14:37:31.667753 [22;36m INFO[0m IframeComing true, resideSizeInGOP -228026, meanGOP 1.564337e+06, meanI 247330, curgop 1792363, curI 260402 - rtmpquic.go:283
2026/03/12 14:37:31.667758 [22;36m INFO[0m UNKEYBEHIND 48,limit:0 - rtmpquic.go:284
2026/03/12 14:37:31.667764 [22;34mDEBUG[0m 48 p frame 9362 - rtmpquic.go:294
2026/03/12 14:37:31.667948 [22;34mDEBUG[0m 
chunk:650 chunk-dur:32ms, timestamp:21634 - rtmpquic.go:220
2026/03/12 14:37:31.702340 [22;34mDEBUG[0m Return monitor from  scheduler : , bw flag : false, limit : 0 - rtmpquic.go:249
2026/03/12 14:37:31.702392 [22;36m INFO[0m IframeComing true, resideSizeInGOP -300286, meanGOP 1.564337e+06, meanI 247330, curgop 1864623, curI 260402 - rtmpquic.go:283
2026/03/12 14:37:31.702401 [22;36m INFO[0m UNKEYBEHIND 49,limit:0 - rtmpquic.go:284
2026/03/12 14:37:31.702408 [22;34mDEBUG[0m 49 p frame 72260 - rtmpquic.go:294
2026/03/12 14:37:31.702519 [22;34mDEBUG[0m 
chunk:651 chunk-dur:35ms, timestamp:21667 - rtmpquic.go:220
2026/03/12 14:37:31.735337 [22;34mDEBUG[0m Return monitor from  scheduler : , bw flag : false, limit : 0 - rtmpquic.go:249
2026/03/12 14:37:31.735356 [22;36m INFO[0m IframeComing true, resideSizeInGOP -323226, meanGOP 1.564337e+06, meanI 247330, curgop 1887563, curI 260402 - rtmpquic.go:283
2026/03/12 14:37:31.735367 [22;36m INFO[0m UNKEYBEHIND 50,limit:0 - rtmpquic.go:284
2026/03/12 14:37:31.735370 [22;34mDEBUG[0m 50 p frame 22940 - rtmpquic.go:294
2026/03/12 14:37:31.735378 [22;34mDEBUG[0m 
chunk:652 chunk-dur:33ms, timestamp:21700 - rtmpquic.go:220
2026/03/12 14:37:31.767976 [22;34mDEBUG[0m Return monitor from  scheduler : , bw flag : false, limit : 0 - rtmpquic.go:249
2026/03/12 14:37:31.768010 [22;36m INFO[0m IframeComing true, resideSizeInGOP -332544, meanGOP 1.564337e+06, meanI 247330, curgop 1896881, curI 260402 - rtmpquic.go:283
2026/03/12 14:37:31.768014 [22;36m INFO[0m UNKEYBEHIND 51,limit:0 - rtmpquic.go:284
2026/03/12 14:37:31.768018 [22;34mDEBUG[0m 51 p frame 9318 - rtmpquic.go:294
2026/03/12 14:37:31.768154 [22;34mDEBUG[0m 
chunk:653 chunk-dur:33ms, timestamp:21734 - rtmpquic.go:220
2026/03/12 14:37:31.801666 [22;34mDEBUG[0m Return monitor from  scheduler : , bw flag : false, limit : 0 - rtmpquic.go:249
2026/03/12 14:37:31.801690 [22;36m INFO[0m IframeComing true, resideSizeInGOP -341577, meanGOP 1.564337e+06, meanI 247330, curgop 1905914, curI 260402 - rtmpquic.go:283
2026/03/12 14:37:31.801694 [22;36m INFO[0m UNKEYBEHIND 52,limit:0 - rtmpquic.go:284
2026/03/12 14:37:31.801698 [22;34mDEBUG[0m 52 p frame 9033 - rtmpquic.go:294
2026/03/12 14:37:31.801805 [22;34mDEBUG[0m 
chunk:654 chunk-dur:33ms, timestamp:21767 - rtmpquic.go:220
2026/03/12 14:37:31.835469 [22;34mDEBUG[0m Return monitor from  scheduler : , bw flag : false, limit : 0 - rtmpquic.go:249
2026/03/12 14:37:31.835487 [22;36m INFO[0m IframeComing true, resideSizeInGOP -431509, meanGOP 1.564337e+06, meanI 247330, curgop 1995846, curI 260402 - rtmpquic.go:283
2026/03/12 14:37:31.835491 [22;36m INFO[0m UNKEYBEHIND 53,limit:0 - rtmpquic.go:284
2026/03/12 14:37:31.835495 [22;34mDEBUG[0m 53 p frame 89932 - rtmpquic.go:294
2026/03/12 14:37:31.835539 [22;34mDEBUG[0m 
chunk:655 chunk-dur:34ms, timestamp:21800 - rtmpquic.go:220
2026/03/12 14:37:31.867819 [22;34mDEBUG[0m Return monitor from  scheduler : , bw flag : false, limit : 0 - rtmpquic.go:249
2026/03/12 14:37:31.867857 [22;36m INFO[0m IframeComing true, resideSizeInGOP -456886, meanGOP 1.564337e+06, meanI 247330, curgop 2021223, curI 260402 - rtmpquic.go:283
2026/03/12 14:37:31.867864 [22;36m INFO[0m UNKEYBEHIND 54,limit:0 - rtmpquic.go:284
2026/03/12 14:37:31.867961 [22;34mDEBUG[0m 54 p frame 25377 - rtmpquic.go:294
2026/03/12 14:37:31.867981 [22;34mDEBUG[0m 
chunk:656 chunk-dur:32ms, timestamp:21834 - rtmpquic.go:220
2026/03/12 14:37:31.902406 [22;34mDEBUG[0m Return monitor from  scheduler : , bw flag : false, limit : 0 - rtmpquic.go:249
2026/03/12 14:37:31.902430 [22;36m INFO[0m IframeComing true, resideSizeInGOP -468646, meanGOP 1.564337e+06, meanI 247330, curgop 2032983, curI 260402 - rtmpquic.go:283
2026/03/12 14:37:31.902434 [22;36m INFO[0m UNKEYBEHIND 55,limit:0 - rtmpquic.go:284
2026/03/12 14:37:31.902438 [22;34mDEBUG[0m 55 p frame 11760 - rtmpquic.go:294
2026/03/12 14:37:31.902462 [22;34mDEBUG[0m 
chunk:657 chunk-dur:35ms, timestamp:21867 - rtmpquic.go:220
2026/03/12 14:37:31.934944 [22;34mDEBUG[0m Return monitor from  scheduler : , bw flag : false, limit : 0 - rtmpquic.go:249
2026/03/12 14:37:31.934970 [22;36m INFO[0m IframeComing true, resideSizeInGOP -478913, meanGOP 1.564337e+06, meanI 247330, curgop 2043250, curI 260402 - rtmpquic.go:283
2026/03/12 14:37:31.934974 [22;36m INFO[0m UNKEYBEHIND 56,limit:0 - rtmpquic.go:284
2026/03/12 14:37:31.934986 [22;34mDEBUG[0m 56 p frame 10267 - rtmpquic.go:294
2026/03/12 14:37:31.935135 [22;34mDEBUG[0m 
chunk:658 chunk-dur:33ms, timestamp:21900 - rtmpquic.go:220
2026/03/12 14:37:31.967978 [22;34mDEBUG[0m Return monitor from  scheduler : , bw flag : false, limit : 0 - rtmpquic.go:249
2026/03/12 14:37:31.968000 [22;36m INFO[0m IframeComing true, resideSizeInGOP -522586, meanGOP 1.564337e+06, meanI 247330, curgop 2086923, curI 260402 - rtmpquic.go:283
2026/03/12 14:37:31.968005 [22;36m INFO[0m UNKEYBEHIND 57,limit:0 - rtmpquic.go:284
2026/03/12 14:37:31.968008 [22;34mDEBUG[0m 57 p frame 43673 - rtmpquic.go:294
2026/03/12 14:37:31.968038 [22;34mDEBUG[0m 
chunk:659 chunk-dur:33ms, timestamp:21934 - rtmpquic.go:220
2026/03/12 14:37:32.002079 [22;34mDEBUG[0m Return monitor from  scheduler : , bw flag : false, limit : 0 - rtmpquic.go:249
2026/03/12 14:37:32.002119 [22;36m INFO[0m IframeComing true, resideSizeInGOP -538982, meanGOP 1.564337e+06, meanI 247330, curgop 2103319, curI 260402 - rtmpquic.go:283
2026/03/12 14:37:32.002128 [22;36m INFO[0m UNKEYBEHIND 58,limit:0 - rtmpquic.go:284
2026/03/12 14:37:32.002135 [22;34mDEBUG[0m 58 p frame 16396 - rtmpquic.go:294
2026/03/12 14:37:32.002175 [22;34mDEBUG[0m 
chunk:660 chunk-dur:34ms, timestamp:21967 - rtmpquic.go:220
2026/03/12 14:37:32.034758 [22;34mDEBUG[0m Return monitor from  scheduler : , bw flag : false, limit : 0 - rtmpquic.go:249
2026/03/12 14:37:32.034782 [22;36m INFO[0m IframeComing true, resideSizeInGOP -554490, meanGOP 1.564337e+06, meanI 247330, curgop 2118827, curI 260402 - rtmpquic.go:283
2026/03/12 14:37:32.034802 [22;36m INFO[0m UNKEYBEHIND 59,limit:0 - rtmpquic.go:284
2026/03/12 14:37:32.034823 [22;34mDEBUG[0m 59 p frame 15508 - rtmpquic.go:294
2026/03/12 14:37:32.035100 [22;34mDEBUG[0m 
chunk:661 chunk-dur:33ms, timestamp:22000 - rtmpquic.go:220
2026/03/12 14:37:32.067368 [22;34mDEBUG[0m Return monitor from  scheduler : , bw flag : false, limit : 0 - rtmpquic.go:249
key tag 246195
2026/03/12 14:37:32.067410 [22;34mDEBUG[0m 12 I frame 246195 - rtmpquic.go:275
2026/03/12 14:37:32.067655 [22;34mDEBUG[0m 
chunk:662 chunk-dur:32ms, timestamp:22034 - rtmpquic.go:220
2026/03/12 14:37:32.078793 [22;34mDEBUG[0m bitrate:8.343661 Mbps - client_session.go:438
2026/03/12 14:37:32.102123 [22;34mDEBUG[0m Return monitor from  scheduler : , bw flag : false, limit : 0 - rtmpquic.go:249
2026/03/12 14:37:32.102155 [22;36m INFO[0m IframeComing false, resideSizeInGOP 1.30884e+06, meanGOP 1.614745e+06, meanI 248519, curgop 305905, curI 246195 - rtmpquic.go:283
2026/03/12 14:37:32.102160 [22;36m INFO[0m UNKEYBEHIND 1,limit:0 - rtmpquic.go:284
2026/03/12 14:37:32.102164 [22;34mDEBUG[0m 1 p frame 59710 - rtmpquic.go:294
2026/03/12 14:37:32.102216 [22;34mDEBUG[0m 
chunk:663 chunk-dur:35ms, timestamp:22067 - rtmpquic.go:220
2026/03/12 14:37:32.134834 [22;34mDEBUG[0m Return monitor from  scheduler : , bw flag : false, limit : 0 - rtmpquic.go:249
2026/03/12 14:37:32.134853 [22;36m INFO[0m IframeComing false, resideSizeInGOP 1.288629e+06, meanGOP 1.614745e+06, meanI 248519, curgop 326116, curI 246195 - rtmpquic.go:283
2026/03/12 14:37:32.134857 [22;36m INFO[0m UNKEYBEHIND 2,limit:0 - rtmpquic.go:284
2026/03/12 14:37:32.134861 [22;34mDEBUG[0m 2 p frame 20211 - rtmpquic.go:294
2026/03/12 14:37:32.134931 [22;34mDEBUG[0m 
chunk:664 chunk-dur:32ms, timestamp:22100 - rtmpquic.go:220
2026/03/12 14:37:32.169777 [22;34mDEBUG[0m Return monitor from  scheduler : , bw flag : false, limit : 0 - rtmpquic.go:249
2026/03/12 14:37:32.169811 [22;36m INFO[0m IframeComing false, resideSizeInGOP 1.280793e+06, meanGOP 1.614745e+06, meanI 248519, curgop 333952, curI 246195 - rtmpquic.go:283
2026/03/12 14:37:32.169815 [22;36m INFO[0m UNKEYBEHIND 3,limit:0 - rtmpquic.go:284
2026/03/12 14:37:32.169818 [22;34mDEBUG[0m 3 p frame 7836 - rtmpquic.go:294
2026/03/12 14:37:32.169837 [22;34mDEBUG[0m 
chunk:665 chunk-dur:35ms, timestamp:22134 - rtmpquic.go:220
2026/03/12 14:37:32.203530 [22;34mDEBUG[0m Return monitor from  scheduler : , bw flag : false, limit : 0 - rtmpquic.go:249
2026/03/12 14:37:32.203552 [22;36m INFO[0m IframeComing false, resideSizeInGOP 1.269118e+06, meanGOP 1.614745e+06, meanI 248519, curgop 345627, curI 246195 - rtmpquic.go:283
2026/03/12 14:37:32.203556 [22;36m INFO[0m UNKEYBEHIND 4,limit:0 - rtmpquic.go:284
2026/03/12 14:37:32.203559 [22;34mDEBUG[0m 4 p frame 11675 - rtmpquic.go:294
2026/03/12 14:37:32.203643 [22;34mDEBUG[0m 
chunk:666 chunk-dur:34ms, timestamp:22167 - rtmpquic.go:220
2026/03/12 14:37:32.235317 [22;34mDEBUG[0m Return monitor from  scheduler : , bw flag : false, limit : 0 - rtmpquic.go:249
2026/03/12 14:37:32.235371 [22;36m INFO[0m IframeComing false, resideSizeInGOP 1.203871e+06, meanGOP 1.614745e+06, meanI 248519, curgop 410874, curI 246195 - rtmpquic.go:283
2026/03/12 14:37:32.235375 [22;36m INFO[0m UNKEYBEHIND 5,limit:0 - rtmpquic.go:284
2026/03/12 14:37:32.235379 [22;34mDEBUG[0m 5 p frame 65247 - rtmpquic.go:294
2026/03/12 14:37:32.235516 [22;34mDEBUG[0m 
chunk:667 chunk-dur:32ms, timestamp:22200 - rtmpquic.go:220
2026/03/12 14:37:32.268092 [22;34mDEBUG[0m Return monitor from  scheduler : , bw flag : false, limit : 0 - rtmpquic.go:249
2026/03/12 14:37:32.268117 [22;36m INFO[0m IframeComing false, resideSizeInGOP 1.182151e+06, meanGOP 1.614745e+06, meanI 248519, curgop 432594, curI 246195 - rtmpquic.go:283
2026/03/12 14:37:32.268122 [22;36m INFO[0m UNKEYBEHIND 6,limit:0 - rtmpquic.go:284
2026/03/12 14:37:32.268125 [22;34mDEBUG[0m 6 p frame 21720 - rtmpquic.go:294
2026/03/12 14:37:32.268150 [22;34mDEBUG[0m 
chunk:668 chunk-dur:33ms, timestamp:22234 - rtmpquic.go:220
2026/03/12 14:37:32.302127 [22;34mDEBUG[0m Return monitor from  scheduler : , bw flag : false, limit : 0 - rtmpquic.go:249
2026/03/12 14:37:32.302149 [22;36m INFO[0m IframeComing false, resideSizeInGOP 1.172953e+06, meanGOP 1.614745e+06, meanI 248519, curgop 441792, curI 246195 - rtmpquic.go:283
2026/03/12 14:37:32.302153 [22;36m INFO[0m UNKEYBEHIND 7,limit:0 - rtmpquic.go:284
2026/03/12 14:37:32.302157 [22;34mDEBUG[0m 7 p frame 9198 - rtmpquic.go:294
2026/03/12 14:37:32.302178 [22;34mDEBUG[0m 
chunk:669 chunk-dur:34ms, timestamp:22267 - rtmpquic.go:220
2026/03/12 14:37:32.335124 [22;34mDEBUG[0m Return monitor from  scheduler : , bw flag : false, limit : 0 - rtmpquic.go:249
2026/03/12 14:37:32.335144 [22;36m INFO[0m IframeComing false, resideSizeInGOP 1.163938e+06, meanGOP 1.614745e+06, meanI 248519, curgop 450807, curI 246195 - rtmpquic.go:283
2026/03/12 14:37:32.335147 [22;36m INFO[0m UNKEYBEHIND 8,limit:0 - rtmpquic.go:284
2026/03/12 14:37:32.335151 [22;34mDEBUG[0m 8 p frame 9015 - rtmpquic.go:294
2026/03/12 14:37:32.335245 [22;34mDEBUG[0m 
chunk:670 chunk-dur:33ms, timestamp:22300 - rtmpquic.go:220
2026/03/12 14:37:32.367461 [22;34mDEBUG[0m Return monitor from  scheduler : , bw flag : false, limit : 0 - rtmpquic.go:249
2026/03/12 14:37:32.367505 [22;36m INFO[0m IframeComing false, resideSizeInGOP 1.083564e+06, meanGOP 1.614745e+06, meanI 248519, curgop 531181, curI 246195 - rtmpquic.go:283
2026/03/12 14:37:32.367521 [22;36m INFO[0m UNKEYBEHIND 9,limit:0 - rtmpquic.go:284
2026/03/12 14:37:32.367525 [22;34mDEBUG[0m 9 p frame 80374 - rtmpquic.go:294
2026/03/12 14:37:32.367567 [22;34mDEBUG[0m 
chunk:671 chunk-dur:32ms, timestamp:22334 - rtmpquic.go:220
2026/03/12 14:37:32.402325 [22;34mDEBUG[0m Return monitor from  scheduler : , bw flag : false, limit : 0 - rtmpquic.go:249
2026/03/12 14:37:32.402345 [22;36m INFO[0m IframeComing false, resideSizeInGOP 1.057389e+06, meanGOP 1.614745e+06, meanI 248519, curgop 557356, curI 246195 - rtmpquic.go:283
2026/03/12 14:37:32.402349 [22;36m INFO[0m UNKEYBEHIND 10,limit:0 - rtmpquic.go:284
2026/03/12 14:37:32.402353 [22;34mDEBUG[0m 10 p frame 26175 - rtmpquic.go:294
2026/03/12 14:37:32.402396 [22;34mDEBUG[0m 
chunk:672 chunk-dur:35ms, timestamp:22367 - rtmpquic.go:220
2026/03/12 14:37:32.435407 [22;34mDEBUG[0m Return monitor from  scheduler : , bw flag : false, limit : 0 - rtmpquic.go:249
2026/03/12 14:37:32.435423 [22;36m INFO[0m IframeComing false, resideSizeInGOP 1.046692e+06, meanGOP 1.614745e+06, meanI 248519, curgop 568053, curI 246195 - rtmpquic.go:283
2026/03/12 14:37:32.435427 [22;36m INFO[0m UNKEYBEHIND 11,limit:0 - rtmpquic.go:284
2026/03/12 14:37:32.435431 [22;34mDEBUG[0m 11 p frame 10697 - rtmpquic.go:294
2026/03/12 14:37:32.435470 [22;34mDEBUG[0m 
chunk:673 chunk-dur:33ms, timestamp:22400 - rtmpquic.go:220
2026/03/12 14:37:32.467703 [22;34mDEBUG[0m Return monitor from  scheduler : , bw flag : false, limit : 0 - rtmpquic.go:249
2026/03/12 14:37:32.467725 [22;36m INFO[0m IframeComing false, resideSizeInGOP 1.03596e+06, meanGOP 1.614745e+06, meanI 248519, curgop 578785, curI 246195 - rtmpquic.go:283
2026/03/12 14:37:32.467729 [22;36m INFO[0m UNKEYBEHIND 12,limit:0 - rtmpquic.go:284
2026/03/12 14:37:32.467732 [22;34mDEBUG[0m 12 p frame 10732 - rtmpquic.go:294
2026/03/12 14:37:32.467826 [22;34mDEBUG[0m 
chunk:674 chunk-dur:32ms, timestamp:22434 - rtmpquic.go:220
2026/03/12 14:37:32.502386 [22;34mDEBUG[0m Return monitor from  scheduler : , bw flag : false, limit : 0 - rtmpquic.go:249
2026/03/12 14:37:32.502408 [22;36m INFO[0m IframeComing false, resideSizeInGOP 939391, meanGOP 1.614745e+06, meanI 248519, curgop 675354, curI 246195 - rtmpquic.go:283
2026/03/12 14:37:32.502412 [22;36m INFO[0m UNKEYBEHIND 13,limit:0 - rtmpquic.go:284
2026/03/12 14:37:32.502416 [22;34mDEBUG[0m 13 p frame 96569 - rtmpquic.go:294
2026/03/12 14:37:32.502469 [22;34mDEBUG[0m 
chunk:675 chunk-dur:35ms, timestamp:22467 - rtmpquic.go:220
2026/03/12 14:37:32.535534 [22;34mDEBUG[0m Return monitor from  scheduler : , bw flag : false, limit : 0 - rtmpquic.go:249
2026/03/12 14:37:32.535556 [22;36m INFO[0m IframeComing false, resideSizeInGOP 910559, meanGOP 1.614745e+06, meanI 248519, curgop 704186, curI 246195 - rtmpquic.go:283
2026/03/12 14:37:32.535560 [22;36m INFO[0m UNKEYBEHIND 14,limit:0 - rtmpquic.go:284
2026/03/12 14:37:32.535564 [22;34mDEBUG[0m 14 p frame 28832 - rtmpquic.go:294
2026/03/12 14:37:32.535594 [22;34mDEBUG[0m 
chunk:676 chunk-dur:33ms, timestamp:22500 - rtmpquic.go:220
2026/03/12 14:37:32.568061 [22;34mDEBUG[0m Return monitor from  scheduler : , bw flag : false, limit : 0 - rtmpquic.go:249
2026/03/12 14:37:32.568087 [22;36m INFO[0m IframeComing false, resideSizeInGOP 899262, meanGOP 1.614745e+06, meanI 248519, curgop 715483, curI 246195 - rtmpquic.go:283
2026/03/12 14:37:32.568091 [22;36m INFO[0m UNKEYBEHIND 15,limit:0 - rtmpquic.go:284
2026/03/12 14:37:32.568095 [22;34mDEBUG[0m 15 p frame 11297 - rtmpquic.go:294
2026/03/12 14:37:32.568108 [22;34mDEBUG[0m 
chunk:677 chunk-dur:33ms, timestamp:22534 - rtmpquic.go:220
2026/03/12 14:37:32.601823 [22;34mDEBUG[0m Return monitor from  scheduler : , bw flag : false, limit : 0 - rtmpquic.go:249
2026/03/12 14:37:32.601845 [22;36m INFO[0m IframeComing false, resideSizeInGOP 888320, meanGOP 1.614745e+06, meanI 248519, curgop 726425, curI 246195 - rtmpquic.go:283
2026/03/12 14:37:32.601849 [22;36m INFO[0m UNKEYBEHIND 16,limit:0 - rtmpquic.go:284
2026/03/12 14:37:32.601852 [22;34mDEBUG[0m 16 p frame 10942 - rtmpquic.go:294
2026/03/12 14:37:32.601973 [22;34mDEBUG[0m 
chunk:678 chunk-dur:33ms, timestamp:22567 - rtmpquic.go:220
2026/03/12 14:37:32.635283 [22;34mDEBUG[0m Return monitor from  scheduler : , bw flag : false, limit : 0 - rtmpquic.go:249
2026/03/12 14:37:32.635306 [22;36m INFO[0m IframeComing false, resideSizeInGOP 804813, meanGOP 1.614745e+06, meanI 248519, curgop 809932, curI 246195 - rtmpquic.go:283
2026/03/12 14:37:32.635311 [22;36m INFO[0m UNKEYBEHIND 17,limit:0 - rtmpquic.go:284
2026/03/12 14:37:32.635314 [22;34mDEBUG[0m 17 p frame 83507 - rtmpquic.go:294
2026/03/12 14:37:32.635360 [22;34mDEBUG[0m 
chunk:679 chunk-dur:34ms, timestamp:22600 - rtmpquic.go:220
2026/03/12 14:37:32.668077 [22;34mDEBUG[0m Return monitor from  scheduler : , bw flag : false, limit : 0 - rtmpquic.go:249
2026/03/12 14:37:32.668102 [22;36m INFO[0m IframeComing false, resideSizeInGOP 773667, meanGOP 1.614745e+06, meanI 248519, curgop 841078, curI 246195 - rtmpquic.go:283
2026/03/12 14:37:32.668116 [22;36m INFO[0m UNKEYBEHIND 18,limit:0 - rtmpquic.go:284
2026/03/12 14:37:32.668119 [22;34mDEBUG[0m 18 p frame 31146 - rtmpquic.go:294
2026/03/12 14:37:32.668139 [22;34mDEBUG[0m 
chunk:680 chunk-dur:33ms, timestamp:22634 - rtmpquic.go:220
2026/03/12 14:37:32.701829 [22;34mDEBUG[0m Return monitor from  scheduler : , bw flag : false, limit : 0 - rtmpquic.go:249
2026/03/12 14:37:32.701849 [22;36m INFO[0m IframeComing false, resideSizeInGOP 762182, meanGOP 1.614745e+06, meanI 248519, curgop 852563, curI 246195 - rtmpquic.go:283
2026/03/12 14:37:32.701853 [22;36m INFO[0m UNKEYBEHIND 19,limit:0 - rtmpquic.go:284
2026/03/12 14:37:32.701857 [22;34mDEBUG[0m 19 p frame 11485 - rtmpquic.go:294
2026/03/12 14:37:32.701964 [22;34mDEBUG[0m 
chunk:681 chunk-dur:33ms, timestamp:22667 - rtmpquic.go:220
2026/03/12 14:37:32.735287 [22;34mDEBUG[0m Return monitor from  scheduler : , bw flag : false, limit : 0 - rtmpquic.go:249
2026/03/12 14:37:32.735306 [22;36m INFO[0m IframeComing false, resideSizeInGOP 750955, meanGOP 1.614745e+06, meanI 248519, curgop 863790, curI 246195 - rtmpquic.go:283
2026/03/12 14:37:32.735309 [22;36m INFO[0m UNKEYBEHIND 20,limit:0 - rtmpquic.go:284
2026/03/12 14:37:32.735313 [22;34mDEBUG[0m 20 p frame 11227 - rtmpquic.go:294
2026/03/12 14:37:32.735384 [22;34mDEBUG[0m 
chunk:682 chunk-dur:34ms, timestamp:22700 - rtmpquic.go:220
2026/03/12 14:37:32.768163 [22;34mDEBUG[0m Return monitor from  scheduler : , bw flag : false, limit : 0 - rtmpquic.go:249
2026/03/12 14:37:32.768179 [22;36m INFO[0m IframeComing false, resideSizeInGOP 661974, meanGOP 1.614745e+06, meanI 248519, curgop 952771, curI 246195 - rtmpquic.go:283
2026/03/12 14:37:32.768183 [22;36m INFO[0m UNKEYBEHIND 21,limit:0 - rtmpquic.go:284
2026/03/12 14:37:32.768186 [22;34mDEBUG[0m 21 p frame 88981 - rtmpquic.go:294
2026/03/12 14:37:32.768237 [22;34mDEBUG[0m 
chunk:683 chunk-dur:33ms, timestamp:22734 - rtmpquic.go:220
2026/03/12 14:37:32.802324 [22;34mDEBUG[0m Return monitor from  scheduler : , bw flag : false, limit : 0 - rtmpquic.go:249
2026/03/12 14:37:32.802345 [22;36m INFO[0m IframeComing false, resideSizeInGOP 632656, meanGOP 1.614745e+06, meanI 248519, curgop 982089, curI 246195 - rtmpquic.go:283
2026/03/12 14:37:32.802349 [22;36m INFO[0m UNKEYBEHIND 22,limit:0 - rtmpquic.go:284
2026/03/12 14:37:32.802353 [22;34mDEBUG[0m 22 p frame 29318 - rtmpquic.go:294
2026/03/12 14:37:32.802387 [22;34mDEBUG[0m 
chunk:684 chunk-dur:34ms, timestamp:22767 - rtmpquic.go:220
2026/03/12 14:37:32.835461 [22;34mDEBUG[0m Return monitor from  scheduler : , bw flag : false, limit : 0 - rtmpquic.go:249
2026/03/12 14:37:32.835486 [22;36m INFO[0m IframeComing false, resideSizeInGOP 621244, meanGOP 1.614745e+06, meanI 248519, curgop 993501, curI 246195 - rtmpquic.go:283
2026/03/12 14:37:32.835490 [22;36m INFO[0m UNKEYBEHIND 23,limit:0 - rtmpquic.go:284
2026/03/12 14:37:32.835494 [22;34mDEBUG[0m 23 p frame 11412 - rtmpquic.go:294
2026/03/12 14:37:32.835535 [22;34mDEBUG[0m 
chunk:685 chunk-dur:33ms, timestamp:22800 - rtmpquic.go:220
2026/03/12 14:37:32.868675 [22;34mDEBUG[0m Return monitor from  scheduler : , bw flag : false, limit : 0 - rtmpquic.go:249
2026/03/12 14:37:32.868696 [22;36m INFO[0m IframeComing false, resideSizeInGOP 609837, meanGOP 1.614745e+06, meanI 248519, curgop 1004908, curI 246195 - rtmpquic.go:283
2026/03/12 14:37:32.868700 [22;36m INFO[0m UNKEYBEHIND 24,limit:0 - rtmpquic.go:284
2026/03/12 14:37:32.868703 [22;34mDEBUG[0m 24 p frame 11407 - rtmpquic.go:294
2026/03/12 14:37:32.868781 [22;34mDEBUG[0m 
chunk:686 chunk-dur:33ms, timestamp:22834 - rtmpquic.go:220
2026/03/12 14:37:32.902898 [22;34mDEBUG[0m Return monitor from  scheduler : , bw flag : false, limit : 0 - rtmpquic.go:249
2026/03/12 14:37:32.902913 [22;36m INFO[0m IframeComing false, resideSizeInGOP 525063, meanGOP 1.614745e+06, meanI 248519, curgop 1089682, curI 246195 - rtmpquic.go:283
2026/03/12 14:37:32.902927 [22;36m INFO[0m UNKEYBEHIND 25,limit:0 - rtmpquic.go:284
2026/03/12 14:37:32.902931 [22;34mDEBUG[0m 25 p frame 84774 - rtmpquic.go:294
2026/03/12 14:37:32.902972 [22;34mDEBUG[0m 
chunk:687 chunk-dur:34ms, timestamp:22867 - rtmpquic.go:220
2026/03/12 14:37:32.935306 [22;34mDEBUG[0m Return monitor from  scheduler : , bw flag : false, limit : 0 - rtmpquic.go:249
2026/03/12 14:37:32.935340 [22;36m INFO[0m IframeComing false, resideSizeInGOP 497107, meanGOP 1.614745e+06, meanI 248519, curgop 1117638, curI 246195 - rtmpquic.go:283
2026/03/12 14:37:32.935347 [22;36m INFO[0m UNKEYBEHIND 26,limit:0 - rtmpquic.go:284
2026/03/12 14:37:32.935352 [22;34mDEBUG[0m 26 p frame 27956 - rtmpquic.go:294
2026/03/12 14:37:32.935385 [22;34mDEBUG[0m 
chunk:688 chunk-dur:33ms, timestamp:22900 - rtmpquic.go:220
2026/03/12 14:37:32.967642 [22;34mDEBUG[0m Return monitor from  scheduler : , bw flag : false, limit : 0 - rtmpquic.go:249
2026/03/12 14:37:32.967657 [22;36m INFO[0m IframeComing false, resideSizeInGOP 487006, meanGOP 1.614745e+06, meanI 248519, curgop 1127739, curI 246195 - rtmpquic.go:283
2026/03/12 14:37:32.967661 [22;36m INFO[0m UNKEYBEHIND 27,limit:0 - rtmpquic.go:284
2026/03/12 14:37:32.967665 [22;34mDEBUG[0m 27 p frame 10101 - rtmpquic.go:294
2026/03/12 14:37:32.967679 [22;34mDEBUG[0m 
chunk:689 chunk-dur:32ms, timestamp:22934 - rtmpquic.go:220
2026/03/12 14:37:33.002619 [22;34mDEBUG[0m Return monitor from  scheduler : , bw flag : false, limit : 0 - rtmpquic.go:249
2026/03/12 14:37:33.002640 [22;36m INFO[0m IframeComing false, resideSizeInGOP 477231, meanGOP 1.614745e+06, meanI 248519, curgop 1137514, curI 246195 - rtmpquic.go:283
2026/03/12 14:37:33.002645 [22;36m INFO[0m UNKEYBEHIND 28,limit:0 - rtmpquic.go:284
2026/03/12 14:37:33.002648 [22;34mDEBUG[0m 28 p frame 9775 - rtmpquic.go:294
2026/03/12 14:37:33.002793 [22;34mDEBUG[0m 
chunk:690 chunk-dur:35ms, timestamp:22967 - rtmpquic.go:220
2026/03/12 14:37:33.035736 [22;34mDEBUG[0m Return monitor from  scheduler : , bw flag : false, limit : 0 - rtmpquic.go:249
2026/03/12 14:37:33.035759 [22;36m INFO[0m IframeComing false, resideSizeInGOP 404554, meanGOP 1.614745e+06, meanI 248519, curgop 1210191, curI 246195 - rtmpquic.go:283
2026/03/12 14:37:33.035763 [22;36m INFO[0m UNKEYBEHIND 29,limit:0 - rtmpquic.go:284
2026/03/12 14:37:33.035766 [22;34mDEBUG[0m 29 p frame 72677 - rtmpquic.go:294
2026/03/12 14:37:33.035802 [22;34mDEBUG[0m 
chunk:691 chunk-dur:33ms, timestamp:23000 - rtmpquic.go:220
2026/03/12 14:37:33.069038 [22;34mDEBUG[0m Return monitor from  scheduler : , bw flag : false, limit : 0 - rtmpquic.go:249
2026/03/12 14:37:33.069060 [22;36m INFO[0m IframeComing false, resideSizeInGOP 377712, meanGOP 1.614745e+06, meanI 248519, curgop 1237033, curI 246195 - rtmpquic.go:283
2026/03/12 14:37:33.069065 [22;36m INFO[0m UNKEYBEHIND 30,limit:0 - rtmpquic.go:284
2026/03/12 14:37:33.069069 [22;34mDEBUG[0m 30 p frame 26842 - rtmpquic.go:294
2026/03/12 14:37:33.069097 [22;34mDEBUG[0m 
chunk:692 chunk-dur:34ms, timestamp:23034 - rtmpquic.go:220
2026/03/12 14:37:33.079850 [22;34mDEBUG[0m bitrate:7.551532 Mbps - client_session.go:438
2026/03/12 14:37:33.101972 [22;34mDEBUG[0m Return monitor from  scheduler : , bw flag : false, limit : 0 - rtmpquic.go:249
2026/03/12 14:37:33.101993 [22;36m INFO[0m IframeComing false, resideSizeInGOP 367678, meanGOP 1.614745e+06, meanI 248519, curgop 1247067, curI 246195 - rtmpquic.go:283
2026/03/12 14:37:33.101997 [22;36m INFO[0m UNKEYBEHIND 31,limit:0 - rtmpquic.go:284
2026/03/12 14:37:33.102000 [22;34mDEBUG[0m 31 p frame 10034 - rtmpquic.go:294
2026/03/12 14:37:33.102021 [22;34mDEBUG[0m 
chunk:693 chunk-dur:33ms, timestamp:23067 - rtmpquic.go:220
2026/03/12 14:37:33.134642 [22;34mDEBUG[0m Return monitor from  scheduler : , bw flag : false, limit : 0 - rtmpquic.go:249
2026/03/12 14:37:33.134669 [22;36m INFO[0m IframeComing false, resideSizeInGOP 356462, meanGOP 1.614745e+06, meanI 248519, curgop 1258283, curI 246195 - rtmpquic.go:283
2026/03/12 14:37:33.134673 [22;36m INFO[0m UNKEYBEHIND 32,limit:0 - rtmpquic.go:284
2026/03/12 14:37:33.134677 [22;34mDEBUG[0m 32 p frame 11216 - rtmpquic.go:294
2026/03/12 14:37:33.134865 [22;34mDEBUG[0m 
chunk:694 chunk-dur:32ms, timestamp:23100 - rtmpquic.go:220
2026/03/12 14:37:33.168702 [22;34mDEBUG[0m Return monitor from  scheduler : , bw flag : false, limit : 0 - rtmpquic.go:249
2026/03/12 14:37:33.168747 [22;36m INFO[0m IframeComing false, resideSizeInGOP 276849, meanGOP 1.614745e+06, meanI 248519, curgop 1337896, curI 246195 - rtmpquic.go:283
2026/03/12 14:37:33.168780 [22;36m INFO[0m UNKEYBEHIND 33,limit:0 - rtmpquic.go:284
2026/03/12 14:37:33.168785 [22;34mDEBUG[0m 33 p frame 79613 - rtmpquic.go:294
2026/03/12 14:37:33.168822 [22;34mDEBUG[0m 
chunk:695 chunk-dur:34ms, timestamp:23134 - rtmpquic.go:220
2026/03/12 14:37:33.203039 [22;34mDEBUG[0m Return monitor from  scheduler : , bw flag : false, limit : 0 - rtmpquic.go:249
2026/03/12 14:37:33.203057 [22;36m INFO[0m IframeComing false, resideSizeInGOP 247847, meanGOP 1.614745e+06, meanI 248519, curgop 1366898, curI 246195 - rtmpquic.go:283
2026/03/12 14:37:33.203062 [22;36m INFO[0m UNKEYBEHIND 34,limit:0 - rtmpquic.go:284
2026/03/12 14:37:33.203065 [22;34mDEBUG[0m 34 p frame 29002 - rtmpquic.go:294
2026/03/12 14:37:33.203096 [22;34mDEBUG[0m 
chunk:696 chunk-dur:35ms, timestamp:23167 - rtmpquic.go:220
2026/03/12 14:37:33.234784 [22;34mDEBUG[0m Return monitor from  scheduler : , bw flag : false, limit : 0 - rtmpquic.go:249
2026/03/12 14:37:33.234804 [22;36m INFO[0m IframeComing false, resideSizeInGOP 234869, meanGOP 1.614745e+06, meanI 248519, curgop 1379876, curI 246195 - rtmpquic.go:283
2026/03/12 14:37:33.234808 [22;36m INFO[0m UNKEYBEHIND 35,limit:0 - rtmpquic.go:284
2026/03/12 14:37:33.234812 [22;34mDEBUG[0m 35 p frame 12978 - rtmpquic.go:294
2026/03/12 14:37:33.234840 [22;34mDEBUG[0m 
chunk:697 chunk-dur:31ms, timestamp:23200 - rtmpquic.go:220
2026/03/12 14:37:33.268783 [22;34mDEBUG[0m Return monitor from  scheduler : , bw flag : false, limit : 0 - rtmpquic.go:249
2026/03/12 14:37:33.268827 [22;36m INFO[0m IframeComing false, resideSizeInGOP 223932, meanGOP 1.614745e+06, meanI 248519, curgop 1390813, curI 246195 - rtmpquic.go:283
2026/03/12 14:37:33.268831 [22;36m INFO[0m UNKEYBEHIND 36,limit:0 - rtmpquic.go:284
2026/03/12 14:37:33.268835 [22;34mDEBUG[0m 36 p frame 10937 - rtmpquic.go:294
2026/03/12 14:37:33.269011 [22;34mDEBUG[0m 
chunk:698 chunk-dur:35ms, timestamp:23234 - rtmpquic.go:220
2026/03/12 14:37:33.302258 [22;34mDEBUG[0m Return monitor from  scheduler : , bw flag : false, limit : 0 - rtmpquic.go:249
2026/03/12 14:37:33.302278 [22;36m INFO[0m IframeComing false, resideSizeInGOP 140174, meanGOP 1.614745e+06, meanI 248519, curgop 1474571, curI 246195 - rtmpquic.go:283
2026/03/12 14:37:33.302282 [22;36m INFO[0m UNKEYBEHIND 37,limit:0 - rtmpquic.go:284
2026/03/12 14:37:33.302285 [22;34mDEBUG[0m 37 p frame 83758 - rtmpquic.go:294
2026/03/12 14:37:33.302330 [22;34mDEBUG[0m 
chunk:699 chunk-dur:33ms, timestamp:23267 - rtmpquic.go:220
2026/03/12 14:37:33.334639 [22;34mDEBUG[0m Return monitor from  scheduler : , bw flag : false, limit : 0 - rtmpquic.go:249
2026/03/12 14:37:33.334659 [22;36m INFO[0m IframeComing false, resideSizeInGOP 114063, meanGOP 1.614745e+06, meanI 248519, curgop 1500682, curI 246195 - rtmpquic.go:283
2026/03/12 14:37:33.334664 [22;36m INFO[0m UNKEYBEHIND 38,limit:0 - rtmpquic.go:284
2026/03/12 14:37:33.334668 [22;34mDEBUG[0m 38 p frame 26111 - rtmpquic.go:294
2026/03/12 14:37:33.334699 [22;34mDEBUG[0m 
chunk:700 chunk-dur:32ms, timestamp:23300 - rtmpquic.go:220
2026/03/12 14:37:33.368161 [22;34mDEBUG[0m Return monitor from  scheduler : , bw flag : false, limit : 0 - rtmpquic.go:249
2026/03/12 14:37:33.368190 [22;36m INFO[0m IframeComing false, resideSizeInGOP 100580, meanGOP 1.614745e+06, meanI 248519, curgop 1514165, curI 246195 - rtmpquic.go:283
2026/03/12 14:37:33.368194 [22;36m INFO[0m UNKEYBEHIND 39,limit:0 - rtmpquic.go:284
2026/03/12 14:37:33.368203 [22;34mDEBUG[0m 39 p frame 13483 - rtmpquic.go:294
2026/03/12 14:37:33.368240 [22;34mDEBUG[0m 
chunk:701 chunk-dur:34ms, timestamp:23334 - rtmpquic.go:220
2026/03/12 14:37:33.402276 [22;34mDEBUG[0m Return monitor from  scheduler : , bw flag : false, limit : 0 - rtmpquic.go:249
2026/03/12 14:37:33.402293 [22;36m INFO[0m IframeComing false, resideSizeInGOP 79619, meanGOP 1.614745e+06, meanI 248519, curgop 1535126, curI 246195 - rtmpquic.go:283
2026/03/12 14:37:33.402297 [22;36m INFO[0m UNKEYBEHIND 40,limit:0 - rtmpquic.go:284
2026/03/12 14:37:33.402300 [22;34mDEBUG[0m 40 p frame 20961 - rtmpquic.go:294
2026/03/12 14:37:33.402400 [22;34mDEBUG[0m 
chunk:702 chunk-dur:34ms, timestamp:23367 - rtmpquic.go:220
2026/03/12 14:37:33.434934 [22;34mDEBUG[0m Return monitor from  scheduler : , bw flag : false, limit : 0 - rtmpquic.go:249
2026/03/12 14:37:33.434957 [22;36m INFO[0m IframeComing true, resideSizeInGOP -28159, meanGOP 1.614745e+06, meanI 248519, curgop 1642904, curI 246195 - rtmpquic.go:283
2026/03/12 14:37:33.434962 [22;36m INFO[0m UNKEYBEHIND 41,limit:0 - rtmpquic.go:284
2026/03/12 14:37:33.434971 [22;34mDEBUG[0m 41 p frame 107778 - rtmpquic.go:294
2026/03/12 14:37:33.435009 [22;34mDEBUG[0m 
chunk:703 chunk-dur:33ms, timestamp:23400 - rtmpquic.go:220
2026/03/12 14:37:33.467768 [22;34mDEBUG[0m Return monitor from  scheduler : , bw flag : false, limit : 0 - rtmpquic.go:249
2026/03/12 14:37:33.467785 [22;36m INFO[0m IframeComing true, resideSizeInGOP -61970, meanGOP 1.614745e+06, meanI 248519, curgop 1676715, curI 246195 - rtmpquic.go:283
2026/03/12 14:37:33.467789 [22;36m INFO[0m UNKEYBEHIND 42,limit:0 - rtmpquic.go:284
2026/03/12 14:37:33.467792 [22;34mDEBUG[0m 42 p frame 33811 - rtmpquic.go:294
2026/03/12 14:37:33.467830 [22;34mDEBUG[0m 
chunk:704 chunk-dur:32ms, timestamp:23434 - rtmpquic.go:220
2026/03/12 14:37:33.502729 [22;34mDEBUG[0m Return monitor from  scheduler : , bw flag : false, limit : 0 - rtmpquic.go:249
2026/03/12 14:37:33.502771 [22;36m INFO[0m IframeComing true, resideSizeInGOP -78777, meanGOP 1.614745e+06, meanI 248519, curgop 1693522, curI 246195 - rtmpquic.go:283
2026/03/12 14:37:33.502777 [22;36m INFO[0m UNKEYBEHIND 43,limit:0 - rtmpquic.go:284
2026/03/12 14:37:33.502780 [22;34mDEBUG[0m 43 p frame 16807 - rtmpquic.go:294
2026/03/12 14:37:33.502795 [22;34mDEBUG[0m 
chunk:705 chunk-dur:35ms, timestamp:23467 - rtmpquic.go:220
2026/03/12 14:37:33.534979 [22;34mDEBUG[0m Return monitor from  scheduler : , bw flag : false, limit : 0 - rtmpquic.go:249
2026/03/12 14:37:33.534995 [22;36m INFO[0m IframeComing true, resideSizeInGOP -89895, meanGOP 1.614745e+06, meanI 248519, curgop 1704640, curI 246195 - rtmpquic.go:283
2026/03/12 14:37:33.534999 [22;36m INFO[0m UNKEYBEHIND 44,limit:0 - rtmpquic.go:284
2026/03/12 14:37:33.535003 [22;34mDEBUG[0m 44 p frame 11118 - rtmpquic.go:294
2026/03/12 14:37:33.535105 [22;34mDEBUG[0m 
chunk:706 chunk-dur:33ms, timestamp:23500 - rtmpquic.go:220
2026/03/12 14:37:33.567482 [22;34mDEBUG[0m Return monitor from  scheduler : , bw flag : false, limit : 0 - rtmpquic.go:249
2026/03/12 14:37:33.567507 [22;36m INFO[0m IframeComing true, resideSizeInGOP -168591, meanGOP 1.614745e+06, meanI 248519, curgop 1783336, curI 246195 - rtmpquic.go:283
2026/03/12 14:37:33.567512 [22;36m INFO[0m UNKEYBEHIND 45,limit:0 - rtmpquic.go:284
2026/03/12 14:37:33.567516 [22;34mDEBUG[0m 45 p frame 78696 - rtmpquic.go:294
2026/03/12 14:37:33.567555 [22;34mDEBUG[0m 
chunk:707 chunk-dur:32ms, timestamp:23534 - rtmpquic.go:220
2026/03/12 14:37:33.601674 [22;34mDEBUG[0m Return monitor from  scheduler : , bw flag : false, limit : 0 - rtmpquic.go:249
2026/03/12 14:37:33.601699 [22;36m INFO[0m IframeComing true, resideSizeInGOP -193488, meanGOP 1.614745e+06, meanI 248519, curgop 1808233, curI 246195 - rtmpquic.go:283
2026/03/12 14:37:33.601703 [22;36m INFO[0m UNKEYBEHIND 46,limit:0 - rtmpquic.go:284
2026/03/12 14:37:33.601707 [22;34mDEBUG[0m 46 p frame 24897 - rtmpquic.go:294
2026/03/12 14:37:33.601730 [22;34mDEBUG[0m 
chunk:708 chunk-dur:34ms, timestamp:23567 - rtmpquic.go:220
2026/03/12 14:37:33.635634 [22;34mDEBUG[0m Return monitor from  scheduler : , bw flag : false, limit : 0 - rtmpquic.go:249
2026/03/12 14:37:33.635656 [22;36m INFO[0m IframeComing true, resideSizeInGOP -203100, meanGOP 1.614745e+06, meanI 248519, curgop 1817845, curI 246195 - rtmpquic.go:283
2026/03/12 14:37:33.635661 [22;36m INFO[0m UNKEYBEHIND 47,limit:0 - rtmpquic.go:284
2026/03/12 14:37:33.635664 [22;34mDEBUG[0m 47 p frame 9612 - rtmpquic.go:294
2026/03/12 14:37:33.635689 [22;34mDEBUG[0m 
chunk:709 chunk-dur:34ms, timestamp:23600 - rtmpquic.go:220
2026/03/12 14:37:33.668326 [22;34mDEBUG[0m Return monitor from  scheduler : , bw flag : false, limit : 0 - rtmpquic.go:249
2026/03/12 14:37:33.668346 [22;36m INFO[0m IframeComing true, resideSizeInGOP -213509, meanGOP 1.614745e+06, meanI 248519, curgop 1828254, curI 246195 - rtmpquic.go:283
2026/03/12 14:37:33.668351 [22;36m INFO[0m UNKEYBEHIND 48,limit:0 - rtmpquic.go:284
2026/03/12 14:37:33.668354 [22;34mDEBUG[0m 48 p frame 10409 - rtmpquic.go:294
2026/03/12 14:37:33.668431 [22;34mDEBUG[0m 
chunk:710 chunk-dur:33ms, timestamp:23634 - rtmpquic.go:220
2026/03/12 14:37:33.703169 [22;34mDEBUG[0m Return monitor from  scheduler : , bw flag : false, limit : 0 - rtmpquic.go:249
2026/03/12 14:37:33.703188 [22;36m INFO[0m IframeComing true, resideSizeInGOP -296124, meanGOP 1.614745e+06, meanI 248519, curgop 1910869, curI 246195 - rtmpquic.go:283
2026/03/12 14:37:33.703195 [22;36m INFO[0m UNKEYBEHIND 49,limit:0 - rtmpquic.go:284
2026/03/12 14:37:33.703199 [22;34mDEBUG[0m 49 p frame 82615 - rtmpquic.go:294
2026/03/12 14:37:33.703229 [22;34mDEBUG[0m 
chunk:711 chunk-dur:35ms, timestamp:23667 - rtmpquic.go:220
2026/03/12 14:37:33.734931 [22;34mDEBUG[0m Return monitor from  scheduler : , bw flag : false, limit : 0 - rtmpquic.go:249
2026/03/12 14:37:33.734952 [22;36m INFO[0m IframeComing true, resideSizeInGOP -324470, meanGOP 1.614745e+06, meanI 248519, curgop 1939215, curI 246195 - rtmpquic.go:283
2026/03/12 14:37:33.734956 [22;36m INFO[0m UNKEYBEHIND 50,limit:0 - rtmpquic.go:284
2026/03/12 14:37:33.734974 [22;34mDEBUG[0m 50 p frame 28346 - rtmpquic.go:294
2026/03/12 14:37:33.735002 [22;34mDEBUG[0m 
chunk:712 chunk-dur:32ms, timestamp:23700 - rtmpquic.go:220
2026/03/12 14:37:33.767337 [22;34mDEBUG[0m Return monitor from  scheduler : , bw flag : false, limit : 0 - rtmpquic.go:249
2026/03/12 14:37:33.767355 [22;36m INFO[0m IframeComing true, resideSizeInGOP -334402, meanGOP 1.614745e+06, meanI 248519, curgop 1949147, curI 246195 - rtmpquic.go:283
2026/03/12 14:37:33.767359 [22;36m INFO[0m UNKEYBEHIND 51,limit:0 - rtmpquic.go:284
2026/03/12 14:37:33.767363 [22;34mDEBUG[0m 51 p frame 9932 - rtmpquic.go:294
2026/03/12 14:37:33.767442 [22;34mDEBUG[0m 
chunk:713 chunk-dur:32ms, timestamp:23734 - rtmpquic.go:220
2026/03/12 14:37:33.801495 [22;34mDEBUG[0m Return monitor from  scheduler : , bw flag : false, limit : 0 - rtmpquic.go:249
2026/03/12 14:37:33.801517 [22;36m INFO[0m IframeComing true, resideSizeInGOP -343393, meanGOP 1.614745e+06, meanI 248519, curgop 1958138, curI 246195 - rtmpquic.go:283
2026/03/12 14:37:33.801522 [22;36m INFO[0m UNKEYBEHIND 52,limit:0 - rtmpquic.go:284
2026/03/12 14:37:33.801525 [22;34mDEBUG[0m 52 p frame 8991 - rtmpquic.go:294
2026/03/12 14:37:33.801602 [22;34mDEBUG[0m 
chunk:714 chunk-dur:34ms, timestamp:23767 - rtmpquic.go:220
2026/03/12 14:37:33.835133 [22;34mDEBUG[0m Return monitor from  scheduler : , bw flag : false, limit : 0 - rtmpquic.go:249
2026/03/12 14:37:33.835150 [22;36m INFO[0m IframeComing true, resideSizeInGOP -427723, meanGOP 1.614745e+06, meanI 248519, curgop 2042468, curI 246195 - rtmpquic.go:283
2026/03/12 14:37:33.835154 [22;36m INFO[0m UNKEYBEHIND 53,limit:0 - rtmpquic.go:284
2026/03/12 14:37:33.835158 [22;34mDEBUG[0m 53 p frame 84330 - rtmpquic.go:294
2026/03/12 14:37:33.835173 [22;34mDEBUG[0m 
chunk:715 chunk-dur:34ms, timestamp:23800 - rtmpquic.go:220
2026/03/12 14:37:33.867491 [22;34mDEBUG[0m Return monitor from  scheduler : , bw flag : false, limit : 0 - rtmpquic.go:249
2026/03/12 14:37:33.867512 [22;36m INFO[0m IframeComing true, resideSizeInGOP -437670, meanGOP 1.614745e+06, meanI 248519, curgop 2052415, curI 246195 - rtmpquic.go:283
2026/03/12 14:37:33.867526 [22;36m INFO[0m UNKEYBEHIND 54,limit:0 - rtmpquic.go:284
2026/03/12 14:37:33.867530 [22;34mDEBUG[0m 54 p frame 9947 - rtmpquic.go:294
2026/03/12 14:37:33.867630 [22;34mDEBUG[0m 
chunk:716 chunk-dur:32ms, timestamp:23834 - rtmpquic.go:220
2026/03/12 14:37:33.902435 [22;34mDEBUG[0m Return monitor from  scheduler : , bw flag : false, limit : 0 - rtmpquic.go:249
2026/03/12 14:37:33.902455 [22;36m INFO[0m IframeComing true, resideSizeInGOP -536715, meanGOP 1.614745e+06, meanI 248519, curgop 2151460, curI 246195 - rtmpquic.go:283
2026/03/12 14:37:33.902459 [22;36m INFO[0m UNKEYBEHIND 55,limit:0 - rtmpquic.go:284
2026/03/12 14:37:33.902462 [22;34mDEBUG[0m 55 p frame 99045 - rtmpquic.go:294
2026/03/12 14:37:33.902503 [22;34mDEBUG[0m 
chunk:717 chunk-dur:35ms, timestamp:23867 - rtmpquic.go:220
2026/03/12 14:37:33.935536 [22;34mDEBUG[0m Return monitor from  scheduler : , bw flag : false, limit : 0 - rtmpquic.go:249
2026/03/12 14:37:33.935559 [22;36m INFO[0m IframeComing true, resideSizeInGOP -564284, meanGOP 1.614745e+06, meanI 248519, curgop 2179029, curI 246195 - rtmpquic.go:283
2026/03/12 14:37:33.935563 [22;36m INFO[0m UNKEYBEHIND 56,limit:0 - rtmpquic.go:284
2026/03/12 14:37:33.935566 [22;34mDEBUG[0m 56 p frame 27569 - rtmpquic.go:294
2026/03/12 14:37:33.935582 [22;34mDEBUG[0m 
chunk:718 chunk-dur:33ms, timestamp:23900 - rtmpquic.go:220
2026/03/12 14:37:33.967816 [22;34mDEBUG[0m Return monitor from  scheduler : , bw flag : false, limit : 0 - rtmpquic.go:249
2026/03/12 14:37:33.967860 [22;36m INFO[0m IframeComing true, resideSizeInGOP -573796, meanGOP 1.614745e+06, meanI 248519, curgop 2188541, curI 246195 - rtmpquic.go:283
2026/03/12 14:37:33.967865 [22;36m INFO[0m UNKEYBEHIND 57,limit:0 - rtmpquic.go:284
2026/03/12 14:37:33.967897 [22;34mDEBUG[0m 57 p frame 9512 - rtmpquic.go:294
2026/03/12 14:37:33.967920 [22;34mDEBUG[0m 
chunk:719 chunk-dur:32ms, timestamp:23934 - rtmpquic.go:220
2026/03/12 14:37:34.002440 [22;34mDEBUG[0m Return monitor from  scheduler : , bw flag : false, limit : 0 - rtmpquic.go:249
2026/03/12 14:37:34.002461 [22;36m INFO[0m IframeComing true, resideSizeInGOP -583038, meanGOP 1.614745e+06, meanI 248519, curgop 2197783, curI 246195 - rtmpquic.go:283
2026/03/12 14:37:34.002466 [22;36m INFO[0m UNKEYBEHIND 58,limit:0 - rtmpquic.go:284
2026/03/12 14:37:34.002469 [22;34mDEBUG[0m 58 p frame 9242 - rtmpquic.go:294
2026/03/12 14:37:34.002491 [22;34mDEBUG[0m 
chunk:720 chunk-dur:35ms, timestamp:23967 - rtmpquic.go:220
2026/03/12 14:37:34.035740 [22;34mDEBUG[0m Return monitor from  scheduler : , bw flag : false, limit : 0 - rtmpquic.go:249
2026/03/12 14:37:34.035775 [22;36m INFO[0m IframeComing true, resideSizeInGOP -600490, meanGOP 1.614745e+06, meanI 248519, curgop 2215235, curI 246195 - rtmpquic.go:283
2026/03/12 14:37:34.035780 [22;36m INFO[0m UNKEYBEHIND 59,limit:0 - rtmpquic.go:284
2026/03/12 14:37:34.035783 [22;34mDEBUG[0m 59 p frame 17452 - rtmpquic.go:294
2026/03/12 14:37:34.036067 [22;34mDEBUG[0m 
chunk:721 chunk-dur:34ms, timestamp:24000 - rtmpquic.go:220
2026/03/12 14:37:34.067689 [22;34mDEBUG[0m Return monitor from  scheduler : , bw flag : false, limit : 0 - rtmpquic.go:249
key tag 282427
2026/03/12 14:37:34.067704 [22;34mDEBUG[0m 13 I frame 282427 - rtmpquic.go:275
2026/03/12 14:37:34.067841 [22;34mDEBUG[0m 
chunk:722 chunk-dur:31ms, timestamp:24034 - rtmpquic.go:220
2026/03/12 14:37:34.080954 [22;34mDEBUG[0m bitrate:9.607184 Mbps - client_session.go:438
2026/03/12 14:37:34.102182 [22;34mDEBUG[0m Return monitor from  scheduler : , bw flag : false, limit : 0 - rtmpquic.go:249
2026/03/12 14:37:34.102216 [22;36m INFO[0m IframeComing false, resideSizeInGOP 1.311733e+06, meanGOP 1.664786e+06, meanI 248325, curgop 353053, curI 282427 - rtmpquic.go:283
2026/03/12 14:37:34.102225 [22;36m INFO[0m UNKEYBEHIND 1,limit:0 - rtmpquic.go:284
2026/03/12 14:37:34.102229 [22;34mDEBUG[0m 1 p frame 70626 - rtmpquic.go:294
2026/03/12 14:37:34.102265 [22;34mDEBUG[0m 
chunk:723 chunk-dur:35ms, timestamp:24067 - rtmpquic.go:220
2026/03/12 14:37:34.134997 [22;34mDEBUG[0m Return monitor from  scheduler : , bw flag : false, limit : 0 - rtmpquic.go:249
2026/03/12 14:37:34.135021 [22;36m INFO[0m IframeComing false, resideSizeInGOP 1.28707e+06, meanGOP 1.664786e+06, meanI 248325, curgop 377716, curI 282427 - rtmpquic.go:283
2026/03/12 14:37:34.135026 [22;36m INFO[0m UNKEYBEHIND 2,limit:0 - rtmpquic.go:284
2026/03/12 14:37:34.135030 [22;34mDEBUG[0m 2 p frame 24663 - rtmpquic.go:294
2026/03/12 14:37:34.135060 [22;34mDEBUG[0m 
chunk:724 chunk-dur:33ms, timestamp:24100 - rtmpquic.go:220
2026/03/12 14:37:34.167339 [22;34mDEBUG[0m Return monitor from  scheduler : , bw flag : false, limit : 0 - rtmpquic.go:249
2026/03/12 14:37:34.167363 [22;36m INFO[0m IframeComing false, resideSizeInGOP 1.278313e+06, meanGOP 1.664786e+06, meanI 248325, curgop 386473, curI 282427 - rtmpquic.go:283
2026/03/12 14:37:34.167367 [22;36m INFO[0m UNKEYBEHIND 3,limit:0 - rtmpquic.go:284
2026/03/12 14:37:34.167371 [22;34mDEBUG[0m 3 p frame 8757 - rtmpquic.go:294
2026/03/12 14:37:34.167393 [22;34mDEBUG[0m 
chunk:725 chunk-dur:32ms, timestamp:24134 - rtmpquic.go:220
2026/03/12 14:37:34.202224 [22;34mDEBUG[0m Return monitor from  scheduler : , bw flag : false, limit : 0 - rtmpquic.go:249
2026/03/12 14:37:34.202244 [22;36m INFO[0m IframeComing false, resideSizeInGOP 1.26901e+06, meanGOP 1.664786e+06, meanI 248325, curgop 395776, curI 282427 - rtmpquic.go:283
2026/03/12 14:37:34.202249 [22;36m INFO[0m UNKEYBEHIND 4,limit:0 - rtmpquic.go:284
2026/03/12 14:37:34.202252 [22;34mDEBUG[0m 4 p frame 9303 - rtmpquic.go:294
2026/03/12 14:37:34.202332 [22;34mDEBUG[0m 
chunk:726 chunk-dur:35ms, timestamp:24167 - rtmpquic.go:220
2026/03/12 14:37:34.234761 [22;34mDEBUG[0m Return monitor from  scheduler : , bw flag : false, limit : 0 - rtmpquic.go:249
2026/03/12 14:37:34.234783 [22;36m INFO[0m IframeComing false, resideSizeInGOP 1.185509e+06, meanGOP 1.664786e+06, meanI 248325, curgop 479277, curI 282427 - rtmpquic.go:283
2026/03/12 14:37:34.234787 [22;36m INFO[0m UNKEYBEHIND 5,limit:0 - rtmpquic.go:284
2026/03/12 14:37:34.234791 [22;34mDEBUG[0m 5 p frame 83501 - rtmpquic.go:294
2026/03/12 14:37:34.234864 [22;34mDEBUG[0m 
chunk:727 chunk-dur:32ms, timestamp:24200 - rtmpquic.go:220
2026/03/12 14:37:34.268543 [22;34mDEBUG[0m Return monitor from  scheduler : , bw flag : false, limit : 0 - rtmpquic.go:249
2026/03/12 14:37:34.268566 [22;36m INFO[0m IframeComing false, resideSizeInGOP 1.1578e+06, meanGOP 1.664786e+06, meanI 248325, curgop 506986, curI 282427 - rtmpquic.go:283
2026/03/12 14:37:34.268570 [22;36m INFO[0m UNKEYBEHIND 6,limit:0 - rtmpquic.go:284
2026/03/12 14:37:34.268573 [22;34mDEBUG[0m 6 p frame 27709 - rtmpquic.go:294
2026/03/12 14:37:34.268622 [22;34mDEBUG[0m 
chunk:728 chunk-dur:34ms, timestamp:24234 - rtmpquic.go:220
2026/03/12 14:37:34.305207 [22;34mDEBUG[0m Return monitor from  scheduler : , bw flag : false, limit : 0 - rtmpquic.go:249
2026/03/12 14:37:34.305292 [22;36m INFO[0m IframeComing false, resideSizeInGOP 1.147955e+06, meanGOP 1.664786e+06, meanI 248325, curgop 516831, curI 282427 - rtmpquic.go:283
2026/03/12 14:37:34.305301 [22;36m INFO[0m UNKEYBEHIND 7,limit:0 - rtmpquic.go:284
2026/03/12 14:37:34.305305 [22;34mDEBUG[0m 7 p frame 9845 - rtmpquic.go:294
2026/03/12 14:37:34.390225 [22;34mDEBUG[0m 
chunk:729 chunk-dur:122ms, timestamp:24267 - rtmpquic.go:220
2026/03/12 14:37:34.390317 [22;34mDEBUG[0m Return monitor from  scheduler : , bw flag : false, limit : 0 - rtmpquic.go:249
2026/03/12 14:37:34.390621 [22;36m INFO[0m IframeComing false, resideSizeInGOP 1.136364e+06, meanGOP 1.664786e+06, meanI 248325, curgop 528422, curI 282427 - rtmpquic.go:283
2026/03/12 14:37:34.390637 [22;36m INFO[0m UNKEYBEHIND 8,limit:0 - rtmpquic.go:284
2026/03/12 14:37:34.390645 [22;34mDEBUG[0m 8 p frame 11591 - rtmpquic.go:294
2026/03/12 14:37:34.396851 [22;34mDEBUG[0m 
chunk:730 chunk-dur:6ms, timestamp:24300 - rtmpquic.go:220
2026/03/12 14:37:34.398759 [22;34mDEBUG[0m Return monitor from  scheduler : , bw flag : false, limit : 0 - rtmpquic.go:249
2026/03/12 14:37:34.398795 [22;36m INFO[0m IframeComing false, resideSizeInGOP 1.038244e+06, meanGOP 1.664786e+06, meanI 248325, curgop 626542, curI 282427 - rtmpquic.go:283
2026/03/12 14:37:34.398810 [22;36m INFO[0m UNKEYBEHIND 9,limit:0 - rtmpquic.go:284
2026/03/12 14:37:34.398826 [22;34mDEBUG[0m 9 p frame 98120 - rtmpquic.go:294
2026/03/12 14:37:34.402944 [22;34mDEBUG[0m 
chunk:731 chunk-dur:6ms, timestamp:24334 - rtmpquic.go:220
2026/03/12 14:37:34.402967 [22;34mDEBUG[0m Return monitor from  scheduler : , bw flag : false, limit : 0 - rtmpquic.go:249
2026/03/12 14:37:34.402978 [22;36m INFO[0m IframeComing false, resideSizeInGOP 1.002416e+06, meanGOP 1.664786e+06, meanI 248325, curgop 662370, curI 282427 - rtmpquic.go:283
2026/03/12 14:37:34.402984 [22;36m INFO[0m UNKEYBEHIND 10,limit:0 - rtmpquic.go:284
2026/03/12 14:37:34.402988 [22;34mDEBUG[0m 10 p frame 35828 - rtmpquic.go:294
2026/03/12 14:37:34.403018 [22;34mDEBUG[0m 
chunk:732 chunk-dur:1ms, timestamp:24367 - rtmpquic.go:220
2026/03/12 14:37:34.434539 [22;34mDEBUG[0m Return monitor from  scheduler : , bw flag : false, limit : 0 - rtmpquic.go:249
2026/03/12 14:37:34.434570 [22;36m INFO[0m IframeComing false, resideSizeInGOP 990752, meanGOP 1.664786e+06, meanI 248325, curgop 674034, curI 282427 - rtmpquic.go:283
2026/03/12 14:37:34.434576 [22;36m INFO[0m UNKEYBEHIND 11,limit:0 - rtmpquic.go:284
2026/03/12 14:37:34.434580 [22;34mDEBUG[0m 11 p frame 11664 - rtmpquic.go:294
2026/03/12 14:37:34.434612 [22;34mDEBUG[0m 
chunk:733 chunk-dur:31ms, timestamp:24400 - rtmpquic.go:220
2026/03/12 14:37:34.468749 [22;34mDEBUG[0m Return monitor from  scheduler : , bw flag : false, limit : 0 - rtmpquic.go:249
2026/03/12 14:37:34.469026 [22;36m INFO[0m IframeComing false, resideSizeInGOP 980854, meanGOP 1.664786e+06, meanI 248325, curgop 683932, curI 282427 - rtmpquic.go:283
2026/03/12 14:37:34.476355 [22;36m INFO[0m UNKEYBEHIND 12,limit:0 - rtmpquic.go:284
2026/03/12 14:37:34.476412 [22;34mDEBUG[0m 12 p frame 9898 - rtmpquic.go:294
2026/03/12 14:37:34.479332 [22;34mDEBUG[0m 
chunk:734 chunk-dur:45ms, timestamp:24434 - rtmpquic.go:220
2026/03/12 14:37:34.502427 [22;34mDEBUG[0m Return monitor from  scheduler : , bw flag : false, limit : 0 - rtmpquic.go:249
2026/03/12 14:37:34.502460 [22;36m INFO[0m IframeComing false, resideSizeInGOP 897471, meanGOP 1.664786e+06, meanI 248325, curgop 767315, curI 282427 - rtmpquic.go:283
2026/03/12 14:37:34.502465 [22;36m INFO[0m UNKEYBEHIND 13,limit:0 - rtmpquic.go:284
2026/03/12 14:37:34.502469 [22;34mDEBUG[0m 13 p frame 83383 - rtmpquic.go:294
2026/03/12 14:37:34.503025 [22;34mDEBUG[0m 
chunk:735 chunk-dur:24ms, timestamp:24467 - rtmpquic.go:220
2026/03/12 14:37:34.534538 [22;34mDEBUG[0m Return monitor from  scheduler : , bw flag : false, limit : 0 - rtmpquic.go:249
2026/03/12 14:37:34.534580 [22;36m INFO[0m IframeComing false, resideSizeInGOP 862288, meanGOP 1.664786e+06, meanI 248325, curgop 802498, curI 282427 - rtmpquic.go:283
2026/03/12 14:37:34.534588 [22;36m INFO[0m UNKEYBEHIND 14,limit:0 - rtmpquic.go:284
2026/03/12 14:37:34.534591 [22;34mDEBUG[0m 14 p frame 35183 - rtmpquic.go:294
2026/03/12 14:37:34.534667 [22;34mDEBUG[0m 
chunk:736 chunk-dur:31ms, timestamp:24500 - rtmpquic.go:220
2026/03/12 14:37:34.568259 [22;34mDEBUG[0m Return monitor from  scheduler : , bw flag : false, limit : 0 - rtmpquic.go:249
2026/03/12 14:37:34.568339 [22;36m INFO[0m IframeComing false, resideSizeInGOP 851002, meanGOP 1.664786e+06, meanI 248325, curgop 813784, curI 282427 - rtmpquic.go:283
2026/03/12 14:37:34.568348 [22;36m INFO[0m UNKEYBEHIND 15,limit:0 - rtmpquic.go:284
2026/03/12 14:37:34.568427 [22;34mDEBUG[0m 15 p frame 11286 - rtmpquic.go:294
2026/03/12 14:37:34.568503 [22;34mDEBUG[0m 
chunk:737 chunk-dur:34ms, timestamp:24534 - rtmpquic.go:220
2026/03/12 14:37:34.601930 [22;34mDEBUG[0m Return monitor from  scheduler : , bw flag : false, limit : 0 - rtmpquic.go:249
2026/03/12 14:37:34.601961 [22;36m INFO[0m IframeComing false, resideSizeInGOP 837032, meanGOP 1.664786e+06, meanI 248325, curgop 827754, curI 282427 - rtmpquic.go:283
2026/03/12 14:37:34.601966 [22;36m INFO[0m UNKEYBEHIND 16,limit:0 - rtmpquic.go:284
2026/03/12 14:37:34.601970 [22;34mDEBUG[0m 16 p frame 13970 - rtmpquic.go:294
2026/03/12 14:37:34.602414 [22;34mDEBUG[0m 
chunk:738 chunk-dur:34ms, timestamp:24567 - rtmpquic.go:220
2026/03/12 14:37:34.635029 [22;34mDEBUG[0m Return monitor from  scheduler : , bw flag : false, limit : 0 - rtmpquic.go:249
2026/03/12 14:37:34.635066 [22;36m INFO[0m IframeComing false, resideSizeInGOP 732684, meanGOP 1.664786e+06, meanI 248325, curgop 932102, curI 282427 - rtmpquic.go:283
2026/03/12 14:37:34.635073 [22;36m INFO[0m UNKEYBEHIND 17,limit:0 - rtmpquic.go:284
2026/03/12 14:37:34.635076 [22;34mDEBUG[0m 17 p frame 104348 - rtmpquic.go:294
2026/03/12 14:37:34.635277 [22;34mDEBUG[0m 
chunk:739 chunk-dur:33ms, timestamp:24600 - rtmpquic.go:220
2026/03/12 14:37:34.667851 [22;34mDEBUG[0m Return monitor from  scheduler : , bw flag : false, limit : 0 - rtmpquic.go:249
2026/03/12 14:37:34.667917 [22;36m INFO[0m IframeComing false, resideSizeInGOP 697110, meanGOP 1.664786e+06, meanI 248325, curgop 967676, curI 282427 - rtmpquic.go:283
2026/03/12 14:37:34.667925 [22;36m INFO[0m UNKEYBEHIND 18,limit:0 - rtmpquic.go:284
2026/03/12 14:37:34.667929 [22;34mDEBUG[0m 18 p frame 35574 - rtmpquic.go:294
2026/03/12 14:37:34.668002 [22;34mDEBUG[0m 
chunk:740 chunk-dur:33ms, timestamp:24634 - rtmpquic.go:220
2026/03/12 14:37:34.701840 [22;34mDEBUG[0m Return monitor from  scheduler : , bw flag : false, limit : 0 - rtmpquic.go:249
2026/03/12 14:37:34.702070 [22;36m INFO[0m IframeComing false, resideSizeInGOP 677597, meanGOP 1.664786e+06, meanI 248325, curgop 987189, curI 282427 - rtmpquic.go:283
2026/03/12 14:37:34.702083 [22;36m INFO[0m UNKEYBEHIND 19,limit:0 - rtmpquic.go:284
2026/03/12 14:37:34.702088 [22;34mDEBUG[0m 19 p frame 19513 - rtmpquic.go:294
2026/03/12 14:37:34.703074 [22;34mDEBUG[0m 
chunk:741 chunk-dur:35ms, timestamp:24667 - rtmpquic.go:220
2026/03/12 14:37:34.734847 [22;34mDEBUG[0m Return monitor from  scheduler : , bw flag : false, limit : 0 - rtmpquic.go:249
2026/03/12 14:37:34.735265 [22;36m INFO[0m IframeComing false, resideSizeInGOP 657675, meanGOP 1.664786e+06, meanI 248325, curgop 1007111, curI 282427 - rtmpquic.go:283
2026/03/12 14:37:34.735276 [22;36m INFO[0m UNKEYBEHIND 20,limit:0 - rtmpquic.go:284
2026/03/12 14:37:34.735280 [22;34mDEBUG[0m 20 p frame 19922 - rtmpquic.go:294
2026/03/12 14:37:34.735748 [22;34mDEBUG[0m 
chunk:742 chunk-dur:32ms, timestamp:24700 - rtmpquic.go:220
2026/03/12 14:37:34.769020 [22;34mDEBUG[0m Return monitor from  scheduler : , bw flag : false, limit : 0 - rtmpquic.go:249
2026/03/12 14:37:34.769166 [22;36m INFO[0m IframeComing false, resideSizeInGOP 562408, meanGOP 1.664786e+06, meanI 248325, curgop 1102378, curI 282427 - rtmpquic.go:283
2026/03/12 14:37:34.769184 [22;36m INFO[0m UNKEYBEHIND 21,limit:0 - rtmpquic.go:284
2026/03/12 14:37:34.769194 [22;34mDEBUG[0m 21 p frame 95267 - rtmpquic.go:294
2026/03/12 14:37:34.769351 [22;34mDEBUG[0m 
chunk:743 chunk-dur:34ms, timestamp:24734 - rtmpquic.go:220
2026/03/12 14:37:34.802274 [22;34mDEBUG[0m Return monitor from  scheduler : , bw flag : false, limit : 0 - rtmpquic.go:249
2026/03/12 14:37:34.802299 [22;36m INFO[0m IframeComing false, resideSizeInGOP 532966, meanGOP 1.664786e+06, meanI 248325, curgop 1131820, curI 282427 - rtmpquic.go:283
2026/03/12 14:37:34.802304 [22;36m INFO[0m UNKEYBEHIND 22,limit:0 - rtmpquic.go:284
2026/03/12 14:37:34.802307 [22;34mDEBUG[0m 22 p frame 29442 - rtmpquic.go:294
2026/03/12 14:37:34.802372 [22;34mDEBUG[0m 
chunk:744 chunk-dur:33ms, timestamp:24767 - rtmpquic.go:220
2026/03/12 14:37:34.834917 [22;34mDEBUG[0m Return monitor from  scheduler : , bw flag : false, limit : 0 - rtmpquic.go:249
2026/03/12 14:37:34.834944 [22;36m INFO[0m IframeComing false, resideSizeInGOP 513845, meanGOP 1.664786e+06, meanI 248325, curgop 1150941, curI 282427 - rtmpquic.go:283
2026/03/12 14:37:34.834948 [22;36m INFO[0m UNKEYBEHIND 23,limit:0 - rtmpquic.go:284
2026/03/12 14:37:34.834952 [22;34mDEBUG[0m 23 p frame 19121 - rtmpquic.go:294
2026/03/12 14:37:34.834983 [22;34mDEBUG[0m 
chunk:745 chunk-dur:32ms, timestamp:24800 - rtmpquic.go:220
2026/03/12 14:37:34.869001 [22;34mDEBUG[0m Return monitor from  scheduler : , bw flag : false, limit : 0 - rtmpquic.go:249
2026/03/12 14:37:34.869036 [22;36m INFO[0m IframeComing false, resideSizeInGOP 501209, meanGOP 1.664786e+06, meanI 248325, curgop 1163577, curI 282427 - rtmpquic.go:283
2026/03/12 14:37:34.869041 [22;36m INFO[0m UNKEYBEHIND 24,limit:0 - rtmpquic.go:284
2026/03/12 14:37:34.869046 [22;34mDEBUG[0m 24 p frame 12636 - rtmpquic.go:294
2026/03/12 14:37:34.869182 [22;34mDEBUG[0m 
chunk:746 chunk-dur:35ms, timestamp:24834 - rtmpquic.go:220
2026/03/12 14:37:34.901405 [22;34mDEBUG[0m Return monitor from  scheduler : , bw flag : false, limit : 0 - rtmpquic.go:249
2026/03/12 14:37:34.901434 [22;36m INFO[0m IframeComing false, resideSizeInGOP 424024, meanGOP 1.664786e+06, meanI 248325, curgop 1240762, curI 282427 - rtmpquic.go:283
2026/03/12 14:37:34.901439 [22;36m INFO[0m UNKEYBEHIND 25,limit:0 - rtmpquic.go:284
2026/03/12 14:37:34.901442 [22;34mDEBUG[0m 25 p frame 77185 - rtmpquic.go:294
2026/03/12 14:37:34.902733 [22;34mDEBUG[0m 
chunk:747 chunk-dur:33ms, timestamp:24867 - rtmpquic.go:220
2026/03/12 14:37:34.935646 [22;34mDEBUG[0m Return monitor from  scheduler : , bw flag : false, limit : 0 - rtmpquic.go:249
2026/03/12 14:37:34.935687 [22;36m INFO[0m IframeComing false, resideSizeInGOP 395909, meanGOP 1.664786e+06, meanI 248325, curgop 1268877, curI 282427 - rtmpquic.go:283
2026/03/12 14:37:34.935695 [22;36m INFO[0m UNKEYBEHIND 26,limit:0 - rtmpquic.go:284
2026/03/12 14:37:34.935699 [22;34mDEBUG[0m 26 p frame 28115 - rtmpquic.go:294
2026/03/12 14:37:34.937188 [22;34mDEBUG[0m 
chunk:748 chunk-dur:35ms, timestamp:24900 - rtmpquic.go:220
2026/03/12 14:37:34.967723 [22;34mDEBUG[0m Return monitor from  scheduler : , bw flag : false, limit : 0 - rtmpquic.go:249
2026/03/12 14:37:34.967739 [22;36m INFO[0m IframeComing false, resideSizeInGOP 383180, meanGOP 1.664786e+06, meanI 248325, curgop 1281606, curI 282427 - rtmpquic.go:283
2026/03/12 14:37:34.967744 [22;36m INFO[0m UNKEYBEHIND 27,limit:0 - rtmpquic.go:284
2026/03/12 14:37:34.967747 [22;34mDEBUG[0m 27 p frame 12729 - rtmpquic.go:294
2026/03/12 14:37:34.967832 [22;34mDEBUG[0m 
chunk:749 chunk-dur:30ms, timestamp:24934 - rtmpquic.go:220
2026/03/12 14:37:35.002381 [22;34mDEBUG[0m Return monitor from  scheduler : , bw flag : false, limit : 0 - rtmpquic.go:249
2026/03/12 14:37:35.002410 [22;36m INFO[0m IframeComing false, resideSizeInGOP 372574, meanGOP 1.664786e+06, meanI 248325, curgop 1292212, curI 282427 - rtmpquic.go:283
2026/03/12 14:37:35.002415 [22;36m INFO[0m UNKEYBEHIND 28,limit:0 - rtmpquic.go:284
2026/03/12 14:37:35.002418 [22;34mDEBUG[0m 28 p frame 10606 - rtmpquic.go:294
2026/03/12 14:37:35.002561 [22;34mDEBUG[0m 
chunk:750 chunk-dur:35ms, timestamp:24967 - rtmpquic.go:220
2026/03/12 14:37:35.035668 [22;34mDEBUG[0m Return monitor from  scheduler : , bw flag : false, limit : 0 - rtmpquic.go:249
2026/03/12 14:37:35.035797 [22;36m INFO[0m IframeComing false, resideSizeInGOP 289360, meanGOP 1.664786e+06, meanI 248325, curgop 1375426, curI 282427 - rtmpquic.go:283
2026/03/12 14:37:35.035804 [22;36m INFO[0m UNKEYBEHIND 29,limit:0 - rtmpquic.go:284
2026/03/12 14:37:35.035807 [22;34mDEBUG[0m 29 p frame 83214 - rtmpquic.go:294
2026/03/12 14:37:35.036295 [22;34mDEBUG[0m 
chunk:751 chunk-dur:34ms, timestamp:25000 - rtmpquic.go:220
2026/03/12 14:37:35.067813 [22;34mDEBUG[0m Return monitor from  scheduler : , bw flag : false, limit : 0 - rtmpquic.go:249
2026/03/12 14:37:35.067833 [22;36m INFO[0m IframeComing false, resideSizeInGOP 252045, meanGOP 1.664786e+06, meanI 248325, curgop 1412741, curI 282427 - rtmpquic.go:283
2026/03/12 14:37:35.067837 [22;36m INFO[0m UNKEYBEHIND 30,limit:0 - rtmpquic.go:284
2026/03/12 14:37:35.067840 [22;34mDEBUG[0m 30 p frame 37315 - rtmpquic.go:294
2026/03/12 14:37:35.068065 [22;34mDEBUG[0m 
chunk:752 chunk-dur:32ms, timestamp:25034 - rtmpquic.go:220
2026/03/12 14:37:35.081165 [22;34mDEBUG[0m bitrate:8.621803 Mbps - client_session.go:438
2026/03/12 14:37:35.101404 [22;34mDEBUG[0m Return monitor from  scheduler : , bw flag : false, limit : 0 - rtmpquic.go:249
2026/03/12 14:37:35.101479 [22;36m INFO[0m IframeComing false, resideSizeInGOP 240402, meanGOP 1.664786e+06, meanI 248325, curgop 1424384, curI 282427 - rtmpquic.go:283
2026/03/12 14:37:35.101486 [22;36m INFO[0m UNKEYBEHIND 31,limit:0 - rtmpquic.go:284
2026/03/12 14:37:35.101490 [22;34mDEBUG[0m 31 p frame 11643 - rtmpquic.go:294
2026/03/12 14:37:35.101726 [22;34mDEBUG[0m 
chunk:753 chunk-dur:33ms, timestamp:25067 - rtmpquic.go:220
2026/03/12 14:37:35.135550 [22;34mDEBUG[0m Return monitor from  scheduler : , bw flag : false, limit : 0 - rtmpquic.go:249
2026/03/12 14:37:35.135581 [22;36m INFO[0m IframeComing false, resideSizeInGOP 220462, meanGOP 1.664786e+06, meanI 248325, curgop 1444324, curI 282427 - rtmpquic.go:283
2026/03/12 14:37:35.135587 [22;36m INFO[0m UNKEYBEHIND 32,limit:0 - rtmpquic.go:284
2026/03/12 14:37:35.135595 [22;34mDEBUG[0m 32 p frame 19940 - rtmpquic.go:294
2026/03/12 14:37:35.135787 [22;34mDEBUG[0m 
chunk:754 chunk-dur:34ms, timestamp:25100 - rtmpquic.go:220
2026/03/12 14:37:35.168692 [22;34mDEBUG[0m Return monitor from  scheduler : , bw flag : false, limit : 0 - rtmpquic.go:249
2026/03/12 14:37:35.168715 [22;36m INFO[0m IframeComing false, resideSizeInGOP 155355, meanGOP 1.664786e+06, meanI 248325, curgop 1509431, curI 282427 - rtmpquic.go:283
2026/03/12 14:37:35.168719 [22;36m INFO[0m UNKEYBEHIND 33,limit:0 - rtmpquic.go:284
2026/03/12 14:37:35.168723 [22;34mDEBUG[0m 33 p frame 65107 - rtmpquic.go:294
2026/03/12 14:37:35.168931 [22;34mDEBUG[0m 
chunk:755 chunk-dur:33ms, timestamp:25134 - rtmpquic.go:220
2026/03/12 14:37:35.203003 [22;34mDEBUG[0m Return monitor from  scheduler : , bw flag : false, limit : 0 - rtmpquic.go:249
2026/03/12 14:37:35.203057 [22;36m INFO[0m IframeComing false, resideSizeInGOP 126421, meanGOP 1.664786e+06, meanI 248325, curgop 1538365, curI 282427 - rtmpquic.go:283
2026/03/12 14:37:35.203065 [22;36m INFO[0m UNKEYBEHIND 34,limit:0 - rtmpquic.go:284
2026/03/12 14:37:35.203070 [22;34mDEBUG[0m 34 p frame 28934 - rtmpquic.go:294
2026/03/12 14:37:35.203254 [22;34mDEBUG[0m 
chunk:756 chunk-dur:35ms, timestamp:25167 - rtmpquic.go:220
2026/03/12 14:37:35.234448 [22;34mDEBUG[0m Return monitor from  scheduler : , bw flag : false, limit : 0 - rtmpquic.go:249
2026/03/12 14:37:35.234477 [22;36m INFO[0m IframeComing false, resideSizeInGOP 111598, meanGOP 1.664786e+06, meanI 248325, curgop 1553188, curI 282427 - rtmpquic.go:283
2026/03/12 14:37:35.234484 [22;36m INFO[0m UNKEYBEHIND 35,limit:0 - rtmpquic.go:284
2026/03/12 14:37:35.234490 [22;34mDEBUG[0m 35 p frame 14823 - rtmpquic.go:294
2026/03/12 14:37:35.234602 [22;34mDEBUG[0m 
chunk:757 chunk-dur:31ms, timestamp:25200 - rtmpquic.go:220
2026/03/12 14:37:35.268219 [22;34mDEBUG[0m Return monitor from  scheduler : , bw flag : false, limit : 0 - rtmpquic.go:249
2026/03/12 14:37:35.268341 [22;36m INFO[0m IframeComing false, resideSizeInGOP 80618, meanGOP 1.664786e+06, meanI 248325, curgop 1584168, curI 282427 - rtmpquic.go:283
2026/03/12 14:37:35.268444 [22;36m INFO[0m UNKEYBEHIND 36,limit:0 - rtmpquic.go:284
2026/03/12 14:37:35.268462 [22;34mDEBUG[0m 36 p frame 30980 - rtmpquic.go:294
2026/03/12 14:37:35.269698 [22;34mDEBUG[0m 
chunk:758 chunk-dur:35ms, timestamp:25234 - rtmpquic.go:220
2026/03/12 14:37:35.306488 [22;34mDEBUG[0m Return monitor from  scheduler : , bw flag : false, limit : 0 - rtmpquic.go:249
2026/03/12 14:37:35.306643 [22;36m INFO[0m IframeComing false, resideSizeInGOP 778, meanGOP 1.664786e+06, meanI 248325, curgop 1664008, curI 282427 - rtmpquic.go:283
2026/03/12 14:37:35.347243 [22;36m INFO[0m UNKEYBEHIND 37,limit:0 - rtmpquic.go:284
2026/03/12 14:37:35.347277 [22;34mDEBUG[0m 37 p frame 79840 - rtmpquic.go:294
2026/03/12 14:37:35.348760 [22;34mDEBUG[0m 
chunk:759 chunk-dur:79ms, timestamp:25267 - rtmpquic.go:220
2026/03/12 14:37:35.348784 [22;34mDEBUG[0m Return monitor from  scheduler : , bw flag : false, limit : 0 - rtmpquic.go:249
2026/03/12 14:37:35.348796 [22;36m INFO[0m IframeComing true, resideSizeInGOP -88340, meanGOP 1.664786e+06, meanI 248325, curgop 1753126, curI 282427 - rtmpquic.go:283
2026/03/12 14:37:35.348804 [22;36m INFO[0m UNKEYBEHIND 38,limit:0 - rtmpquic.go:284
2026/03/12 14:37:35.348832 [22;34mDEBUG[0m 38 p frame 89118 - rtmpquic.go:294
2026/03/12 14:37:35.351904 [22;34mDEBUG[0m 
chunk:760 chunk-dur:3ms, timestamp:25300 - rtmpquic.go:220
2026/03/12 14:37:35.369387 [22;34mDEBUG[0m Return monitor from  scheduler : , bw flag : false, limit : 0 - rtmpquic.go:249
2026/03/12 14:37:35.369433 [22;36m INFO[0m IframeComing true, resideSizeInGOP -163383, meanGOP 1.664786e+06, meanI 248325, curgop 1828169, curI 282427 - rtmpquic.go:283
2026/03/12 14:37:35.369444 [22;36m INFO[0m UNKEYBEHIND 39,limit:0 - rtmpquic.go:284
2026/03/12 14:37:35.369453 [22;34mDEBUG[0m 39 p frame 75043 - rtmpquic.go:294
2026/03/12 14:37:35.383302 [22;34mDEBUG[0m 
chunk:761 chunk-dur:32ms, timestamp:25334 - rtmpquic.go:220
2026/03/12 14:37:35.404610 [22;34mDEBUG[0m Return monitor from  scheduler : , bw flag : false, limit : 0 - rtmpquic.go:249
2026/03/12 14:37:35.415040 [22;36m INFO[0m IframeComing true, resideSizeInGOP -175341, meanGOP 1.664786e+06, meanI 248325, curgop 1840127, curI 282427 - rtmpquic.go:283
2026/03/12 14:37:35.415065 [22;36m INFO[0m UNKEYBEHIND 40,limit:0 - rtmpquic.go:284
2026/03/12 14:37:35.415078 [22;34mDEBUG[0m 40 p frame 11958 - rtmpquic.go:294
2026/03/12 14:37:35.415292 [22;34mDEBUG[0m 
chunk:762 chunk-dur:32ms, timestamp:25367 - rtmpquic.go:220
2026/03/12 14:37:35.437603 [22;34mDEBUG[0m Return monitor from  scheduler : , bw flag : false, limit : 0 - rtmpquic.go:249
2026/03/12 14:37:35.437639 [22;36m INFO[0m IframeComing true, resideSizeInGOP -252501, meanGOP 1.664786e+06, meanI 248325, curgop 1917287, curI 282427 - rtmpquic.go:283
2026/03/12 14:37:35.437644 [22;36m INFO[0m UNKEYBEHIND 41,limit:0 - rtmpquic.go:284
2026/03/12 14:37:35.437648 [22;34mDEBUG[0m 41 p frame 77160 - rtmpquic.go:294
2026/03/12 14:37:35.437695 [22;34mDEBUG[0m 
chunk:763 chunk-dur:22ms, timestamp:25400 - rtmpquic.go:220
2026/03/12 14:37:35.468503 [22;34mDEBUG[0m Return monitor from  scheduler : , bw flag : false, limit : 0 - rtmpquic.go:249
2026/03/12 14:37:35.468602 [22;36m INFO[0m IframeComing true, resideSizeInGOP -275993, meanGOP 1.664786e+06, meanI 248325, curgop 1940779, curI 282427 - rtmpquic.go:283
2026/03/12 14:37:35.468619 [22;36m INFO[0m UNKEYBEHIND 42,limit:0 - rtmpquic.go:284
2026/03/12 14:37:35.468630 [22;34mDEBUG[0m 42 p frame 23492 - rtmpquic.go:294
2026/03/12 14:37:35.468675 [22;34mDEBUG[0m 
chunk:764 chunk-dur:31ms, timestamp:25434 - rtmpquic.go:220
2026/03/12 14:37:35.502663 [22;34mDEBUG[0m Return monitor from  scheduler : , bw flag : false, limit : 0 - rtmpquic.go:249
2026/03/12 14:37:35.502755 [22;36m INFO[0m IframeComing true, resideSizeInGOP -287751, meanGOP 1.664786e+06, meanI 248325, curgop 1952537, curI 282427 - rtmpquic.go:283
2026/03/12 14:37:35.502768 [22;36m INFO[0m UNKEYBEHIND 43,limit:0 - rtmpquic.go:284
2026/03/12 14:37:35.502783 [22;34mDEBUG[0m 43 p frame 11758 - rtmpquic.go:294
2026/03/12 14:37:35.502817 [22;34mDEBUG[0m 
chunk:765 chunk-dur:34ms, timestamp:25467 - rtmpquic.go:220
2026/03/12 14:37:35.535016 [22;34mDEBUG[0m Return monitor from  scheduler : , bw flag : false, limit : 0 - rtmpquic.go:249
2026/03/12 14:37:35.535038 [22;36m INFO[0m IframeComing true, resideSizeInGOP -299467, meanGOP 1.664786e+06, meanI 248325, curgop 1964253, curI 282427 - rtmpquic.go:283
2026/03/12 14:37:35.535054 [22;36m INFO[0m UNKEYBEHIND 44,limit:0 - rtmpquic.go:284
2026/03/12 14:37:35.535101 [22;34mDEBUG[0m 44 p frame 11716 - rtmpquic.go:294
2026/03/12 14:37:35.535206 [22;34mDEBUG[0m 
chunk:766 chunk-dur:33ms, timestamp:25500 - rtmpquic.go:220
2026/03/12 14:37:35.567962 [22;34mDEBUG[0m Return monitor from  scheduler : , bw flag : false, limit : 0 - rtmpquic.go:249
2026/03/12 14:37:35.567991 [22;36m INFO[0m IframeComing true, resideSizeInGOP -375326, meanGOP 1.664786e+06, meanI 248325, curgop 2040112, curI 282427 - rtmpquic.go:283
2026/03/12 14:37:35.567998 [22;36m INFO[0m UNKEYBEHIND 45,limit:0 - rtmpquic.go:284
2026/03/12 14:37:35.568008 [22;34mDEBUG[0m 45 p frame 75859 - rtmpquic.go:294
2026/03/12 14:37:35.568054 [22;34mDEBUG[0m 
chunk:767 chunk-dur:33ms, timestamp:25534 - rtmpquic.go:220
2026/03/12 14:37:35.601210 [22;34mDEBUG[0m Return monitor from  scheduler : , bw flag : false, limit : 0 - rtmpquic.go:249
2026/03/12 14:37:35.601259 [22;36m INFO[0m IframeComing true, resideSizeInGOP -404356, meanGOP 1.664786e+06, meanI 248325, curgop 2069142, curI 282427 - rtmpquic.go:283
2026/03/12 14:37:35.601266 [22;36m INFO[0m UNKEYBEHIND 46,limit:0 - rtmpquic.go:284
2026/03/12 14:37:35.601270 [22;34mDEBUG[0m 46 p frame 29030 - rtmpquic.go:294
2026/03/12 14:37:35.601307 [22;34mDEBUG[0m 
chunk:768 chunk-dur:33ms, timestamp:25567 - rtmpquic.go:220
2026/03/12 14:37:35.634821 [22;34mDEBUG[0m Return monitor from  scheduler : , bw flag : false, limit : 0 - rtmpquic.go:249
2026/03/12 14:37:35.634847 [22;36m INFO[0m IframeComing true, resideSizeInGOP -418716, meanGOP 1.664786e+06, meanI 248325, curgop 2083502, curI 282427 - rtmpquic.go:283
2026/03/12 14:37:35.634852 [22;36m INFO[0m UNKEYBEHIND 47,limit:0 - rtmpquic.go:284
2026/03/12 14:37:35.634855 [22;34mDEBUG[0m 47 p frame 14360 - rtmpquic.go:294
2026/03/12 14:37:35.635048 [22;34mDEBUG[0m 
chunk:769 chunk-dur:34ms, timestamp:25600 - rtmpquic.go:220
2026/03/12 14:37:35.667560 [22;34mDEBUG[0m Return monitor from  scheduler : , bw flag : false, limit : 0 - rtmpquic.go:249
2026/03/12 14:37:35.667621 [22;36m INFO[0m IframeComing true, resideSizeInGOP -439021, meanGOP 1.664786e+06, meanI 248325, curgop 2103807, curI 282427 - rtmpquic.go:283
2026/03/12 14:37:35.667630 [22;36m INFO[0m UNKEYBEHIND 48,limit:0 - rtmpquic.go:284
2026/03/12 14:37:35.667634 [22;34mDEBUG[0m 48 p frame 20305 - rtmpquic.go:294
2026/03/12 14:37:35.667734 [22;34mDEBUG[0m 
chunk:770 chunk-dur:32ms, timestamp:25634 - rtmpquic.go:220
2026/03/12 14:37:35.702372 [22;34mDEBUG[0m Return monitor from  scheduler : , bw flag : false, limit : 0 - rtmpquic.go:249
2026/03/12 14:37:35.702389 [22;36m INFO[0m IframeComing true, resideSizeInGOP -533454, meanGOP 1.664786e+06, meanI 248325, curgop 2198240, curI 282427 - rtmpquic.go:283
2026/03/12 14:37:35.702393 [22;36m INFO[0m UNKEYBEHIND 49,limit:0 - rtmpquic.go:284
2026/03/12 14:37:35.702397 [22;34mDEBUG[0m 49 p frame 94433 - rtmpquic.go:294
2026/03/12 14:37:35.702446 [22;34mDEBUG[0m 
chunk:771 chunk-dur:35ms, timestamp:25667 - rtmpquic.go:220
2026/03/12 14:37:35.735448 [22;34mDEBUG[0m Return monitor from  scheduler : , bw flag : false, limit : 0 - rtmpquic.go:249
2026/03/12 14:37:35.735472 [22;36m INFO[0m IframeComing true, resideSizeInGOP -572354, meanGOP 1.664786e+06, meanI 248325, curgop 2237140, curI 282427 - rtmpquic.go:283
2026/03/12 14:37:35.735477 [22;36m INFO[0m UNKEYBEHIND 50,limit:0 - rtmpquic.go:284
2026/03/12 14:37:35.735480 [22;34mDEBUG[0m 50 p frame 38900 - rtmpquic.go:294
2026/03/12 14:37:35.735521 [22;34mDEBUG[0m 
chunk:772 chunk-dur:33ms, timestamp:25700 - rtmpquic.go:220
2026/03/12 14:37:35.767833 [22;34mDEBUG[0m Return monitor from  scheduler : , bw flag : false, limit : 0 - rtmpquic.go:249
2026/03/12 14:37:35.767860 [22;36m INFO[0m IframeComing true, resideSizeInGOP -580855, meanGOP 1.664786e+06, meanI 248325, curgop 2245641, curI 282427 - rtmpquic.go:283
2026/03/12 14:37:35.767865 [22;36m INFO[0m UNKEYBEHIND 51,limit:0 - rtmpquic.go:284
2026/03/12 14:37:35.767938 [22;34mDEBUG[0m 51 p frame 8501 - rtmpquic.go:294
2026/03/12 14:37:35.767994 [22;34mDEBUG[0m 
chunk:773 chunk-dur:32ms, timestamp:25734 - rtmpquic.go:220
2026/03/12 14:37:35.802712 [22;34mDEBUG[0m Return monitor from  scheduler : , bw flag : false, limit : 0 - rtmpquic.go:249
2026/03/12 14:37:35.802735 [22;36m INFO[0m IframeComing true, resideSizeInGOP -615675, meanGOP 1.664786e+06, meanI 248325, curgop 2280461, curI 282427 - rtmpquic.go:283
2026/03/12 14:37:35.802740 [22;36m INFO[0m UNKEYBEHIND 52,limit:0 - rtmpquic.go:284
2026/03/12 14:37:35.802743 [22;34mDEBUG[0m 52 p frame 34820 - rtmpquic.go:294
2026/03/12 14:37:35.802955 [22;34mDEBUG[0m 
chunk:774 chunk-dur:35ms, timestamp:25767 - rtmpquic.go:220
2026/03/12 14:37:35.836024 [22;34mDEBUG[0m Return monitor from  scheduler : , bw flag : false, limit : 0 - rtmpquic.go:249
2026/03/12 14:37:35.836044 [22;36m INFO[0m IframeComing true, resideSizeInGOP -708643, meanGOP 1.664786e+06, meanI 248325, curgop 2373429, curI 282427 - rtmpquic.go:283
2026/03/12 14:37:35.836048 [22;36m INFO[0m UNKEYBEHIND 53,limit:0 - rtmpquic.go:284
2026/03/12 14:37:35.836052 [22;34mDEBUG[0m 53 p frame 92968 - rtmpquic.go:294
2026/03/12 14:37:35.836084 [22;34mDEBUG[0m 
chunk:775 chunk-dur:34ms, timestamp:25800 - rtmpquic.go:220
2026/03/12 14:37:35.867292 [22;34mDEBUG[0m Return monitor from  scheduler : , bw flag : false, limit : 0 - rtmpquic.go:249
2026/03/12 14:37:35.867318 [22;36m INFO[0m IframeComing true, resideSizeInGOP -727414, meanGOP 1.664786e+06, meanI 248325, curgop 2392200, curI 282427 - rtmpquic.go:283
2026/03/12 14:37:35.867325 [22;36m INFO[0m UNKEYBEHIND 54,limit:0 - rtmpquic.go:284
2026/03/12 14:37:35.867331 [22;34mDEBUG[0m 54 p frame 18771 - rtmpquic.go:294
2026/03/12 14:37:35.867361 [22;34mDEBUG[0m 
chunk:776 chunk-dur:31ms, timestamp:25834 - rtmpquic.go:220
2026/03/12 14:37:35.903102 [22;34mDEBUG[0m Return monitor from  scheduler : , bw flag : false, limit : 0 - rtmpquic.go:249
2026/03/12 14:37:35.903127 [22;36m INFO[0m IframeComing true, resideSizeInGOP -737667, meanGOP 1.664786e+06, meanI 248325, curgop 2402453, curI 282427 - rtmpquic.go:283
2026/03/12 14:37:35.903133 [22;36m INFO[0m UNKEYBEHIND 55,limit:0 - rtmpquic.go:284
2026/03/12 14:37:35.903137 [22;34mDEBUG[0m 55 p frame 10253 - rtmpquic.go:294
2026/03/12 14:37:35.903187 [22;34mDEBUG[0m 
chunk:777 chunk-dur:36ms, timestamp:25867 - rtmpquic.go:220
2026/03/12 14:37:35.934725 [22;34mDEBUG[0m Return monitor from  scheduler : , bw flag : false, limit : 0 - rtmpquic.go:249
2026/03/12 14:37:35.934772 [22;36m INFO[0m IframeComing true, resideSizeInGOP -747260, meanGOP 1.664786e+06, meanI 248325, curgop 2412046, curI 282427 - rtmpquic.go:283
2026/03/12 14:37:35.934778 [22;36m INFO[0m UNKEYBEHIND 56,limit:0 - rtmpquic.go:284
2026/03/12 14:37:35.934781 [22;34mDEBUG[0m 56 p frame 9593 - rtmpquic.go:294
2026/03/12 14:37:35.934845 [22;34mDEBUG[0m 
chunk:778 chunk-dur:31ms, timestamp:25900 - rtmpquic.go:220
2026/03/12 14:37:35.970475 [22;34mDEBUG[0m Return monitor from  scheduler : , bw flag : false, limit : 0 - rtmpquic.go:249
2026/03/12 14:37:35.970519 [22;36m INFO[0m IframeComing true, resideSizeInGOP -787276, meanGOP 1.664786e+06, meanI 248325, curgop 2452062, curI 282427 - rtmpquic.go:283
2026/03/12 14:37:35.970524 [22;36m INFO[0m UNKEYBEHIND 57,limit:0 - rtmpquic.go:284
2026/03/12 14:37:35.970528 [22;34mDEBUG[0m 57 p frame 40016 - rtmpquic.go:294
2026/03/12 14:37:35.970599 [22;34mDEBUG[0m 
chunk:779 chunk-dur:36ms, timestamp:25934 - rtmpquic.go:220
2026/03/12 14:37:36.001627 [22;34mDEBUG[0m Return monitor from  scheduler : , bw flag : false, limit : 0 - rtmpquic.go:249
2026/03/12 14:37:36.001647 [22;36m INFO[0m IframeComing true, resideSizeInGOP -800696, meanGOP 1.664786e+06, meanI 248325, curgop 2465482, curI 282427 - rtmpquic.go:283
2026/03/12 14:37:36.001652 [22;36m INFO[0m UNKEYBEHIND 58,limit:0 - rtmpquic.go:284
2026/03/12 14:37:36.001655 [22;34mDEBUG[0m 58 p frame 13420 - rtmpquic.go:294
2026/03/12 14:37:36.001703 [22;34mDEBUG[0m 
chunk:780 chunk-dur:31ms, timestamp:25967 - rtmpquic.go:220
2026/03/12 14:37:36.035447 [22;34mDEBUG[0m Return monitor from  scheduler : , bw flag : false, limit : 0 - rtmpquic.go:249
2026/03/12 14:37:36.035465 [22;36m INFO[0m IframeComing true, resideSizeInGOP -815411, meanGOP 1.664786e+06, meanI 248325, curgop 2480197, curI 282427 - rtmpquic.go:283
2026/03/12 14:37:36.035469 [22;36m INFO[0m UNKEYBEHIND 59,limit:0 - rtmpquic.go:284
2026/03/12 14:37:36.035473 [22;34mDEBUG[0m 59 p frame 14715 - rtmpquic.go:294
2026/03/12 14:37:36.035756 [22;34mDEBUG[0m 
chunk:781 chunk-dur:34ms, timestamp:26000 - rtmpquic.go:220
2026/03/12 14:37:36.068628 [22;34mDEBUG[0m Return monitor from  scheduler : , bw flag : false, limit : 0 - rtmpquic.go:249
key tag 212730
2026/03/12 14:37:36.068683 [22;34mDEBUG[0m 14 I frame 212730 - rtmpquic.go:275
2026/03/12 14:37:36.068817 [22;34mDEBUG[0m 
chunk:782 chunk-dur:33ms, timestamp:26034 - rtmpquic.go:220
2026/03/12 14:37:36.082338 [22;34mDEBUG[0m bitrate:9.755630 Mbps - client_session.go:438
2026/03/12 14:37:36.102571 [22;34mDEBUG[0m Return monitor from  scheduler : , bw flag : false, limit : 0 - rtmpquic.go:249
2026/03/12 14:37:36.102594 [22;36m INFO[0m IframeComing false, resideSizeInGOP 1.444072e+06, meanGOP 1.72751e+06, meanI 250948, curgop 283438, curI 212730 - rtmpquic.go:283
2026/03/12 14:37:36.102599 [22;36m INFO[0m UNKEYBEHIND 1,limit:0 - rtmpquic.go:284
2026/03/12 14:37:36.102603 [22;34mDEBUG[0m 1 p frame 70708 - rtmpquic.go:294
2026/03/12 14:37:36.102644 [22;34mDEBUG[0m 
chunk:783 chunk-dur:34ms, timestamp:26067 - rtmpquic.go:220
2026/03/12 14:37:36.135015 [22;34mDEBUG[0m Return monitor from  scheduler : , bw flag : false, limit : 0 - rtmpquic.go:249
2026/03/12 14:37:36.135036 [22;36m INFO[0m IframeComing false, resideSizeInGOP 1.412721e+06, meanGOP 1.72751e+06, meanI 250948, curgop 314789, curI 212730 - rtmpquic.go:283
2026/03/12 14:37:36.135041 [22;36m INFO[0m UNKEYBEHIND 2,limit:0 - rtmpquic.go:284
2026/03/12 14:37:36.135044 [22;34mDEBUG[0m 2 p frame 31351 - rtmpquic.go:294
2026/03/12 14:37:36.135052 [22;34mDEBUG[0m 
chunk:784 chunk-dur:33ms, timestamp:26100 - rtmpquic.go:220
2026/03/12 14:37:36.167182 [22;34mDEBUG[0m Return monitor from  scheduler : , bw flag : false, limit : 0 - rtmpquic.go:249
2026/03/12 14:37:36.167216 [22;36m INFO[0m IframeComing false, resideSizeInGOP 1.403595e+06, meanGOP 1.72751e+06, meanI 250948, curgop 323915, curI 212730 - rtmpquic.go:283
2026/03/12 14:37:36.167222 [22;36m INFO[0m UNKEYBEHIND 3,limit:0 - rtmpquic.go:284
2026/03/12 14:37:36.167225 [22;34mDEBUG[0m 3 p frame 9126 - rtmpquic.go:294
2026/03/12 14:37:36.167257 [22;34mDEBUG[0m 
chunk:785 chunk-dur:32ms, timestamp:26134 - rtmpquic.go:220
2026/03/12 14:37:36.202017 [22;34mDEBUG[0m Return monitor from  scheduler : , bw flag : false, limit : 0 - rtmpquic.go:249
2026/03/12 14:37:36.202036 [22;36m INFO[0m IframeComing false, resideSizeInGOP 1.385939e+06, meanGOP 1.72751e+06, meanI 250948, curgop 341571, curI 212730 - rtmpquic.go:283
2026/03/12 14:37:36.202040 [22;36m INFO[0m UNKEYBEHIND 4,limit:0 - rtmpquic.go:284
2026/03/12 14:37:36.202044 [22;34mDEBUG[0m 4 p frame 17656 - rtmpquic.go:294
2026/03/12 14:37:36.202101 [22;34mDEBUG[0m 
chunk:786 chunk-dur:35ms, timestamp:26167 - rtmpquic.go:220
2026/03/12 14:37:36.234449 [22;34mDEBUG[0m Return monitor from  scheduler : , bw flag : false, limit : 0 - rtmpquic.go:249
2026/03/12 14:37:36.234489 [22;36m INFO[0m IframeComing false, resideSizeInGOP 1.339601e+06, meanGOP 1.72751e+06, meanI 250948, curgop 387909, curI 212730 - rtmpquic.go:283
2026/03/12 14:37:36.234493 [22;36m INFO[0m UNKEYBEHIND 5,limit:0 - rtmpquic.go:284
2026/03/12 14:37:36.234497 [22;34mDEBUG[0m 5 p frame 46338 - rtmpquic.go:294
2026/03/12 14:37:36.234543 [22;34mDEBUG[0m 
chunk:787 chunk-dur:32ms, timestamp:26200 - rtmpquic.go:220
2026/03/12 14:37:36.268423 [22;34mDEBUG[0m Return monitor from  scheduler : , bw flag : false, limit : 0 - rtmpquic.go:249
2026/03/12 14:37:36.268439 [22;36m INFO[0m IframeComing false, resideSizeInGOP 1.307554e+06, meanGOP 1.72751e+06, meanI 250948, curgop 419956, curI 212730 - rtmpquic.go:283
2026/03/12 14:37:36.268443 [22;36m INFO[0m UNKEYBEHIND 6,limit:0 - rtmpquic.go:284
2026/03/12 14:37:36.268447 [22;34mDEBUG[0m 6 p frame 32047 - rtmpquic.go:294
2026/03/12 14:37:36.268510 [22;34mDEBUG[0m 
chunk:788 chunk-dur:34ms, timestamp:26234 - rtmpquic.go:220
2026/03/12 14:37:36.301957 [22;34mDEBUG[0m Return monitor from  scheduler : , bw flag : false, limit : 0 - rtmpquic.go:249
2026/03/12 14:37:36.301984 [22;36m INFO[0m IframeComing false, resideSizeInGOP 1.277897e+06, meanGOP 1.72751e+06, meanI 250948, curgop 449613, curI 212730 - rtmpquic.go:283
2026/03/12 14:37:36.301990 [22;36m INFO[0m UNKEYBEHIND 7,limit:0 - rtmpquic.go:284
2026/03/12 14:37:36.301993 [22;34mDEBUG[0m 7 p frame 29657 - rtmpquic.go:294
2026/03/12 14:37:36.302114 [22;34mDEBUG[0m 
chunk:789 chunk-dur:34ms, timestamp:26267 - rtmpquic.go:220
2026/03/12 14:37:36.335013 [22;34mDEBUG[0m Return monitor from  scheduler : , bw flag : false, limit : 0 - rtmpquic.go:249
2026/03/12 14:37:36.335031 [22;36m INFO[0m IframeComing false, resideSizeInGOP 1.226536e+06, meanGOP 1.72751e+06, meanI 250948, curgop 500974, curI 212730 - rtmpquic.go:283
2026/03/12 14:37:36.335065 [22;36m INFO[0m UNKEYBEHIND 8,limit:0 - rtmpquic.go:284
2026/03/12 14:37:36.335070 [22;34mDEBUG[0m 8 p frame 51361 - rtmpquic.go:294
2026/03/12 14:37:36.335108 [22;34mDEBUG[0m 
chunk:790 chunk-dur:33ms, timestamp:26300 - rtmpquic.go:220
2026/03/12 14:37:36.367337 [22;34mDEBUG[0m Return monitor from  scheduler : , bw flag : false, limit : 0 - rtmpquic.go:249
2026/03/12 14:37:36.367360 [22;36m INFO[0m IframeComing false, resideSizeInGOP 1.203093e+06, meanGOP 1.72751e+06, meanI 250948, curgop 524417, curI 212730 - rtmpquic.go:283
2026/03/12 14:37:36.367365 [22;36m INFO[0m UNKEYBEHIND 9,limit:0 - rtmpquic.go:284
2026/03/12 14:37:36.367369 [22;34mDEBUG[0m 9 p frame 23443 - rtmpquic.go:294
2026/03/12 14:37:36.367465 [22;34mDEBUG[0m 
chunk:791 chunk-dur:32ms, timestamp:26334 - rtmpquic.go:220
2026/03/12 14:37:36.403397 [22;34mDEBUG[0m Return monitor from  scheduler : , bw flag : false, limit : 0 - rtmpquic.go:249
2026/03/12 14:37:36.403427 [22;36m INFO[0m IframeComing false, resideSizeInGOP 1.136059e+06, meanGOP 1.72751e+06, meanI 250948, curgop 591451, curI 212730 - rtmpquic.go:283
2026/03/12 14:37:36.403434 [22;36m INFO[0m UNKEYBEHIND 10,limit:0 - rtmpquic.go:284
2026/03/12 14:37:36.403438 [22;34mDEBUG[0m 10 p frame 67034 - rtmpquic.go:294
2026/03/12 14:37:36.403543 [22;34mDEBUG[0m 
chunk:792 chunk-dur:36ms, timestamp:26367 - rtmpquic.go:220
2026/03/12 14:37:36.435339 [22;34mDEBUG[0m Return monitor from  scheduler : , bw flag : false, limit : 0 - rtmpquic.go:249
2026/03/12 14:37:36.435365 [22;36m INFO[0m IframeComing false, resideSizeInGOP 1.082159e+06, meanGOP 1.72751e+06, meanI 250948, curgop 645351, curI 212730 - rtmpquic.go:283
2026/03/12 14:37:36.435371 [22;36m INFO[0m UNKEYBEHIND 11,limit:0 - rtmpquic.go:284
2026/03/12 14:37:36.435376 [22;34mDEBUG[0m 11 p frame 53900 - rtmpquic.go:294
2026/03/12 14:37:36.435460 [22;34mDEBUG[0m 
chunk:793 chunk-dur:32ms, timestamp:26400 - rtmpquic.go:220
2026/03/12 14:37:36.467617 [22;34mDEBUG[0m Return monitor from  scheduler : , bw flag : false, limit : 0 - rtmpquic.go:249
2026/03/12 14:37:36.467641 [22;36m INFO[0m IframeComing false, resideSizeInGOP 1.039512e+06, meanGOP 1.72751e+06, meanI 250948, curgop 687998, curI 212730 - rtmpquic.go:283
2026/03/12 14:37:36.467646 [22;36m INFO[0m UNKEYBEHIND 12,limit:0 - rtmpquic.go:284
2026/03/12 14:37:36.467649 [22;34mDEBUG[0m 12 p frame 42647 - rtmpquic.go:294
2026/03/12 14:37:36.467700 [22;34mDEBUG[0m 
chunk:794 chunk-dur:32ms, timestamp:26434 - rtmpquic.go:220
2026/03/12 14:37:36.502514 [22;34mDEBUG[0m Return monitor from  scheduler : , bw flag : false, limit : 0 - rtmpquic.go:249
2026/03/12 14:37:36.502544 [22;36m INFO[0m IframeComing false, resideSizeInGOP 1.007835e+06, meanGOP 1.72751e+06, meanI 250948, curgop 719675, curI 212730 - rtmpquic.go:283
2026/03/12 14:37:36.502549 [22;36m INFO[0m UNKEYBEHIND 13,limit:0 - rtmpquic.go:284
2026/03/12 14:37:36.502552 [22;34mDEBUG[0m 13 p frame 31677 - rtmpquic.go:294
2026/03/12 14:37:36.502659 [22;34mDEBUG[0m 
chunk:795 chunk-dur:35ms, timestamp:26467 - rtmpquic.go:220
2026/03/12 14:37:36.535916 [22;34mDEBUG[0m Return monitor from  scheduler : , bw flag : false, limit : 0 - rtmpquic.go:249
2026/03/12 14:37:36.535955 [22;36m INFO[0m IframeComing false, resideSizeInGOP 922949, meanGOP 1.72751e+06, meanI 250948, curgop 804561, curI 212730 - rtmpquic.go:283
2026/03/12 14:37:36.535960 [22;36m INFO[0m UNKEYBEHIND 14,limit:0 - rtmpquic.go:284
2026/03/12 14:37:36.535964 [22;34mDEBUG[0m 14 p frame 84886 - rtmpquic.go:294
2026/03/12 14:37:36.536021 [22;34mDEBUG[0m 
chunk:796 chunk-dur:34ms, timestamp:26500 - rtmpquic.go:220
2026/03/12 14:37:36.568906 [22;34mDEBUG[0m Return monitor from  scheduler : , bw flag : false, limit : 0 - rtmpquic.go:249
2026/03/12 14:37:36.568927 [22;36m INFO[0m IframeComing false, resideSizeInGOP 874357, meanGOP 1.72751e+06, meanI 250948, curgop 853153, curI 212730 - rtmpquic.go:283
2026/03/12 14:37:36.568932 [22;36m INFO[0m UNKEYBEHIND 15,limit:0 - rtmpquic.go:284
2026/03/12 14:37:36.568942 [22;34mDEBUG[0m 15 p frame 48592 - rtmpquic.go:294
2026/03/12 14:37:36.568994 [22;34mDEBUG[0m 
chunk:797 chunk-dur:32ms, timestamp:26534 - rtmpquic.go:220
2026/03/12 14:37:36.602908 [22;34mDEBUG[0m Return monitor from  scheduler : , bw flag : false, limit : 0 - rtmpquic.go:249
2026/03/12 14:37:36.602938 [22;36m INFO[0m IframeComing false, resideSizeInGOP 829613, meanGOP 1.72751e+06, meanI 250948, curgop 897897, curI 212730 - rtmpquic.go:283
2026/03/12 14:37:36.602943 [22;36m INFO[0m UNKEYBEHIND 16,limit:0 - rtmpquic.go:284
2026/03/12 14:37:36.602946 [22;34mDEBUG[0m 16 p frame 44744 - rtmpquic.go:294
2026/03/12 14:37:36.602993 [22;34mDEBUG[0m 
chunk:798 chunk-dur:34ms, timestamp:26567 - rtmpquic.go:220
2026/03/12 14:37:36.635981 [22;34mDEBUG[0m Return monitor from  scheduler : , bw flag : false, limit : 0 - rtmpquic.go:249
2026/03/12 14:37:36.636010 [22;36m INFO[0m IframeComing false, resideSizeInGOP 791958, meanGOP 1.72751e+06, meanI 250948, curgop 935552, curI 212730 - rtmpquic.go:283
2026/03/12 14:37:36.636014 [22;36m INFO[0m UNKEYBEHIND 17,limit:0 - rtmpquic.go:284
2026/03/12 14:37:36.636018 [22;34mDEBUG[0m 17 p frame 37655 - rtmpquic.go:294
2026/03/12 14:37:36.636110 [22;34mDEBUG[0m 
chunk:799 chunk-dur:34ms, timestamp:26600 - rtmpquic.go:220
2026/03/12 14:37:36.667195 [22;34mDEBUG[0m Return monitor from  scheduler : , bw flag : false, limit : 0 - rtmpquic.go:249
2026/03/12 14:37:36.667255 [22;36m INFO[0m IframeComing false, resideSizeInGOP 715384, meanGOP 1.72751e+06, meanI 250948, curgop 1012126, curI 212730 - rtmpquic.go:283
2026/03/12 14:37:36.667263 [22;36m INFO[0m UNKEYBEHIND 18,limit:0 - rtmpquic.go:284
2026/03/12 14:37:36.667267 [22;34mDEBUG[0m 18 p frame 76574 - rtmpquic.go:294
2026/03/12 14:37:36.667316 [22;34mDEBUG[0m 
chunk:800 chunk-dur:31ms, timestamp:26634 - rtmpquic.go:220
2026/03/12 14:37:36.701789 [22;34mDEBUG[0m Return monitor from  scheduler : , bw flag : false, limit : 0 - rtmpquic.go:249
2026/03/12 14:37:36.701816 [22;36m INFO[0m IframeComing false, resideSizeInGOP 697177, meanGOP 1.72751e+06, meanI 250948, curgop 1030333, curI 212730 - rtmpquic.go:283
2026/03/12 14:37:36.701821 [22;36m INFO[0m UNKEYBEHIND 19,limit:0 - rtmpquic.go:284
2026/03/12 14:37:36.701825 [22;34mDEBUG[0m 19 p frame 18207 - rtmpquic.go:294
2026/03/12 14:37:36.701963 [22;34mDEBUG[0m 
chunk:801 chunk-dur:34ms, timestamp:26667 - rtmpquic.go:220
2026/03/12 14:37:36.735972 [22;34mDEBUG[0m Return monitor from  scheduler : , bw flag : false, limit : 0 - rtmpquic.go:249
2026/03/12 14:37:36.736044 [22;36m INFO[0m IframeComing false, resideSizeInGOP 626179, meanGOP 1.72751e+06, meanI 250948, curgop 1101331, curI 212730 - rtmpquic.go:283
2026/03/12 14:37:36.736050 [22;36m INFO[0m UNKEYBEHIND 20,limit:0 - rtmpquic.go:284
2026/03/12 14:37:36.736056 [22;34mDEBUG[0m 20 p frame 70998 - rtmpquic.go:294
2026/03/12 14:37:36.736286 [22;34mDEBUG[0m 
chunk:802 chunk-dur:35ms, timestamp:26700 - rtmpquic.go:220
2026/03/12 14:37:36.767558 [22;34mDEBUG[0m Return monitor from  scheduler : , bw flag : false, limit : 0 - rtmpquic.go:249
2026/03/12 14:37:36.767586 [22;36m INFO[0m IframeComing false, resideSizeInGOP 563057, meanGOP 1.72751e+06, meanI 250948, curgop 1164453, curI 212730 - rtmpquic.go:283
2026/03/12 14:37:36.767591 [22;36m INFO[0m UNKEYBEHIND 21,limit:0 - rtmpquic.go:284
2026/03/12 14:37:36.767595 [22;34mDEBUG[0m 21 p frame 63122 - rtmpquic.go:294
2026/03/12 14:37:36.767652 [22;34mDEBUG[0m 
chunk:803 chunk-dur:31ms, timestamp:26734 - rtmpquic.go:220
2026/03/12 14:37:36.801801 [22;34mDEBUG[0m Return monitor from  scheduler : , bw flag : false, limit : 0 - rtmpquic.go:249
2026/03/12 14:37:36.801823 [22;36m INFO[0m IframeComing false, resideSizeInGOP 542283, meanGOP 1.72751e+06, meanI 250948, curgop 1185227, curI 212730 - rtmpquic.go:283
2026/03/12 14:37:36.801827 [22;36m INFO[0m UNKEYBEHIND 22,limit:0 - rtmpquic.go:284
2026/03/12 14:37:36.801830 [22;34mDEBUG[0m 22 p frame 20774 - rtmpquic.go:294
2026/03/12 14:37:36.801860 [22;34mDEBUG[0m 
chunk:804 chunk-dur:34ms, timestamp:26767 - rtmpquic.go:220
2026/03/12 14:37:36.835288 [22;34mDEBUG[0m Return monitor from  scheduler : , bw flag : false, limit : 0 - rtmpquic.go:249
2026/03/12 14:37:36.835313 [22;36m INFO[0m IframeComing false, resideSizeInGOP 526424, meanGOP 1.72751e+06, meanI 250948, curgop 1201086, curI 212730 - rtmpquic.go:283
2026/03/12 14:37:36.835318 [22;36m INFO[0m UNKEYBEHIND 23,limit:0 - rtmpquic.go:284
2026/03/12 14:37:36.835321 [22;34mDEBUG[0m 23 p frame 15859 - rtmpquic.go:294
2026/03/12 14:37:36.835421 [22;34mDEBUG[0m 
chunk:805 chunk-dur:34ms, timestamp:26800 - rtmpquic.go:220
2026/03/12 14:37:36.868244 [22;34mDEBUG[0m Return monitor from  scheduler : , bw flag : false, limit : 0 - rtmpquic.go:249
2026/03/12 14:37:36.868263 [22;36m INFO[0m IframeComing false, resideSizeInGOP 454012, meanGOP 1.72751e+06, meanI 250948, curgop 1273498, curI 212730 - rtmpquic.go:283
2026/03/12 14:37:36.868267 [22;36m INFO[0m UNKEYBEHIND 24,limit:0 - rtmpquic.go:284
2026/03/12 14:37:36.868271 [22;34mDEBUG[0m 24 p frame 72412 - rtmpquic.go:294
2026/03/12 14:37:36.868306 [22;34mDEBUG[0m 
chunk:806 chunk-dur:33ms, timestamp:26834 - rtmpquic.go:220
2026/03/12 14:37:36.901914 [22;34mDEBUG[0m Return monitor from  scheduler : , bw flag : false, limit : 0 - rtmpquic.go:249
2026/03/12 14:37:36.901977 [22;36m INFO[0m IframeComing false, resideSizeInGOP 417141, meanGOP 1.72751e+06, meanI 250948, curgop 1310369, curI 212730 - rtmpquic.go:283
2026/03/12 14:37:36.901990 [22;36m INFO[0m UNKEYBEHIND 25,limit:0 - rtmpquic.go:284
2026/03/12 14:37:36.901994 [22;34mDEBUG[0m 25 p frame 36871 - rtmpquic.go:294
2026/03/12 14:37:36.902026 [22;34mDEBUG[0m 
chunk:807 chunk-dur:34ms, timestamp:26867 - rtmpquic.go:220
2026/03/12 14:37:36.935718 [22;34mDEBUG[0m Return monitor from  scheduler : , bw flag : false, limit : 0 - rtmpquic.go:249
2026/03/12 14:37:36.935755 [22;36m INFO[0m IframeComing false, resideSizeInGOP 398049, meanGOP 1.72751e+06, meanI 250948, curgop 1329461, curI 212730 - rtmpquic.go:283
2026/03/12 14:37:36.935762 [22;36m INFO[0m UNKEYBEHIND 26,limit:0 - rtmpquic.go:284
2026/03/12 14:37:36.935766 [22;34mDEBUG[0m 26 p frame 19092 - rtmpquic.go:294
2026/03/12 14:37:36.935804 [22;34mDEBUG[0m 
chunk:808 chunk-dur:33ms, timestamp:26900 - rtmpquic.go:220
2026/03/12 14:37:36.968300 [22;34mDEBUG[0m Return monitor from  scheduler : , bw flag : false, limit : 0 - rtmpquic.go:249
2026/03/12 14:37:36.968331 [22;36m INFO[0m IframeComing false, resideSizeInGOP 384182, meanGOP 1.72751e+06, meanI 250948, curgop 1343328, curI 212730 - rtmpquic.go:283
2026/03/12 14:37:36.968343 [22;36m INFO[0m UNKEYBEHIND 27,limit:0 - rtmpquic.go:284
2026/03/12 14:37:36.968348 [22;34mDEBUG[0m 27 p frame 13867 - rtmpquic.go:294
2026/03/12 14:37:36.968468 [22;34mDEBUG[0m 
chunk:809 chunk-dur:33ms, timestamp:26934 - rtmpquic.go:220
2026/03/12 14:37:37.002035 [22;34mDEBUG[0m Return monitor from  scheduler : , bw flag : false, limit : 0 - rtmpquic.go:249
2026/03/12 14:37:37.002059 [22;36m INFO[0m IframeComing false, resideSizeInGOP 290526, meanGOP 1.72751e+06, meanI 250948, curgop 1436984, curI 212730 - rtmpquic.go:283
2026/03/12 14:37:37.002064 [22;36m INFO[0m UNKEYBEHIND 28,limit:0 - rtmpquic.go:284
2026/03/12 14:37:37.002067 [22;34mDEBUG[0m 28 p frame 93656 - rtmpquic.go:294
2026/03/12 14:37:37.002192 [22;34mDEBUG[0m 
chunk:810 chunk-dur:34ms, timestamp:26967 - rtmpquic.go:220
2026/03/12 14:37:37.034314 [22;34mDEBUG[0m Return monitor from  scheduler : , bw flag : false, limit : 0 - rtmpquic.go:249
2026/03/12 14:37:37.034333 [22;36m INFO[0m IframeComing false, resideSizeInGOP 238288, meanGOP 1.72751e+06, meanI 250948, curgop 1489222, curI 212730 - rtmpquic.go:283
2026/03/12 14:37:37.034338 [22;36m INFO[0m UNKEYBEHIND 29,limit:0 - rtmpquic.go:284
2026/03/12 14:37:37.034341 [22;34mDEBUG[0m 29 p frame 52238 - rtmpquic.go:294
2026/03/12 14:37:37.034401 [22;34mDEBUG[0m 
chunk:811 chunk-dur:32ms, timestamp:27000 - rtmpquic.go:220
2026/03/12 14:37:37.068397 [22;34mDEBUG[0m Return monitor from  scheduler : , bw flag : false, limit : 0 - rtmpquic.go:249
2026/03/12 14:37:37.068426 [22;36m INFO[0m IframeComing false, resideSizeInGOP 214720, meanGOP 1.72751e+06, meanI 250948, curgop 1512790, curI 212730 - rtmpquic.go:283
2026/03/12 14:37:37.068436 [22;36m INFO[0m UNKEYBEHIND 30,limit:0 - rtmpquic.go:284
2026/03/12 14:37:37.068441 [22;34mDEBUG[0m 30 p frame 23568 - rtmpquic.go:294
2026/03/12 14:37:37.068521 [22;34mDEBUG[0m 
chunk:812 chunk-dur:34ms, timestamp:27034 - rtmpquic.go:220
2026/03/12 14:37:37.089218 [22;34mDEBUG[0m bitrate:9.850914 Mbps - client_session.go:438
2026/03/12 14:37:37.101598 [22;34mDEBUG[0m Return monitor from  scheduler : , bw flag : false, limit : 0 - rtmpquic.go:249
2026/03/12 14:37:37.101630 [22;36m INFO[0m IframeComing false, resideSizeInGOP 197773, meanGOP 1.72751e+06, meanI 250948, curgop 1529737, curI 212730 - rtmpquic.go:283
2026/03/12 14:37:37.101637 [22;36m INFO[0m UNKEYBEHIND 31,limit:0 - rtmpquic.go:284
2026/03/12 14:37:37.101652 [22;34mDEBUG[0m 31 p frame 16947 - rtmpquic.go:294
2026/03/12 14:37:37.101792 [22;34mDEBUG[0m 
chunk:813 chunk-dur:33ms, timestamp:27067 - rtmpquic.go:220
2026/03/12 14:37:37.135287 [22;34mDEBUG[0m Return monitor from  scheduler : , bw flag : false, limit : 0 - rtmpquic.go:249
2026/03/12 14:37:37.135313 [22;36m INFO[0m IframeComing false, resideSizeInGOP 84291, meanGOP 1.72751e+06, meanI 250948, curgop 1643219, curI 212730 - rtmpquic.go:283
2026/03/12 14:37:37.135317 [22;36m INFO[0m UNKEYBEHIND 32,limit:0 - rtmpquic.go:284
2026/03/12 14:37:37.135321 [22;34mDEBUG[0m 32 p frame 113482 - rtmpquic.go:294
2026/03/12 14:37:37.135400 [22;34mDEBUG[0m 
chunk:814 chunk-dur:34ms, timestamp:27100 - rtmpquic.go:220
2026/03/12 14:37:37.168182 [22;34mDEBUG[0m Return monitor from  scheduler : , bw flag : false, limit : 0 - rtmpquic.go:249
2026/03/12 14:37:37.168203 [22;36m INFO[0m IframeComing true, resideSizeInGOP 20866, meanGOP 1.72751e+06, meanI 250948, curgop 1706644, curI 212730 - rtmpquic.go:283
2026/03/12 14:37:37.168207 [22;36m INFO[0m UNKEYBEHIND 33,limit:0 - rtmpquic.go:284
2026/03/12 14:37:37.168211 [22;34mDEBUG[0m 33 p frame 63425 - rtmpquic.go:294
2026/03/12 14:37:37.168230 [22;34mDEBUG[0m 
chunk:815 chunk-dur:33ms, timestamp:27134 - rtmpquic.go:220
2026/03/12 14:37:37.201912 [22;34mDEBUG[0m Return monitor from  scheduler : , bw flag : false, limit : 0 - rtmpquic.go:249
2026/03/12 14:37:37.201953 [22;36m INFO[0m IframeComing true, resideSizeInGOP 3322, meanGOP 1.72751e+06, meanI 250948, curgop 1724188, curI 212730 - rtmpquic.go:283
2026/03/12 14:37:37.201962 [22;36m INFO[0m UNKEYBEHIND 34,limit:0 - rtmpquic.go:284
2026/03/12 14:37:37.201966 [22;34mDEBUG[0m 34 p frame 17544 - rtmpquic.go:294
2026/03/12 14:37:37.202062 [22;34mDEBUG[0m 
chunk:816 chunk-dur:34ms, timestamp:27167 - rtmpquic.go:220
2026/03/12 14:37:37.234780 [22;34mDEBUG[0m Return monitor from  scheduler : , bw flag : false, limit : 0 - rtmpquic.go:249
2026/03/12 14:37:37.234803 [22;36m INFO[0m IframeComing true, resideSizeInGOP -18802, meanGOP 1.72751e+06, meanI 250948, curgop 1746312, curI 212730 - rtmpquic.go:283
2026/03/12 14:37:37.234807 [22;36m INFO[0m UNKEYBEHIND 35,limit:0 - rtmpquic.go:284
2026/03/12 14:37:37.234811 [22;34mDEBUG[0m 35 p frame 22124 - rtmpquic.go:294
2026/03/12 14:37:37.235210 [22;34mDEBUG[0m 
chunk:817 chunk-dur:33ms, timestamp:27200 - rtmpquic.go:220
2026/03/12 14:37:37.267505 [22;34mDEBUG[0m Return monitor from  scheduler : , bw flag : false, limit : 0 - rtmpquic.go:249
2026/03/12 14:37:37.267528 [22;36m INFO[0m IframeComing true, resideSizeInGOP -92036, meanGOP 1.72751e+06, meanI 250948, curgop 1819546, curI 212730 - rtmpquic.go:283
2026/03/12 14:37:37.267533 [22;36m INFO[0m UNKEYBEHIND 36,limit:0 - rtmpquic.go:284
2026/03/12 14:37:37.267536 [22;34mDEBUG[0m 36 p frame 73234 - rtmpquic.go:294
2026/03/12 14:37:37.267736 [22;34mDEBUG[0m 
chunk:818 chunk-dur:32ms, timestamp:27234 - rtmpquic.go:220
2026/03/12 14:37:37.302459 [22;34mDEBUG[0m Return monitor from  scheduler : , bw flag : false, limit : 0 - rtmpquic.go:249
2026/03/12 14:37:37.302493 [22;36m INFO[0m IframeComing true, resideSizeInGOP -119705, meanGOP 1.72751e+06, meanI 250948, curgop 1847215, curI 212730 - rtmpquic.go:283
2026/03/12 14:37:37.302499 [22;36m INFO[0m UNKEYBEHIND 37,limit:0 - rtmpquic.go:284
2026/03/12 14:37:37.302510 [22;34mDEBUG[0m 37 p frame 27669 - rtmpquic.go:294
2026/03/12 14:37:37.302535 [22;34mDEBUG[0m 
chunk:819 chunk-dur:35ms, timestamp:27267 - rtmpquic.go:220
2026/03/12 14:37:37.334586 [22;34mDEBUG[0m Return monitor from  scheduler : , bw flag : false, limit : 0 - rtmpquic.go:249
2026/03/12 14:37:37.334626 [22;36m INFO[0m IframeComing true, resideSizeInGOP -129953, meanGOP 1.72751e+06, meanI 250948, curgop 1857463, curI 212730 - rtmpquic.go:283
2026/03/12 14:37:37.334630 [22;36m INFO[0m UNKEYBEHIND 38,limit:0 - rtmpquic.go:284
2026/03/12 14:37:37.334643 [22;34mDEBUG[0m 38 p frame 10248 - rtmpquic.go:294
2026/03/12 14:37:37.334659 [22;34mDEBUG[0m 
chunk:820 chunk-dur:32ms, timestamp:27300 - rtmpquic.go:220
2026/03/12 14:37:37.368677 [22;34mDEBUG[0m Return monitor from  scheduler : , bw flag : false, limit : 0 - rtmpquic.go:249
2026/03/12 14:37:37.368712 [22;36m INFO[0m IframeComing true, resideSizeInGOP -140950, meanGOP 1.72751e+06, meanI 250948, curgop 1868460, curI 212730 - rtmpquic.go:283
2026/03/12 14:37:37.368717 [22;36m INFO[0m UNKEYBEHIND 39,limit:0 - rtmpquic.go:284
2026/03/12 14:37:37.368721 [22;34mDEBUG[0m 39 p frame 10997 - rtmpquic.go:294
2026/03/12 14:37:37.369007 [22;34mDEBUG[0m 
chunk:821 chunk-dur:35ms, timestamp:27334 - rtmpquic.go:220
2026/03/12 14:37:37.401181 [22;34mDEBUG[0m Return monitor from  scheduler : , bw flag : false, limit : 0 - rtmpquic.go:249
2026/03/12 14:37:37.401210 [22;36m INFO[0m IframeComing true, resideSizeInGOP -201061, meanGOP 1.72751e+06, meanI 250948, curgop 1928571, curI 212730 - rtmpquic.go:283
2026/03/12 14:37:37.401214 [22;36m INFO[0m UNKEYBEHIND 40,limit:0 - rtmpquic.go:284
2026/03/12 14:37:37.401218 [22;34mDEBUG[0m 40 p frame 60111 - rtmpquic.go:294
2026/03/12 14:37:37.401288 [22;34mDEBUG[0m 
chunk:822 chunk-dur:32ms, timestamp:27367 - rtmpquic.go:220
2026/03/12 14:37:37.434742 [22;34mDEBUG[0m Return monitor from  scheduler : , bw flag : false, limit : 0 - rtmpquic.go:249
2026/03/12 14:37:37.434786 [22;36m INFO[0m IframeComing true, resideSizeInGOP -217433, meanGOP 1.72751e+06, meanI 250948, curgop 1944943, curI 212730 - rtmpquic.go:283
2026/03/12 14:37:37.434790 [22;36m INFO[0m UNKEYBEHIND 41,limit:0 - rtmpquic.go:284
2026/03/12 14:37:37.434794 [22;34mDEBUG[0m 41 p frame 16372 - rtmpquic.go:294
2026/03/12 14:37:37.435036 [22;34mDEBUG[0m 
chunk:823 chunk-dur:34ms, timestamp:27400 - rtmpquic.go:220
2026/03/12 14:37:37.468098 [22;34mDEBUG[0m Return monitor from  scheduler : , bw flag : false, limit : 0 - rtmpquic.go:249
2026/03/12 14:37:37.468202 [22;36m INFO[0m IframeComing true, resideSizeInGOP -312712, meanGOP 1.72751e+06, meanI 250948, curgop 2040222, curI 212730 - rtmpquic.go:283
2026/03/12 14:37:37.468214 [22;36m INFO[0m UNKEYBEHIND 42,limit:0 - rtmpquic.go:284
2026/03/12 14:37:37.468226 [22;34mDEBUG[0m 42 p frame 95279 - rtmpquic.go:294
2026/03/12 14:37:37.468372 [22;34mDEBUG[0m 
chunk:824 chunk-dur:33ms, timestamp:27434 - rtmpquic.go:220
2026/03/12 14:37:37.502404 [22;34mDEBUG[0m Return monitor from  scheduler : , bw flag : false, limit : 0 - rtmpquic.go:249
2026/03/12 14:37:37.502424 [22;36m INFO[0m IframeComing true, resideSizeInGOP -365345, meanGOP 1.72751e+06, meanI 250948, curgop 2092855, curI 212730 - rtmpquic.go:283
2026/03/12 14:37:37.502429 [22;36m INFO[0m UNKEYBEHIND 43,limit:0 - rtmpquic.go:284
2026/03/12 14:37:37.502432 [22;34mDEBUG[0m 43 p frame 52633 - rtmpquic.go:294
2026/03/12 14:37:37.502469 [22;34mDEBUG[0m 
chunk:825 chunk-dur:34ms, timestamp:27467 - rtmpquic.go:220
2026/03/12 14:37:37.534663 [22;34mDEBUG[0m Return monitor from  scheduler : , bw flag : false, limit : 0 - rtmpquic.go:249
2026/03/12 14:37:37.534688 [22;36m INFO[0m IframeComing true, resideSizeInGOP -387550, meanGOP 1.72751e+06, meanI 250948, curgop 2115060, curI 212730 - rtmpquic.go:283
2026/03/12 14:37:37.534692 [22;36m INFO[0m UNKEYBEHIND 44,limit:0 - rtmpquic.go:284
2026/03/12 14:37:37.534695 [22;34mDEBUG[0m 44 p frame 22205 - rtmpquic.go:294
2026/03/12 14:37:37.534723 [22;34mDEBUG[0m 
chunk:826 chunk-dur:32ms, timestamp:27500 - rtmpquic.go:220
2026/03/12 14:37:37.568767 [22;34mDEBUG[0m Return monitor from  scheduler : , bw flag : false, limit : 0 - rtmpquic.go:249
2026/03/12 14:37:37.568799 [22;36m INFO[0m IframeComing true, resideSizeInGOP -402201, meanGOP 1.72751e+06, meanI 250948, curgop 2129711, curI 212730 - rtmpquic.go:283
2026/03/12 14:37:37.568803 [22;36m INFO[0m UNKEYBEHIND 45,limit:0 - rtmpquic.go:284
2026/03/12 14:37:37.568807 [22;34mDEBUG[0m 45 p frame 14651 - rtmpquic.go:294
2026/03/12 14:37:37.569041 [22;34mDEBUG[0m 
chunk:827 chunk-dur:35ms, timestamp:27534 - rtmpquic.go:220
2026/03/12 14:37:37.601817 [22;34mDEBUG[0m Return monitor from  scheduler : , bw flag : false, limit : 0 - rtmpquic.go:249
2026/03/12 14:37:37.602016 [22;36m INFO[0m IframeComing true, resideSizeInGOP -459941, meanGOP 1.72751e+06, meanI 250948, curgop 2187451, curI 212730 - rtmpquic.go:283
2026/03/12 14:37:37.602025 [22;36m INFO[0m UNKEYBEHIND 46,limit:0 - rtmpquic.go:284
2026/03/12 14:37:37.602043 [22;34mDEBUG[0m 46 p frame 57740 - rtmpquic.go:294
2026/03/12 14:37:37.602232 [22;34mDEBUG[0m 
chunk:828 chunk-dur:33ms, timestamp:27567 - rtmpquic.go:220
2026/03/12 14:37:37.634594 [22;34mDEBUG[0m Return monitor from  scheduler : , bw flag : false, limit : 0 - rtmpquic.go:249
2026/03/12 14:37:37.634683 [22;36m INFO[0m IframeComing true, resideSizeInGOP -510613, meanGOP 1.72751e+06, meanI 250948, curgop 2238123, curI 212730 - rtmpquic.go:283
2026/03/12 14:37:37.634696 [22;36m INFO[0m UNKEYBEHIND 47,limit:0 - rtmpquic.go:284
2026/03/12 14:37:37.634702 [22;34mDEBUG[0m 47 p frame 50672 - rtmpquic.go:294
2026/03/12 14:37:37.636495 [22;34mDEBUG[0m 
chunk:829 chunk-dur:34ms, timestamp:27600 - rtmpquic.go:220
2026/03/12 14:37:37.668533 [22;34mDEBUG[0m Return monitor from  scheduler : , bw flag : false, limit : 0 - rtmpquic.go:249
2026/03/12 14:37:37.668556 [22;36m INFO[0m IframeComing true, resideSizeInGOP -616123, meanGOP 1.72751e+06, meanI 250948, curgop 2343633, curI 212730 - rtmpquic.go:283
2026/03/12 14:37:37.668560 [22;36m INFO[0m UNKEYBEHIND 48,limit:0 - rtmpquic.go:284
2026/03/12 14:37:37.668564 [22;34mDEBUG[0m 48 p frame 105510 - rtmpquic.go:294
2026/03/12 14:37:37.668696 [22;34mDEBUG[0m 
chunk:830 chunk-dur:32ms, timestamp:27634 - rtmpquic.go:220
2026/03/12 14:37:37.702146 [22;34mDEBUG[0m Return monitor from  scheduler : , bw flag : false, limit : 0 - rtmpquic.go:249
2026/03/12 14:37:37.702175 [22;36m INFO[0m IframeComing true, resideSizeInGOP -637580, meanGOP 1.72751e+06, meanI 250948, curgop 2365090, curI 212730 - rtmpquic.go:283
2026/03/12 14:37:37.702180 [22;36m INFO[0m UNKEYBEHIND 49,limit:0 - rtmpquic.go:284
2026/03/12 14:37:37.702183 [22;34mDEBUG[0m 49 p frame 21457 - rtmpquic.go:294
2026/03/12 14:37:37.702305 [22;34mDEBUG[0m 
chunk:831 chunk-dur:34ms, timestamp:27667 - rtmpquic.go:220
2026/03/12 14:37:37.734948 [22;34mDEBUG[0m Return monitor from  scheduler : , bw flag : false, limit : 0 - rtmpquic.go:249
2026/03/12 14:37:37.734977 [22;36m INFO[0m IframeComing true, resideSizeInGOP -649922, meanGOP 1.72751e+06, meanI 250948, curgop 2377432, curI 212730 - rtmpquic.go:283
2026/03/12 14:37:37.734982 [22;36m INFO[0m UNKEYBEHIND 50,limit:0 - rtmpquic.go:284
2026/03/12 14:37:37.734986 [22;34mDEBUG[0m 50 p frame 12342 - rtmpquic.go:294
2026/03/12 14:37:37.735019 [22;34mDEBUG[0m 
chunk:832 chunk-dur:33ms, timestamp:27700 - rtmpquic.go:220
2026/03/12 14:37:37.767890 [22;34mDEBUG[0m Return monitor from  scheduler : , bw flag : false, limit : 0 - rtmpquic.go:249
2026/03/12 14:37:37.767923 [22;36m INFO[0m IframeComing true, resideSizeInGOP -660337, meanGOP 1.72751e+06, meanI 250948, curgop 2387847, curI 212730 - rtmpquic.go:283
2026/03/12 14:37:37.767928 [22;36m INFO[0m UNKEYBEHIND 51,limit:0 - rtmpquic.go:284
2026/03/12 14:37:37.767931 [22;34mDEBUG[0m 51 p frame 10415 - rtmpquic.go:294
2026/03/12 14:37:37.768117 [22;34mDEBUG[0m 
chunk:833 chunk-dur:33ms, timestamp:27734 - rtmpquic.go:220
2026/03/12 14:37:37.801781 [22;34mDEBUG[0m Return monitor from  scheduler : , bw flag : false, limit : 0 - rtmpquic.go:249
2026/03/12 14:37:37.801817 [22;36m INFO[0m IframeComing true, resideSizeInGOP -728829, meanGOP 1.72751e+06, meanI 250948, curgop 2456339, curI 212730 - rtmpquic.go:283
2026/03/12 14:37:37.801824 [22;36m INFO[0m UNKEYBEHIND 52,limit:0 - rtmpquic.go:284
2026/03/12 14:37:37.801829 [22;34mDEBUG[0m 52 p frame 68492 - rtmpquic.go:294
2026/03/12 14:37:37.801856 [22;34mDEBUG[0m 
chunk:834 chunk-dur:33ms, timestamp:27767 - rtmpquic.go:220
2026/03/12 14:37:37.836486 [22;34mDEBUG[0m Return monitor from  scheduler : , bw flag : false, limit : 0 - rtmpquic.go:249
2026/03/12 14:37:37.836513 [22;36m INFO[0m IframeComing true, resideSizeInGOP -742474, meanGOP 1.72751e+06, meanI 250948, curgop 2469984, curI 212730 - rtmpquic.go:283
2026/03/12 14:37:37.836518 [22;36m INFO[0m UNKEYBEHIND 53,limit:0 - rtmpquic.go:284
2026/03/12 14:37:37.836521 [22;34mDEBUG[0m 53 p frame 13645 - rtmpquic.go:294
2026/03/12 14:37:37.836545 [22;34mDEBUG[0m 
chunk:835 chunk-dur:35ms, timestamp:27800 - rtmpquic.go:220
2026/03/12 14:37:37.868429 [22;34mDEBUG[0m Return monitor from  scheduler : , bw flag : false, limit : 0 - rtmpquic.go:249
2026/03/12 14:37:37.868465 [22;36m INFO[0m IframeComing true, resideSizeInGOP -752279, meanGOP 1.72751e+06, meanI 250948, curgop 2479789, curI 212730 - rtmpquic.go:283
2026/03/12 14:37:37.868470 [22;36m INFO[0m UNKEYBEHIND 54,limit:0 - rtmpquic.go:284
2026/03/12 14:37:37.868474 [22;34mDEBUG[0m 54 p frame 9805 - rtmpquic.go:294
2026/03/12 14:37:37.868539 [22;34mDEBUG[0m 
chunk:836 chunk-dur:32ms, timestamp:27834 - rtmpquic.go:220
2026/03/12 14:37:37.901813 [22;34mDEBUG[0m Return monitor from  scheduler : , bw flag : false, limit : 0 - rtmpquic.go:249
2026/03/12 14:37:37.901929 [22;36m INFO[0m IframeComing true, resideSizeInGOP -812826, meanGOP 1.72751e+06, meanI 250948, curgop 2540336, curI 212730 - rtmpquic.go:283
2026/03/12 14:37:37.901938 [22;36m INFO[0m UNKEYBEHIND 55,limit:0 - rtmpquic.go:284
2026/03/12 14:37:37.901942 [22;34mDEBUG[0m 55 p frame 60547 - rtmpquic.go:294
2026/03/12 14:37:37.901967 [22;34mDEBUG[0m 
chunk:837 chunk-dur:33ms, timestamp:27867 - rtmpquic.go:220
2026/03/12 14:37:37.942076 [22;34mDEBUG[0m Return monitor from  scheduler : , bw flag : false, limit : 0 - rtmpquic.go:249
2026/03/12 14:37:37.942188 [22;36m INFO[0m IframeComing true, resideSizeInGOP -835496, meanGOP 1.72751e+06, meanI 250948, curgop 2563006, curI 212730 - rtmpquic.go:283
2026/03/12 14:37:37.942226 [22;36m INFO[0m UNKEYBEHIND 56,limit:0 - rtmpquic.go:284
2026/03/12 14:37:37.942238 [22;34mDEBUG[0m 56 p frame 22670 - rtmpquic.go:294
2026/03/12 14:37:37.945189 [22;34mDEBUG[0m 
chunk:838 chunk-dur:44ms, timestamp:27900 - rtmpquic.go:220
2026/03/12 14:37:37.969859 [22;34mDEBUG[0m Return monitor from  scheduler : , bw flag : false, limit : 0 - rtmpquic.go:249
2026/03/12 14:37:37.970837 [22;36m INFO[0m IframeComing true, resideSizeInGOP -846844, meanGOP 1.72751e+06, meanI 250948, curgop 2574354, curI 212730 - rtmpquic.go:283
2026/03/12 14:37:37.970846 [22;36m INFO[0m UNKEYBEHIND 57,limit:0 - rtmpquic.go:284
2026/03/12 14:37:37.970850 [22;34mDEBUG[0m 57 p frame 11348 - rtmpquic.go:294
2026/03/12 14:37:37.970938 [22;34mDEBUG[0m 
chunk:839 chunk-dur:25ms, timestamp:27934 - rtmpquic.go:220
2026/03/12 14:37:38.002856 [22;34mDEBUG[0m Return monitor from  scheduler : , bw flag : false, limit : 0 - rtmpquic.go:249
2026/03/12 14:37:38.003160 [22;36m INFO[0m IframeComing true, resideSizeInGOP -853845, meanGOP 1.72751e+06, meanI 250948, curgop 2581355, curI 212730 - rtmpquic.go:283
2026/03/12 14:37:38.003174 [22;36m INFO[0m UNKEYBEHIND 58,limit:0 - rtmpquic.go:284
2026/03/12 14:37:38.003178 [22;34mDEBUG[0m 58 p frame 7001 - rtmpquic.go:294
2026/03/12 14:37:38.003241 [22;34mDEBUG[0m 
chunk:840 chunk-dur:33ms, timestamp:27967 - rtmpquic.go:220
2026/03/12 14:37:38.034962 [22;34mDEBUG[0m Return monitor from  scheduler : , bw flag : false, limit : 0 - rtmpquic.go:249
2026/03/12 14:37:38.034993 [22;36m INFO[0m IframeComing true, resideSizeInGOP -869305, meanGOP 1.72751e+06, meanI 250948, curgop 2596815, curI 212730 - rtmpquic.go:283
2026/03/12 14:37:38.034997 [22;36m INFO[0m UNKEYBEHIND 59,limit:0 - rtmpquic.go:284
2026/03/12 14:37:38.035001 [22;34mDEBUG[0m 59 p frame 15460 - rtmpquic.go:294
2026/03/12 14:37:38.035402 [22;34mDEBUG[0m 
chunk:841 chunk-dur:32ms, timestamp:28000 - rtmpquic.go:220
2026/03/12 14:37:38.068251 [22;34mDEBUG[0m Return monitor from  scheduler : , bw flag : false, limit : 0 - rtmpquic.go:249
key tag 219466
2026/03/12 14:37:38.068279 [22;34mDEBUG[0m 15 I frame 219466 - rtmpquic.go:275
2026/03/12 14:37:38.068404 [22;34mDEBUG[0m 
chunk:842 chunk-dur:33ms, timestamp:28034 - rtmpquic.go:220
2026/03/12 14:37:38.091480 [22;34mDEBUG[0m bitrate:9.922404 Mbps - client_session.go:438
2026/03/12 14:37:38.101973 [22;34mDEBUG[0m Return monitor from  scheduler : , bw flag : false, limit : 0 - rtmpquic.go:249
2026/03/12 14:37:38.101999 [22;36m INFO[0m IframeComing false, resideSizeInGOP 1.46871e+06, meanGOP 1.789603e+06, meanI 248218, curgop 320893, curI 219466 - rtmpquic.go:283
2026/03/12 14:37:38.102004 [22;36m INFO[0m UNKEYBEHIND 1,limit:0 - rtmpquic.go:284
2026/03/12 14:37:38.102007 [22;34mDEBUG[0m 1 p frame 101427 - rtmpquic.go:294
2026/03/12 14:37:38.102045 [22;34mDEBUG[0m 
chunk:843 chunk-dur:34ms, timestamp:28067 - rtmpquic.go:220
2026/03/12 14:37:38.134459 [22;34mDEBUG[0m Return monitor from  scheduler : , bw flag : false, limit : 0 - rtmpquic.go:249
2026/03/12 14:37:38.134487 [22;36m INFO[0m IframeComing false, resideSizeInGOP 1.438139e+06, meanGOP 1.789603e+06, meanI 248218, curgop 351464, curI 219466 - rtmpquic.go:283
2026/03/12 14:37:38.134496 [22;36m INFO[0m UNKEYBEHIND 2,limit:0 - rtmpquic.go:284
2026/03/12 14:37:38.134501 [22;34mDEBUG[0m 2 p frame 30571 - rtmpquic.go:294
2026/03/12 14:37:38.134546 [22;34mDEBUG[0m 
chunk:844 chunk-dur:32ms, timestamp:28100 - rtmpquic.go:220
2026/03/12 14:37:38.168235 [22;34mDEBUG[0m Return monitor from  scheduler : , bw flag : false, limit : 0 - rtmpquic.go:249
2026/03/12 14:37:38.168294 [22;36m INFO[0m IframeComing false, resideSizeInGOP 1.430853e+06, meanGOP 1.789603e+06, meanI 248218, curgop 358750, curI 219466 - rtmpquic.go:283
2026/03/12 14:37:38.168308 [22;36m INFO[0m UNKEYBEHIND 3,limit:0 - rtmpquic.go:284
2026/03/12 14:37:38.168317 [22;34mDEBUG[0m 3 p frame 7286 - rtmpquic.go:294
2026/03/12 14:37:38.168405 [22;34mDEBUG[0m 
chunk:845 chunk-dur:34ms, timestamp:28134 - rtmpquic.go:220
2026/03/12 14:37:38.202574 [22;34mDEBUG[0m Return monitor from  scheduler : , bw flag : false, limit : 0 - rtmpquic.go:249
2026/03/12 14:37:38.202634 [22;36m INFO[0m IframeComing false, resideSizeInGOP 1.402014e+06, meanGOP 1.789603e+06, meanI 248218, curgop 387589, curI 219466 - rtmpquic.go:283
2026/03/12 14:37:38.202647 [22;36m INFO[0m UNKEYBEHIND 4,limit:0 - rtmpquic.go:284
2026/03/12 14:37:38.202656 [22;34mDEBUG[0m 4 p frame 28839 - rtmpquic.go:294
2026/03/12 14:37:38.204100 [22;34mDEBUG[0m 
chunk:846 chunk-dur:36ms, timestamp:28167 - rtmpquic.go:220
2026/03/12 14:37:38.234581 [22;34mDEBUG[0m Return monitor from  scheduler : , bw flag : false, limit : 0 - rtmpquic.go:249
2026/03/12 14:37:38.234610 [22;36m INFO[0m IframeComing false, resideSizeInGOP 1.27233e+06, meanGOP 1.789603e+06, meanI 248218, curgop 517273, curI 219466 - rtmpquic.go:283
2026/03/12 14:37:38.234615 [22;36m INFO[0m UNKEYBEHIND 5,limit:0 - rtmpquic.go:284
2026/03/12 14:37:38.234618 [22;34mDEBUG[0m 5 p frame 129684 - rtmpquic.go:294
2026/03/12 14:37:38.234692 [22;34mDEBUG[0m 
chunk:847 chunk-dur:30ms, timestamp:28200 - rtmpquic.go:220
2026/03/12 14:37:38.268587 [22;34mDEBUG[0m Return monitor from  scheduler : , bw flag : false, limit : 0 - rtmpquic.go:249
2026/03/12 14:37:38.268662 [22;36m INFO[0m IframeComing false, resideSizeInGOP 1.228517e+06, meanGOP 1.789603e+06, meanI 248218, curgop 561086, curI 219466 - rtmpquic.go:283
2026/03/12 14:37:38.268670 [22;36m INFO[0m UNKEYBEHIND 6,limit:0 - rtmpquic.go:284
2026/03/12 14:37:38.268673 [22;34mDEBUG[0m 6 p frame 43813 - rtmpquic.go:294
2026/03/12 14:37:38.268713 [22;34mDEBUG[0m 
chunk:848 chunk-dur:34ms, timestamp:28234 - rtmpquic.go:220
2026/03/12 14:37:38.302722 [22;34mDEBUG[0m Return monitor from  scheduler : , bw flag : false, limit : 0 - rtmpquic.go:249
2026/03/12 14:37:38.302797 [22;36m INFO[0m IframeComing false, resideSizeInGOP 1.212825e+06, meanGOP 1.789603e+06, meanI 248218, curgop 576778, curI 219466 - rtmpquic.go:283
2026/03/12 14:37:38.302810 [22;36m INFO[0m UNKEYBEHIND 7,limit:0 - rtmpquic.go:284
2026/03/12 14:37:38.302825 [22;34mDEBUG[0m 7 p frame 15692 - rtmpquic.go:294
2026/03/12 14:37:38.302851 [22;34mDEBUG[0m 
chunk:849 chunk-dur:34ms, timestamp:28267 - rtmpquic.go:220
2026/03/12 14:37:38.335041 [22;34mDEBUG[0m Return monitor from  scheduler : , bw flag : false, limit : 0 - rtmpquic.go:249
2026/03/12 14:37:38.335068 [22;36m INFO[0m IframeComing false, resideSizeInGOP 1.195219e+06, meanGOP 1.789603e+06, meanI 248218, curgop 594384, curI 219466 - rtmpquic.go:283
2026/03/12 14:37:38.335073 [22;36m INFO[0m UNKEYBEHIND 8,limit:0 - rtmpquic.go:284
2026/03/12 14:37:38.335081 [22;34mDEBUG[0m 8 p frame 17606 - rtmpquic.go:294
2026/03/12 14:37:38.335667 [22;34mDEBUG[0m 
chunk:850 chunk-dur:33ms, timestamp:28300 - rtmpquic.go:220
2026/03/12 14:37:38.367762 [22;34mDEBUG[0m Return monitor from  scheduler : , bw flag : false, limit : 0 - rtmpquic.go:249
2026/03/12 14:37:38.367857 [22;36m INFO[0m IframeComing false, resideSizeInGOP 1.09362e+06, meanGOP 1.789603e+06, meanI 248218, curgop 695983, curI 219466 - rtmpquic.go:283
2026/03/12 14:37:38.367912 [22;36m INFO[0m UNKEYBEHIND 9,limit:0 - rtmpquic.go:284
2026/03/12 14:37:38.367934 [22;34mDEBUG[0m 9 p frame 101599 - rtmpquic.go:294
2026/03/12 14:37:38.367991 [22;34mDEBUG[0m 
chunk:851 chunk-dur:32ms, timestamp:28334 - rtmpquic.go:220
2026/03/12 14:37:38.402283 [22;34mDEBUG[0m Return monitor from  scheduler : , bw flag : false, limit : 0 - rtmpquic.go:249
2026/03/12 14:37:38.402312 [22;36m INFO[0m IframeComing false, resideSizeInGOP 1.067275e+06, meanGOP 1.789603e+06, meanI 248218, curgop 722328, curI 219466 - rtmpquic.go:283
2026/03/12 14:37:38.402317 [22;36m INFO[0m UNKEYBEHIND 10,limit:0 - rtmpquic.go:284
2026/03/12 14:37:38.402320 [22;34mDEBUG[0m 10 p frame 26345 - rtmpquic.go:294
2026/03/12 14:37:38.402334 [22;34mDEBUG[0m 
chunk:852 chunk-dur:35ms, timestamp:28367 - rtmpquic.go:220
2026/03/12 14:37:38.434685 [22;34mDEBUG[0m Return monitor from  scheduler : , bw flag : false, limit : 0 - rtmpquic.go:249
2026/03/12 14:37:38.434715 [22;36m INFO[0m IframeComing false, resideSizeInGOP 1.060278e+06, meanGOP 1.789603e+06, meanI 248218, curgop 729325, curI 219466 - rtmpquic.go:283
2026/03/12 14:37:38.434721 [22;36m INFO[0m UNKEYBEHIND 11,limit:0 - rtmpquic.go:284
2026/03/12 14:37:38.434724 [22;34mDEBUG[0m 11 p frame 6997 - rtmpquic.go:294
2026/03/12 14:37:38.434758 [22;34mDEBUG[0m 
chunk:853 chunk-dur:32ms, timestamp:28400 - rtmpquic.go:220
2026/03/12 14:37:38.468324 [22;34mDEBUG[0m Return monitor from  scheduler : , bw flag : false, limit : 0 - rtmpquic.go:249
2026/03/12 14:37:38.468363 [22;36m INFO[0m IframeComing false, resideSizeInGOP 1.050546e+06, meanGOP 1.789603e+06, meanI 248218, curgop 739057, curI 219466 - rtmpquic.go:283
2026/03/12 14:37:38.468372 [22;36m INFO[0m UNKEYBEHIND 12,limit:0 - rtmpquic.go:284
2026/03/12 14:37:38.468376 [22;34mDEBUG[0m 12 p frame 9732 - rtmpquic.go:294
2026/03/12 14:37:38.468458 [22;34mDEBUG[0m 
chunk:854 chunk-dur:34ms, timestamp:28434 - rtmpquic.go:220
2026/03/12 14:37:38.501666 [22;34mDEBUG[0m Return monitor from  scheduler : , bw flag : false, limit : 0 - rtmpquic.go:249
2026/03/12 14:37:38.501710 [22;36m INFO[0m IframeComing false, resideSizeInGOP 982047, meanGOP 1.789603e+06, meanI 248218, curgop 807556, curI 219466 - rtmpquic.go:283
2026/03/12 14:37:38.501719 [22;36m INFO[0m UNKEYBEHIND 13,limit:0 - rtmpquic.go:284
2026/03/12 14:37:38.501723 [22;34mDEBUG[0m 13 p frame 68499 - rtmpquic.go:294
2026/03/12 14:37:38.501780 [22;34mDEBUG[0m 
chunk:855 chunk-dur:33ms, timestamp:28467 - rtmpquic.go:220
2026/03/12 14:37:38.536076 [22;34mDEBUG[0m Return monitor from  scheduler : , bw flag : false, limit : 0 - rtmpquic.go:249
2026/03/12 14:37:38.536140 [22;36m INFO[0m IframeComing false, resideSizeInGOP 956712, meanGOP 1.789603e+06, meanI 248218, curgop 832891, curI 219466 - rtmpquic.go:283
2026/03/12 14:37:38.536145 [22;36m INFO[0m UNKEYBEHIND 14,limit:0 - rtmpquic.go:284
2026/03/12 14:37:38.536149 [22;34mDEBUG[0m 14 p frame 25335 - rtmpquic.go:294
2026/03/12 14:37:38.536162 [22;34mDEBUG[0m 
chunk:856 chunk-dur:35ms, timestamp:28500 - rtmpquic.go:220
2026/03/12 14:37:38.567580 [22;34mDEBUG[0m Return monitor from  scheduler : , bw flag : false, limit : 0 - rtmpquic.go:249
2026/03/12 14:37:38.567681 [22;36m INFO[0m IframeComing false, resideSizeInGOP 946326, meanGOP 1.789603e+06, meanI 248218, curgop 843277, curI 219466 - rtmpquic.go:283
2026/03/12 14:37:38.567686 [22;36m INFO[0m UNKEYBEHIND 15,limit:0 - rtmpquic.go:284
2026/03/12 14:37:38.567690 [22;34mDEBUG[0m 15 p frame 10386 - rtmpquic.go:294
2026/03/12 14:37:38.567730 [22;34mDEBUG[0m 
chunk:857 chunk-dur:31ms, timestamp:28534 - rtmpquic.go:220
2026/03/12 14:37:38.602659 [22;34mDEBUG[0m Return monitor from  scheduler : , bw flag : false, limit : 0 - rtmpquic.go:249
2026/03/12 14:37:38.602694 [22;36m INFO[0m IframeComing false, resideSizeInGOP 936102, meanGOP 1.789603e+06, meanI 248218, curgop 853501, curI 219466 - rtmpquic.go:283
2026/03/12 14:37:38.602698 [22;36m INFO[0m UNKEYBEHIND 16,limit:0 - rtmpquic.go:284
2026/03/12 14:37:38.602702 [22;34mDEBUG[0m 16 p frame 10224 - rtmpquic.go:294
2026/03/12 14:37:38.602743 [22;34mDEBUG[0m 
chunk:858 chunk-dur:35ms, timestamp:28567 - rtmpquic.go:220
2026/03/12 14:37:38.635857 [22;34mDEBUG[0m Return monitor from  scheduler : , bw flag : false, limit : 0 - rtmpquic.go:249
2026/03/12 14:37:38.635987 [22;36m INFO[0m IframeComing false, resideSizeInGOP 900309, meanGOP 1.789603e+06, meanI 248218, curgop 889294, curI 219466 - rtmpquic.go:283
2026/03/12 14:37:38.635993 [22;36m INFO[0m UNKEYBEHIND 17,limit:0 - rtmpquic.go:284
2026/03/12 14:37:38.635997 [22;34mDEBUG[0m 17 p frame 35793 - rtmpquic.go:294
2026/03/12 14:37:38.636097 [22;34mDEBUG[0m 
chunk:859 chunk-dur:34ms, timestamp:28600 - rtmpquic.go:220
2026/03/12 14:37:38.668194 [22;34mDEBUG[0m Return monitor from  scheduler : , bw flag : false, limit : 0 - rtmpquic.go:249
2026/03/12 14:37:38.668223 [22;36m INFO[0m IframeComing false, resideSizeInGOP 866670, meanGOP 1.789603e+06, meanI 248218, curgop 922933, curI 219466 - rtmpquic.go:283
2026/03/12 14:37:38.668227 [22;36m INFO[0m UNKEYBEHIND 18,limit:0 - rtmpquic.go:284
2026/03/12 14:37:38.668231 [22;34mDEBUG[0m 18 p frame 33639 - rtmpquic.go:294
2026/03/12 14:37:38.668245 [22;34mDEBUG[0m 
chunk:860 chunk-dur:32ms, timestamp:28634 - rtmpquic.go:220
2026/03/12 14:37:38.702394 [22;34mDEBUG[0m Return monitor from  scheduler : , bw flag : false, limit : 0 - rtmpquic.go:249
2026/03/12 14:37:38.702422 [22;36m INFO[0m IframeComing false, resideSizeInGOP 855087, meanGOP 1.789603e+06, meanI 248218, curgop 934516, curI 219466 - rtmpquic.go:283
2026/03/12 14:37:38.702427 [22;36m INFO[0m UNKEYBEHIND 19,limit:0 - rtmpquic.go:284
2026/03/12 14:37:38.702430 [22;34mDEBUG[0m 19 p frame 11583 - rtmpquic.go:294
2026/03/12 14:37:38.702452 [22;34mDEBUG[0m 
chunk:861 chunk-dur:34ms, timestamp:28667 - rtmpquic.go:220
2026/03/12 14:37:38.735352 [22;34mDEBUG[0m Return monitor from  scheduler : , bw flag : false, limit : 0 - rtmpquic.go:249
2026/03/12 14:37:38.735396 [22;36m INFO[0m IframeComing false, resideSizeInGOP 842382, meanGOP 1.789603e+06, meanI 248218, curgop 947221, curI 219466 - rtmpquic.go:283
2026/03/12 14:37:38.735402 [22;36m INFO[0m UNKEYBEHIND 20,limit:0 - rtmpquic.go:284
2026/03/12 14:37:38.735406 [22;34mDEBUG[0m 20 p frame 12705 - rtmpquic.go:294
2026/03/12 14:37:38.735616 [22;34mDEBUG[0m 
chunk:862 chunk-dur:33ms, timestamp:28700 - rtmpquic.go:220
2026/03/12 14:37:38.768391 [22;34mDEBUG[0m Return monitor from  scheduler : , bw flag : false, limit : 0 - rtmpquic.go:249
2026/03/12 14:37:38.768445 [22;36m INFO[0m IframeComing false, resideSizeInGOP 762326, meanGOP 1.789603e+06, meanI 248218, curgop 1027277, curI 219466 - rtmpquic.go:283
2026/03/12 14:37:38.768454 [22;36m INFO[0m UNKEYBEHIND 21,limit:0 - rtmpquic.go:284
2026/03/12 14:37:38.768458 [22;34mDEBUG[0m 21 p frame 80056 - rtmpquic.go:294
2026/03/12 14:37:38.768578 [22;34mDEBUG[0m 
chunk:863 chunk-dur:33ms, timestamp:28734 - rtmpquic.go:220
2026/03/12 14:37:38.802299 [22;34mDEBUG[0m Return monitor from  scheduler : , bw flag : false, limit : 0 - rtmpquic.go:249
2026/03/12 14:37:38.802337 [22;36m INFO[0m IframeComing false, resideSizeInGOP 672563, meanGOP 1.789603e+06, meanI 248218, curgop 1117040, curI 219466 - rtmpquic.go:283
2026/03/12 14:37:38.802342 [22;36m INFO[0m UNKEYBEHIND 22,limit:0 - rtmpquic.go:284
2026/03/12 14:37:38.802346 [22;34mDEBUG[0m 22 p frame 89763 - rtmpquic.go:294
2026/03/12 14:37:38.802577 [22;34mDEBUG[0m 
chunk:864 chunk-dur:34ms, timestamp:28767 - rtmpquic.go:220
2026/03/12 14:37:38.834896 [22;34mDEBUG[0m Return monitor from  scheduler : , bw flag : false, limit : 0 - rtmpquic.go:249
2026/03/12 14:37:38.834944 [22;36m INFO[0m IframeComing false, resideSizeInGOP 654485, meanGOP 1.789603e+06, meanI 248218, curgop 1135118, curI 219466 - rtmpquic.go:283
2026/03/12 14:37:38.834952 [22;36m INFO[0m UNKEYBEHIND 23,limit:0 - rtmpquic.go:284
2026/03/12 14:37:38.834955 [22;34mDEBUG[0m 23 p frame 18078 - rtmpquic.go:294
2026/03/12 14:37:38.835017 [22;34mDEBUG[0m 
chunk:865 chunk-dur:33ms, timestamp:28800 - rtmpquic.go:220
2026/03/12 14:37:38.867901 [22;34mDEBUG[0m Return monitor from  scheduler : , bw flag : false, limit : 0 - rtmpquic.go:249
2026/03/12 14:37:38.867927 [22;36m INFO[0m IframeComing false, resideSizeInGOP 603470, meanGOP 1.789603e+06, meanI 248218, curgop 1186133, curI 219466 - rtmpquic.go:283
2026/03/12 14:37:38.867932 [22;36m INFO[0m UNKEYBEHIND 24,limit:0 - rtmpquic.go:284
2026/03/12 14:37:38.867936 [22;34mDEBUG[0m 24 p frame 51015 - rtmpquic.go:294
2026/03/12 14:37:38.868114 [22;34mDEBUG[0m 
chunk:866 chunk-dur:33ms, timestamp:28834 - rtmpquic.go:220
2026/03/12 14:37:38.902017 [22;34mDEBUG[0m Return monitor from  scheduler : , bw flag : false, limit : 0 - rtmpquic.go:249
2026/03/12 14:37:38.902043 [22;36m INFO[0m IframeComing false, resideSizeInGOP 486545, meanGOP 1.789603e+06, meanI 248218, curgop 1303058, curI 219466 - rtmpquic.go:283
2026/03/12 14:37:38.902048 [22;36m INFO[0m UNKEYBEHIND 25,limit:0 - rtmpquic.go:284
2026/03/12 14:37:38.902051 [22;34mDEBUG[0m 25 p frame 116925 - rtmpquic.go:294
2026/03/12 14:37:38.902099 [22;34mDEBUG[0m 
chunk:867 chunk-dur:34ms, timestamp:28867 - rtmpquic.go:220
2026/03/12 14:37:38.934799 [22;34mDEBUG[0m Return monitor from  scheduler : , bw flag : false, limit : 0 - rtmpquic.go:249
2026/03/12 14:37:38.934826 [22;36m INFO[0m IframeComing false, resideSizeInGOP 451281, meanGOP 1.789603e+06, meanI 248218, curgop 1338322, curI 219466 - rtmpquic.go:283
2026/03/12 14:37:38.934831 [22;36m INFO[0m UNKEYBEHIND 26,limit:0 - rtmpquic.go:284
2026/03/12 14:37:38.934835 [22;34mDEBUG[0m 26 p frame 35264 - rtmpquic.go:294
2026/03/12 14:37:38.936379 [22;34mDEBUG[0m 
chunk:868 chunk-dur:34ms, timestamp:28900 - rtmpquic.go:220
2026/03/12 14:37:38.968103 [22;34mDEBUG[0m Return monitor from  scheduler : , bw flag : false, limit : 0 - rtmpquic.go:249
2026/03/12 14:37:38.968136 [22;36m INFO[0m IframeComing false, resideSizeInGOP 422741, meanGOP 1.789603e+06, meanI 248218, curgop 1366862, curI 219466 - rtmpquic.go:283
2026/03/12 14:37:38.968222 [22;36m INFO[0m UNKEYBEHIND 27,limit:0 - rtmpquic.go:284
2026/03/12 14:37:38.968227 [22;34mDEBUG[0m 27 p frame 28540 - rtmpquic.go:294
2026/03/12 14:37:38.968268 [22;34mDEBUG[0m 
chunk:869 chunk-dur:32ms, timestamp:28934 - rtmpquic.go:220
2026/03/12 14:37:39.001799 [22;34mDEBUG[0m Return monitor from  scheduler : , bw flag : false, limit : 0 - rtmpquic.go:249
2026/03/12 14:37:39.001842 [22;36m INFO[0m IframeComing false, resideSizeInGOP 409209, meanGOP 1.789603e+06, meanI 248218, curgop 1380394, curI 219466 - rtmpquic.go:283
2026/03/12 14:37:39.001847 [22;36m INFO[0m UNKEYBEHIND 28,limit:0 - rtmpquic.go:284
2026/03/12 14:37:39.001850 [22;34mDEBUG[0m 28 p frame 13532 - rtmpquic.go:294
2026/03/12 14:37:39.002399 [22;34mDEBUG[0m 
chunk:870 chunk-dur:34ms, timestamp:28967 - rtmpquic.go:220
2026/03/12 14:37:39.035436 [22;34mDEBUG[0m Return monitor from  scheduler : , bw flag : false, limit : 0 - rtmpquic.go:249
2026/03/12 14:37:39.035470 [22;36m INFO[0m IframeComing false, resideSizeInGOP 302546, meanGOP 1.789603e+06, meanI 248218, curgop 1487057, curI 219466 - rtmpquic.go:283
2026/03/12 14:37:39.035476 [22;36m INFO[0m UNKEYBEHIND 29,limit:0 - rtmpquic.go:284
2026/03/12 14:37:39.035480 [22;34mDEBUG[0m 29 p frame 106663 - rtmpquic.go:294
2026/03/12 14:37:39.035513 [22;34mDEBUG[0m 
chunk:871 chunk-dur:33ms, timestamp:29000 - rtmpquic.go:220
2026/03/12 14:37:39.068160 [22;34mDEBUG[0m Return monitor from  scheduler : , bw flag : false, limit : 0 - rtmpquic.go:249
2026/03/12 14:37:39.068186 [22;36m INFO[0m IframeComing false, resideSizeInGOP 288404, meanGOP 1.789603e+06, meanI 248218, curgop 1501199, curI 219466 - rtmpquic.go:283
2026/03/12 14:37:39.068191 [22;36m INFO[0m UNKEYBEHIND 30,limit:0 - rtmpquic.go:284
2026/03/12 14:37:39.068195 [22;34mDEBUG[0m 30 p frame 14142 - rtmpquic.go:294
2026/03/12 14:37:39.068236 [22;34mDEBUG[0m 
chunk:872 chunk-dur:33ms, timestamp:29034 - rtmpquic.go:220
2026/03/12 14:37:39.092356 [22;34mDEBUG[0m bitrate:9.770390 Mbps - client_session.go:438
2026/03/12 14:37:39.101654 [22;34mDEBUG[0m Return monitor from  scheduler : , bw flag : false, limit : 0 - rtmpquic.go:249
2026/03/12 14:37:39.101688 [22;36m INFO[0m IframeComing false, resideSizeInGOP 277172, meanGOP 1.789603e+06, meanI 248218, curgop 1512431, curI 219466 - rtmpquic.go:283
2026/03/12 14:37:39.101693 [22;36m INFO[0m UNKEYBEHIND 31,limit:0 - rtmpquic.go:284
2026/03/12 14:37:39.101697 [22;34mDEBUG[0m 31 p frame 11232 - rtmpquic.go:294
2026/03/12 14:37:39.103060 [22;34mDEBUG[0m 
chunk:873 chunk-dur:35ms, timestamp:29067 - rtmpquic.go:220
2026/03/12 14:37:39.134218 [22;34mDEBUG[0m Return monitor from  scheduler : , bw flag : false, limit : 0 - rtmpquic.go:249
2026/03/12 14:37:39.134247 [22;36m INFO[0m IframeComing false, resideSizeInGOP 172679, meanGOP 1.789603e+06, meanI 248218, curgop 1616924, curI 219466 - rtmpquic.go:283
2026/03/12 14:37:39.134252 [22;36m INFO[0m UNKEYBEHIND 32,limit:0 - rtmpquic.go:284
2026/03/12 14:37:39.134255 [22;34mDEBUG[0m 32 p frame 104493 - rtmpquic.go:294
2026/03/12 14:37:39.134314 [22;34mDEBUG[0m 
chunk:874 chunk-dur:31ms, timestamp:29100 - rtmpquic.go:220
2026/03/12 14:37:39.168541 [22;34mDEBUG[0m Return monitor from  scheduler : , bw flag : false, limit : 0 - rtmpquic.go:249
2026/03/12 14:37:39.168642 [22;36m INFO[0m IframeComing false, resideSizeInGOP 143880, meanGOP 1.789603e+06, meanI 248218, curgop 1645723, curI 219466 - rtmpquic.go:283
2026/03/12 14:37:39.168652 [22;36m INFO[0m UNKEYBEHIND 33,limit:0 - rtmpquic.go:284
2026/03/12 14:37:39.168661 [22;34mDEBUG[0m 33 p frame 28799 - rtmpquic.go:294
2026/03/12 14:37:39.168733 [22;34mDEBUG[0m 
chunk:875 chunk-dur:34ms, timestamp:29134 - rtmpquic.go:220
2026/03/12 14:37:39.202351 [22;34mDEBUG[0m Return monitor from  scheduler : , bw flag : false, limit : 0 - rtmpquic.go:249
2026/03/12 14:37:39.202379 [22;36m INFO[0m IframeComing false, resideSizeInGOP 131427, meanGOP 1.789603e+06, meanI 248218, curgop 1658176, curI 219466 - rtmpquic.go:283
2026/03/12 14:37:39.202386 [22;36m INFO[0m UNKEYBEHIND 34,limit:0 - rtmpquic.go:284
2026/03/12 14:37:39.202405 [22;34mDEBUG[0m 34 p frame 12453 - rtmpquic.go:294
2026/03/12 14:37:39.202425 [22;34mDEBUG[0m 
chunk:876 chunk-dur:34ms, timestamp:29167 - rtmpquic.go:220
2026/03/12 14:37:39.235158 [22;34mDEBUG[0m Return monitor from  scheduler : , bw flag : false, limit : 0 - rtmpquic.go:249
2026/03/12 14:37:39.235186 [22;36m INFO[0m IframeComing false, resideSizeInGOP 122664, meanGOP 1.789603e+06, meanI 248218, curgop 1666939, curI 219466 - rtmpquic.go:283
2026/03/12 14:37:39.235191 [22;36m INFO[0m UNKEYBEHIND 35,limit:0 - rtmpquic.go:284
2026/03/12 14:37:39.235195 [22;34mDEBUG[0m 35 p frame 8763 - rtmpquic.go:294
2026/03/12 14:37:39.235310 [22;34mDEBUG[0m 
chunk:877 chunk-dur:33ms, timestamp:29200 - rtmpquic.go:220
2026/03/12 14:37:39.267844 [22;34mDEBUG[0m Return monitor from  scheduler : , bw flag : false, limit : 0 - rtmpquic.go:249
2026/03/12 14:37:39.267929 [22;36m INFO[0m IframeComing true, resideSizeInGOP 27648, meanGOP 1.789603e+06, meanI 248218, curgop 1761955, curI 219466 - rtmpquic.go:283
2026/03/12 14:37:39.267935 [22;36m INFO[0m UNKEYBEHIND 36,limit:0 - rtmpquic.go:284
2026/03/12 14:37:39.267940 [22;34mDEBUG[0m 36 p frame 95016 - rtmpquic.go:294
2026/03/12 14:37:39.267981 [22;34mDEBUG[0m 
chunk:878 chunk-dur:32ms, timestamp:29234 - rtmpquic.go:220
2026/03/12 14:37:39.302412 [22;34mDEBUG[0m Return monitor from  scheduler : , bw flag : false, limit : 0 - rtmpquic.go:249
2026/03/12 14:37:39.302467 [22;36m INFO[0m IframeComing true, resideSizeInGOP 4721, meanGOP 1.789603e+06, meanI 248218, curgop 1784882, curI 219466 - rtmpquic.go:283
2026/03/12 14:37:39.302473 [22;36m INFO[0m UNKEYBEHIND 37,limit:0 - rtmpquic.go:284
2026/03/12 14:37:39.302477 [22;34mDEBUG[0m 37 p frame 22927 - rtmpquic.go:294
2026/03/12 14:37:39.302508 [22;34mDEBUG[0m 
chunk:879 chunk-dur:35ms, timestamp:29267 - rtmpquic.go:220
2026/03/12 14:37:39.335559 [22;34mDEBUG[0m Return monitor from  scheduler : , bw flag : false, limit : 0 - rtmpquic.go:249
2026/03/12 14:37:39.335589 [22;36m INFO[0m IframeComing true, resideSizeInGOP -7416, meanGOP 1.789603e+06, meanI 248218, curgop 1797019, curI 219466 - rtmpquic.go:283
2026/03/12 14:37:39.335596 [22;36m INFO[0m UNKEYBEHIND 38,limit:0 - rtmpquic.go:284
2026/03/12 14:37:39.335599 [22;34mDEBUG[0m 38 p frame 12137 - rtmpquic.go:294
2026/03/12 14:37:39.335623 [22;34mDEBUG[0m 
chunk:880 chunk-dur:33ms, timestamp:29300 - rtmpquic.go:220
2026/03/12 14:37:39.368423 [22;34mDEBUG[0m Return monitor from  scheduler : , bw flag : false, limit : 0 - rtmpquic.go:249
2026/03/12 14:37:39.368446 [22;36m INFO[0m IframeComing true, resideSizeInGOP -17775, meanGOP 1.789603e+06, meanI 248218, curgop 1807378, curI 219466 - rtmpquic.go:283
2026/03/12 14:37:39.368451 [22;36m INFO[0m UNKEYBEHIND 39,limit:0 - rtmpquic.go:284
2026/03/12 14:37:39.368455 [22;34mDEBUG[0m 39 p frame 10359 - rtmpquic.go:294
2026/03/12 14:37:39.368554 [22;34mDEBUG[0m 
chunk:881 chunk-dur:33ms, timestamp:29334 - rtmpquic.go:220
2026/03/12 14:37:39.402797 [22;34mDEBUG[0m Return monitor from  scheduler : , bw flag : false, limit : 0 - rtmpquic.go:249
2026/03/12 14:37:39.402839 [22;36m INFO[0m IframeComing true, resideSizeInGOP -96373, meanGOP 1.789603e+06, meanI 248218, curgop 1885976, curI 219466 - rtmpquic.go:283
2026/03/12 14:37:39.402846 [22;36m INFO[0m UNKEYBEHIND 40,limit:0 - rtmpquic.go:284
2026/03/12 14:37:39.402850 [22;34mDEBUG[0m 40 p frame 78598 - rtmpquic.go:294
2026/03/12 14:37:39.402963 [22;34mDEBUG[0m 
chunk:882 chunk-dur:34ms, timestamp:29367 - rtmpquic.go:220
2026/03/12 14:37:39.436267 [22;34mDEBUG[0m Return monitor from  scheduler : , bw flag : false, limit : 0 - rtmpquic.go:249
2026/03/12 14:37:39.436301 [22;36m INFO[0m IframeComing true, resideSizeInGOP -125283, meanGOP 1.789603e+06, meanI 248218, curgop 1914886, curI 219466 - rtmpquic.go:283
2026/03/12 14:37:39.436306 [22;36m INFO[0m UNKEYBEHIND 41,limit:0 - rtmpquic.go:284
2026/03/12 14:37:39.436310 [22;34mDEBUG[0m 41 p frame 28910 - rtmpquic.go:294
2026/03/12 14:37:39.436503 [22;34mDEBUG[0m 
chunk:883 chunk-dur:34ms, timestamp:29400 - rtmpquic.go:220
2026/03/12 14:37:39.467689 [22;34mDEBUG[0m Return monitor from  scheduler : , bw flag : false, limit : 0 - rtmpquic.go:249
2026/03/12 14:37:39.467756 [22;36m INFO[0m IframeComing true, resideSizeInGOP -136720, meanGOP 1.789603e+06, meanI 248218, curgop 1926323, curI 219466 - rtmpquic.go:283
2026/03/12 14:37:39.467768 [22;36m INFO[0m UNKEYBEHIND 42,limit:0 - rtmpquic.go:284
2026/03/12 14:37:39.467772 [22;34mDEBUG[0m 42 p frame 11437 - rtmpquic.go:294
2026/03/12 14:37:39.467799 [22;34mDEBUG[0m 
chunk:884 chunk-dur:31ms, timestamp:29434 - rtmpquic.go:220
2026/03/12 14:37:39.503362 [22;34mDEBUG[0m Return monitor from  scheduler : , bw flag : false, limit : 0 - rtmpquic.go:249
2026/03/12 14:37:39.503394 [22;36m INFO[0m IframeComing true, resideSizeInGOP -155528, meanGOP 1.789603e+06, meanI 248218, curgop 1945131, curI 219466 - rtmpquic.go:283
2026/03/12 14:37:39.503399 [22;36m INFO[0m UNKEYBEHIND 43,limit:0 - rtmpquic.go:284
2026/03/12 14:37:39.503402 [22;34mDEBUG[0m 43 p frame 18808 - rtmpquic.go:294
2026/03/12 14:37:39.503640 [22;34mDEBUG[0m 
chunk:885 chunk-dur:36ms, timestamp:29467 - rtmpquic.go:220
2026/03/12 14:37:39.535661 [22;34mDEBUG[0m Return monitor from  scheduler : , bw flag : false, limit : 0 - rtmpquic.go:249
2026/03/12 14:37:39.535691 [22;36m INFO[0m IframeComing true, resideSizeInGOP -225678, meanGOP 1.789603e+06, meanI 248218, curgop 2015281, curI 219466 - rtmpquic.go:283
2026/03/12 14:37:39.535695 [22;36m INFO[0m UNKEYBEHIND 44,limit:0 - rtmpquic.go:284
2026/03/12 14:37:39.535699 [22;34mDEBUG[0m 44 p frame 70150 - rtmpquic.go:294
2026/03/12 14:37:39.535748 [22;34mDEBUG[0m 
chunk:886 chunk-dur:32ms, timestamp:29500 - rtmpquic.go:220
2026/03/12 14:37:39.568041 [22;34mDEBUG[0m Return monitor from  scheduler : , bw flag : false, limit : 0 - rtmpquic.go:249
2026/03/12 14:37:39.568061 [22;36m INFO[0m IframeComing true, resideSizeInGOP -244930, meanGOP 1.789603e+06, meanI 248218, curgop 2034533, curI 219466 - rtmpquic.go:283
2026/03/12 14:37:39.568066 [22;36m INFO[0m UNKEYBEHIND 45,limit:0 - rtmpquic.go:284
2026/03/12 14:37:39.568069 [22;34mDEBUG[0m 45 p frame 19252 - rtmpquic.go:294
2026/03/12 14:37:39.568210 [22;34mDEBUG[0m 
chunk:887 chunk-dur:33ms, timestamp:29534 - rtmpquic.go:220
2026/03/12 14:37:39.602102 [22;34mDEBUG[0m Return monitor from  scheduler : , bw flag : false, limit : 0 - rtmpquic.go:249
2026/03/12 14:37:39.602128 [22;36m INFO[0m IframeComing true, resideSizeInGOP -295089, meanGOP 1.789603e+06, meanI 248218, curgop 2084692, curI 219466 - rtmpquic.go:283
2026/03/12 14:37:39.602133 [22;36m INFO[0m UNKEYBEHIND 46,limit:0 - rtmpquic.go:284
2026/03/12 14:37:39.602136 [22;34mDEBUG[0m 46 p frame 50159 - rtmpquic.go:294
2026/03/12 14:37:39.602219 [22;34mDEBUG[0m 
chunk:888 chunk-dur:34ms, timestamp:29567 - rtmpquic.go:220
2026/03/12 14:37:39.635109 [22;34mDEBUG[0m Return monitor from  scheduler : , bw flag : false, limit : 0 - rtmpquic.go:249
2026/03/12 14:37:39.635311 [22;36m INFO[0m IframeComing true, resideSizeInGOP -359286, meanGOP 1.789603e+06, meanI 248218, curgop 2148889, curI 219466 - rtmpquic.go:283
2026/03/12 14:37:39.635351 [22;36m INFO[0m UNKEYBEHIND 47,limit:0 - rtmpquic.go:284
2026/03/12 14:37:39.635534 [22;34mDEBUG[0m 47 p frame 64197 - rtmpquic.go:294
2026/03/12 14:37:39.635600 [22;34mDEBUG[0m 
chunk:889 chunk-dur:33ms, timestamp:29600 - rtmpquic.go:220
2026/03/12 14:37:39.668642 [22;34mDEBUG[0m Return monitor from  scheduler : , bw flag : false, limit : 0 - rtmpquic.go:249
2026/03/12 14:37:39.668721 [22;36m INFO[0m IframeComing true, resideSizeInGOP -371918, meanGOP 1.789603e+06, meanI 248218, curgop 2161521, curI 219466 - rtmpquic.go:283
2026/03/12 14:37:39.669473 [22;36m INFO[0m UNKEYBEHIND 48,limit:0 - rtmpquic.go:284
2026/03/12 14:37:39.669481 [22;34mDEBUG[0m 48 p frame 12632 - rtmpquic.go:294
2026/03/12 14:37:39.669647 [22;34mDEBUG[0m 
chunk:890 chunk-dur:34ms, timestamp:29634 - rtmpquic.go:220
2026/03/12 14:37:39.701979 [22;34mDEBUG[0m Return monitor from  scheduler : , bw flag : false, limit : 0 - rtmpquic.go:249
2026/03/12 14:37:39.702035 [22;36m INFO[0m IframeComing true, resideSizeInGOP -454088, meanGOP 1.789603e+06, meanI 248218, curgop 2243691, curI 219466 - rtmpquic.go:283
2026/03/12 14:37:39.702041 [22;36m INFO[0m UNKEYBEHIND 49,limit:0 - rtmpquic.go:284
2026/03/12 14:37:39.702044 [22;34mDEBUG[0m 49 p frame 82170 - rtmpquic.go:294
2026/03/12 14:37:39.702078 [22;34mDEBUG[0m 
chunk:891 chunk-dur:33ms, timestamp:29667 - rtmpquic.go:220
2026/03/12 14:37:39.735130 [22;34mDEBUG[0m Return monitor from  scheduler : , bw flag : false, limit : 0 - rtmpquic.go:249
2026/03/12 14:37:39.735153 [22;36m INFO[0m IframeComing true, resideSizeInGOP -471460, meanGOP 1.789603e+06, meanI 248218, curgop 2261063, curI 219466 - rtmpquic.go:283
2026/03/12 14:37:39.735157 [22;36m INFO[0m UNKEYBEHIND 50,limit:0 - rtmpquic.go:284
2026/03/12 14:37:39.735161 [22;34mDEBUG[0m 50 p frame 17372 - rtmpquic.go:294
2026/03/12 14:37:39.735213 [22;34mDEBUG[0m 
chunk:892 chunk-dur:33ms, timestamp:29700 - rtmpquic.go:220
2026/03/12 14:37:39.767624 [22;34mDEBUG[0m Return monitor from  scheduler : , bw flag : false, limit : 0 - rtmpquic.go:249
2026/03/12 14:37:39.767659 [22;36m INFO[0m IframeComing true, resideSizeInGOP -489536, meanGOP 1.789603e+06, meanI 248218, curgop 2279139, curI 219466 - rtmpquic.go:283
2026/03/12 14:37:39.767667 [22;36m INFO[0m UNKEYBEHIND 51,limit:0 - rtmpquic.go:284
2026/03/12 14:37:39.767671 [22;34mDEBUG[0m 51 p frame 18076 - rtmpquic.go:294
2026/03/12 14:37:39.767739 [22;34mDEBUG[0m 
chunk:893 chunk-dur:32ms, timestamp:29734 - rtmpquic.go:220
2026/03/12 14:37:39.802713 [22;34mDEBUG[0m Return monitor from  scheduler : , bw flag : false, limit : 0 - rtmpquic.go:249
2026/03/12 14:37:39.802745 [22;36m INFO[0m IframeComing true, resideSizeInGOP -553939, meanGOP 1.789603e+06, meanI 248218, curgop 2343542, curI 219466 - rtmpquic.go:283
2026/03/12 14:37:39.802750 [22;36m INFO[0m UNKEYBEHIND 52,limit:0 - rtmpquic.go:284
2026/03/12 14:37:39.802754 [22;34mDEBUG[0m 52 p frame 64403 - rtmpquic.go:294
2026/03/12 14:37:39.802796 [22;34mDEBUG[0m 
chunk:894 chunk-dur:35ms, timestamp:29767 - rtmpquic.go:220
2026/03/12 14:37:39.835121 [22;34mDEBUG[0m Return monitor from  scheduler : , bw flag : false, limit : 0 - rtmpquic.go:249
2026/03/12 14:37:39.835170 [22;36m INFO[0m IframeComing true, resideSizeInGOP -570553, meanGOP 1.789603e+06, meanI 248218, curgop 2360156, curI 219466 - rtmpquic.go:283
2026/03/12 14:37:39.835180 [22;36m INFO[0m UNKEYBEHIND 53,limit:0 - rtmpquic.go:284
2026/03/12 14:37:39.835184 [22;34mDEBUG[0m 53 p frame 16614 - rtmpquic.go:294
2026/03/12 14:37:39.835241 [22;34mDEBUG[0m 
chunk:895 chunk-dur:33ms, timestamp:29800 - rtmpquic.go:220
2026/03/12 14:37:39.867712 [22;34mDEBUG[0m Return monitor from  scheduler : , bw flag : false, limit : 0 - rtmpquic.go:249
2026/03/12 14:37:39.867741 [22;36m INFO[0m IframeComing true, resideSizeInGOP -617378, meanGOP 1.789603e+06, meanI 248218, curgop 2406981, curI 219466 - rtmpquic.go:283
2026/03/12 14:37:39.867749 [22;36m INFO[0m UNKEYBEHIND 54,limit:0 - rtmpquic.go:284
2026/03/12 14:37:39.867755 [22;34mDEBUG[0m 54 p frame 46825 - rtmpquic.go:294
2026/03/12 14:37:39.867797 [22;34mDEBUG[0m 
chunk:896 chunk-dur:32ms, timestamp:29834 - rtmpquic.go:220
2026/03/12 14:37:39.902758 [22;34mDEBUG[0m Return monitor from  scheduler : , bw flag : false, limit : 0 - rtmpquic.go:249
2026/03/12 14:37:39.902821 [22;36m INFO[0m IframeComing true, resideSizeInGOP -649664, meanGOP 1.789603e+06, meanI 248218, curgop 2439267, curI 219466 - rtmpquic.go:283
2026/03/12 14:37:39.902830 [22;36m INFO[0m UNKEYBEHIND 55,limit:0 - rtmpquic.go:284
2026/03/12 14:37:39.902834 [22;34mDEBUG[0m 55 p frame 32286 - rtmpquic.go:294
2026/03/12 14:37:39.902851 [22;34mDEBUG[0m 
chunk:897 chunk-dur:35ms, timestamp:29867 - rtmpquic.go:220
2026/03/12 14:37:39.935669 [22;34mDEBUG[0m Return monitor from  scheduler : , bw flag : false, limit : 0 - rtmpquic.go:249
2026/03/12 14:37:39.935691 [22;36m INFO[0m IframeComing true, resideSizeInGOP -663579, meanGOP 1.789603e+06, meanI 248218, curgop 2453182, curI 219466 - rtmpquic.go:283
2026/03/12 14:37:39.935696 [22;36m INFO[0m UNKEYBEHIND 56,limit:0 - rtmpquic.go:284
2026/03/12 14:37:39.935699 [22;34mDEBUG[0m 56 p frame 13915 - rtmpquic.go:294
2026/03/12 14:37:39.935738 [22;34mDEBUG[0m 
chunk:898 chunk-dur:33ms, timestamp:29900 - rtmpquic.go:220
2026/03/12 14:37:39.969758 [22;34mDEBUG[0m Return monitor from  scheduler : , bw flag : false, limit : 0 - rtmpquic.go:249
2026/03/12 14:37:39.969794 [22;36m INFO[0m IframeComing true, resideSizeInGOP -677725, meanGOP 1.789603e+06, meanI 248218, curgop 2467328, curI 219466 - rtmpquic.go:283
2026/03/12 14:37:39.969799 [22;36m INFO[0m UNKEYBEHIND 57,limit:0 - rtmpquic.go:284
2026/03/12 14:37:39.970999 [22;34mDEBUG[0m 57 p frame 14146 - rtmpquic.go:294
2026/03/12 14:37:39.971167 [22;34mDEBUG[0m 
chunk:899 chunk-dur:36ms, timestamp:29934 - rtmpquic.go:220
2026/03/12 14:37:40.001455 [22;34mDEBUG[0m Return monitor from  scheduler : , bw flag : false, limit : 0 - rtmpquic.go:249
2026/03/12 14:37:40.001484 [22;36m INFO[0m IframeComing true, resideSizeInGOP -751976, meanGOP 1.789603e+06, meanI 248218, curgop 2541579, curI 219466 - rtmpquic.go:283
2026/03/12 14:37:40.001489 [22;36m INFO[0m UNKEYBEHIND 58,limit:0 - rtmpquic.go:284
2026/03/12 14:37:40.001492 [22;34mDEBUG[0m 58 p frame 74251 - rtmpquic.go:294
2026/03/12 14:37:40.001534 [22;34mDEBUG[0m 
chunk:900 chunk-dur:30ms, timestamp:29967 - rtmpquic.go:220
2026/03/12 14:37:40.034787 [22;34mDEBUG[0m Return monitor from  scheduler : , bw flag : false, limit : 0 - rtmpquic.go:249
2026/03/12 14:37:40.034806 [22;36m INFO[0m IframeComing true, resideSizeInGOP -769863, meanGOP 1.789603e+06, meanI 248218, curgop 2559466, curI 219466 - rtmpquic.go:283
2026/03/12 14:37:40.034810 [22;36m INFO[0m UNKEYBEHIND 59,limit:0 - rtmpquic.go:284
2026/03/12 14:37:40.034814 [22;34mDEBUG[0m 59 p frame 17887 - rtmpquic.go:294
2026/03/12 14:37:40.034991 [22;34mDEBUG[0m 
chunk:901 chunk-dur:33ms, timestamp:30000 - rtmpquic.go:220
2026/03/12 14:37:40.068942 [22;34mDEBUG[0m Return monitor from  scheduler : , bw flag : false, limit : 0 - rtmpquic.go:249
key tag 91050
2026/03/12 14:37:40.068960 [22;34mDEBUG[0m 16 I frame 91050 - rtmpquic.go:275
2026/03/12 14:37:40.069073 [22;34mDEBUG[0m 
chunk:902 chunk-dur:35ms, timestamp:30034 - rtmpquic.go:220
2026/03/12 14:37:40.093221 [22;36m INFO[0m mean write bitrate:6.746547 Mbps - client_session.go:447
2026/03/12 14:37:40.093247 [22;34mDEBUG[0m bitrate:8.760641 Mbps - client_session.go:438
2026/03/12 14:37:40.101607 [22;34mDEBUG[0m Return monitor from  scheduler : , bw flag : false, limit : 0 - rtmpquic.go:249
2026/03/12 14:37:40.101619 [22;36m INFO[0m IframeComing false, resideSizeInGOP 1.637535e+06, meanGOP 1.840927e+06, meanI 246301, curgop 203392, curI 91050 - rtmpquic.go:283
2026/03/12 14:37:40.101624 [22;36m INFO[0m UNKEYBEHIND 1,limit:0 - rtmpquic.go:284
2026/03/12 14:37:40.101627 [22;34mDEBUG[0m 1 p frame 112342 - rtmpquic.go:294
2026/03/12 14:37:40.101698 [22;34mDEBUG[0m 
chunk:903 chunk-dur:32ms, timestamp:30067 - rtmpquic.go:220
2026/03/12 14:37:40.134739 [22;34mDEBUG[0m Return monitor from  scheduler : , bw flag : false, limit : 0 - rtmpquic.go:249
2026/03/12 14:37:40.134778 [22;36m INFO[0m IframeComing false, resideSizeInGOP 1.571419e+06, meanGOP 1.840927e+06, meanI 246301, curgop 269508, curI 91050 - rtmpquic.go:283
2026/03/12 14:37:40.134783 [22;36m INFO[0m UNKEYBEHIND 2,limit:0 - rtmpquic.go:284
2026/03/12 14:37:40.134787 [22;34mDEBUG[0m 2 p frame 66116 - rtmpquic.go:294
2026/03/12 14:37:40.134828 [22;34mDEBUG[0m 
chunk:904 chunk-dur:33ms, timestamp:30100 - rtmpquic.go:220
2026/03/12 14:37:40.168674 [22;34mDEBUG[0m Return monitor from  scheduler : , bw flag : false, limit : 0 - rtmpquic.go:249
2026/03/12 14:37:40.168694 [22;36m INFO[0m IframeComing false, resideSizeInGOP 1.535589e+06, meanGOP 1.840927e+06, meanI 246301, curgop 305338, curI 91050 - rtmpquic.go:283
2026/03/12 14:37:40.168698 [22;36m INFO[0m UNKEYBEHIND 3,limit:0 - rtmpquic.go:284
2026/03/12 14:37:40.168701 [22;34mDEBUG[0m 3 p frame 35830 - rtmpquic.go:294
2026/03/12 14:37:40.168731 [22;34mDEBUG[0m 
chunk:905 chunk-dur:34ms, timestamp:30134 - rtmpquic.go:220
2026/03/12 14:37:40.202328 [22;34mDEBUG[0m Return monitor from  scheduler : , bw flag : false, limit : 0 - rtmpquic.go:249
2026/03/12 14:37:40.202361 [22;36m INFO[0m IframeComing false, resideSizeInGOP 1.514051e+06, meanGOP 1.840927e+06, meanI 246301, curgop 326876, curI 91050 - rtmpquic.go:283
2026/03/12 14:37:40.202365 [22;36m INFO[0m UNKEYBEHIND 4,limit:0 - rtmpquic.go:284
2026/03/12 14:37:40.202369 [22;34mDEBUG[0m 4 p frame 21538 - rtmpquic.go:294
2026/03/12 14:37:40.202554 [22;34mDEBUG[0m 
chunk:906 chunk-dur:34ms, timestamp:30167 - rtmpquic.go:220
2026/03/12 14:37:40.236354 [22;34mDEBUG[0m Return monitor from  scheduler : , bw flag : false, limit : 0 - rtmpquic.go:249
2026/03/12 14:37:40.236377 [22;36m INFO[0m IframeComing false, resideSizeInGOP 1.444132e+06, meanGOP 1.840927e+06, meanI 246301, curgop 396795, curI 91050 - rtmpquic.go:283
2026/03/12 14:37:40.236381 [22;36m INFO[0m UNKEYBEHIND 5,limit:0 - rtmpquic.go:284
2026/03/12 14:37:40.236385 [22;34mDEBUG[0m 5 p frame 69919 - rtmpquic.go:294
2026/03/12 14:37:40.236529 [22;34mDEBUG[0m 
chunk:907 chunk-dur:34ms, timestamp:30200 - rtmpquic.go:220
2026/03/12 14:37:40.268234 [22;34mDEBUG[0m Return monitor from  scheduler : , bw flag : false, limit : 0 - rtmpquic.go:249
2026/03/12 14:37:40.268258 [22;36m INFO[0m IframeComing false, resideSizeInGOP 1.401481e+06, meanGOP 1.840927e+06, meanI 246301, curgop 439446, curI 91050 - rtmpquic.go:283
2026/03/12 14:37:40.268265 [22;36m INFO[0m UNKEYBEHIND 6,limit:0 - rtmpquic.go:284
2026/03/12 14:37:40.268268 [22;34mDEBUG[0m 6 p frame 42651 - rtmpquic.go:294
2026/03/12 14:37:40.268288 [22;34mDEBUG[0m 
chunk:908 chunk-dur:32ms, timestamp:30234 - rtmpquic.go:220
2026/03/12 14:37:40.301680 [22;34mDEBUG[0m Return monitor from  scheduler : , bw flag : false, limit : 0 - rtmpquic.go:249
2026/03/12 14:37:40.301700 [22;36m INFO[0m IframeComing false, resideSizeInGOP 1.385879e+06, meanGOP 1.840927e+06, meanI 246301, curgop 455048, curI 91050 - rtmpquic.go:283
2026/03/12 14:37:40.301704 [22;36m INFO[0m UNKEYBEHIND 7,limit:0 - rtmpquic.go:284
2026/03/12 14:37:40.301708 [22;34mDEBUG[0m 7 p frame 15602 - rtmpquic.go:294
2026/03/12 14:37:40.301749 [22;34mDEBUG[0m 
chunk:909 chunk-dur:33ms, timestamp:30267 - rtmpquic.go:220
2026/03/12 14:37:40.334772 [22;34mDEBUG[0m Return monitor from  scheduler : , bw flag : false, limit : 0 - rtmpquic.go:249
2026/03/12 14:37:40.334794 [22;36m INFO[0m IframeComing false, resideSizeInGOP 1.37082e+06, meanGOP 1.840927e+06, meanI 246301, curgop 470107, curI 91050 - rtmpquic.go:283
2026/03/12 14:37:40.334798 [22;36m INFO[0m UNKEYBEHIND 8,limit:0 - rtmpquic.go:284
2026/03/12 14:37:40.334802 [22;34mDEBUG[0m 8 p frame 15059 - rtmpquic.go:294
2026/03/12 14:37:40.334852 [22;34mDEBUG[0m 
chunk:910 chunk-dur:33ms, timestamp:30300 - rtmpquic.go:220
2026/03/12 14:37:40.368945 [22;34mDEBUG[0m Return monitor from  scheduler : , bw flag : false, limit : 0 - rtmpquic.go:249
2026/03/12 14:37:40.368972 [22;36m INFO[0m IframeComing false, resideSizeInGOP 1.326548e+06, meanGOP 1.840927e+06, meanI 246301, curgop 514379, curI 91050 - rtmpquic.go:283
2026/03/12 14:37:40.368976 [22;36m INFO[0m UNKEYBEHIND 9,limit:0 - rtmpquic.go:284
2026/03/12 14:37:40.368980 [22;34mDEBUG[0m 9 p frame 44272 - rtmpquic.go:294
2026/03/12 14:37:40.369102 [22;34mDEBUG[0m 
chunk:911 chunk-dur:35ms, timestamp:30334 - rtmpquic.go:220
2026/03/12 14:37:40.401504 [22;34mDEBUG[0m Return monitor from  scheduler : , bw flag : false, limit : 0 - rtmpquic.go:249
2026/03/12 14:37:40.401531 [22;36m INFO[0m IframeComing false, resideSizeInGOP 1.262473e+06, meanGOP 1.840927e+06, meanI 246301, curgop 578454, curI 91050 - rtmpquic.go:283
2026/03/12 14:37:40.401536 [22;36m INFO[0m UNKEYBEHIND 10,limit:0 - rtmpquic.go:284
2026/03/12 14:37:40.401539 [22;34mDEBUG[0m 10 p frame 64075 - rtmpquic.go:294
2026/03/12 14:37:40.401556 [22;34mDEBUG[0m 
chunk:912 chunk-dur:32ms, timestamp:30367 - rtmpquic.go:220
2026/03/12 14:37:40.436072 [22;34mDEBUG[0m Return monitor from  scheduler : , bw flag : false, limit : 0 - rtmpquic.go:249
2026/03/12 14:37:40.436094 [22;36m INFO[0m IframeComing false, resideSizeInGOP 1.247822e+06, meanGOP 1.840927e+06, meanI 246301, curgop 593105, curI 91050 - rtmpquic.go:283
2026/03/12 14:37:40.436098 [22;36m INFO[0m UNKEYBEHIND 11,limit:0 - rtmpquic.go:284
2026/03/12 14:37:40.436102 [22;34mDEBUG[0m 11 p frame 14651 - rtmpquic.go:294
2026/03/12 14:37:40.436179 [22;34mDEBUG[0m 
chunk:913 chunk-dur:35ms, timestamp:30400 - rtmpquic.go:220
2026/03/12 14:37:40.468130 [22;34mDEBUG[0m Return monitor from  scheduler : , bw flag : false, limit : 0 - rtmpquic.go:249
2026/03/12 14:37:40.468155 [22;36m INFO[0m IframeComing false, resideSizeInGOP 1.16332e+06, meanGOP 1.840927e+06, meanI 246301, curgop 677607, curI 91050 - rtmpquic.go:283
2026/03/12 14:37:40.468165 [22;36m INFO[0m UNKEYBEHIND 12,limit:0 - rtmpquic.go:284
2026/03/12 14:37:40.468169 [22;34mDEBUG[0m 12 p frame 84502 - rtmpquic.go:294
2026/03/12 14:37:40.468352 [22;34mDEBUG[0m 
chunk:914 chunk-dur:32ms, timestamp:30434 - rtmpquic.go:220
2026/03/12 14:37:40.501810 [22;34mDEBUG[0m Return monitor from  scheduler : , bw flag : false, limit : 0 - rtmpquic.go:249
2026/03/12 14:37:40.501832 [22;36m INFO[0m IframeComing false, resideSizeInGOP 1.122403e+06, meanGOP 1.840927e+06, meanI 246301, curgop 718524, curI 91050 - rtmpquic.go:283
2026/03/12 14:37:40.501836 [22;36m INFO[0m UNKEYBEHIND 13,limit:0 - rtmpquic.go:284
2026/03/12 14:37:40.501840 [22;34mDEBUG[0m 13 p frame 40917 - rtmpquic.go:294
2026/03/12 14:37:40.501912 [22;34mDEBUG[0m 
chunk:915 chunk-dur:33ms, timestamp:30467 - rtmpquic.go:220
2026/03/12 14:37:40.535071 [22;34mDEBUG[0m Return monitor from  scheduler : , bw flag : false, limit : 0 - rtmpquic.go:249
2026/03/12 14:37:40.535098 [22;36m INFO[0m IframeComing false, resideSizeInGOP 1.103288e+06, meanGOP 1.840927e+06, meanI 246301, curgop 737639, curI 91050 - rtmpquic.go:283
2026/03/12 14:37:40.535115 [22;36m INFO[0m UNKEYBEHIND 14,limit:0 - rtmpquic.go:284
2026/03/12 14:37:40.535119 [22;34mDEBUG[0m 14 p frame 19115 - rtmpquic.go:294
2026/03/12 14:37:40.535185 [22;34mDEBUG[0m 
chunk:916 chunk-dur:34ms, timestamp:30500 - rtmpquic.go:220
2026/03/12 14:37:40.567778 [22;34mDEBUG[0m Return monitor from  scheduler : , bw flag : false, limit : 0 - rtmpquic.go:249
2026/03/12 14:37:40.567799 [22;36m INFO[0m IframeComing false, resideSizeInGOP 1.084469e+06, meanGOP 1.840927e+06, meanI 246301, curgop 756458, curI 91050 - rtmpquic.go:283
2026/03/12 14:37:40.567804 [22;36m INFO[0m UNKEYBEHIND 15,limit:0 - rtmpquic.go:284
2026/03/12 14:37:40.567807 [22;34mDEBUG[0m 15 p frame 18819 - rtmpquic.go:294
2026/03/12 14:37:40.567984 [22;34mDEBUG[0m 
chunk:917 chunk-dur:32ms, timestamp:30534 - rtmpquic.go:220
2026/03/12 14:37:40.602534 [22;34mDEBUG[0m Return monitor from  scheduler : , bw flag : false, limit : 0 - rtmpquic.go:249
2026/03/12 14:37:40.602556 [22;36m INFO[0m IframeComing false, resideSizeInGOP 1.017157e+06, meanGOP 1.840927e+06, meanI 246301, curgop 823770, curI 91050 - rtmpquic.go:283
2026/03/12 14:37:40.602560 [22;36m INFO[0m UNKEYBEHIND 16,limit:0 - rtmpquic.go:284
2026/03/12 14:37:40.602564 [22;34mDEBUG[0m 16 p frame 67312 - rtmpquic.go:294
2026/03/12 14:37:40.602610 [22;34mDEBUG[0m 
chunk:918 chunk-dur:35ms, timestamp:30567 - rtmpquic.go:220
2026/03/12 14:37:40.634844 [22;34mDEBUG[0m Return monitor from  scheduler : , bw flag : false, limit : 0 - rtmpquic.go:249
2026/03/12 14:37:40.634864 [22;36m INFO[0m IframeComing false, resideSizeInGOP 988994, meanGOP 1.840927e+06, meanI 246301, curgop 851933, curI 91050 - rtmpquic.go:283
2026/03/12 14:37:40.634928 [22;36m INFO[0m UNKEYBEHIND 17,limit:0 - rtmpquic.go:284
2026/03/12 14:37:40.634932 [22;34mDEBUG[0m 17 p frame 28163 - rtmpquic.go:294
2026/03/12 14:37:40.634962 [22;34mDEBUG[0m 
chunk:919 chunk-dur:32ms, timestamp:30600 - rtmpquic.go:220
2026/03/12 14:37:40.668527 [22;34mDEBUG[0m Return monitor from  scheduler : , bw flag : false, limit : 0 - rtmpquic.go:249
2026/03/12 14:37:40.668552 [22;36m INFO[0m IframeComing false, resideSizeInGOP 978326, meanGOP 1.840927e+06, meanI 246301, curgop 862601, curI 91050 - rtmpquic.go:283
2026/03/12 14:37:40.668556 [22;36m INFO[0m UNKEYBEHIND 18,limit:0 - rtmpquic.go:284
2026/03/12 14:37:40.668560 [22;34mDEBUG[0m 18 p frame 10668 - rtmpquic.go:294
2026/03/12 14:37:40.668579 [22;34mDEBUG[0m 
chunk:920 chunk-dur:34ms, timestamp:30634 - rtmpquic.go:220
2026/03/12 14:37:40.703256 [22;34mDEBUG[0m Return monitor from  scheduler : , bw flag : false, limit : 0 - rtmpquic.go:249
2026/03/12 14:37:40.703351 [22;36m INFO[0m IframeComing false, resideSizeInGOP 967626, meanGOP 1.840927e+06, meanI 246301, curgop 873301, curI 91050 - rtmpquic.go:283
2026/03/12 14:37:40.703357 [22;36m INFO[0m UNKEYBEHIND 19,limit:0 - rtmpquic.go:284
2026/03/12 14:37:40.703360 [22;34mDEBUG[0m 19 p frame 10700 - rtmpquic.go:294
2026/03/12 14:37:40.703619 [22;34mDEBUG[0m 
chunk:921 chunk-dur:35ms, timestamp:30667 - rtmpquic.go:220
2026/03/12 14:37:40.736267 [22;34mDEBUG[0m Return monitor from  scheduler : , bw flag : false, limit : 0 - rtmpquic.go:249
2026/03/12 14:37:40.736283 [22;36m INFO[0m IframeComing false, resideSizeInGOP 879144, meanGOP 1.840927e+06, meanI 246301, curgop 961783, curI 91050 - rtmpquic.go:283
2026/03/12 14:37:40.736288 [22;36m INFO[0m UNKEYBEHIND 20,limit:0 - rtmpquic.go:284
2026/03/12 14:37:40.736291 [22;34mDEBUG[0m 20 p frame 88482 - rtmpquic.go:294
2026/03/12 14:37:40.736463 [22;34mDEBUG[0m 
chunk:922 chunk-dur:33ms, timestamp:30700 - rtmpquic.go:220
2026/03/12 14:37:40.768130 [22;34mDEBUG[0m Return monitor from  scheduler : , bw flag : false, limit : 0 - rtmpquic.go:249
2026/03/12 14:37:40.768157 [22;36m INFO[0m IframeComing false, resideSizeInGOP 840684, meanGOP 1.840927e+06, meanI 246301, curgop 1000243, curI 91050 - rtmpquic.go:283
2026/03/12 14:37:40.768162 [22;36m INFO[0m UNKEYBEHIND 21,limit:0 - rtmpquic.go:284
2026/03/12 14:37:40.768166 [22;34mDEBUG[0m 21 p frame 38460 - rtmpquic.go:294
2026/03/12 14:37:40.768232 [22;34mDEBUG[0m 
chunk:923 chunk-dur:32ms, timestamp:30734 - rtmpquic.go:220
2026/03/12 14:37:40.802046 [22;34mDEBUG[0m Return monitor from  scheduler : , bw flag : false, limit : 0 - rtmpquic.go:249
2026/03/12 14:37:40.802065 [22;36m INFO[0m IframeComing false, resideSizeInGOP 816925, meanGOP 1.840927e+06, meanI 246301, curgop 1024002, curI 91050 - rtmpquic.go:283
2026/03/12 14:37:40.802069 [22;36m INFO[0m UNKEYBEHIND 22,limit:0 - rtmpquic.go:284
2026/03/12 14:37:40.802072 [22;34mDEBUG[0m 22 p frame 23759 - rtmpquic.go:294
2026/03/12 14:37:40.802114 [22;34mDEBUG[0m 
chunk:924 chunk-dur:34ms, timestamp:30767 - rtmpquic.go:220
2026/03/12 14:37:40.834459 [22;34mDEBUG[0m Return monitor from  scheduler : , bw flag : false, limit : 0 - rtmpquic.go:249
2026/03/12 14:37:40.834485 [22;36m INFO[0m IframeComing false, resideSizeInGOP 786004, meanGOP 1.840927e+06, meanI 246301, curgop 1054923, curI 91050 - rtmpquic.go:283
2026/03/12 14:37:40.834489 [22;36m INFO[0m UNKEYBEHIND 23,limit:0 - rtmpquic.go:284
2026/03/12 14:37:40.834493 [22;34mDEBUG[0m 23 p frame 30921 - rtmpquic.go:294
2026/03/12 14:37:40.834645 [22;34mDEBUG[0m 
chunk:925 chunk-dur:32ms, timestamp:30800 - rtmpquic.go:220
2026/03/12 14:37:40.868493 [22;34mDEBUG[0m Return monitor from  scheduler : , bw flag : false, limit : 0 - rtmpquic.go:249
2026/03/12 14:37:40.868514 [22;36m INFO[0m IframeComing false, resideSizeInGOP 685589, meanGOP 1.840927e+06, meanI 246301, curgop 1155338, curI 91050 - rtmpquic.go:283
2026/03/12 14:37:40.868519 [22;36m INFO[0m UNKEYBEHIND 24,limit:0 - rtmpquic.go:284
2026/03/12 14:37:40.868522 [22;34mDEBUG[0m 24 p frame 100415 - rtmpquic.go:294
2026/03/12 14:37:40.868595 [22;34mDEBUG[0m 
chunk:926 chunk-dur:34ms, timestamp:30834 - rtmpquic.go:220
2026/03/12 14:37:40.902351 [22;34mDEBUG[0m Return monitor from  scheduler : , bw flag : false, limit : 0 - rtmpquic.go:249
2026/03/12 14:37:40.902379 [22;36m INFO[0m IframeComing false, resideSizeInGOP 632833, meanGOP 1.840927e+06, meanI 246301, curgop 1208094, curI 91050 - rtmpquic.go:283
2026/03/12 14:37:40.902383 [22;36m INFO[0m UNKEYBEHIND 25,limit:0 - rtmpquic.go:284
2026/03/12 14:37:40.902387 [22;34mDEBUG[0m 25 p frame 52756 - rtmpquic.go:294
2026/03/12 14:37:40.902618 [22;34mDEBUG[0m 
chunk:927 chunk-dur:34ms, timestamp:30867 - rtmpquic.go:220
2026/03/12 14:37:40.935246 [22;34mDEBUG[0m Return monitor from  scheduler : , bw flag : false, limit : 0 - rtmpquic.go:249
2026/03/12 14:37:40.935290 [22;36m INFO[0m IframeComing false, resideSizeInGOP 606050, meanGOP 1.840927e+06, meanI 246301, curgop 1234877, curI 91050 - rtmpquic.go:283
2026/03/12 14:37:40.935297 [22;36m INFO[0m UNKEYBEHIND 26,limit:0 - rtmpquic.go:284
2026/03/12 14:37:40.935301 [22;34mDEBUG[0m 26 p frame 26783 - rtmpquic.go:294
2026/03/12 14:37:40.935359 [22;34mDEBUG[0m 
chunk:928 chunk-dur:33ms, timestamp:30900 - rtmpquic.go:220
2026/03/12 14:37:40.969637 [22;34mDEBUG[0m Return monitor from  scheduler : , bw flag : false, limit : 0 - rtmpquic.go:249
2026/03/12 14:37:40.969657 [22;36m INFO[0m IframeComing false, resideSizeInGOP 582313, meanGOP 1.840927e+06, meanI 246301, curgop 1258614, curI 91050 - rtmpquic.go:283
2026/03/12 14:37:40.969661 [22;36m INFO[0m UNKEYBEHIND 27,limit:0 - rtmpquic.go:284
2026/03/12 14:37:40.969665 [22;34mDEBUG[0m 27 p frame 23737 - rtmpquic.go:294
2026/03/12 14:37:40.969764 [22;34mDEBUG[0m 
chunk:929 chunk-dur:34ms, timestamp:30934 - rtmpquic.go:220
2026/03/12 14:37:41.002747 [22;34mDEBUG[0m Return monitor from  scheduler : , bw flag : false, limit : 0 - rtmpquic.go:249
2026/03/12 14:37:41.002769 [22;36m INFO[0m IframeComing false, resideSizeInGOP 501822, meanGOP 1.840927e+06, meanI 246301, curgop 1339105, curI 91050 - rtmpquic.go:283
2026/03/12 14:37:41.002773 [22;36m INFO[0m UNKEYBEHIND 28,limit:0 - rtmpquic.go:284
2026/03/12 14:37:41.002777 [22;34mDEBUG[0m 28 p frame 80491 - rtmpquic.go:294
2026/03/12 14:37:41.002826 [22;34mDEBUG[0m 
chunk:930 chunk-dur:33ms, timestamp:30967 - rtmpquic.go:220
2026/03/12 14:37:41.035339 [22;34mDEBUG[0m Return monitor from  scheduler : , bw flag : false, limit : 0 - rtmpquic.go:249
2026/03/12 14:37:41.035374 [22;36m INFO[0m IframeComing false, resideSizeInGOP 456098, meanGOP 1.840927e+06, meanI 246301, curgop 1384829, curI 91050 - rtmpquic.go:283
2026/03/12 14:37:41.035380 [22;36m INFO[0m UNKEYBEHIND 29,limit:0 - rtmpquic.go:284
2026/03/12 14:37:41.035383 [22;34mDEBUG[0m 29 p frame 45724 - rtmpquic.go:294
2026/03/12 14:37:41.035429 [22;34mDEBUG[0m 
chunk:931 chunk-dur:33ms, timestamp:31000 - rtmpquic.go:220
2026/03/12 14:37:41.068307 [22;34mDEBUG[0m Return monitor from  scheduler : , bw flag : false, limit : 0 - rtmpquic.go:249
2026/03/12 14:37:41.068323 [22;36m INFO[0m IframeComing false, resideSizeInGOP 430261, meanGOP 1.840927e+06, meanI 246301, curgop 1410666, curI 91050 - rtmpquic.go:283
2026/03/12 14:37:41.068327 [22;36m INFO[0m UNKEYBEHIND 30,limit:0 - rtmpquic.go:284
2026/03/12 14:37:41.068331 [22;34mDEBUG[0m 30 p frame 25837 - rtmpquic.go:294
2026/03/12 14:37:41.068421 [22;34mDEBUG[0m 
chunk:932 chunk-dur:33ms, timestamp:31034 - rtmpquic.go:220
2026/03/12 14:37:41.094199 [22;34mDEBUG[0m bitrate:10.058342 Mbps - client_session.go:438
2026/03/12 14:37:41.101821 [22;34mDEBUG[0m Return monitor from  scheduler : , bw flag : false, limit : 0 - rtmpquic.go:249
2026/03/12 14:37:41.101834 [22;36m INFO[0m IframeComing false, resideSizeInGOP 354754, meanGOP 1.840927e+06, meanI 246301, curgop 1486173, curI 91050 - rtmpquic.go:283
2026/03/12 14:37:41.101838 [22;36m INFO[0m UNKEYBEHIND 31,limit:0 - rtmpquic.go:284
2026/03/12 14:37:41.101841 [22;34mDEBUG[0m 31 p frame 75507 - rtmpquic.go:294
2026/03/12 14:37:41.101966 [22;34mDEBUG[0m 
chunk:933 chunk-dur:33ms, timestamp:31067 - rtmpquic.go:220
2026/03/12 14:37:41.135044 [22;34mDEBUG[0m Return monitor from  scheduler : , bw flag : false, limit : 0 - rtmpquic.go:249
2026/03/12 14:37:41.135071 [22;36m INFO[0m IframeComing false, resideSizeInGOP 264112, meanGOP 1.840927e+06, meanI 246301, curgop 1576815, curI 91050 - rtmpquic.go:283
2026/03/12 14:37:41.135076 [22;36m INFO[0m UNKEYBEHIND 32,limit:0 - rtmpquic.go:284
2026/03/12 14:37:41.135080 [22;34mDEBUG[0m 32 p frame 90642 - rtmpquic.go:294
2026/03/12 14:37:41.135137 [22;34mDEBUG[0m 
chunk:934 chunk-dur:34ms, timestamp:31100 - rtmpquic.go:220
2026/03/12 14:37:41.167963 [22;34mDEBUG[0m Return monitor from  scheduler : , bw flag : false, limit : 0 - rtmpquic.go:249
2026/03/12 14:37:41.167980 [22;36m INFO[0m IframeComing false, resideSizeInGOP 232101, meanGOP 1.840927e+06, meanI 246301, curgop 1608826, curI 91050 - rtmpquic.go:283
2026/03/12 14:37:41.167984 [22;36m INFO[0m UNKEYBEHIND 33,limit:0 - rtmpquic.go:284
2026/03/12 14:37:41.167988 [22;34mDEBUG[0m 33 p frame 32011 - rtmpquic.go:294
2026/03/12 14:37:41.168116 [22;34mDEBUG[0m 
chunk:935 chunk-dur:33ms, timestamp:31134 - rtmpquic.go:220
2026/03/12 14:37:41.201914 [22;34mDEBUG[0m Return monitor from  scheduler : , bw flag : false, limit : 0 - rtmpquic.go:249
2026/03/12 14:37:41.201947 [22;36m INFO[0m IframeComing false, resideSizeInGOP 216117, meanGOP 1.840927e+06, meanI 246301, curgop 1624810, curI 91050 - rtmpquic.go:283
2026/03/12 14:37:41.201951 [22;36m INFO[0m UNKEYBEHIND 34,limit:0 - rtmpquic.go:284
2026/03/12 14:37:41.201955 [22;34mDEBUG[0m 34 p frame 15984 - rtmpquic.go:294
2026/03/12 14:37:41.202067 [22;34mDEBUG[0m 
chunk:936 chunk-dur:34ms, timestamp:31167 - rtmpquic.go:220
2026/03/12 14:37:41.235269 [22;34mDEBUG[0m Return monitor from  scheduler : , bw flag : false, limit : 0 - rtmpquic.go:249
2026/03/12 14:37:41.235292 [22;36m INFO[0m IframeComing false, resideSizeInGOP 155560, meanGOP 1.840927e+06, meanI 246301, curgop 1685367, curI 91050 - rtmpquic.go:283
2026/03/12 14:37:41.235297 [22;36m INFO[0m UNKEYBEHIND 35,limit:0 - rtmpquic.go:284
2026/03/12 14:37:41.235300 [22;34mDEBUG[0m 35 p frame 60557 - rtmpquic.go:294
2026/03/12 14:37:41.235394 [22;34mDEBUG[0m 
chunk:937 chunk-dur:33ms, timestamp:31200 - rtmpquic.go:220
2026/03/12 14:37:41.267438 [22;34mDEBUG[0m Return monitor from  scheduler : , bw flag : false, limit : 0 - rtmpquic.go:249
2026/03/12 14:37:41.267460 [22;36m INFO[0m IframeComing true, resideSizeInGOP 76852, meanGOP 1.840927e+06, meanI 246301, curgop 1764075, curI 91050 - rtmpquic.go:283
2026/03/12 14:37:41.267464 [22;36m INFO[0m UNKEYBEHIND 36,limit:0 - rtmpquic.go:284
2026/03/12 14:37:41.267468 [22;34mDEBUG[0m 36 p frame 78708 - rtmpquic.go:294
2026/03/12 14:37:41.267496 [22;34mDEBUG[0m 
chunk:938 chunk-dur:32ms, timestamp:31234 - rtmpquic.go:220
2026/03/12 14:37:41.302152 [22;34mDEBUG[0m Return monitor from  scheduler : , bw flag : false, limit : 0 - rtmpquic.go:249
2026/03/12 14:37:41.302173 [22;36m INFO[0m IframeComing true, resideSizeInGOP 62939, meanGOP 1.840927e+06, meanI 246301, curgop 1777988, curI 91050 - rtmpquic.go:283
2026/03/12 14:37:41.302177 [22;36m INFO[0m UNKEYBEHIND 37,limit:0 - rtmpquic.go:284
2026/03/12 14:37:41.302181 [22;34mDEBUG[0m 37 p frame 13913 - rtmpquic.go:294
2026/03/12 14:37:41.302285 [22;34mDEBUG[0m 
chunk:939 chunk-dur:35ms, timestamp:31267 - rtmpquic.go:220
2026/03/12 14:37:41.335011 [22;34mDEBUG[0m Return monitor from  scheduler : , bw flag : false, limit : 0 - rtmpquic.go:249
2026/03/12 14:37:41.335033 [22;36m INFO[0m IframeComing true, resideSizeInGOP 6726, meanGOP 1.840927e+06, meanI 246301, curgop 1834201, curI 91050 - rtmpquic.go:283
2026/03/12 14:37:41.335038 [22;36m INFO[0m UNKEYBEHIND 38,limit:0 - rtmpquic.go:284
2026/03/12 14:37:41.335042 [22;34mDEBUG[0m 38 p frame 56213 - rtmpquic.go:294
2026/03/12 14:37:41.335160 [22;34mDEBUG[0m 
chunk:940 chunk-dur:33ms, timestamp:31300 - rtmpquic.go:220
2026/03/12 14:37:41.367385 [22;34mDEBUG[0m Return monitor from  scheduler : , bw flag : false, limit : 0 - rtmpquic.go:249
2026/03/12 14:37:41.367401 [22;36m INFO[0m IframeComing true, resideSizeInGOP -40530, meanGOP 1.840927e+06, meanI 246301, curgop 1881457, curI 91050 - rtmpquic.go:283
2026/03/12 14:37:41.367405 [22;36m INFO[0m UNKEYBEHIND 39,limit:0 - rtmpquic.go:284
2026/03/12 14:37:41.367409 [22;34mDEBUG[0m 39 p frame 47256 - rtmpquic.go:294
2026/03/12 14:37:41.367533 [22;34mDEBUG[0m 
chunk:941 chunk-dur:32ms, timestamp:31334 - rtmpquic.go:220
2026/03/12 14:37:41.401638 [22;34mDEBUG[0m Return monitor from  scheduler : , bw flag : false, limit : 0 - rtmpquic.go:249
2026/03/12 14:37:41.401663 [22;36m INFO[0m IframeComing true, resideSizeInGOP -122930, meanGOP 1.840927e+06, meanI 246301, curgop 1963857, curI 91050 - rtmpquic.go:283
2026/03/12 14:37:41.401667 [22;36m INFO[0m UNKEYBEHIND 40,limit:0 - rtmpquic.go:284
2026/03/12 14:37:41.401671 [22;34mDEBUG[0m 40 p frame 82400 - rtmpquic.go:294
2026/03/12 14:37:41.401718 [22;34mDEBUG[0m 
chunk:942 chunk-dur:34ms, timestamp:31367 - rtmpquic.go:220
2026/03/12 14:37:41.436028 [22;34mDEBUG[0m Return monitor from  scheduler : , bw flag : false, limit : 0 - rtmpquic.go:249
2026/03/12 14:37:41.436094 [22;36m INFO[0m IframeComing true, resideSizeInGOP -144418, meanGOP 1.840927e+06, meanI 246301, curgop 1985345, curI 91050 - rtmpquic.go:283
2026/03/12 14:37:41.436104 [22;36m INFO[0m UNKEYBEHIND 41,limit:0 - rtmpquic.go:284
2026/03/12 14:37:41.436108 [22;34mDEBUG[0m 41 p frame 21488 - rtmpquic.go:294
2026/03/12 14:37:41.436166 [22;34mDEBUG[0m 
chunk:943 chunk-dur:35ms, timestamp:31400 - rtmpquic.go:220
2026/03/12 14:37:41.467922 [22;34mDEBUG[0m Return monitor from  scheduler : , bw flag : false, limit : 0 - rtmpquic.go:249
2026/03/12 14:37:41.467942 [22;36m INFO[0m IframeComing true, resideSizeInGOP -155382, meanGOP 1.840927e+06, meanI 246301, curgop 1996309, curI 91050 - rtmpquic.go:283
2026/03/12 14:37:41.467947 [22;36m INFO[0m UNKEYBEHIND 42,limit:0 - rtmpquic.go:284
2026/03/12 14:37:41.467950 [22;34mDEBUG[0m 42 p frame 10964 - rtmpquic.go:294
2026/03/12 14:37:41.468041 [22;34mDEBUG[0m 
chunk:944 chunk-dur:32ms, timestamp:31434 - rtmpquic.go:220
2026/03/12 14:37:41.502052 [22;34mDEBUG[0m Return monitor from  scheduler : , bw flag : false, limit : 0 - rtmpquic.go:249
2026/03/12 14:37:41.502071 [22;36m INFO[0m IframeComing true, resideSizeInGOP -216524, meanGOP 1.840927e+06, meanI 246301, curgop 2057451, curI 91050 - rtmpquic.go:283
2026/03/12 14:37:41.502075 [22;36m INFO[0m UNKEYBEHIND 43,limit:0 - rtmpquic.go:284
2026/03/12 14:37:41.502079 [22;34mDEBUG[0m 43 p frame 61142 - rtmpquic.go:294
2026/03/12 14:37:41.502096 [22;34mDEBUG[0m 
chunk:945 chunk-dur:34ms, timestamp:31467 - rtmpquic.go:220
2026/03/12 14:37:41.534186 [22;34mDEBUG[0m Return monitor from  scheduler : , bw flag : false, limit : 0 - rtmpquic.go:249
2026/03/12 14:37:41.534210 [22;36m INFO[0m IframeComing true, resideSizeInGOP -225525, meanGOP 1.840927e+06, meanI 246301, curgop 2066452, curI 91050 - rtmpquic.go:283
2026/03/12 14:37:41.534214 [22;36m INFO[0m UNKEYBEHIND 44,limit:0 - rtmpquic.go:284
2026/03/12 14:37:41.534218 [22;34mDEBUG[0m 44 p frame 9001 - rtmpquic.go:294
2026/03/12 14:37:41.534369 [22;34mDEBUG[0m 
chunk:946 chunk-dur:32ms, timestamp:31500 - rtmpquic.go:220
2026/03/12 14:37:41.568247 [22;34mDEBUG[0m Return monitor from  scheduler : , bw flag : false, limit : 0 - rtmpquic.go:249
2026/03/12 14:37:41.568267 [22;36m INFO[0m IframeComing true, resideSizeInGOP -311604, meanGOP 1.840927e+06, meanI 246301, curgop 2152531, curI 91050 - rtmpquic.go:283
2026/03/12 14:37:41.568271 [22;36m INFO[0m UNKEYBEHIND 45,limit:0 - rtmpquic.go:284
2026/03/12 14:37:41.568274 [22;34mDEBUG[0m 45 p frame 86079 - rtmpquic.go:294
2026/03/12 14:37:41.568282 [22;34mDEBUG[0m 
chunk:947 chunk-dur:34ms, timestamp:31534 - rtmpquic.go:220
2026/03/12 14:37:41.602162 [22;34mDEBUG[0m Return monitor from  scheduler : , bw flag : false, limit : 0 - rtmpquic.go:249
2026/03/12 14:37:41.602186 [22;36m INFO[0m IframeComing true, resideSizeInGOP -320695, meanGOP 1.840927e+06, meanI 246301, curgop 2161622, curI 91050 - rtmpquic.go:283
2026/03/12 14:37:41.602191 [22;36m INFO[0m UNKEYBEHIND 46,limit:0 - rtmpquic.go:284
2026/03/12 14:37:41.602194 [22;34mDEBUG[0m 46 p frame 9091 - rtmpquic.go:294
2026/03/12 14:37:41.602327 [22;34mDEBUG[0m 
chunk:948 chunk-dur:34ms, timestamp:31567 - rtmpquic.go:220
2026/03/12 14:37:41.635366 [22;34mDEBUG[0m Return monitor from  scheduler : , bw flag : false, limit : 0 - rtmpquic.go:249
2026/03/12 14:37:41.635390 [22;36m INFO[0m IframeComing true, resideSizeInGOP -380948, meanGOP 1.840927e+06, meanI 246301, curgop 2221875, curI 91050 - rtmpquic.go:283
2026/03/12 14:37:41.635394 [22;36m INFO[0m UNKEYBEHIND 47,limit:0 - rtmpquic.go:284
2026/03/12 14:37:41.635398 [22;34mDEBUG[0m 47 p frame 60253 - rtmpquic.go:294
2026/03/12 14:37:41.635422 [22;34mDEBUG[0m 
chunk:949 chunk-dur:33ms, timestamp:31600 - rtmpquic.go:220
2026/03/12 14:37:41.667473 [22;34mDEBUG[0m Return monitor from  scheduler : , bw flag : false, limit : 0 - rtmpquic.go:249
2026/03/12 14:37:41.667564 [22;36m INFO[0m IframeComing true, resideSizeInGOP -389747, meanGOP 1.840927e+06, meanI 246301, curgop 2230674, curI 91050 - rtmpquic.go:283
2026/03/12 14:37:41.667572 [22;36m INFO[0m UNKEYBEHIND 48,limit:0 - rtmpquic.go:284
2026/03/12 14:37:41.667575 [22;34mDEBUG[0m 48 p frame 8799 - rtmpquic.go:294
2026/03/12 14:37:41.667675 [22;34mDEBUG[0m 
chunk:950 chunk-dur:32ms, timestamp:31634 - rtmpquic.go:220
2026/03/12 14:37:41.703530 [22;34mDEBUG[0m Return monitor from  scheduler : , bw flag : false, limit : 0 - rtmpquic.go:249
2026/03/12 14:37:41.703553 [22;36m INFO[0m IframeComing true, resideSizeInGOP -467079, meanGOP 1.840927e+06, meanI 246301, curgop 2308006, curI 91050 - rtmpquic.go:283
2026/03/12 14:37:41.703557 [22;36m INFO[0m UNKEYBEHIND 49,limit:0 - rtmpquic.go:284
2026/03/12 14:37:41.703560 [22;34mDEBUG[0m 49 p frame 77332 - rtmpquic.go:294
2026/03/12 14:37:41.703604 [22;34mDEBUG[0m 
chunk:951 chunk-dur:36ms, timestamp:31667 - rtmpquic.go:220
2026/03/12 14:37:41.735333 [22;34mDEBUG[0m Return monitor from  scheduler : , bw flag : false, limit : 0 - rtmpquic.go:249
2026/03/12 14:37:41.735368 [22;36m INFO[0m IframeComing true, resideSizeInGOP -495734, meanGOP 1.840927e+06, meanI 246301, curgop 2336661, curI 91050 - rtmpquic.go:283
2026/03/12 14:37:41.735372 [22;36m INFO[0m UNKEYBEHIND 50,limit:0 - rtmpquic.go:284
2026/03/12 14:37:41.735376 [22;34mDEBUG[0m 50 p frame 28655 - rtmpquic.go:294
2026/03/12 14:37:41.735420 [22;34mDEBUG[0m 
chunk:952 chunk-dur:32ms, timestamp:31700 - rtmpquic.go:220
2026/03/12 14:37:41.767497 [22;34mDEBUG[0m Return monitor from  scheduler : , bw flag : false, limit : 0 - rtmpquic.go:249
2026/03/12 14:37:41.767522 [22;36m INFO[0m IframeComing true, resideSizeInGOP -504861, meanGOP 1.840927e+06, meanI 246301, curgop 2345788, curI 91050 - rtmpquic.go:283
2026/03/12 14:37:41.767527 [22;36m INFO[0m UNKEYBEHIND 51,limit:0 - rtmpquic.go:284
2026/03/12 14:37:41.767530 [22;34mDEBUG[0m 51 p frame 9127 - rtmpquic.go:294
2026/03/12 14:37:41.767545 [22;34mDEBUG[0m 
chunk:953 chunk-dur:32ms, timestamp:31734 - rtmpquic.go:220
2026/03/12 14:37:41.802484 [22;34mDEBUG[0m Return monitor from  scheduler : , bw flag : false, limit : 0 - rtmpquic.go:249
2026/03/12 14:37:41.802535 [22;36m INFO[0m IframeComing true, resideSizeInGOP -516478, meanGOP 1.840927e+06, meanI 246301, curgop 2357405, curI 91050 - rtmpquic.go:283
2026/03/12 14:37:41.802541 [22;36m INFO[0m UNKEYBEHIND 52,limit:0 - rtmpquic.go:284
2026/03/12 14:37:41.802545 [22;34mDEBUG[0m 52 p frame 11617 - rtmpquic.go:294
2026/03/12 14:37:41.802670 [22;34mDEBUG[0m 
chunk:954 chunk-dur:35ms, timestamp:31767 - rtmpquic.go:220
2026/03/12 14:37:41.835672 [22;34mDEBUG[0m Return monitor from  scheduler : , bw flag : false, limit : 0 - rtmpquic.go:249
2026/03/12 14:37:41.835698 [22;36m INFO[0m IframeComing true, resideSizeInGOP -608782, meanGOP 1.840927e+06, meanI 246301, curgop 2449709, curI 91050 - rtmpquic.go:283
2026/03/12 14:37:41.835703 [22;36m INFO[0m UNKEYBEHIND 53,limit:0 - rtmpquic.go:284
2026/03/12 14:37:41.835707 [22;34mDEBUG[0m 53 p frame 92304 - rtmpquic.go:294
2026/03/12 14:37:41.835763 [22;34mDEBUG[0m 
chunk:955 chunk-dur:33ms, timestamp:31800 - rtmpquic.go:220
2026/03/12 14:37:41.868239 [22;34mDEBUG[0m Return monitor from  scheduler : , bw flag : false, limit : 0 - rtmpquic.go:249
2026/03/12 14:37:41.868259 [22;36m INFO[0m IframeComing true, resideSizeInGOP -635189, meanGOP 1.840927e+06, meanI 246301, curgop 2476116, curI 91050 - rtmpquic.go:283
2026/03/12 14:37:41.868262 [22;36m INFO[0m UNKEYBEHIND 54,limit:0 - rtmpquic.go:284
2026/03/12 14:37:41.868266 [22;34mDEBUG[0m 54 p frame 26407 - rtmpquic.go:294
2026/03/12 14:37:41.868308 [22;34mDEBUG[0m 
chunk:956 chunk-dur:33ms, timestamp:31834 - rtmpquic.go:220
2026/03/12 14:37:41.902323 [22;34mDEBUG[0m Return monitor from  scheduler : , bw flag : false, limit : 0 - rtmpquic.go:249
2026/03/12 14:37:41.902342 [22;36m INFO[0m IframeComing true, resideSizeInGOP -645670, meanGOP 1.840927e+06, meanI 246301, curgop 2486597, curI 91050 - rtmpquic.go:283
2026/03/12 14:37:41.902346 [22;36m INFO[0m UNKEYBEHIND 55,limit:0 - rtmpquic.go:284
2026/03/12 14:37:41.902349 [22;34mDEBUG[0m 55 p frame 10481 - rtmpquic.go:294
2026/03/12 14:37:41.902363 [22;34mDEBUG[0m 
chunk:957 chunk-dur:34ms, timestamp:31867 - rtmpquic.go:220
2026/03/12 14:37:41.936041 [22;34mDEBUG[0m Return monitor from  scheduler : , bw flag : false, limit : 0 - rtmpquic.go:249
2026/03/12 14:37:41.936065 [22;36m INFO[0m IframeComing true, resideSizeInGOP -655190, meanGOP 1.840927e+06, meanI 246301, curgop 2496117, curI 91050 - rtmpquic.go:283
2026/03/12 14:37:41.936070 [22;36m INFO[0m UNKEYBEHIND 56,limit:0 - rtmpquic.go:284
2026/03/12 14:37:41.936074 [22;34mDEBUG[0m 56 p frame 9520 - rtmpquic.go:294
2026/03/12 14:37:41.936138 [22;34mDEBUG[0m 
chunk:958 chunk-dur:34ms, timestamp:31900 - rtmpquic.go:220
2026/03/12 14:37:41.968131 [22;34mDEBUG[0m Return monitor from  scheduler : , bw flag : false, limit : 0 - rtmpquic.go:249
2026/03/12 14:37:41.968144 [22;36m INFO[0m IframeComing true, resideSizeInGOP -707742, meanGOP 1.840927e+06, meanI 246301, curgop 2548669, curI 91050 - rtmpquic.go:283
2026/03/12 14:37:41.968148 [22;36m INFO[0m UNKEYBEHIND 57,limit:0 - rtmpquic.go:284
2026/03/12 14:37:41.968152 [22;34mDEBUG[0m 57 p frame 52552 - rtmpquic.go:294
2026/03/12 14:37:41.971616 [22;34mDEBUG[0m 
chunk:959 chunk-dur:35ms, timestamp:31934 - rtmpquic.go:220
2026/03/12 14:37:42.002090 [22;34mDEBUG[0m Return monitor from  scheduler : , bw flag : false, limit : 0 - rtmpquic.go:249
2026/03/12 14:37:42.002112 [22;36m INFO[0m IframeComing true, resideSizeInGOP -718797, meanGOP 1.840927e+06, meanI 246301, curgop 2559724, curI 91050 - rtmpquic.go:283
2026/03/12 14:37:42.002116 [22;36m INFO[0m UNKEYBEHIND 58,limit:0 - rtmpquic.go:284
2026/03/12 14:37:42.002120 [22;34mDEBUG[0m 58 p frame 11055 - rtmpquic.go:294
2026/03/12 14:37:42.002135 [22;34mDEBUG[0m 
chunk:960 chunk-dur:31ms, timestamp:31967 - rtmpquic.go:220
2026/03/12 14:37:42.034759 [22;34mDEBUG[0m Return monitor from  scheduler : , bw flag : false, limit : 0 - rtmpquic.go:249
2026/03/12 14:37:42.034840 [22;36m INFO[0m IframeComing true, resideSizeInGOP -730555, meanGOP 1.840927e+06, meanI 246301, curgop 2571482, curI 91050 - rtmpquic.go:283
2026/03/12 14:37:42.034845 [22;36m INFO[0m UNKEYBEHIND 59,limit:0 - rtmpquic.go:284
2026/03/12 14:37:42.034848 [22;34mDEBUG[0m 59 p frame 11758 - rtmpquic.go:294
2026/03/12 14:37:42.035727 [22;34mDEBUG[0m 
chunk:961 chunk-dur:33ms, timestamp:32000 - rtmpquic.go:220
2026/03/12 14:37:42.068811 [22;34mDEBUG[0m Return monitor from  scheduler : , bw flag : false, limit : 0 - rtmpquic.go:249
key tag 176009
2026/03/12 14:37:42.068832 [22;34mDEBUG[0m 17 I frame 176009 - rtmpquic.go:275
2026/03/12 14:37:42.068944 [22;34mDEBUG[0m 
chunk:962 chunk-dur:33ms, timestamp:32034 - rtmpquic.go:220
2026/03/12 14:37:42.094609 [22;34mDEBUG[0m bitrate:10.194965 Mbps - client_session.go:438
2026/03/12 14:37:42.102795 [22;34mDEBUG[0m Return monitor from  scheduler : , bw flag : false, limit : 0 - rtmpquic.go:249
2026/03/12 14:37:42.102825 [22;36m INFO[0m IframeComing false, resideSizeInGOP 1.655285e+06, meanGOP 1.886587e+06, meanI 236598, curgop 231302, curI 176009 - rtmpquic.go:283
2026/03/12 14:37:42.102830 [22;36m INFO[0m UNKEYBEHIND 1,limit:0 - rtmpquic.go:284
2026/03/12 14:37:42.102834 [22;34mDEBUG[0m 1 p frame 55293 - rtmpquic.go:294
2026/03/12 14:37:42.103071 [22;34mDEBUG[0m 
chunk:963 chunk-dur:35ms, timestamp:32067 - rtmpquic.go:220
2026/03/12 14:37:42.134833 [22;34mDEBUG[0m Return monitor from  scheduler : , bw flag : false, limit : 0 - rtmpquic.go:249
2026/03/12 14:37:42.134853 [22;36m INFO[0m IframeComing false, resideSizeInGOP 1.620595e+06, meanGOP 1.886587e+06, meanI 236598, curgop 265992, curI 176009 - rtmpquic.go:283
2026/03/12 14:37:42.134857 [22;36m INFO[0m UNKEYBEHIND 2,limit:0 - rtmpquic.go:284
2026/03/12 14:37:42.134860 [22;34mDEBUG[0m 2 p frame 34690 - rtmpquic.go:294
2026/03/12 14:37:42.134967 [22;34mDEBUG[0m 
chunk:964 chunk-dur:31ms, timestamp:32100 - rtmpquic.go:220
2026/03/12 14:37:42.169015 [22;34mDEBUG[0m Return monitor from  scheduler : , bw flag : false, limit : 0 - rtmpquic.go:249
2026/03/12 14:37:42.169035 [22;36m INFO[0m IframeComing false, resideSizeInGOP 1.611445e+06, meanGOP 1.886587e+06, meanI 236598, curgop 275142, curI 176009 - rtmpquic.go:283
2026/03/12 14:37:42.169039 [22;36m INFO[0m UNKEYBEHIND 3,limit:0 - rtmpquic.go:284
2026/03/12 14:37:42.169042 [22;34mDEBUG[0m 3 p frame 9150 - rtmpquic.go:294
2026/03/12 14:37:42.169062 [22;34mDEBUG[0m 
chunk:965 chunk-dur:35ms, timestamp:32134 - rtmpquic.go:220
2026/03/12 14:37:42.201292 [22;34mDEBUG[0m Return monitor from  scheduler : , bw flag : false, limit : 0 - rtmpquic.go:249
2026/03/12 14:37:42.201314 [22;36m INFO[0m IframeComing false, resideSizeInGOP 1.599941e+06, meanGOP 1.886587e+06, meanI 236598, curgop 286646, curI 176009 - rtmpquic.go:283
2026/03/12 14:37:42.201318 [22;36m INFO[0m UNKEYBEHIND 4,limit:0 - rtmpquic.go:284
2026/03/12 14:37:42.201322 [22;34mDEBUG[0m 4 p frame 11504 - rtmpquic.go:294
2026/03/12 14:37:42.201369 [22;34mDEBUG[0m 
chunk:966 chunk-dur:32ms, timestamp:32167 - rtmpquic.go:220
2026/03/12 14:37:42.234602 [22;34mDEBUG[0m Return monitor from  scheduler : , bw flag : false, limit : 0 - rtmpquic.go:249
2026/03/12 14:37:42.234630 [22;36m INFO[0m IframeComing false, resideSizeInGOP 1.562997e+06, meanGOP 1.886587e+06, meanI 236598, curgop 323590, curI 176009 - rtmpquic.go:283
2026/03/12 14:37:42.234635 [22;36m INFO[0m UNKEYBEHIND 5,limit:0 - rtmpquic.go:284
2026/03/12 14:37:42.234638 [22;34mDEBUG[0m 5 p frame 36944 - rtmpquic.go:294
2026/03/12 14:37:42.234684 [22;34mDEBUG[0m 
chunk:967 chunk-dur:33ms, timestamp:32200 - rtmpquic.go:220
2026/03/12 14:37:42.269490 [22;34mDEBUG[0m Return monitor from  scheduler : , bw flag : false, limit : 0 - rtmpquic.go:249
2026/03/12 14:37:42.269513 [22;36m INFO[0m IframeComing false, resideSizeInGOP 1.520767e+06, meanGOP 1.886587e+06, meanI 236598, curgop 365820, curI 176009 - rtmpquic.go:283
2026/03/12 14:37:42.269517 [22;36m INFO[0m UNKEYBEHIND 6,limit:0 - rtmpquic.go:284
2026/03/12 14:37:42.269521 [22;34mDEBUG[0m 6 p frame 42230 - rtmpquic.go:294
2026/03/12 14:37:42.269545 [22;34mDEBUG[0m 
chunk:968 chunk-dur:35ms, timestamp:32234 - rtmpquic.go:220
2026/03/12 14:37:42.302723 [22;34mDEBUG[0m Return monitor from  scheduler : , bw flag : false, limit : 0 - rtmpquic.go:249
2026/03/12 14:37:42.302742 [22;36m INFO[0m IframeComing false, resideSizeInGOP 1.505127e+06, meanGOP 1.886587e+06, meanI 236598, curgop 381460, curI 176009 - rtmpquic.go:283
2026/03/12 14:37:42.302746 [22;36m INFO[0m UNKEYBEHIND 7,limit:0 - rtmpquic.go:284
2026/03/12 14:37:42.302750 [22;34mDEBUG[0m 7 p frame 15640 - rtmpquic.go:294
2026/03/12 14:37:42.302854 [22;34mDEBUG[0m 
chunk:969 chunk-dur:33ms, timestamp:32267 - rtmpquic.go:220
2026/03/12 14:37:42.335645 [22;34mDEBUG[0m Return monitor from  scheduler : , bw flag : false, limit : 0 - rtmpquic.go:249
2026/03/12 14:37:42.335663 [22;36m INFO[0m IframeComing false, resideSizeInGOP 1.391952e+06, meanGOP 1.886587e+06, meanI 236598, curgop 494635, curI 176009 - rtmpquic.go:283
2026/03/12 14:37:42.335667 [22;36m INFO[0m UNKEYBEHIND 8,limit:0 - rtmpquic.go:284
2026/03/12 14:37:42.335670 [22;34mDEBUG[0m 8 p frame 113175 - rtmpquic.go:294
2026/03/12 14:37:42.335803 [22;34mDEBUG[0m 
chunk:970 chunk-dur:33ms, timestamp:32300 - rtmpquic.go:220
2026/03/12 14:37:42.368691 [22;34mDEBUG[0m Return monitor from  scheduler : , bw flag : false, limit : 0 - rtmpquic.go:249
2026/03/12 14:37:42.368710 [22;36m INFO[0m IframeComing false, resideSizeInGOP 1.290094e+06, meanGOP 1.886587e+06, meanI 236598, curgop 596493, curI 176009 - rtmpquic.go:283
2026/03/12 14:37:42.368715 [22;36m INFO[0m UNKEYBEHIND 9,limit:0 - rtmpquic.go:284
2026/03/12 14:37:42.368718 [22;34mDEBUG[0m 9 p frame 101858 - rtmpquic.go:294
2026/03/12 14:37:42.368776 [22;34mDEBUG[0m 
chunk:971 chunk-dur:33ms, timestamp:32334 - rtmpquic.go:220
2026/03/12 14:37:42.402686 [22;34mDEBUG[0m Return monitor from  scheduler : , bw flag : false, limit : 0 - rtmpquic.go:249
2026/03/12 14:37:42.402710 [22;36m INFO[0m IframeComing false, resideSizeInGOP 1.252709e+06, meanGOP 1.886587e+06, meanI 236598, curgop 633878, curI 176009 - rtmpquic.go:283
2026/03/12 14:37:42.402714 [22;36m INFO[0m UNKEYBEHIND 10,limit:0 - rtmpquic.go:284
2026/03/12 14:37:42.402717 [22;34mDEBUG[0m 10 p frame 37385 - rtmpquic.go:294
2026/03/12 14:37:42.402733 [22;34mDEBUG[0m 
chunk:972 chunk-dur:34ms, timestamp:32367 - rtmpquic.go:220
2026/03/12 14:37:42.436161 [22;34mDEBUG[0m Return monitor from  scheduler : , bw flag : false, limit : 0 - rtmpquic.go:249
2026/03/12 14:37:42.436178 [22;36m INFO[0m IframeComing false, resideSizeInGOP 1.243797e+06, meanGOP 1.886587e+06, meanI 236598, curgop 642790, curI 176009 - rtmpquic.go:283
2026/03/12 14:37:42.436182 [22;36m INFO[0m UNKEYBEHIND 11,limit:0 - rtmpquic.go:284
2026/03/12 14:37:42.436186 [22;34mDEBUG[0m 11 p frame 8912 - rtmpquic.go:294
2026/03/12 14:37:42.436236 [22;34mDEBUG[0m 
chunk:973 chunk-dur:34ms, timestamp:32400 - rtmpquic.go:220
2026/03/12 14:37:42.468046 [22;34mDEBUG[0m Return monitor from  scheduler : , bw flag : false, limit : 0 - rtmpquic.go:249
2026/03/12 14:37:42.468074 [22;36m INFO[0m IframeComing false, resideSizeInGOP 1.235473e+06, meanGOP 1.886587e+06, meanI 236598, curgop 651114, curI 176009 - rtmpquic.go:283
2026/03/12 14:37:42.468078 [22;36m INFO[0m UNKEYBEHIND 12,limit:0 - rtmpquic.go:284
2026/03/12 14:37:42.468082 [22;34mDEBUG[0m 12 p frame 8324 - rtmpquic.go:294
2026/03/12 14:37:42.468205 [22;34mDEBUG[0m 
chunk:974 chunk-dur:32ms, timestamp:32434 - rtmpquic.go:220
2026/03/12 14:37:42.502589 [22;34mDEBUG[0m Return monitor from  scheduler : , bw flag : false, limit : 0 - rtmpquic.go:249
2026/03/12 14:37:42.502607 [22;36m INFO[0m IframeComing false, resideSizeInGOP 1.124581e+06, meanGOP 1.886587e+06, meanI 236598, curgop 762006, curI 176009 - rtmpquic.go:283
2026/03/12 14:37:42.502611 [22;36m INFO[0m UNKEYBEHIND 13,limit:0 - rtmpquic.go:284
2026/03/12 14:37:42.502615 [22;34mDEBUG[0m 13 p frame 110892 - rtmpquic.go:294
2026/03/12 14:37:42.502649 [22;34mDEBUG[0m 
chunk:975 chunk-dur:34ms, timestamp:32467 - rtmpquic.go:220
2026/03/12 14:37:42.535527 [22;34mDEBUG[0m Return monitor from  scheduler : , bw flag : false, limit : 0 - rtmpquic.go:249
2026/03/12 14:37:42.535550 [22;36m INFO[0m IframeComing false, resideSizeInGOP 1.100123e+06, meanGOP 1.886587e+06, meanI 236598, curgop 786464, curI 176009 - rtmpquic.go:283
2026/03/12 14:37:42.535554 [22;36m INFO[0m UNKEYBEHIND 14,limit:0 - rtmpquic.go:284
2026/03/12 14:37:42.535558 [22;34mDEBUG[0m 14 p frame 24458 - rtmpquic.go:294
2026/03/12 14:37:42.535585 [22;34mDEBUG[0m 
chunk:976 chunk-dur:33ms, timestamp:32500 - rtmpquic.go:220
2026/03/12 14:37:42.568358 [22;34mDEBUG[0m Return monitor from  scheduler : , bw flag : false, limit : 0 - rtmpquic.go:249
2026/03/12 14:37:42.568376 [22;36m INFO[0m IframeComing false, resideSizeInGOP 1.087309e+06, meanGOP 1.886587e+06, meanI 236598, curgop 799278, curI 176009 - rtmpquic.go:283
2026/03/12 14:37:42.568379 [22;36m INFO[0m UNKEYBEHIND 15,limit:0 - rtmpquic.go:284
2026/03/12 14:37:42.568382 [22;34mDEBUG[0m 15 p frame 12814 - rtmpquic.go:294
2026/03/12 14:37:42.568389 [22;34mDEBUG[0m 
chunk:977 chunk-dur:33ms, timestamp:32534 - rtmpquic.go:220
2026/03/12 14:37:42.602097 [22;34mDEBUG[0m Return monitor from  scheduler : , bw flag : false, limit : 0 - rtmpquic.go:249
2026/03/12 14:37:42.602116 [22;36m INFO[0m IframeComing false, resideSizeInGOP 1.078037e+06, meanGOP 1.886587e+06, meanI 236598, curgop 808550, curI 176009 - rtmpquic.go:283
2026/03/12 14:37:42.602120 [22;36m INFO[0m UNKEYBEHIND 16,limit:0 - rtmpquic.go:284
2026/03/12 14:37:42.602123 [22;34mDEBUG[0m 16 p frame 9272 - rtmpquic.go:294
2026/03/12 14:37:42.602377 [22;34mDEBUG[0m 
chunk:978 chunk-dur:34ms, timestamp:32567 - rtmpquic.go:220
2026/03/12 14:37:42.638188 [22;34mDEBUG[0m Return monitor from  scheduler : , bw flag : false, limit : 0 - rtmpquic.go:249
2026/03/12 14:37:42.638234 [22;36m INFO[0m IframeComing false, resideSizeInGOP 1.003671e+06, meanGOP 1.886587e+06, meanI 236598, curgop 882916, curI 176009 - rtmpquic.go:283
2026/03/12 14:37:42.638238 [22;36m INFO[0m UNKEYBEHIND 17,limit:0 - rtmpquic.go:284
2026/03/12 14:37:42.638241 [22;34mDEBUG[0m 17 p frame 74366 - rtmpquic.go:294
2026/03/12 14:37:42.638265 [22;34mDEBUG[0m 
chunk:979 chunk-dur:36ms, timestamp:32600 - rtmpquic.go:220
2026/03/12 14:37:42.667733 [22;34mDEBUG[0m Return monitor from  scheduler : , bw flag : false, limit : 0 - rtmpquic.go:249
2026/03/12 14:37:42.667755 [22;36m INFO[0m IframeComing false, resideSizeInGOP 983853, meanGOP 1.886587e+06, meanI 236598, curgop 902734, curI 176009 - rtmpquic.go:283
2026/03/12 14:37:42.667760 [22;36m INFO[0m UNKEYBEHIND 18,limit:0 - rtmpquic.go:284
2026/03/12 14:37:42.667763 [22;34mDEBUG[0m 18 p frame 19818 - rtmpquic.go:294
2026/03/12 14:37:42.667788 [22;34mDEBUG[0m 
chunk:980 chunk-dur:29ms, timestamp:32634 - rtmpquic.go:220
2026/03/12 14:37:42.702351 [22;34mDEBUG[0m Return monitor from  scheduler : , bw flag : false, limit : 0 - rtmpquic.go:249
2026/03/12 14:37:42.702376 [22;36m INFO[0m IframeComing false, resideSizeInGOP 973605, meanGOP 1.886587e+06, meanI 236598, curgop 912982, curI 176009 - rtmpquic.go:283
2026/03/12 14:37:42.702381 [22;36m INFO[0m UNKEYBEHIND 19,limit:0 - rtmpquic.go:284
2026/03/12 14:37:42.702384 [22;34mDEBUG[0m 19 p frame 10248 - rtmpquic.go:294
2026/03/12 14:37:42.702409 [22;34mDEBUG[0m 
chunk:981 chunk-dur:35ms, timestamp:32667 - rtmpquic.go:220
2026/03/12 14:37:42.735069 [22;34mDEBUG[0m Return monitor from  scheduler : , bw flag : false, limit : 0 - rtmpquic.go:249
2026/03/12 14:37:42.735090 [22;36m INFO[0m IframeComing false, resideSizeInGOP 964104, meanGOP 1.886587e+06, meanI 236598, curgop 922483, curI 176009 - rtmpquic.go:283
2026/03/12 14:37:42.735094 [22;36m INFO[0m UNKEYBEHIND 20,limit:0 - rtmpquic.go:284
2026/03/12 14:37:42.735098 [22;34mDEBUG[0m 20 p frame 9501 - rtmpquic.go:294
2026/03/12 14:37:42.735316 [22;34mDEBUG[0m 
chunk:982 chunk-dur:33ms, timestamp:32700 - rtmpquic.go:220
2026/03/12 14:37:42.767918 [22;34mDEBUG[0m Return monitor from  scheduler : , bw flag : false, limit : 0 - rtmpquic.go:249
2026/03/12 14:37:42.767942 [22;36m INFO[0m IframeComing false, resideSizeInGOP 885578, meanGOP 1.886587e+06, meanI 236598, curgop 1001009, curI 176009 - rtmpquic.go:283
2026/03/12 14:37:42.767947 [22;36m INFO[0m UNKEYBEHIND 21,limit:0 - rtmpquic.go:284
2026/03/12 14:37:42.767950 [22;34mDEBUG[0m 21 p frame 78526 - rtmpquic.go:294
2026/03/12 14:37:42.767965 [22;34mDEBUG[0m 
chunk:983 chunk-dur:32ms, timestamp:32734 - rtmpquic.go:220
2026/03/12 14:37:42.802351 [22;34mDEBUG[0m Return monitor from  scheduler : , bw flag : false, limit : 0 - rtmpquic.go:249
2026/03/12 14:37:42.802379 [22;36m INFO[0m IframeComing false, resideSizeInGOP 873999, meanGOP 1.886587e+06, meanI 236598, curgop 1012588, curI 176009 - rtmpquic.go:283
2026/03/12 14:37:42.802383 [22;36m INFO[0m UNKEYBEHIND 22,limit:0 - rtmpquic.go:284
2026/03/12 14:37:42.802387 [22;34mDEBUG[0m 22 p frame 11579 - rtmpquic.go:294
2026/03/12 14:37:42.802431 [22;34mDEBUG[0m 
chunk:984 chunk-dur:35ms, timestamp:32767 - rtmpquic.go:220
2026/03/12 14:37:42.834833 [22;34mDEBUG[0m Return monitor from  scheduler : , bw flag : false, limit : 0 - rtmpquic.go:249
2026/03/12 14:37:42.834855 [22;36m INFO[0m IframeComing false, resideSizeInGOP 864670, meanGOP 1.886587e+06, meanI 236598, curgop 1021917, curI 176009 - rtmpquic.go:283
2026/03/12 14:37:42.834859 [22;36m INFO[0m UNKEYBEHIND 23,limit:0 - rtmpquic.go:284
2026/03/12 14:37:42.834863 [22;34mDEBUG[0m 23 p frame 9329 - rtmpquic.go:294
2026/03/12 14:37:42.835096 [22;34mDEBUG[0m 
chunk:985 chunk-dur:33ms, timestamp:32800 - rtmpquic.go:220
2026/03/12 14:37:42.868044 [22;34mDEBUG[0m Return monitor from  scheduler : , bw flag : false, limit : 0 - rtmpquic.go:249
2026/03/12 14:37:42.868067 [22;36m INFO[0m IframeComing false, resideSizeInGOP 800035, meanGOP 1.886587e+06, meanI 236598, curgop 1086552, curI 176009 - rtmpquic.go:283
2026/03/12 14:37:42.868072 [22;36m INFO[0m UNKEYBEHIND 24,limit:0 - rtmpquic.go:284
2026/03/12 14:37:42.868075 [22;34mDEBUG[0m 24 p frame 64635 - rtmpquic.go:294
2026/03/12 14:37:42.868109 [22;34mDEBUG[0m 
chunk:986 chunk-dur:33ms, timestamp:32834 - rtmpquic.go:220
2026/03/12 14:37:42.902111 [22;34mDEBUG[0m Return monitor from  scheduler : , bw flag : false, limit : 0 - rtmpquic.go:249
2026/03/12 14:37:42.902129 [22;36m INFO[0m IframeComing false, resideSizeInGOP 781149, meanGOP 1.886587e+06, meanI 236598, curgop 1105438, curI 176009 - rtmpquic.go:283
2026/03/12 14:37:42.902148 [22;36m INFO[0m UNKEYBEHIND 25,limit:0 - rtmpquic.go:284
2026/03/12 14:37:42.902151 [22;34mDEBUG[0m 25 p frame 18886 - rtmpquic.go:294
2026/03/12 14:37:42.902169 [22;34mDEBUG[0m 
chunk:987 chunk-dur:34ms, timestamp:32867 - rtmpquic.go:220
2026/03/12 14:37:42.934427 [22;34mDEBUG[0m Return monitor from  scheduler : , bw flag : false, limit : 0 - rtmpquic.go:249
2026/03/12 14:37:42.934536 [22;36m INFO[0m IframeComing false, resideSizeInGOP 773144, meanGOP 1.886587e+06, meanI 236598, curgop 1113443, curI 176009 - rtmpquic.go:283
2026/03/12 14:37:42.934550 [22;36m INFO[0m UNKEYBEHIND 26,limit:0 - rtmpquic.go:284
2026/03/12 14:37:42.934554 [22;34mDEBUG[0m 26 p frame 8005 - rtmpquic.go:294
2026/03/12 14:37:42.934569 [22;34mDEBUG[0m 
chunk:988 chunk-dur:32ms, timestamp:32900 - rtmpquic.go:220
2026/03/12 14:37:42.968935 [22;34mDEBUG[0m Return monitor from  scheduler : , bw flag : false, limit : 0 - rtmpquic.go:249
2026/03/12 14:37:42.968992 [22;36m INFO[0m IframeComing false, resideSizeInGOP 765822, meanGOP 1.886587e+06, meanI 236598, curgop 1120765, curI 176009 - rtmpquic.go:283
2026/03/12 14:37:42.968998 [22;36m INFO[0m UNKEYBEHIND 27,limit:0 - rtmpquic.go:284
2026/03/12 14:37:42.969002 [22;34mDEBUG[0m 27 p frame 7322 - rtmpquic.go:294
2026/03/12 14:37:42.969104 [22;34mDEBUG[0m 
chunk:989 chunk-dur:35ms, timestamp:32934 - rtmpquic.go:220
2026/03/12 14:37:43.002001 [22;34mDEBUG[0m Return monitor from  scheduler : , bw flag : false, limit : 0 - rtmpquic.go:249
2026/03/12 14:37:43.002032 [22;36m INFO[0m IframeComing false, resideSizeInGOP 675709, meanGOP 1.886587e+06, meanI 236598, curgop 1210878, curI 176009 - rtmpquic.go:283
2026/03/12 14:37:43.002037 [22;36m INFO[0m UNKEYBEHIND 28,limit:0 - rtmpquic.go:284
2026/03/12 14:37:43.002040 [22;34mDEBUG[0m 28 p frame 90113 - rtmpquic.go:294
2026/03/12 14:37:43.002136 [22;34mDEBUG[0m 
chunk:990 chunk-dur:33ms, timestamp:32967 - rtmpquic.go:220
2026/03/12 14:37:43.034398 [22;34mDEBUG[0m Return monitor from  scheduler : , bw flag : false, limit : 0 - rtmpquic.go:249
2026/03/12 14:37:43.034430 [22;36m INFO[0m IframeComing false, resideSizeInGOP 649982, meanGOP 1.886587e+06, meanI 236598, curgop 1236605, curI 176009 - rtmpquic.go:283
2026/03/12 14:37:43.034434 [22;36m INFO[0m UNKEYBEHIND 29,limit:0 - rtmpquic.go:284
2026/03/12 14:37:43.034438 [22;34mDEBUG[0m 29 p frame 25727 - rtmpquic.go:294
2026/03/12 14:37:43.034448 [22;34mDEBUG[0m 
chunk:991 chunk-dur:32ms, timestamp:33000 - rtmpquic.go:220
2026/03/12 14:37:43.067941 [22;34mDEBUG[0m Return monitor from  scheduler : , bw flag : false, limit : 0 - rtmpquic.go:249
2026/03/12 14:37:43.067960 [22;36m INFO[0m IframeComing false, resideSizeInGOP 639773, meanGOP 1.886587e+06, meanI 236598, curgop 1246814, curI 176009 - rtmpquic.go:283
2026/03/12 14:37:43.067964 [22;36m INFO[0m UNKEYBEHIND 30,limit:0 - rtmpquic.go:284
2026/03/12 14:37:43.067968 [22;34mDEBUG[0m 30 p frame 10209 - rtmpquic.go:294
2026/03/12 14:37:43.067993 [22;34mDEBUG[0m 
chunk:992 chunk-dur:33ms, timestamp:33034 - rtmpquic.go:220
2026/03/12 14:37:43.094925 [22;34mDEBUG[0m bitrate:8.167021 Mbps - client_session.go:438
2026/03/12 14:37:43.103085 [22;34mDEBUG[0m Return monitor from  scheduler : , bw flag : false, limit : 0 - rtmpquic.go:249
2026/03/12 14:37:43.103105 [22;36m INFO[0m IframeComing false, resideSizeInGOP 631774, meanGOP 1.886587e+06, meanI 236598, curgop 1254813, curI 176009 - rtmpquic.go:283
2026/03/12 14:37:43.103110 [22;36m INFO[0m UNKEYBEHIND 31,limit:0 - rtmpquic.go:284
2026/03/12 14:37:43.103113 [22;34mDEBUG[0m 31 p frame 7999 - rtmpquic.go:294
2026/03/12 14:37:43.103181 [22;34mDEBUG[0m 
chunk:993 chunk-dur:36ms, timestamp:33067 - rtmpquic.go:220
2026/03/12 14:37:43.134395 [22;34mDEBUG[0m Return monitor from  scheduler : , bw flag : false, limit : 0 - rtmpquic.go:249
2026/03/12 14:37:43.134417 [22;36m INFO[0m IframeComing false, resideSizeInGOP 558049, meanGOP 1.886587e+06, meanI 236598, curgop 1328538, curI 176009 - rtmpquic.go:283
2026/03/12 14:37:43.134421 [22;36m INFO[0m UNKEYBEHIND 32,limit:0 - rtmpquic.go:284
2026/03/12 14:37:43.134424 [22;34mDEBUG[0m 32 p frame 73725 - rtmpquic.go:294
2026/03/12 14:37:43.134442 [22;34mDEBUG[0m 
chunk:994 chunk-dur:31ms, timestamp:33100 - rtmpquic.go:220
2026/03/12 14:37:43.168162 [22;34mDEBUG[0m Return monitor from  scheduler : , bw flag : false, limit : 0 - rtmpquic.go:249
2026/03/12 14:37:43.168180 [22;36m INFO[0m IframeComing false, resideSizeInGOP 549262, meanGOP 1.886587e+06, meanI 236598, curgop 1337325, curI 176009 - rtmpquic.go:283
2026/03/12 14:37:43.168184 [22;36m INFO[0m UNKEYBEHIND 33,limit:0 - rtmpquic.go:284
2026/03/12 14:37:43.168188 [22;34mDEBUG[0m 33 p frame 8787 - rtmpquic.go:294
2026/03/12 14:37:43.168362 [22;34mDEBUG[0m 
chunk:995 chunk-dur:34ms, timestamp:33134 - rtmpquic.go:220
2026/03/12 14:37:43.201967 [22;34mDEBUG[0m Return monitor from  scheduler : , bw flag : false, limit : 0 - rtmpquic.go:249
2026/03/12 14:37:43.201992 [22;36m INFO[0m IframeComing false, resideSizeInGOP 484408, meanGOP 1.886587e+06, meanI 236598, curgop 1402179, curI 176009 - rtmpquic.go:283
2026/03/12 14:37:43.201996 [22;36m INFO[0m UNKEYBEHIND 34,limit:0 - rtmpquic.go:284
2026/03/12 14:37:43.201999 [22;34mDEBUG[0m 34 p frame 64854 - rtmpquic.go:294
2026/03/12 14:37:43.202050 [22;34mDEBUG[0m 
chunk:996 chunk-dur:34ms, timestamp:33167 - rtmpquic.go:220
2026/03/12 14:37:43.234304 [22;34mDEBUG[0m Return monitor from  scheduler : , bw flag : false, limit : 0 - rtmpquic.go:249
2026/03/12 14:37:43.234332 [22;36m INFO[0m IframeComing false, resideSizeInGOP 472671, meanGOP 1.886587e+06, meanI 236598, curgop 1413916, curI 176009 - rtmpquic.go:283
2026/03/12 14:37:43.234336 [22;36m INFO[0m UNKEYBEHIND 35,limit:0 - rtmpquic.go:284
2026/03/12 14:37:43.234339 [22;34mDEBUG[0m 35 p frame 11737 - rtmpquic.go:294
2026/03/12 14:37:43.234347 [22;34mDEBUG[0m 
chunk:997 chunk-dur:32ms, timestamp:33200 - rtmpquic.go:220
2026/03/12 14:37:43.268426 [22;34mDEBUG[0m Return monitor from  scheduler : , bw flag : false, limit : 0 - rtmpquic.go:249
2026/03/12 14:37:43.268463 [22;36m INFO[0m IframeComing false, resideSizeInGOP 464817, meanGOP 1.886587e+06, meanI 236598, curgop 1421770, curI 176009 - rtmpquic.go:283
2026/03/12 14:37:43.268468 [22;36m INFO[0m UNKEYBEHIND 36,limit:0 - rtmpquic.go:284
2026/03/12 14:37:43.268472 [22;34mDEBUG[0m 36 p frame 7854 - rtmpquic.go:294
2026/03/12 14:37:43.269692 [22;34mDEBUG[0m 
chunk:998 chunk-dur:35ms, timestamp:33234 - rtmpquic.go:220
2026/03/12 14:37:43.302599 [22;34mDEBUG[0m Return monitor from  scheduler : , bw flag : false, limit : 0 - rtmpquic.go:249
2026/03/12 14:37:43.302631 [22;36m INFO[0m IframeComing false, resideSizeInGOP 410109, meanGOP 1.886587e+06, meanI 236598, curgop 1476478, curI 176009 - rtmpquic.go:283
2026/03/12 14:37:43.302636 [22;36m INFO[0m UNKEYBEHIND 37,limit:0 - rtmpquic.go:284
2026/03/12 14:37:43.302639 [22;34mDEBUG[0m 37 p frame 54708 - rtmpquic.go:294
2026/03/12 14:37:43.302746 [22;34mDEBUG[0m 
chunk:999 chunk-dur:33ms, timestamp:33267 - rtmpquic.go:220
2026/03/12 14:37:43.335194 [22;34mDEBUG[0m Return monitor from  scheduler : , bw flag : false, limit : 0 - rtmpquic.go:249
2026/03/12 14:37:43.335228 [22;36m INFO[0m IframeComing false, resideSizeInGOP 400965, meanGOP 1.886587e+06, meanI 236598, curgop 1485622, curI 176009 - rtmpquic.go:283
2026/03/12 14:37:43.335232 [22;36m INFO[0m UNKEYBEHIND 38,limit:0 - rtmpquic.go:284
2026/03/12 14:37:43.335237 [22;34mDEBUG[0m 38 p frame 9144 - rtmpquic.go:294
2026/03/12 14:37:43.335329 [22;34mDEBUG[0m 
chunk:1000 chunk-dur:33ms, timestamp:33300 - rtmpquic.go:220
2026/03/12 14:37:43.368401 [22;34mDEBUG[0m Return monitor from  scheduler : , bw flag : false, limit : 0 - rtmpquic.go:249
2026/03/12 14:37:43.368455 [22;36m INFO[0m IframeComing false, resideSizeInGOP 324198, meanGOP 1.886587e+06, meanI 236598, curgop 1562389, curI 176009 - rtmpquic.go:283
2026/03/12 14:37:43.368478 [22;36m INFO[0m UNKEYBEHIND 39,limit:0 - rtmpquic.go:284
2026/03/12 14:37:43.368485 [22;34mDEBUG[0m 39 p frame 76767 - rtmpquic.go:294
2026/03/12 14:37:43.368535 [22;34mDEBUG[0m 
chunk:1001 chunk-dur:33ms, timestamp:33334 - rtmpquic.go:220
2026/03/12 14:37:43.402479 [22;34mDEBUG[0m Return monitor from  scheduler : , bw flag : false, limit : 0 - rtmpquic.go:249
2026/03/12 14:37:43.402517 [22;36m INFO[0m IframeComing false, resideSizeInGOP 296599, meanGOP 1.886587e+06, meanI 236598, curgop 1589988, curI 176009 - rtmpquic.go:283
2026/03/12 14:37:43.402523 [22;36m INFO[0m UNKEYBEHIND 40,limit:0 - rtmpquic.go:284
2026/03/12 14:37:43.402527 [22;34mDEBUG[0m 40 p frame 27599 - rtmpquic.go:294
2026/03/12 14:37:43.402555 [22;34mDEBUG[0m 
chunk:1002 chunk-dur:34ms, timestamp:33367 - rtmpquic.go:220
2026/03/12 14:37:43.435153 [22;34mDEBUG[0m Return monitor from  scheduler : , bw flag : false, limit : 0 - rtmpquic.go:249
2026/03/12 14:37:43.435202 [22;36m INFO[0m IframeComing false, resideSizeInGOP 283568, meanGOP 1.886587e+06, meanI 236598, curgop 1603019, curI 176009 - rtmpquic.go:283
2026/03/12 14:37:43.435209 [22;36m INFO[0m UNKEYBEHIND 41,limit:0 - rtmpquic.go:284
2026/03/12 14:37:43.435212 [22;34mDEBUG[0m 41 p frame 13031 - rtmpquic.go:294
2026/03/12 14:37:43.435241 [22;34mDEBUG[0m 
chunk:1003 chunk-dur:33ms, timestamp:33400 - rtmpquic.go:220
2026/03/12 14:37:43.467920 [22;34mDEBUG[0m Return monitor from  scheduler : , bw flag : false, limit : 0 - rtmpquic.go:249
2026/03/12 14:37:43.467942 [22;36m INFO[0m IframeComing false, resideSizeInGOP 274478, meanGOP 1.886587e+06, meanI 236598, curgop 1612109, curI 176009 - rtmpquic.go:283
2026/03/12 14:37:43.467947 [22;36m INFO[0m UNKEYBEHIND 42,limit:0 - rtmpquic.go:284
2026/03/12 14:37:43.467951 [22;34mDEBUG[0m 42 p frame 9090 - rtmpquic.go:294
2026/03/12 14:37:43.468022 [22;34mDEBUG[0m 
chunk:1004 chunk-dur:33ms, timestamp:33434 - rtmpquic.go:220
2026/03/12 14:37:43.502010 [22;34mDEBUG[0m Return monitor from  scheduler : , bw flag : false, limit : 0 - rtmpquic.go:249
2026/03/12 14:37:43.502031 [22;36m INFO[0m IframeComing false, resideSizeInGOP 208967, meanGOP 1.886587e+06, meanI 236598, curgop 1677620, curI 176009 - rtmpquic.go:283
2026/03/12 14:37:43.502035 [22;36m INFO[0m UNKEYBEHIND 43,limit:0 - rtmpquic.go:284
2026/03/12 14:37:43.502039 [22;34mDEBUG[0m 43 p frame 65511 - rtmpquic.go:294
2026/03/12 14:37:43.502092 [22;34mDEBUG[0m 
chunk:1005 chunk-dur:34ms, timestamp:33467 - rtmpquic.go:220
2026/03/12 14:37:43.534398 [22;34mDEBUG[0m Return monitor from  scheduler : , bw flag : false, limit : 0 - rtmpquic.go:249
2026/03/12 14:37:43.534434 [22;36m INFO[0m IframeComing false, resideSizeInGOP 183188, meanGOP 1.886587e+06, meanI 236598, curgop 1703399, curI 176009 - rtmpquic.go:283
2026/03/12 14:37:43.534438 [22;36m INFO[0m UNKEYBEHIND 44,limit:0 - rtmpquic.go:284
2026/03/12 14:37:43.534442 [22;34mDEBUG[0m 44 p frame 25779 - rtmpquic.go:294
2026/03/12 14:37:43.534482 [22;34mDEBUG[0m 
chunk:1006 chunk-dur:32ms, timestamp:33500 - rtmpquic.go:220
2026/03/12 14:37:43.567893 [22;34mDEBUG[0m Return monitor from  scheduler : , bw flag : false, limit : 0 - rtmpquic.go:249
2026/03/12 14:37:43.567913 [22;36m INFO[0m IframeComing false, resideSizeInGOP 174370, meanGOP 1.886587e+06, meanI 236598, curgop 1712217, curI 176009 - rtmpquic.go:283
2026/03/12 14:37:43.567917 [22;36m INFO[0m UNKEYBEHIND 45,limit:0 - rtmpquic.go:284
2026/03/12 14:37:43.567921 [22;34mDEBUG[0m 45 p frame 8818 - rtmpquic.go:294
2026/03/12 14:37:43.567929 [22;34mDEBUG[0m 
chunk:1007 chunk-dur:33ms, timestamp:33534 - rtmpquic.go:220
2026/03/12 14:37:43.602001 [22;34mDEBUG[0m Return monitor from  scheduler : , bw flag : false, limit : 0 - rtmpquic.go:249
2026/03/12 14:37:43.602047 [22;36m INFO[0m IframeComing false, resideSizeInGOP 162297, meanGOP 1.886587e+06, meanI 236598, curgop 1724290, curI 176009 - rtmpquic.go:283
2026/03/12 14:37:43.602052 [22;36m INFO[0m UNKEYBEHIND 46,limit:0 - rtmpquic.go:284
2026/03/12 14:37:43.602056 [22;34mDEBUG[0m 46 p frame 12073 - rtmpquic.go:294
2026/03/12 14:37:43.602182 [22;34mDEBUG[0m 
chunk:1008 chunk-dur:35ms, timestamp:33567 - rtmpquic.go:220
2026/03/12 14:37:43.634411 [22;34mDEBUG[0m Return monitor from  scheduler : , bw flag : false, limit : 0 - rtmpquic.go:249
2026/03/12 14:37:43.634432 [22;36m INFO[0m IframeComing false, resideSizeInGOP 99675, meanGOP 1.886587e+06, meanI 236598, curgop 1786912, curI 176009 - rtmpquic.go:283
2026/03/12 14:37:43.634436 [22;36m INFO[0m UNKEYBEHIND 47,limit:0 - rtmpquic.go:284
2026/03/12 14:37:43.634440 [22;34mDEBUG[0m 47 p frame 62622 - rtmpquic.go:294
2026/03/12 14:37:43.634461 [22;34mDEBUG[0m 
chunk:1009 chunk-dur:32ms, timestamp:33600 - rtmpquic.go:220
2026/03/12 14:37:43.667749 [22;34mDEBUG[0m Return monitor from  scheduler : , bw flag : false, limit : 0 - rtmpquic.go:249
2026/03/12 14:37:43.667778 [22;36m INFO[0m IframeComing false, resideSizeInGOP 87635, meanGOP 1.886587e+06, meanI 236598, curgop 1798952, curI 176009 - rtmpquic.go:283
2026/03/12 14:37:43.667783 [22;36m INFO[0m UNKEYBEHIND 48,limit:0 - rtmpquic.go:284
2026/03/12 14:37:43.667787 [22;34mDEBUG[0m 48 p frame 12040 - rtmpquic.go:294
2026/03/12 14:37:43.667826 [22;34mDEBUG[0m 
chunk:1010 chunk-dur:33ms, timestamp:33634 - rtmpquic.go:220
2026/03/12 14:37:43.703208 [22;34mDEBUG[0m Return monitor from  scheduler : , bw flag : false, limit : 0 - rtmpquic.go:249
2026/03/12 14:37:43.703287 [22;36m INFO[0m IframeComing false, resideSizeInGOP 79040, meanGOP 1.886587e+06, meanI 236598, curgop 1807547, curI 176009 - rtmpquic.go:283
2026/03/12 14:37:43.703294 [22;36m INFO[0m UNKEYBEHIND 49,limit:0 - rtmpquic.go:284
2026/03/12 14:37:43.703298 [22;34mDEBUG[0m 49 p frame 8595 - rtmpquic.go:294
2026/03/12 14:37:43.703414 [22;34mDEBUG[0m 
chunk:1011 chunk-dur:36ms, timestamp:33667 - rtmpquic.go:220
2026/03/12 14:37:43.734807 [22;34mDEBUG[0m Return monitor from  scheduler : , bw flag : false, limit : 0 - rtmpquic.go:249
2026/03/12 14:37:43.734831 [22;36m INFO[0m IframeComing true, resideSizeInGOP -22570, meanGOP 1.886587e+06, meanI 236598, curgop 1909157, curI 176009 - rtmpquic.go:283
2026/03/12 14:37:43.734837 [22;36m INFO[0m UNKEYBEHIND 50,limit:0 - rtmpquic.go:284
2026/03/12 14:37:43.734841 [22;34mDEBUG[0m 50 p frame 101610 - rtmpquic.go:294
2026/03/12 14:37:43.735047 [22;34mDEBUG[0m 
chunk:1012 chunk-dur:32ms, timestamp:33700 - rtmpquic.go:220
2026/03/12 14:37:43.767931 [22;34mDEBUG[0m Return monitor from  scheduler : , bw flag : false, limit : 0 - rtmpquic.go:249
2026/03/12 14:37:43.767951 [22;36m INFO[0m IframeComing true, resideSizeInGOP -53922, meanGOP 1.886587e+06, meanI 236598, curgop 1940509, curI 176009 - rtmpquic.go:283
2026/03/12 14:37:43.767958 [22;36m INFO[0m UNKEYBEHIND 51,limit:0 - rtmpquic.go:284
2026/03/12 14:37:43.767961 [22;34mDEBUG[0m 51 p frame 31352 - rtmpquic.go:294
2026/03/12 14:37:43.767978 [22;34mDEBUG[0m 
chunk:1013 chunk-dur:32ms, timestamp:33734 - rtmpquic.go:220
2026/03/12 14:37:43.802484 [22;34mDEBUG[0m Return monitor from  scheduler : , bw flag : false, limit : 0 - rtmpquic.go:249
2026/03/12 14:37:43.802510 [22;36m INFO[0m IframeComing true, resideSizeInGOP -67241, meanGOP 1.886587e+06, meanI 236598, curgop 1953828, curI 176009 - rtmpquic.go:283
2026/03/12 14:37:43.802516 [22;36m INFO[0m UNKEYBEHIND 52,limit:0 - rtmpquic.go:284
2026/03/12 14:37:43.802519 [22;34mDEBUG[0m 52 p frame 13319 - rtmpquic.go:294
2026/03/12 14:37:43.802575 [22;34mDEBUG[0m 
chunk:1014 chunk-dur:35ms, timestamp:33767 - rtmpquic.go:220
2026/03/12 14:37:43.835041 [22;34mDEBUG[0m Return monitor from  scheduler : , bw flag : false, limit : 0 - rtmpquic.go:249
2026/03/12 14:37:43.835077 [22;36m INFO[0m IframeComing true, resideSizeInGOP -74132, meanGOP 1.886587e+06, meanI 236598, curgop 1960719, curI 176009 - rtmpquic.go:283
2026/03/12 14:37:43.835082 [22;36m INFO[0m UNKEYBEHIND 53,limit:0 - rtmpquic.go:284
2026/03/12 14:37:43.835091 [22;34mDEBUG[0m 53 p frame 6891 - rtmpquic.go:294
2026/03/12 14:37:43.835268 [22;34mDEBUG[0m 
chunk:1015 chunk-dur:33ms, timestamp:33800 - rtmpquic.go:220
2026/03/12 14:37:43.868197 [22;34mDEBUG[0m Return monitor from  scheduler : , bw flag : false, limit : 0 - rtmpquic.go:249
2026/03/12 14:37:43.868228 [22;36m INFO[0m IframeComing true, resideSizeInGOP -151736, meanGOP 1.886587e+06, meanI 236598, curgop 2038323, curI 176009 - rtmpquic.go:283
2026/03/12 14:37:43.868233 [22;36m INFO[0m UNKEYBEHIND 54,limit:0 - rtmpquic.go:284
2026/03/12 14:37:43.868237 [22;34mDEBUG[0m 54 p frame 77604 - rtmpquic.go:294
2026/03/12 14:37:43.868349 [22;34mDEBUG[0m 
chunk:1016 chunk-dur:33ms, timestamp:33834 - rtmpquic.go:220
2026/03/12 14:37:43.902178 [22;34mDEBUG[0m Return monitor from  scheduler : , bw flag : false, limit : 0 - rtmpquic.go:249
2026/03/12 14:37:43.902201 [22;36m INFO[0m IframeComing true, resideSizeInGOP -227271, meanGOP 1.886587e+06, meanI 236598, curgop 2113858, curI 176009 - rtmpquic.go:283
2026/03/12 14:37:43.902206 [22;36m INFO[0m UNKEYBEHIND 55,limit:0 - rtmpquic.go:284
2026/03/12 14:37:43.902209 [22;34mDEBUG[0m 55 p frame 75535 - rtmpquic.go:294
2026/03/12 14:37:43.902264 [22;34mDEBUG[0m 
chunk:1017 chunk-dur:34ms, timestamp:33867 - rtmpquic.go:220
2026/03/12 14:37:43.934584 [22;34mDEBUG[0m Return monitor from  scheduler : , bw flag : false, limit : 0 - rtmpquic.go:249
2026/03/12 14:37:43.934602 [22;36m INFO[0m IframeComing true, resideSizeInGOP -264141, meanGOP 1.886587e+06, meanI 236598, curgop 2150728, curI 176009 - rtmpquic.go:283
2026/03/12 14:37:43.934606 [22;36m INFO[0m UNKEYBEHIND 56,limit:0 - rtmpquic.go:284
2026/03/12 14:37:43.934610 [22;34mDEBUG[0m 56 p frame 36870 - rtmpquic.go:294
2026/03/12 14:37:43.934637 [22;34mDEBUG[0m 
chunk:1018 chunk-dur:32ms, timestamp:33900 - rtmpquic.go:220
2026/03/12 14:37:43.967905 [22;34mDEBUG[0m Return monitor from  scheduler : , bw flag : false, limit : 0 - rtmpquic.go:249
2026/03/12 14:37:43.967924 [22;36m INFO[0m IframeComing true, resideSizeInGOP -272648, meanGOP 1.886587e+06, meanI 236598, curgop 2159235, curI 176009 - rtmpquic.go:283
2026/03/12 14:37:43.967928 [22;36m INFO[0m UNKEYBEHIND 57,limit:0 - rtmpquic.go:284
2026/03/12 14:37:43.967931 [22;34mDEBUG[0m 57 p frame 8507 - rtmpquic.go:294
2026/03/12 14:37:43.967957 [22;34mDEBUG[0m 
chunk:1019 chunk-dur:33ms, timestamp:33934 - rtmpquic.go:220
2026/03/12 14:37:44.003732 [22;34mDEBUG[0m Return monitor from  scheduler : , bw flag : false, limit : 0 - rtmpquic.go:249
2026/03/12 14:37:44.003756 [22;36m INFO[0m IframeComing true, resideSizeInGOP -279307, meanGOP 1.886587e+06, meanI 236598, curgop 2165894, curI 176009 - rtmpquic.go:283
2026/03/12 14:37:44.003760 [22;36m INFO[0m UNKEYBEHIND 58,limit:0 - rtmpquic.go:284
2026/03/12 14:37:44.003764 [22;34mDEBUG[0m 58 p frame 6659 - rtmpquic.go:294
2026/03/12 14:37:44.003772 [22;34mDEBUG[0m 
chunk:1020 chunk-dur:36ms, timestamp:33967 - rtmpquic.go:220
2026/03/12 14:37:44.035182 [22;34mDEBUG[0m Return monitor from  scheduler : , bw flag : false, limit : 0 - rtmpquic.go:249
2026/03/12 14:37:44.035219 [22;36m INFO[0m IframeComing true, resideSizeInGOP -290388, meanGOP 1.886587e+06, meanI 236598, curgop 2176975, curI 176009 - rtmpquic.go:283
2026/03/12 14:37:44.035224 [22;36m INFO[0m UNKEYBEHIND 59,limit:0 - rtmpquic.go:284
2026/03/12 14:37:44.035227 [22;34mDEBUG[0m 59 p frame 11081 - rtmpquic.go:294
2026/03/12 14:37:44.035487 [22;34mDEBUG[0m 
chunk:1021 chunk-dur:32ms, timestamp:34000 - rtmpquic.go:220
2026/03/12 14:37:44.067843 [22;34mDEBUG[0m Return monitor from  scheduler : , bw flag : false, limit : 0 - rtmpquic.go:249
key tag 241125
2026/03/12 14:37:44.067953 [22;34mDEBUG[0m 18 I frame 241125 - rtmpquic.go:275
2026/03/12 14:37:44.068088 [22;34mDEBUG[0m 
chunk:1022 chunk-dur:33ms, timestamp:34034 - rtmpquic.go:220
2026/03/12 14:37:44.095362 [22;34mDEBUG[0m bitrate:8.932323 Mbps - client_session.go:438
2026/03/12 14:37:44.101676 [22;34mDEBUG[0m Return monitor from  scheduler : , bw flag : false, limit : 0 - rtmpquic.go:249
2026/03/12 14:37:44.101696 [22;36m INFO[0m IframeComing false, resideSizeInGOP 1.57255e+06, meanGOP 1.903668e+06, meanI 233034, curgop 331118, curI 241125 - rtmpquic.go:283
2026/03/12 14:37:44.101710 [22;36m INFO[0m UNKEYBEHIND 1,limit:0 - rtmpquic.go:284
2026/03/12 14:37:44.101714 [22;34mDEBUG[0m 1 p frame 89993 - rtmpquic.go:294
2026/03/12 14:37:44.101865 [22;34mDEBUG[0m 
chunk:1023 chunk-dur:33ms, timestamp:34067 - rtmpquic.go:220
2026/03/12 14:37:44.135945 [22;34mDEBUG[0m Return monitor from  scheduler : , bw flag : false, limit : 0 - rtmpquic.go:249
2026/03/12 14:37:44.135970 [22;36m INFO[0m IframeComing false, resideSizeInGOP 1.551438e+06, meanGOP 1.903668e+06, meanI 233034, curgop 352230, curI 241125 - rtmpquic.go:283
2026/03/12 14:37:44.135974 [22;36m INFO[0m UNKEYBEHIND 2,limit:0 - rtmpquic.go:284
2026/03/12 14:37:44.135978 [22;34mDEBUG[0m 2 p frame 21112 - rtmpquic.go:294
2026/03/12 14:37:44.136010 [22;34mDEBUG[0m 
chunk:1024 chunk-dur:35ms, timestamp:34100 - rtmpquic.go:220
2026/03/12 14:37:44.167084 [22;34mDEBUG[0m Return monitor from  scheduler : , bw flag : false, limit : 0 - rtmpquic.go:249
2026/03/12 14:37:44.167109 [22;36m INFO[0m IframeComing false, resideSizeInGOP 1.544505e+06, meanGOP 1.903668e+06, meanI 233034, curgop 359163, curI 241125 - rtmpquic.go:283
2026/03/12 14:37:44.167113 [22;36m INFO[0m UNKEYBEHIND 3,limit:0 - rtmpquic.go:284
2026/03/12 14:37:44.167117 [22;34mDEBUG[0m 3 p frame 6933 - rtmpquic.go:294
2026/03/12 14:37:44.167143 [22;34mDEBUG[0m 
chunk:1025 chunk-dur:31ms, timestamp:34134 - rtmpquic.go:220
2026/03/12 14:37:44.201807 [22;34mDEBUG[0m Return monitor from  scheduler : , bw flag : false, limit : 0 - rtmpquic.go:249
2026/03/12 14:37:44.201834 [22;36m INFO[0m IframeComing false, resideSizeInGOP 1.539486e+06, meanGOP 1.903668e+06, meanI 233034, curgop 364182, curI 241125 - rtmpquic.go:283
2026/03/12 14:37:44.201838 [22;36m INFO[0m UNKEYBEHIND 4,limit:0 - rtmpquic.go:284
2026/03/12 14:37:44.201842 [22;34mDEBUG[0m 4 p frame 5019 - rtmpquic.go:294
2026/03/12 14:37:44.202001 [22;34mDEBUG[0m 
chunk:1026 chunk-dur:34ms, timestamp:34167 - rtmpquic.go:220
2026/03/12 14:37:44.235532 [22;34mDEBUG[0m Return monitor from  scheduler : , bw flag : false, limit : 0 - rtmpquic.go:249
2026/03/12 14:37:44.235555 [22;36m INFO[0m IframeComing false, resideSizeInGOP 1.464594e+06, meanGOP 1.903668e+06, meanI 233034, curgop 439074, curI 241125 - rtmpquic.go:283
2026/03/12 14:37:44.235559 [22;36m INFO[0m UNKEYBEHIND 5,limit:0 - rtmpquic.go:284
2026/03/12 14:37:44.235562 [22;34mDEBUG[0m 5 p frame 74892 - rtmpquic.go:294
2026/03/12 14:37:44.235642 [22;34mDEBUG[0m 
chunk:1027 chunk-dur:34ms, timestamp:34200 - rtmpquic.go:220
2026/03/12 14:37:44.268033 [22;34mDEBUG[0m Return monitor from  scheduler : , bw flag : false, limit : 0 - rtmpquic.go:249
2026/03/12 14:37:44.268053 [22;36m INFO[0m IframeComing false, resideSizeInGOP 1.446451e+06, meanGOP 1.903668e+06, meanI 233034, curgop 457217, curI 241125 - rtmpquic.go:283
2026/03/12 14:37:44.268059 [22;36m INFO[0m UNKEYBEHIND 6,limit:0 - rtmpquic.go:284
2026/03/12 14:37:44.268062 [22;34mDEBUG[0m 6 p frame 18143 - rtmpquic.go:294
2026/03/12 14:37:44.268082 [22;34mDEBUG[0m 
chunk:1028 chunk-dur:33ms, timestamp:34234 - rtmpquic.go:220
2026/03/12 14:37:44.301703 [22;34mDEBUG[0m Return monitor from  scheduler : , bw flag : false, limit : 0 - rtmpquic.go:249
2026/03/12 14:37:44.301732 [22;36m INFO[0m IframeComing false, resideSizeInGOP 1.440479e+06, meanGOP 1.903668e+06, meanI 233034, curgop 463189, curI 241125 - rtmpquic.go:283
2026/03/12 14:37:44.301738 [22;36m INFO[0m UNKEYBEHIND 7,limit:0 - rtmpquic.go:284
2026/03/12 14:37:44.301741 [22;34mDEBUG[0m 7 p frame 5972 - rtmpquic.go:294
2026/03/12 14:37:44.301793 [22;34mDEBUG[0m 
chunk:1029 chunk-dur:33ms, timestamp:34267 - rtmpquic.go:220
2026/03/12 14:37:44.335167 [22;34mDEBUG[0m Return monitor from  scheduler : , bw flag : false, limit : 0 - rtmpquic.go:249
2026/03/12 14:37:44.335190 [22;36m INFO[0m IframeComing false, resideSizeInGOP 1.434468e+06, meanGOP 1.903668e+06, meanI 233034, curgop 469200, curI 241125 - rtmpquic.go:283
2026/03/12 14:37:44.335194 [22;36m INFO[0m UNKEYBEHIND 8,limit:0 - rtmpquic.go:284
2026/03/12 14:37:44.335197 [22;34mDEBUG[0m 8 p frame 6011 - rtmpquic.go:294
2026/03/12 14:37:44.335304 [22;34mDEBUG[0m 
chunk:1030 chunk-dur:34ms, timestamp:34300 - rtmpquic.go:220
2026/03/12 14:37:44.368829 [22;34mDEBUG[0m Return monitor from  scheduler : , bw flag : false, limit : 0 - rtmpquic.go:249
2026/03/12 14:37:44.368943 [22;36m INFO[0m IframeComing false, resideSizeInGOP 1.353717e+06, meanGOP 1.903668e+06, meanI 233034, curgop 549951, curI 241125 - rtmpquic.go:283
2026/03/12 14:37:44.368951 [22;36m INFO[0m UNKEYBEHIND 9,limit:0 - rtmpquic.go:284
2026/03/12 14:37:44.368958 [22;34mDEBUG[0m 9 p frame 80751 - rtmpquic.go:294
2026/03/12 14:37:44.369012 [22;34mDEBUG[0m 
chunk:1031 chunk-dur:34ms, timestamp:34334 - rtmpquic.go:220
2026/03/12 14:37:44.401805 [22;34mDEBUG[0m Return monitor from  scheduler : , bw flag : false, limit : 0 - rtmpquic.go:249
2026/03/12 14:37:44.402005 [22;36m INFO[0m IframeComing false, resideSizeInGOP 1.335143e+06, meanGOP 1.903668e+06, meanI 233034, curgop 568525, curI 241125 - rtmpquic.go:283
2026/03/12 14:37:44.402097 [22;36m INFO[0m UNKEYBEHIND 10,limit:0 - rtmpquic.go:284
2026/03/12 14:37:44.402104 [22;34mDEBUG[0m 10 p frame 18574 - rtmpquic.go:294
2026/03/12 14:37:44.402139 [22;34mDEBUG[0m 
chunk:1032 chunk-dur:33ms, timestamp:34367 - rtmpquic.go:220
2026/03/12 14:37:44.434467 [22;34mDEBUG[0m Return monitor from  scheduler : , bw flag : false, limit : 0 - rtmpquic.go:249
2026/03/12 14:37:44.434489 [22;36m INFO[0m IframeComing false, resideSizeInGOP 1.326912e+06, meanGOP 1.903668e+06, meanI 233034, curgop 576756, curI 241125 - rtmpquic.go:283
2026/03/12 14:37:44.434493 [22;36m INFO[0m UNKEYBEHIND 11,limit:0 - rtmpquic.go:284
2026/03/12 14:37:44.434497 [22;34mDEBUG[0m 11 p frame 8231 - rtmpquic.go:294
2026/03/12 14:37:44.434504 [22;34mDEBUG[0m 
chunk:1033 chunk-dur:32ms, timestamp:34400 - rtmpquic.go:220
2026/03/12 14:37:44.468006 [22;34mDEBUG[0m Return monitor from  scheduler : , bw flag : false, limit : 0 - rtmpquic.go:249
2026/03/12 14:37:44.468027 [22;36m INFO[0m IframeComing false, resideSizeInGOP 1.32175e+06, meanGOP 1.903668e+06, meanI 233034, curgop 581918, curI 241125 - rtmpquic.go:283
2026/03/12 14:37:44.468031 [22;36m INFO[0m UNKEYBEHIND 12,limit:0 - rtmpquic.go:284
2026/03/12 14:37:44.468034 [22;34mDEBUG[0m 12 p frame 5162 - rtmpquic.go:294
2026/03/12 14:37:44.468106 [22;34mDEBUG[0m 
chunk:1034 chunk-dur:34ms, timestamp:34434 - rtmpquic.go:220
2026/03/12 14:37:44.501902 [22;34mDEBUG[0m Return monitor from  scheduler : , bw flag : false, limit : 0 - rtmpquic.go:249
2026/03/12 14:37:44.501931 [22;36m INFO[0m IframeComing false, resideSizeInGOP 1.265318e+06, meanGOP 1.903668e+06, meanI 233034, curgop 638350, curI 241125 - rtmpquic.go:283
2026/03/12 14:37:44.501935 [22;36m INFO[0m UNKEYBEHIND 13,limit:0 - rtmpquic.go:284
2026/03/12 14:37:44.501941 [22;34mDEBUG[0m 13 p frame 56432 - rtmpquic.go:294
2026/03/12 14:37:44.501997 [22;34mDEBUG[0m 
chunk:1035 chunk-dur:33ms, timestamp:34467 - rtmpquic.go:220
2026/03/12 14:37:44.535514 [22;34mDEBUG[0m Return monitor from  scheduler : , bw flag : false, limit : 0 - rtmpquic.go:249
2026/03/12 14:37:44.535554 [22;36m INFO[0m IframeComing false, resideSizeInGOP 1.249933e+06, meanGOP 1.903668e+06, meanI 233034, curgop 653735, curI 241125 - rtmpquic.go:283
2026/03/12 14:37:44.535560 [22;36m INFO[0m UNKEYBEHIND 14,limit:0 - rtmpquic.go:284
2026/03/12 14:37:44.535563 [22;34mDEBUG[0m 14 p frame 15385 - rtmpquic.go:294
2026/03/12 14:37:44.535608 [22;34mDEBUG[0m 
chunk:1036 chunk-dur:34ms, timestamp:34500 - rtmpquic.go:220
2026/03/12 14:37:44.568627 [22;34mDEBUG[0m Return monitor from  scheduler : , bw flag : false, limit : 0 - rtmpquic.go:249
2026/03/12 14:37:44.568655 [22;36m INFO[0m IframeComing false, resideSizeInGOP 1.24612e+06, meanGOP 1.903668e+06, meanI 233034, curgop 657548, curI 241125 - rtmpquic.go:283
2026/03/12 14:37:44.568660 [22;36m INFO[0m UNKEYBEHIND 15,limit:0 - rtmpquic.go:284
2026/03/12 14:37:44.568664 [22;34mDEBUG[0m 15 p frame 3813 - rtmpquic.go:294
2026/03/12 14:37:44.568688 [22;34mDEBUG[0m 
chunk:1037 chunk-dur:33ms, timestamp:34534 - rtmpquic.go:220
2026/03/12 14:37:44.602034 [22;34mDEBUG[0m Return monitor from  scheduler : , bw flag : false, limit : 0 - rtmpquic.go:249
2026/03/12 14:37:44.602120 [22;36m INFO[0m IframeComing false, resideSizeInGOP 1.240721e+06, meanGOP 1.903668e+06, meanI 233034, curgop 662947, curI 241125 - rtmpquic.go:283
2026/03/12 14:37:44.602128 [22;36m INFO[0m UNKEYBEHIND 16,limit:0 - rtmpquic.go:284
2026/03/12 14:37:44.602134 [22;34mDEBUG[0m 16 p frame 5399 - rtmpquic.go:294
2026/03/12 14:37:44.602390 [22;34mDEBUG[0m 
chunk:1038 chunk-dur:34ms, timestamp:34567 - rtmpquic.go:220
2026/03/12 14:37:44.635571 [22;34mDEBUG[0m Return monitor from  scheduler : , bw flag : false, limit : 0 - rtmpquic.go:249
2026/03/12 14:37:44.635600 [22;36m INFO[0m IframeComing false, resideSizeInGOP 1.157457e+06, meanGOP 1.903668e+06, meanI 233034, curgop 746211, curI 241125 - rtmpquic.go:283
2026/03/12 14:37:44.635604 [22;36m INFO[0m UNKEYBEHIND 17,limit:0 - rtmpquic.go:284
2026/03/12 14:37:44.635608 [22;34mDEBUG[0m 17 p frame 83264 - rtmpquic.go:294
2026/03/12 14:37:44.635727 [22;34mDEBUG[0m 
chunk:1039 chunk-dur:33ms, timestamp:34600 - rtmpquic.go:220
2026/03/12 14:37:44.668427 [22;34mDEBUG[0m Return monitor from  scheduler : , bw flag : false, limit : 0 - rtmpquic.go:249
2026/03/12 14:37:44.668497 [22;36m INFO[0m IframeComing false, resideSizeInGOP 1.139992e+06, meanGOP 1.903668e+06, meanI 233034, curgop 763676, curI 241125 - rtmpquic.go:283
2026/03/12 14:37:44.668505 [22;36m INFO[0m UNKEYBEHIND 18,limit:0 - rtmpquic.go:284
2026/03/12 14:37:44.668553 [22;34mDEBUG[0m 18 p frame 17465 - rtmpquic.go:294
2026/03/12 14:37:44.668592 [22;34mDEBUG[0m 
chunk:1040 chunk-dur:33ms, timestamp:34634 - rtmpquic.go:220
2026/03/12 14:37:44.702640 [22;34mDEBUG[0m Return monitor from  scheduler : , bw flag : false, limit : 0 - rtmpquic.go:249
2026/03/12 14:37:44.702665 [22;36m INFO[0m IframeComing false, resideSizeInGOP 1.132132e+06, meanGOP 1.903668e+06, meanI 233034, curgop 771536, curI 241125 - rtmpquic.go:283
2026/03/12 14:37:44.702673 [22;36m INFO[0m UNKEYBEHIND 19,limit:0 - rtmpquic.go:284
2026/03/12 14:37:44.702679 [22;34mDEBUG[0m 19 p frame 7860 - rtmpquic.go:294
2026/03/12 14:37:44.702697 [22;34mDEBUG[0m 
chunk:1041 chunk-dur:34ms, timestamp:34667 - rtmpquic.go:220
2026/03/12 14:37:44.735072 [22;34mDEBUG[0m Return monitor from  scheduler : , bw flag : false, limit : 0 - rtmpquic.go:249
2026/03/12 14:37:44.735095 [22;36m INFO[0m IframeComing false, resideSizeInGOP 1.125718e+06, meanGOP 1.903668e+06, meanI 233034, curgop 777950, curI 241125 - rtmpquic.go:283
2026/03/12 14:37:44.735100 [22;36m INFO[0m UNKEYBEHIND 20,limit:0 - rtmpquic.go:284
2026/03/12 14:37:44.735103 [22;34mDEBUG[0m 20 p frame 6414 - rtmpquic.go:294
2026/03/12 14:37:44.735163 [22;34mDEBUG[0m 
chunk:1042 chunk-dur:33ms, timestamp:34700 - rtmpquic.go:220
2026/03/12 14:37:44.767403 [22;34mDEBUG[0m Return monitor from  scheduler : , bw flag : false, limit : 0 - rtmpquic.go:249
2026/03/12 14:37:44.767431 [22;36m INFO[0m IframeComing false, resideSizeInGOP 1.061178e+06, meanGOP 1.903668e+06, meanI 233034, curgop 842490, curI 241125 - rtmpquic.go:283
2026/03/12 14:37:44.767435 [22;36m INFO[0m UNKEYBEHIND 21,limit:0 - rtmpquic.go:284
2026/03/12 14:37:44.767439 [22;34mDEBUG[0m 21 p frame 64540 - rtmpquic.go:294
2026/03/12 14:37:44.767498 [22;34mDEBUG[0m 
chunk:1043 chunk-dur:32ms, timestamp:34734 - rtmpquic.go:220
2026/03/12 14:37:44.801973 [22;34mDEBUG[0m Return monitor from  scheduler : , bw flag : false, limit : 0 - rtmpquic.go:249
2026/03/12 14:37:44.801998 [22;36m INFO[0m IframeComing false, resideSizeInGOP 1.045966e+06, meanGOP 1.903668e+06, meanI 233034, curgop 857702, curI 241125 - rtmpquic.go:283
2026/03/12 14:37:44.802001 [22;36m INFO[0m UNKEYBEHIND 22,limit:0 - rtmpquic.go:284
2026/03/12 14:37:44.802005 [22;34mDEBUG[0m 22 p frame 15212 - rtmpquic.go:294
2026/03/12 14:37:44.802026 [22;34mDEBUG[0m 
chunk:1044 chunk-dur:35ms, timestamp:34767 - rtmpquic.go:220
2026/03/12 14:37:44.835448 [22;34mDEBUG[0m Return monitor from  scheduler : , bw flag : false, limit : 0 - rtmpquic.go:249
2026/03/12 14:37:44.835522 [22;36m INFO[0m IframeComing false, resideSizeInGOP 1.039074e+06, meanGOP 1.903668e+06, meanI 233034, curgop 864594, curI 241125 - rtmpquic.go:283
2026/03/12 14:37:44.835533 [22;36m INFO[0m UNKEYBEHIND 23,limit:0 - rtmpquic.go:284
2026/03/12 14:37:44.835542 [22;34mDEBUG[0m 23 p frame 6892 - rtmpquic.go:294
2026/03/12 14:37:44.835596 [22;34mDEBUG[0m 
chunk:1045 chunk-dur:33ms, timestamp:34800 - rtmpquic.go:220
2026/03/12 14:37:44.872956 [22;34mDEBUG[0m Return monitor from  scheduler : , bw flag : false, limit : 0 - rtmpquic.go:249
2026/03/12 14:37:44.872998 [22;36m INFO[0m IframeComing false, resideSizeInGOP 1.032872e+06, meanGOP 1.903668e+06, meanI 233034, curgop 870796, curI 241125 - rtmpquic.go:283
2026/03/12 14:37:44.873002 [22;36m INFO[0m UNKEYBEHIND 24,limit:0 - rtmpquic.go:284
2026/03/12 14:37:44.873006 [22;34mDEBUG[0m 24 p frame 6202 - rtmpquic.go:294
2026/03/12 14:37:44.873093 [22;34mDEBUG[0m 
chunk:1046 chunk-dur:38ms, timestamp:34834 - rtmpquic.go:220
2026/03/12 14:37:44.902131 [22;34mDEBUG[0m Return monitor from  scheduler : , bw flag : false, limit : 0 - rtmpquic.go:249
2026/03/12 14:37:44.902156 [22;36m INFO[0m IframeComing false, resideSizeInGOP 948404, meanGOP 1.903668e+06, meanI 233034, curgop 955264, curI 241125 - rtmpquic.go:283
2026/03/12 14:37:44.902161 [22;36m INFO[0m UNKEYBEHIND 25,limit:0 - rtmpquic.go:284
2026/03/12 14:37:44.902165 [22;34mDEBUG[0m 25 p frame 84468 - rtmpquic.go:294
2026/03/12 14:37:44.902266 [22;34mDEBUG[0m 
chunk:1047 chunk-dur:29ms, timestamp:34867 - rtmpquic.go:220
2026/03/12 14:37:44.934598 [22;34mDEBUG[0m Return monitor from  scheduler : , bw flag : false, limit : 0 - rtmpquic.go:249
2026/03/12 14:37:44.934623 [22;36m INFO[0m IframeComing false, resideSizeInGOP 931944, meanGOP 1.903668e+06, meanI 233034, curgop 971724, curI 241125 - rtmpquic.go:283
2026/03/12 14:37:44.934627 [22;36m INFO[0m UNKEYBEHIND 26,limit:0 - rtmpquic.go:284
2026/03/12 14:37:44.934631 [22;34mDEBUG[0m 26 p frame 16460 - rtmpquic.go:294
2026/03/12 14:37:44.934642 [22;34mDEBUG[0m 
chunk:1048 chunk-dur:32ms, timestamp:34900 - rtmpquic.go:220
2026/03/12 14:37:44.969926 [22;34mDEBUG[0m Return monitor from  scheduler : , bw flag : false, limit : 0 - rtmpquic.go:249
2026/03/12 14:37:44.969992 [22;36m INFO[0m IframeComing false, resideSizeInGOP 924804, meanGOP 1.903668e+06, meanI 233034, curgop 978864, curI 241125 - rtmpquic.go:283
2026/03/12 14:37:44.970002 [22;36m INFO[0m UNKEYBEHIND 27,limit:0 - rtmpquic.go:284
2026/03/12 14:37:44.970009 [22;34mDEBUG[0m 27 p frame 7140 - rtmpquic.go:294
2026/03/12 14:37:44.970084 [22;34mDEBUG[0m 
chunk:1049 chunk-dur:36ms, timestamp:34934 - rtmpquic.go:220
2026/03/12 14:37:45.001579 [22;34mDEBUG[0m Return monitor from  scheduler : , bw flag : false, limit : 0 - rtmpquic.go:249
2026/03/12 14:37:45.001625 [22;36m INFO[0m IframeComing false, resideSizeInGOP 916871, meanGOP 1.903668e+06, meanI 233034, curgop 986797, curI 241125 - rtmpquic.go:283
2026/03/12 14:37:45.001634 [22;36m INFO[0m UNKEYBEHIND 28,limit:0 - rtmpquic.go:284
2026/03/12 14:37:45.001638 [22;34mDEBUG[0m 28 p frame 7933 - rtmpquic.go:294
2026/03/12 14:37:45.001718 [22;34mDEBUG[0m 
chunk:1050 chunk-dur:31ms, timestamp:34967 - rtmpquic.go:220
2026/03/12 14:37:45.035066 [22;34mDEBUG[0m Return monitor from  scheduler : , bw flag : false, limit : 0 - rtmpquic.go:249
2026/03/12 14:37:45.035102 [22;36m INFO[0m IframeComing false, resideSizeInGOP 845775, meanGOP 1.903668e+06, meanI 233034, curgop 1057893, curI 241125 - rtmpquic.go:283
2026/03/12 14:37:45.035107 [22;36m INFO[0m UNKEYBEHIND 29,limit:0 - rtmpquic.go:284
2026/03/12 14:37:45.035111 [22;34mDEBUG[0m 29 p frame 71096 - rtmpquic.go:294
2026/03/12 14:37:45.035137 [22;34mDEBUG[0m 
chunk:1051 chunk-dur:34ms, timestamp:35000 - rtmpquic.go:220
2026/03/12 14:37:45.067762 [22;34mDEBUG[0m Return monitor from  scheduler : , bw flag : false, limit : 0 - rtmpquic.go:249
2026/03/12 14:37:45.067788 [22;36m INFO[0m IframeComing false, resideSizeInGOP 829345, meanGOP 1.903668e+06, meanI 233034, curgop 1074323, curI 241125 - rtmpquic.go:283
2026/03/12 14:37:45.067793 [22;36m INFO[0m UNKEYBEHIND 30,limit:0 - rtmpquic.go:284
2026/03/12 14:37:45.067797 [22;34mDEBUG[0m 30 p frame 16430 - rtmpquic.go:294
2026/03/12 14:37:45.067818 [22;34mDEBUG[0m 
chunk:1052 chunk-dur:32ms, timestamp:35034 - rtmpquic.go:220
2026/03/12 14:37:45.095929 [22;34mDEBUG[0m bitrate:6.353177 Mbps - client_session.go:438
2026/03/12 14:37:45.102025 [22;34mDEBUG[0m Return monitor from  scheduler : , bw flag : false, limit : 0 - rtmpquic.go:249
2026/03/12 14:37:45.102039 [22;36m INFO[0m IframeComing false, resideSizeInGOP 822955, meanGOP 1.903668e+06, meanI 233034, curgop 1080713, curI 241125 - rtmpquic.go:283
2026/03/12 14:37:45.102043 [22;36m INFO[0m UNKEYBEHIND 31,limit:0 - rtmpquic.go:284
2026/03/12 14:37:45.102046 [22;34mDEBUG[0m 31 p frame 6390 - rtmpquic.go:294
2026/03/12 14:37:45.102081 [22;34mDEBUG[0m 
chunk:1053 chunk-dur:35ms, timestamp:35067 - rtmpquic.go:220
2026/03/12 14:37:45.135168 [22;34mDEBUG[0m Return monitor from  scheduler : , bw flag : false, limit : 0 - rtmpquic.go:249
2026/03/12 14:37:45.135188 [22;36m INFO[0m IframeComing false, resideSizeInGOP 816165, meanGOP 1.903668e+06, meanI 233034, curgop 1087503, curI 241125 - rtmpquic.go:283
2026/03/12 14:37:45.135193 [22;36m INFO[0m UNKEYBEHIND 32,limit:0 - rtmpquic.go:284
2026/03/12 14:37:45.135196 [22;34mDEBUG[0m 32 p frame 6790 - rtmpquic.go:294
2026/03/12 14:37:45.135324 [22;34mDEBUG[0m 
chunk:1054 chunk-dur:33ms, timestamp:35100 - rtmpquic.go:220
2026/03/12 14:37:45.168008 [22;34mDEBUG[0m Return monitor from  scheduler : , bw flag : false, limit : 0 - rtmpquic.go:249
2026/03/12 14:37:45.168033 [22;36m INFO[0m IframeComing false, resideSizeInGOP 766177, meanGOP 1.903668e+06, meanI 233034, curgop 1137491, curI 241125 - rtmpquic.go:283
2026/03/12 14:37:45.168038 [22;36m INFO[0m UNKEYBEHIND 33,limit:0 - rtmpquic.go:284
2026/03/12 14:37:45.168041 [22;34mDEBUG[0m 33 p frame 49988 - rtmpquic.go:294
2026/03/12 14:37:45.168057 [22;34mDEBUG[0m 
chunk:1055 chunk-dur:33ms, timestamp:35134 - rtmpquic.go:220
2026/03/12 14:37:45.202441 [22;34mDEBUG[0m Return monitor from  scheduler : , bw flag : false, limit : 0 - rtmpquic.go:249
2026/03/12 14:37:45.202466 [22;36m INFO[0m IframeComing false, resideSizeInGOP 747515, meanGOP 1.903668e+06, meanI 233034, curgop 1156153, curI 241125 - rtmpquic.go:283
2026/03/12 14:37:45.202470 [22;36m INFO[0m UNKEYBEHIND 34,limit:0 - rtmpquic.go:284
2026/03/12 14:37:45.202474 [22;34mDEBUG[0m 34 p frame 18662 - rtmpquic.go:294
2026/03/12 14:37:45.202496 [22;34mDEBUG[0m 
chunk:1056 chunk-dur:34ms, timestamp:35167 - rtmpquic.go:220
2026/03/12 14:37:45.235453 [22;34mDEBUG[0m Return monitor from  scheduler : , bw flag : false, limit : 0 - rtmpquic.go:249
2026/03/12 14:37:45.235477 [22;36m INFO[0m IframeComing false, resideSizeInGOP 741052, meanGOP 1.903668e+06, meanI 233034, curgop 1162616, curI 241125 - rtmpquic.go:283
2026/03/12 14:37:45.235481 [22;36m INFO[0m UNKEYBEHIND 35,limit:0 - rtmpquic.go:284
2026/03/12 14:37:45.235485 [22;34mDEBUG[0m 35 p frame 6463 - rtmpquic.go:294
2026/03/12 14:37:45.235492 [22;34mDEBUG[0m 
chunk:1057 chunk-dur:33ms, timestamp:35200 - rtmpquic.go:220
2026/03/12 14:37:45.268373 [22;34mDEBUG[0m Return monitor from  scheduler : , bw flag : false, limit : 0 - rtmpquic.go:249
2026/03/12 14:37:45.268408 [22;36m INFO[0m IframeComing false, resideSizeInGOP 734424, meanGOP 1.903668e+06, meanI 233034, curgop 1169244, curI 241125 - rtmpquic.go:283
2026/03/12 14:37:45.268413 [22;36m INFO[0m UNKEYBEHIND 36,limit:0 - rtmpquic.go:284
2026/03/12 14:37:45.268416 [22;34mDEBUG[0m 36 p frame 6628 - rtmpquic.go:294
2026/03/12 14:37:45.268631 [22;34mDEBUG[0m 
chunk:1058 chunk-dur:33ms, timestamp:35234 - rtmpquic.go:220
2026/03/12 14:37:45.302745 [22;34mDEBUG[0m Return monitor from  scheduler : , bw flag : false, limit : 0 - rtmpquic.go:249
2026/03/12 14:37:45.302770 [22;36m INFO[0m IframeComing false, resideSizeInGOP 656992, meanGOP 1.903668e+06, meanI 233034, curgop 1246676, curI 241125 - rtmpquic.go:283
2026/03/12 14:37:45.302774 [22;36m INFO[0m UNKEYBEHIND 37,limit:0 - rtmpquic.go:284
2026/03/12 14:37:45.302778 [22;34mDEBUG[0m 37 p frame 77432 - rtmpquic.go:294
2026/03/12 14:37:45.302797 [22;34mDEBUG[0m 
chunk:1059 chunk-dur:34ms, timestamp:35267 - rtmpquic.go:220
2026/03/12 14:37:45.335399 [22;34mDEBUG[0m Return monitor from  scheduler : , bw flag : false, limit : 0 - rtmpquic.go:249
2026/03/12 14:37:45.335426 [22;36m INFO[0m IframeComing false, resideSizeInGOP 636467, meanGOP 1.903668e+06, meanI 233034, curgop 1267201, curI 241125 - rtmpquic.go:283
2026/03/12 14:37:45.335430 [22;36m INFO[0m UNKEYBEHIND 38,limit:0 - rtmpquic.go:284
2026/03/12 14:37:45.335434 [22;34mDEBUG[0m 38 p frame 20525 - rtmpquic.go:294
2026/03/12 14:37:45.335446 [22;34mDEBUG[0m 
chunk:1060 chunk-dur:33ms, timestamp:35300 - rtmpquic.go:220
2026/03/12 14:37:45.368276 [22;34mDEBUG[0m Return monitor from  scheduler : , bw flag : false, limit : 0 - rtmpquic.go:249
2026/03/12 14:37:45.368298 [22;36m INFO[0m IframeComing false, resideSizeInGOP 629892, meanGOP 1.903668e+06, meanI 233034, curgop 1273776, curI 241125 - rtmpquic.go:283
2026/03/12 14:37:45.368302 [22;36m INFO[0m UNKEYBEHIND 39,limit:0 - rtmpquic.go:284
2026/03/12 14:37:45.368305 [22;34mDEBUG[0m 39 p frame 6575 - rtmpquic.go:294
2026/03/12 14:37:45.368313 [22;34mDEBUG[0m 
chunk:1061 chunk-dur:33ms, timestamp:35334 - rtmpquic.go:220
2026/03/12 14:37:45.402056 [22;34mDEBUG[0m Return monitor from  scheduler : , bw flag : false, limit : 0 - rtmpquic.go:249
2026/03/12 14:37:45.402073 [22;36m INFO[0m IframeComing false, resideSizeInGOP 621621, meanGOP 1.903668e+06, meanI 233034, curgop 1282047, curI 241125 - rtmpquic.go:283
2026/03/12 14:37:45.402077 [22;36m INFO[0m UNKEYBEHIND 40,limit:0 - rtmpquic.go:284
2026/03/12 14:37:45.402081 [22;34mDEBUG[0m 40 p frame 8271 - rtmpquic.go:294
2026/03/12 14:37:45.402200 [22;34mDEBUG[0m 
chunk:1062 chunk-dur:34ms, timestamp:35367 - rtmpquic.go:220
2026/03/12 14:37:45.435532 [22;34mDEBUG[0m Return monitor from  scheduler : , bw flag : false, limit : 0 - rtmpquic.go:249
2026/03/12 14:37:45.435546 [22;36m INFO[0m IframeComing false, resideSizeInGOP 511477, meanGOP 1.903668e+06, meanI 233034, curgop 1392191, curI 241125 - rtmpquic.go:283
2026/03/12 14:37:45.435550 [22;36m INFO[0m UNKEYBEHIND 41,limit:0 - rtmpquic.go:284
2026/03/12 14:37:45.435553 [22;34mDEBUG[0m 41 p frame 110144 - rtmpquic.go:294
2026/03/12 14:37:45.435654 [22;34mDEBUG[0m 
chunk:1063 chunk-dur:33ms, timestamp:35400 - rtmpquic.go:220
2026/03/12 14:37:45.467952 [22;34mDEBUG[0m Return monitor from  scheduler : , bw flag : false, limit : 0 - rtmpquic.go:249
2026/03/12 14:37:45.468716 [22;36m INFO[0m IframeComing false, resideSizeInGOP 470029, meanGOP 1.903668e+06, meanI 233034, curgop 1433639, curI 241125 - rtmpquic.go:283
2026/03/12 14:37:45.468760 [22;36m INFO[0m UNKEYBEHIND 42,limit:0 - rtmpquic.go:284
2026/03/12 14:37:45.468764 [22;34mDEBUG[0m 42 p frame 41448 - rtmpquic.go:294
2026/03/12 14:37:45.469671 [22;34mDEBUG[0m 
chunk:1064 chunk-dur:34ms, timestamp:35434 - rtmpquic.go:220
2026/03/12 14:37:45.501933 [22;34mDEBUG[0m Return monitor from  scheduler : , bw flag : false, limit : 0 - rtmpquic.go:249
2026/03/12 14:37:45.501951 [22;36m INFO[0m IframeComing false, resideSizeInGOP 435661, meanGOP 1.903668e+06, meanI 233034, curgop 1468007, curI 241125 - rtmpquic.go:283
2026/03/12 14:37:45.501955 [22;36m INFO[0m UNKEYBEHIND 43,limit:0 - rtmpquic.go:284
2026/03/12 14:37:45.501959 [22;34mDEBUG[0m 43 p frame 34368 - rtmpquic.go:294
2026/03/12 14:37:45.501981 [22;34mDEBUG[0m 
chunk:1065 chunk-dur:32ms, timestamp:35467 - rtmpquic.go:220
2026/03/12 14:37:45.535813 [22;34mDEBUG[0m Return monitor from  scheduler : , bw flag : false, limit : 0 - rtmpquic.go:249
2026/03/12 14:37:45.535837 [22;36m INFO[0m IframeComing false, resideSizeInGOP 412008, meanGOP 1.903668e+06, meanI 233034, curgop 1491660, curI 241125 - rtmpquic.go:283
2026/03/12 14:37:45.535842 [22;36m INFO[0m UNKEYBEHIND 44,limit:0 - rtmpquic.go:284
2026/03/12 14:37:45.535846 [22;34mDEBUG[0m 44 p frame 23653 - rtmpquic.go:294
2026/03/12 14:37:45.535939 [22;34mDEBUG[0m 
chunk:1066 chunk-dur:34ms, timestamp:35500 - rtmpquic.go:220
2026/03/12 14:37:45.568856 [22;34mDEBUG[0m Return monitor from  scheduler : , bw flag : false, limit : 0 - rtmpquic.go:249
2026/03/12 14:37:45.568938 [22;36m INFO[0m IframeComing false, resideSizeInGOP 343273, meanGOP 1.903668e+06, meanI 233034, curgop 1560395, curI 241125 - rtmpquic.go:283
2026/03/12 14:37:45.568942 [22;36m INFO[0m UNKEYBEHIND 45,limit:0 - rtmpquic.go:284
2026/03/12 14:37:45.568946 [22;34mDEBUG[0m 45 p frame 68735 - rtmpquic.go:294
2026/03/12 14:37:45.568970 [22;34mDEBUG[0m 
chunk:1067 chunk-dur:33ms, timestamp:35534 - rtmpquic.go:220
2026/03/12 14:37:45.602374 [22;34mDEBUG[0m Return monitor from  scheduler : , bw flag : false, limit : 0 - rtmpquic.go:249
2026/03/12 14:37:45.602393 [22;36m INFO[0m IframeComing false, resideSizeInGOP 332420, meanGOP 1.903668e+06, meanI 233034, curgop 1571248, curI 241125 - rtmpquic.go:283
2026/03/12 14:37:45.602397 [22;36m INFO[0m UNKEYBEHIND 46,limit:0 - rtmpquic.go:284
2026/03/12 14:37:45.602400 [22;34mDEBUG[0m 46 p frame 10853 - rtmpquic.go:294
2026/03/12 14:37:45.602485 [22;34mDEBUG[0m 
chunk:1068 chunk-dur:34ms, timestamp:35567 - rtmpquic.go:220
2026/03/12 14:37:45.635444 [22;34mDEBUG[0m Return monitor from  scheduler : , bw flag : false, limit : 0 - rtmpquic.go:249
2026/03/12 14:37:45.635468 [22;36m INFO[0m IframeComing false, resideSizeInGOP 272276, meanGOP 1.903668e+06, meanI 233034, curgop 1631392, curI 241125 - rtmpquic.go:283
2026/03/12 14:37:45.635473 [22;36m INFO[0m UNKEYBEHIND 47,limit:0 - rtmpquic.go:284
2026/03/12 14:37:45.635477 [22;34mDEBUG[0m 47 p frame 60144 - rtmpquic.go:294
2026/03/12 14:37:45.635627 [22;34mDEBUG[0m 
chunk:1069 chunk-dur:33ms, timestamp:35600 - rtmpquic.go:220
2026/03/12 14:37:45.668235 [22;34mDEBUG[0m Return monitor from  scheduler : , bw flag : false, limit : 0 - rtmpquic.go:249
2026/03/12 14:37:45.668259 [22;36m INFO[0m IframeComing false, resideSizeInGOP 175366, meanGOP 1.903668e+06, meanI 233034, curgop 1728302, curI 241125 - rtmpquic.go:283
2026/03/12 14:37:45.668265 [22;36m INFO[0m UNKEYBEHIND 48,limit:0 - rtmpquic.go:284
2026/03/12 14:37:45.668269 [22;34mDEBUG[0m 48 p frame 96910 - rtmpquic.go:294
2026/03/12 14:37:45.668342 [22;34mDEBUG[0m 
chunk:1070 chunk-dur:33ms, timestamp:35634 - rtmpquic.go:220
2026/03/12 14:37:45.701844 [22;34mDEBUG[0m Return monitor from  scheduler : , bw flag : false, limit : 0 - rtmpquic.go:249
2026/03/12 14:37:45.701865 [22;36m INFO[0m IframeComing false, resideSizeInGOP 152783, meanGOP 1.903668e+06, meanI 233034, curgop 1750885, curI 241125 - rtmpquic.go:283
2026/03/12 14:37:45.701915 [22;36m INFO[0m UNKEYBEHIND 49,limit:0 - rtmpquic.go:284
2026/03/12 14:37:45.701920 [22;34mDEBUG[0m 49 p frame 22583 - rtmpquic.go:294
2026/03/12 14:37:45.701936 [22;34mDEBUG[0m 
chunk:1071 chunk-dur:33ms, timestamp:35667 - rtmpquic.go:220
2026/03/12 14:37:45.734980 [22;34mDEBUG[0m Return monitor from  scheduler : , bw flag : false, limit : 0 - rtmpquic.go:249
2026/03/12 14:37:45.735014 [22;36m INFO[0m IframeComing false, resideSizeInGOP 144619, meanGOP 1.903668e+06, meanI 233034, curgop 1759049, curI 241125 - rtmpquic.go:283
2026/03/12 14:37:45.735019 [22;36m INFO[0m UNKEYBEHIND 50,limit:0 - rtmpquic.go:284
2026/03/12 14:37:45.735022 [22;34mDEBUG[0m 50 p frame 8164 - rtmpquic.go:294
2026/03/12 14:37:45.735030 [22;34mDEBUG[0m 
chunk:1072 chunk-dur:34ms, timestamp:35700 - rtmpquic.go:220
2026/03/12 14:37:45.767526 [22;34mDEBUG[0m Return monitor from  scheduler : , bw flag : false, limit : 0 - rtmpquic.go:249
2026/03/12 14:37:45.767546 [22;36m INFO[0m IframeComing false, resideSizeInGOP 136869, meanGOP 1.903668e+06, meanI 233034, curgop 1766799, curI 241125 - rtmpquic.go:283
2026/03/12 14:37:45.767572 [22;36m INFO[0m UNKEYBEHIND 51,limit:0 - rtmpquic.go:284
2026/03/12 14:37:45.767576 [22;34mDEBUG[0m 51 p frame 7750 - rtmpquic.go:294
2026/03/12 14:37:45.767716 [22;34mDEBUG[0m 
chunk:1073 chunk-dur:32ms, timestamp:35734 - rtmpquic.go:220
2026/03/12 14:37:45.802744 [22;34mDEBUG[0m Return monitor from  scheduler : , bw flag : false, limit : 0 - rtmpquic.go:249
2026/03/12 14:37:45.802776 [22;36m INFO[0m IframeComing false, resideSizeInGOP 54840, meanGOP 1.903668e+06, meanI 233034, curgop 1848828, curI 241125 - rtmpquic.go:283
2026/03/12 14:37:45.802780 [22;36m INFO[0m UNKEYBEHIND 52,limit:0 - rtmpquic.go:284
2026/03/12 14:37:45.802784 [22;34mDEBUG[0m 52 p frame 82029 - rtmpquic.go:294
2026/03/12 14:37:45.802813 [22;34mDEBUG[0m 
chunk:1074 chunk-dur:35ms, timestamp:35767 - rtmpquic.go:220
2026/03/12 14:37:45.834862 [22;34mDEBUG[0m Return monitor from  scheduler : , bw flag : false, limit : 0 - rtmpquic.go:249
2026/03/12 14:37:45.834927 [22;36m INFO[0m IframeComing false, resideSizeInGOP 32330, meanGOP 1.903668e+06, meanI 233034, curgop 1871338, curI 241125 - rtmpquic.go:283
2026/03/12 14:37:45.834932 [22;36m INFO[0m UNKEYBEHIND 53,limit:0 - rtmpquic.go:284
2026/03/12 14:37:45.834935 [22;34mDEBUG[0m 53 p frame 22510 - rtmpquic.go:294
2026/03/12 14:37:45.834948 [22;34mDEBUG[0m 
chunk:1075 chunk-dur:32ms, timestamp:35800 - rtmpquic.go:220
2026/03/12 14:37:45.868628 [22;34mDEBUG[0m Return monitor from  scheduler : , bw flag : false, limit : 0 - rtmpquic.go:249
2026/03/12 14:37:45.868649 [22;36m INFO[0m IframeComing false, resideSizeInGOP 24520, meanGOP 1.903668e+06, meanI 233034, curgop 1879148, curI 241125 - rtmpquic.go:283
2026/03/12 14:37:45.868653 [22;36m INFO[0m UNKEYBEHIND 54,limit:0 - rtmpquic.go:284
2026/03/12 14:37:45.868658 [22;34mDEBUG[0m 54 p frame 7810 - rtmpquic.go:294
2026/03/12 14:37:45.868682 [22;34mDEBUG[0m 
chunk:1076 chunk-dur:34ms, timestamp:35834 - rtmpquic.go:220
2026/03/12 14:37:45.902686 [22;34mDEBUG[0m Return monitor from  scheduler : , bw flag : false, limit : 0 - rtmpquic.go:249
2026/03/12 14:37:45.902773 [22;36m INFO[0m IframeComing false, resideSizeInGOP 16592, meanGOP 1.903668e+06, meanI 233034, curgop 1887076, curI 241125 - rtmpquic.go:283
2026/03/12 14:37:45.902840 [22;36m INFO[0m UNKEYBEHIND 55,limit:0 - rtmpquic.go:284
2026/03/12 14:37:45.902854 [22;34mDEBUG[0m 55 p frame 7928 - rtmpquic.go:294
2026/03/12 14:37:45.904220 [22;34mDEBUG[0m 
chunk:1077 chunk-dur:36ms, timestamp:35867 - rtmpquic.go:220
2026/03/12 14:37:45.934672 [22;34mDEBUG[0m Return monitor from  scheduler : , bw flag : false, limit : 0 - rtmpquic.go:249
2026/03/12 14:37:45.934754 [22;36m INFO[0m IframeComing true, resideSizeInGOP -84069, meanGOP 1.903668e+06, meanI 233034, curgop 1987737, curI 241125 - rtmpquic.go:283
2026/03/12 14:37:45.934784 [22;36m INFO[0m UNKEYBEHIND 56,limit:0 - rtmpquic.go:284
2026/03/12 14:37:45.934794 [22;34mDEBUG[0m 56 p frame 100661 - rtmpquic.go:294
2026/03/12 14:37:45.938482 [22;34mDEBUG[0m 
chunk:1078 chunk-dur:34ms, timestamp:35900 - rtmpquic.go:220
2026/03/12 14:37:46.029998 [22;34mDEBUG[0m Return monitor from  scheduler : , bw flag : false, limit : 0 - rtmpquic.go:249
2026/03/12 14:37:46.030024 [22;36m INFO[0m IframeComing true, resideSizeInGOP -109779, meanGOP 1.903668e+06, meanI 233034, curgop 2013447, curI 241125 - rtmpquic.go:283
2026/03/12 14:37:46.030033 [22;36m INFO[0m UNKEYBEHIND 57,limit:0 - rtmpquic.go:284
2026/03/12 14:37:46.030038 [22;34mDEBUG[0m 57 p frame 25710 - rtmpquic.go:294
2026/03/12 14:37:46.030055 [22;34mDEBUG[0m 
chunk:1079 chunk-dur:92ms, timestamp:35934 - rtmpquic.go:220
2026/03/12 14:37:46.030060 [22;34mDEBUG[0m Return monitor from  scheduler : , bw flag : false, limit : 0 - rtmpquic.go:249
2026/03/12 14:37:46.030063 [22;36m INFO[0m IframeComing true, resideSizeInGOP -119375, meanGOP 1.903668e+06, meanI 233034, curgop 2023043, curI 241125 - rtmpquic.go:283
2026/03/12 14:37:46.030066 [22;36m INFO[0m UNKEYBEHIND 58,limit:0 - rtmpquic.go:284
2026/03/12 14:37:46.030069 [22;34mDEBUG[0m 58 p frame 9596 - rtmpquic.go:294
2026/03/12 14:37:46.030109 [22;34mDEBUG[0m 
chunk:1080 chunk-dur:0ms, timestamp:35967 - rtmpquic.go:220
2026/03/12 14:37:46.037622 [22;34mDEBUG[0m Return monitor from  scheduler : , bw flag : false, limit : 0 - rtmpquic.go:249
2026/03/12 14:37:46.037667 [22;36m INFO[0m IframeComing true, resideSizeInGOP -126386, meanGOP 1.903668e+06, meanI 233034, curgop 2030054, curI 241125 - rtmpquic.go:283
2026/03/12 14:37:46.037678 [22;36m INFO[0m UNKEYBEHIND 59,limit:0 - rtmpquic.go:284
2026/03/12 14:37:46.037687 [22;34mDEBUG[0m 59 p frame 7011 - rtmpquic.go:294
2026/03/12 14:37:46.048171 [22;34mDEBUG[0m 
chunk:1081 chunk-dur:18ms, timestamp:36000 - rtmpquic.go:220
2026/03/12 14:37:46.072784 [22;34mDEBUG[0m Return monitor from  scheduler : , bw flag : false, limit : 0 - rtmpquic.go:249
key tag 311748
2026/03/12 14:37:46.073208 [22;34mDEBUG[0m 19 I frame 311748 - rtmpquic.go:275
2026/03/12 14:37:46.073405 [22;34mDEBUG[0m 
chunk:1082 chunk-dur:25ms, timestamp:36034 - rtmpquic.go:220
2026/03/12 14:37:46.096181 [22;34mDEBUG[0m bitrate:7.289864 Mbps - client_session.go:438
2026/03/12 14:37:46.102535 [22;34mDEBUG[0m Return monitor from  scheduler : , bw flag : false, limit : 0 - rtmpquic.go:249
2026/03/12 14:37:46.102548 [22;36m INFO[0m IframeComing false, resideSizeInGOP 1.539245e+06, meanGOP 1.91069e+06, meanI 233484, curgop 371445, curI 311748 - rtmpquic.go:283
2026/03/12 14:37:46.102553 [22;36m INFO[0m UNKEYBEHIND 1,limit:0 - rtmpquic.go:284
2026/03/12 14:37:46.102556 [22;34mDEBUG[0m 1 p frame 59697 - rtmpquic.go:294
2026/03/12 14:37:46.102592 [22;34mDEBUG[0m 
chunk:1083 chunk-dur:29ms, timestamp:36067 - rtmpquic.go:220
2026/03/12 14:37:46.135645 [22;34mDEBUG[0m Return monitor from  scheduler : , bw flag : false, limit : 0 - rtmpquic.go:249
2026/03/12 14:37:46.135678 [22;36m INFO[0m IframeComing false, resideSizeInGOP 1.527546e+06, meanGOP 1.91069e+06, meanI 233484, curgop 383144, curI 311748 - rtmpquic.go:283
2026/03/12 14:37:46.135683 [22;36m INFO[0m UNKEYBEHIND 2,limit:0 - rtmpquic.go:284
2026/03/12 14:37:46.135687 [22;34mDEBUG[0m 2 p frame 11699 - rtmpquic.go:294
2026/03/12 14:37:46.135731 [22;34mDEBUG[0m 
chunk:1084 chunk-dur:33ms, timestamp:36100 - rtmpquic.go:220
2026/03/12 14:37:46.168369 [22;34mDEBUG[0m Return monitor from  scheduler : , bw flag : false, limit : 0 - rtmpquic.go:249
2026/03/12 14:37:46.168410 [22;36m INFO[0m IframeComing false, resideSizeInGOP 1.51923e+06, meanGOP 1.91069e+06, meanI 233484, curgop 391460, curI 311748 - rtmpquic.go:283
2026/03/12 14:37:46.168417 [22;36m INFO[0m UNKEYBEHIND 3,limit:0 - rtmpquic.go:284
2026/03/12 14:37:46.168420 [22;34mDEBUG[0m 3 p frame 8316 - rtmpquic.go:294
2026/03/12 14:37:46.168451 [22;34mDEBUG[0m 
chunk:1085 chunk-dur:33ms, timestamp:36134 - rtmpquic.go:220
2026/03/12 14:37:46.201689 [22;34mDEBUG[0m Return monitor from  scheduler : , bw flag : false, limit : 0 - rtmpquic.go:249
2026/03/12 14:37:46.201709 [22;36m INFO[0m IframeComing false, resideSizeInGOP 1.507159e+06, meanGOP 1.91069e+06, meanI 233484, curgop 403531, curI 311748 - rtmpquic.go:283
2026/03/12 14:37:46.201714 [22;36m INFO[0m UNKEYBEHIND 4,limit:0 - rtmpquic.go:284
2026/03/12 14:37:46.201718 [22;34mDEBUG[0m 4 p frame 12071 - rtmpquic.go:294
2026/03/12 14:37:46.201801 [22;34mDEBUG[0m 
chunk:1086 chunk-dur:33ms, timestamp:36167 - rtmpquic.go:220
2026/03/12 14:37:46.234860 [22;34mDEBUG[0m Return monitor from  scheduler : , bw flag : false, limit : 0 - rtmpquic.go:249
2026/03/12 14:37:46.234914 [22;36m INFO[0m IframeComing false, resideSizeInGOP 1.452451e+06, meanGOP 1.91069e+06, meanI 233484, curgop 458239, curI 311748 - rtmpquic.go:283
2026/03/12 14:37:46.234919 [22;36m INFO[0m UNKEYBEHIND 5,limit:0 - rtmpquic.go:284
2026/03/12 14:37:46.234923 [22;34mDEBUG[0m 5 p frame 54708 - rtmpquic.go:294
2026/03/12 14:37:46.234971 [22;34mDEBUG[0m 
chunk:1087 chunk-dur:33ms, timestamp:36200 - rtmpquic.go:220
2026/03/12 14:37:46.268036 [22;34mDEBUG[0m Return monitor from  scheduler : , bw flag : false, limit : 0 - rtmpquic.go:249
2026/03/12 14:37:46.268059 [22;36m INFO[0m IframeComing false, resideSizeInGOP 1.434805e+06, meanGOP 1.91069e+06, meanI 233484, curgop 475885, curI 311748 - rtmpquic.go:283
2026/03/12 14:37:46.268064 [22;36m INFO[0m UNKEYBEHIND 6,limit:0 - rtmpquic.go:284
2026/03/12 14:37:46.268067 [22;34mDEBUG[0m 6 p frame 17646 - rtmpquic.go:294
2026/03/12 14:37:46.268083 [22;34mDEBUG[0m 
chunk:1088 chunk-dur:34ms, timestamp:36234 - rtmpquic.go:220
2026/03/12 14:37:46.301789 [22;34mDEBUG[0m Return monitor from  scheduler : , bw flag : false, limit : 0 - rtmpquic.go:249
2026/03/12 14:37:46.301818 [22;36m INFO[0m IframeComing false, resideSizeInGOP 1.425321e+06, meanGOP 1.91069e+06, meanI 233484, curgop 485369, curI 311748 - rtmpquic.go:283
2026/03/12 14:37:46.301823 [22;36m INFO[0m UNKEYBEHIND 7,limit:0 - rtmpquic.go:284
2026/03/12 14:37:46.301827 [22;34mDEBUG[0m 7 p frame 9484 - rtmpquic.go:294
2026/03/12 14:37:46.301842 [22;34mDEBUG[0m 
chunk:1089 chunk-dur:33ms, timestamp:36267 - rtmpquic.go:220
2026/03/12 14:37:46.335467 [22;34mDEBUG[0m Return monitor from  scheduler : , bw flag : false, limit : 0 - rtmpquic.go:249
2026/03/12 14:37:46.335492 [22;36m INFO[0m IframeComing false, resideSizeInGOP 1.41551e+06, meanGOP 1.91069e+06, meanI 233484, curgop 495180, curI 311748 - rtmpquic.go:283
2026/03/12 14:37:46.335503 [22;36m INFO[0m UNKEYBEHIND 8,limit:0 - rtmpquic.go:284
2026/03/12 14:37:46.335507 [22;34mDEBUG[0m 8 p frame 9811 - rtmpquic.go:294
2026/03/12 14:37:46.335614 [22;34mDEBUG[0m 
chunk:1090 chunk-dur:34ms, timestamp:36300 - rtmpquic.go:220
2026/03/12 14:37:46.368683 [22;34mDEBUG[0m Return monitor from  scheduler : , bw flag : false, limit : 0 - rtmpquic.go:249
2026/03/12 14:37:46.368705 [22;36m INFO[0m IframeComing false, resideSizeInGOP 1.364994e+06, meanGOP 1.91069e+06, meanI 233484, curgop 545696, curI 311748 - rtmpquic.go:283
2026/03/12 14:37:46.368709 [22;36m INFO[0m UNKEYBEHIND 9,limit:0 - rtmpquic.go:284
2026/03/12 14:37:46.368713 [22;34mDEBUG[0m 9 p frame 50516 - rtmpquic.go:294
2026/03/12 14:37:46.368728 [22;34mDEBUG[0m 
chunk:1091 chunk-dur:33ms, timestamp:36334 - rtmpquic.go:220
2026/03/12 14:37:46.402234 [22;34mDEBUG[0m Return monitor from  scheduler : , bw flag : false, limit : 0 - rtmpquic.go:249
2026/03/12 14:37:46.402255 [22;36m INFO[0m IframeComing false, resideSizeInGOP 1.350976e+06, meanGOP 1.91069e+06, meanI 233484, curgop 559714, curI 311748 - rtmpquic.go:283
2026/03/12 14:37:46.402261 [22;36m INFO[0m UNKEYBEHIND 10,limit:0 - rtmpquic.go:284
2026/03/12 14:37:46.402264 [22;34mDEBUG[0m 10 p frame 14018 - rtmpquic.go:294
2026/03/12 14:37:46.402312 [22;34mDEBUG[0m 
chunk:1092 chunk-dur:34ms, timestamp:36367 - rtmpquic.go:220
2026/03/12 14:37:46.434798 [22;34mDEBUG[0m Return monitor from  scheduler : , bw flag : false, limit : 0 - rtmpquic.go:249
2026/03/12 14:37:46.434819 [22;36m INFO[0m IframeComing false, resideSizeInGOP 1.334734e+06, meanGOP 1.91069e+06, meanI 233484, curgop 575956, curI 311748 - rtmpquic.go:283
2026/03/12 14:37:46.434823 [22;36m INFO[0m UNKEYBEHIND 11,limit:0 - rtmpquic.go:284
2026/03/12 14:37:46.434827 [22;34mDEBUG[0m 11 p frame 16242 - rtmpquic.go:294
2026/03/12 14:37:46.435008 [22;34mDEBUG[0m 
chunk:1093 chunk-dur:33ms, timestamp:36400 - rtmpquic.go:220
2026/03/12 14:37:46.467523 [22;34mDEBUG[0m Return monitor from  scheduler : , bw flag : false, limit : 0 - rtmpquic.go:249
2026/03/12 14:37:46.467545 [22;36m INFO[0m IframeComing false, resideSizeInGOP 1.224332e+06, meanGOP 1.91069e+06, meanI 233484, curgop 686358, curI 311748 - rtmpquic.go:283
2026/03/12 14:37:46.467549 [22;36m INFO[0m UNKEYBEHIND 12,limit:0 - rtmpquic.go:284
2026/03/12 14:37:46.467553 [22;34mDEBUG[0m 12 p frame 110402 - rtmpquic.go:294
2026/03/12 14:37:46.467594 [22;34mDEBUG[0m 
chunk:1094 chunk-dur:32ms, timestamp:36434 - rtmpquic.go:220
2026/03/12 14:37:46.502337 [22;34mDEBUG[0m Return monitor from  scheduler : , bw flag : false, limit : 0 - rtmpquic.go:249
2026/03/12 14:37:46.502358 [22;36m INFO[0m IframeComing false, resideSizeInGOP 1.198331e+06, meanGOP 1.91069e+06, meanI 233484, curgop 712359, curI 311748 - rtmpquic.go:283
2026/03/12 14:37:46.502362 [22;36m INFO[0m UNKEYBEHIND 13,limit:0 - rtmpquic.go:284
2026/03/12 14:37:46.502366 [22;34mDEBUG[0m 13 p frame 26001 - rtmpquic.go:294
2026/03/12 14:37:46.502389 [22;34mDEBUG[0m 
chunk:1095 chunk-dur:35ms, timestamp:36467 - rtmpquic.go:220
2026/03/12 14:37:46.534811 [22;34mDEBUG[0m Return monitor from  scheduler : , bw flag : false, limit : 0 - rtmpquic.go:249
2026/03/12 14:37:46.534826 [22;36m INFO[0m IframeComing false, resideSizeInGOP 1.182532e+06, meanGOP 1.91069e+06, meanI 233484, curgop 728158, curI 311748 - rtmpquic.go:283
2026/03/12 14:37:46.534830 [22;36m INFO[0m UNKEYBEHIND 14,limit:0 - rtmpquic.go:284
2026/03/12 14:37:46.534834 [22;34mDEBUG[0m 14 p frame 15799 - rtmpquic.go:294
2026/03/12 14:37:46.534977 [22;34mDEBUG[0m 
chunk:1096 chunk-dur:32ms, timestamp:36500 - rtmpquic.go:220
2026/03/12 14:37:46.568826 [22;34mDEBUG[0m Return monitor from  scheduler : , bw flag : false, limit : 0 - rtmpquic.go:249
2026/03/12 14:37:46.568846 [22;36m INFO[0m IframeComing false, resideSizeInGOP 1.169018e+06, meanGOP 1.91069e+06, meanI 233484, curgop 741672, curI 311748 - rtmpquic.go:283
2026/03/12 14:37:46.568851 [22;36m INFO[0m UNKEYBEHIND 15,limit:0 - rtmpquic.go:284
2026/03/12 14:37:46.568854 [22;34mDEBUG[0m 15 p frame 13514 - rtmpquic.go:294
2026/03/12 14:37:46.569013 [22;34mDEBUG[0m 
chunk:1097 chunk-dur:35ms, timestamp:36534 - rtmpquic.go:220
2026/03/12 14:37:46.602081 [22;34mDEBUG[0m Return monitor from  scheduler : , bw flag : false, limit : 0 - rtmpquic.go:249
2026/03/12 14:37:46.602098 [22;36m INFO[0m IframeComing false, resideSizeInGOP 1.121083e+06, meanGOP 1.91069e+06, meanI 233484, curgop 789607, curI 311748 - rtmpquic.go:283
2026/03/12 14:37:46.602101 [22;36m INFO[0m UNKEYBEHIND 16,limit:0 - rtmpquic.go:284
2026/03/12 14:37:46.602105 [22;34mDEBUG[0m 16 p frame 47935 - rtmpquic.go:294
2026/03/12 14:37:46.602141 [22;34mDEBUG[0m 
chunk:1098 chunk-dur:33ms, timestamp:36567 - rtmpquic.go:220
2026/03/12 14:37:46.635188 [22;34mDEBUG[0m Return monitor from  scheduler : , bw flag : false, limit : 0 - rtmpquic.go:249
2026/03/12 14:37:46.635214 [22;36m INFO[0m IframeComing false, resideSizeInGOP 1.103954e+06, meanGOP 1.91069e+06, meanI 233484, curgop 806736, curI 311748 - rtmpquic.go:283
2026/03/12 14:37:46.635220 [22;36m INFO[0m UNKEYBEHIND 17,limit:0 - rtmpquic.go:284
2026/03/12 14:37:46.635223 [22;34mDEBUG[0m 17 p frame 17129 - rtmpquic.go:294
2026/03/12 14:37:46.635355 [22;34mDEBUG[0m 
chunk:1099 chunk-dur:33ms, timestamp:36600 - rtmpquic.go:220
2026/03/12 14:37:46.667654 [22;34mDEBUG[0m Return monitor from  scheduler : , bw flag : false, limit : 0 - rtmpquic.go:249
2026/03/12 14:37:46.667676 [22;36m INFO[0m IframeComing false, resideSizeInGOP 981791, meanGOP 1.91069e+06, meanI 233484, curgop 928899, curI 311748 - rtmpquic.go:283
2026/03/12 14:37:46.667680 [22;36m INFO[0m UNKEYBEHIND 18,limit:0 - rtmpquic.go:284
2026/03/12 14:37:46.667684 [22;34mDEBUG[0m 18 p frame 122163 - rtmpquic.go:294
2026/03/12 14:37:46.667778 [22;34mDEBUG[0m 
chunk:1100 chunk-dur:32ms, timestamp:36634 - rtmpquic.go:220
2026/03/12 14:37:46.702256 [22;34mDEBUG[0m Return monitor from  scheduler : , bw flag : false, limit : 0 - rtmpquic.go:249
2026/03/12 14:37:46.702283 [22;36m INFO[0m IframeComing false, resideSizeInGOP 954777, meanGOP 1.91069e+06, meanI 233484, curgop 955913, curI 311748 - rtmpquic.go:283
2026/03/12 14:37:46.702288 [22;36m INFO[0m UNKEYBEHIND 19,limit:0 - rtmpquic.go:284
2026/03/12 14:37:46.702291 [22;34mDEBUG[0m 19 p frame 27014 - rtmpquic.go:294
2026/03/12 14:37:46.702324 [22;34mDEBUG[0m 
chunk:1101 chunk-dur:35ms, timestamp:36667 - rtmpquic.go:220
2026/03/12 14:37:46.734806 [22;34mDEBUG[0m Return monitor from  scheduler : , bw flag : false, limit : 0 - rtmpquic.go:249
2026/03/12 14:37:46.734828 [22;36m INFO[0m IframeComing false, resideSizeInGOP 940006, meanGOP 1.91069e+06, meanI 233484, curgop 970684, curI 311748 - rtmpquic.go:283
2026/03/12 14:37:46.734833 [22;36m INFO[0m UNKEYBEHIND 20,limit:0 - rtmpquic.go:284
2026/03/12 14:37:46.734837 [22;34mDEBUG[0m 20 p frame 14771 - rtmpquic.go:294
2026/03/12 14:37:46.734845 [22;34mDEBUG[0m 
chunk:1102 chunk-dur:32ms, timestamp:36700 - rtmpquic.go:220
2026/03/12 14:37:46.769334 [22;34mDEBUG[0m Return monitor from  scheduler : , bw flag : false, limit : 0 - rtmpquic.go:249
2026/03/12 14:37:46.769358 [22;36m INFO[0m IframeComing false, resideSizeInGOP 929866, meanGOP 1.91069e+06, meanI 233484, curgop 980824, curI 311748 - rtmpquic.go:283
2026/03/12 14:37:46.769363 [22;36m INFO[0m UNKEYBEHIND 21,limit:0 - rtmpquic.go:284
2026/03/12 14:37:46.769366 [22;34mDEBUG[0m 21 p frame 10140 - rtmpquic.go:294
2026/03/12 14:37:46.769487 [22;34mDEBUG[0m 
chunk:1103 chunk-dur:35ms, timestamp:36734 - rtmpquic.go:220
2026/03/12 14:37:46.802035 [22;34mDEBUG[0m Return monitor from  scheduler : , bw flag : false, limit : 0 - rtmpquic.go:249
2026/03/12 14:37:46.802057 [22;36m INFO[0m IframeComing false, resideSizeInGOP 825193, meanGOP 1.91069e+06, meanI 233484, curgop 1085497, curI 311748 - rtmpquic.go:283
2026/03/12 14:37:46.802062 [22;36m INFO[0m UNKEYBEHIND 22,limit:0 - rtmpquic.go:284
2026/03/12 14:37:46.802065 [22;34mDEBUG[0m 22 p frame 104673 - rtmpquic.go:294
2026/03/12 14:37:46.802086 [22;34mDEBUG[0m 
chunk:1104 chunk-dur:33ms, timestamp:36767 - rtmpquic.go:220
2026/03/12 14:37:46.835161 [22;34mDEBUG[0m Return monitor from  scheduler : , bw flag : false, limit : 0 - rtmpquic.go:249
2026/03/12 14:37:46.835186 [22;36m INFO[0m IframeComing false, resideSizeInGOP 805458, meanGOP 1.91069e+06, meanI 233484, curgop 1105232, curI 311748 - rtmpquic.go:283
2026/03/12 14:37:46.835191 [22;36m INFO[0m UNKEYBEHIND 23,limit:0 - rtmpquic.go:284
2026/03/12 14:37:46.835194 [22;34mDEBUG[0m 23 p frame 19735 - rtmpquic.go:294
2026/03/12 14:37:46.835212 [22;34mDEBUG[0m 
chunk:1105 chunk-dur:33ms, timestamp:36800 - rtmpquic.go:220
2026/03/12 14:37:46.867642 [22;34mDEBUG[0m Return monitor from  scheduler : , bw flag : false, limit : 0 - rtmpquic.go:249
2026/03/12 14:37:46.867661 [22;36m INFO[0m IframeComing false, resideSizeInGOP 797357, meanGOP 1.91069e+06, meanI 233484, curgop 1113333, curI 311748 - rtmpquic.go:283
2026/03/12 14:37:46.867665 [22;36m INFO[0m UNKEYBEHIND 24,limit:0 - rtmpquic.go:284
2026/03/12 14:37:46.867669 [22;34mDEBUG[0m 24 p frame 8101 - rtmpquic.go:294
2026/03/12 14:37:46.867727 [22;34mDEBUG[0m 
chunk:1106 chunk-dur:32ms, timestamp:36834 - rtmpquic.go:220
2026/03/12 14:37:46.902600 [22;34mDEBUG[0m Return monitor from  scheduler : , bw flag : false, limit : 0 - rtmpquic.go:249
2026/03/12 14:37:46.902619 [22;36m INFO[0m IframeComing false, resideSizeInGOP 788683, meanGOP 1.91069e+06, meanI 233484, curgop 1122007, curI 311748 - rtmpquic.go:283
2026/03/12 14:37:46.902623 [22;36m INFO[0m UNKEYBEHIND 25,limit:0 - rtmpquic.go:284
2026/03/12 14:37:46.902626 [22;34mDEBUG[0m 25 p frame 8674 - rtmpquic.go:294
2026/03/12 14:37:46.902704 [22;34mDEBUG[0m 
chunk:1107 chunk-dur:35ms, timestamp:36867 - rtmpquic.go:220
2026/03/12 14:37:46.936613 [22;34mDEBUG[0m Return monitor from  scheduler : , bw flag : false, limit : 0 - rtmpquic.go:249
2026/03/12 14:37:46.936632 [22;36m INFO[0m IframeComing false, resideSizeInGOP 715266, meanGOP 1.91069e+06, meanI 233484, curgop 1195424, curI 311748 - rtmpquic.go:283
2026/03/12 14:37:46.936636 [22;36m INFO[0m UNKEYBEHIND 26,limit:0 - rtmpquic.go:284
2026/03/12 14:37:46.936640 [22;34mDEBUG[0m 26 p frame 73417 - rtmpquic.go:294
2026/03/12 14:37:46.936661 [22;34mDEBUG[0m 
chunk:1108 chunk-dur:34ms, timestamp:36900 - rtmpquic.go:220
2026/03/12 14:37:46.968744 [22;34mDEBUG[0m Return monitor from  scheduler : , bw flag : false, limit : 0 - rtmpquic.go:249
2026/03/12 14:37:46.968762 [22;36m INFO[0m IframeComing false, resideSizeInGOP 699126, meanGOP 1.91069e+06, meanI 233484, curgop 1211564, curI 311748 - rtmpquic.go:283
2026/03/12 14:37:46.968767 [22;36m INFO[0m UNKEYBEHIND 27,limit:0 - rtmpquic.go:284
2026/03/12 14:37:46.968770 [22;34mDEBUG[0m 27 p frame 16140 - rtmpquic.go:294
2026/03/12 14:37:46.968785 [22;34mDEBUG[0m 
chunk:1109 chunk-dur:32ms, timestamp:36934 - rtmpquic.go:220
2026/03/12 14:37:47.002361 [22;34mDEBUG[0m Return monitor from  scheduler : , bw flag : false, limit : 0 - rtmpquic.go:249
2026/03/12 14:37:47.002386 [22;36m INFO[0m IframeComing false, resideSizeInGOP 691613, meanGOP 1.91069e+06, meanI 233484, curgop 1219077, curI 311748 - rtmpquic.go:283
2026/03/12 14:37:47.002390 [22;36m INFO[0m UNKEYBEHIND 28,limit:0 - rtmpquic.go:284
2026/03/12 14:37:47.002394 [22;34mDEBUG[0m 28 p frame 7513 - rtmpquic.go:294
2026/03/12 14:37:47.002412 [22;34mDEBUG[0m 
chunk:1110 chunk-dur:34ms, timestamp:36967 - rtmpquic.go:220
2026/03/12 14:37:47.034597 [22;34mDEBUG[0m Return monitor from  scheduler : , bw flag : false, limit : 0 - rtmpquic.go:249
2026/03/12 14:37:47.034615 [22;36m INFO[0m IframeComing false, resideSizeInGOP 684185, meanGOP 1.91069e+06, meanI 233484, curgop 1226505, curI 311748 - rtmpquic.go:283
2026/03/12 14:37:47.034619 [22;36m INFO[0m UNKEYBEHIND 29,limit:0 - rtmpquic.go:284
2026/03/12 14:37:47.034623 [22;34mDEBUG[0m 29 p frame 7428 - rtmpquic.go:294
2026/03/12 14:37:47.034701 [22;34mDEBUG[0m 
chunk:1111 chunk-dur:32ms, timestamp:37000 - rtmpquic.go:220
2026/03/12 14:37:47.068939 [22;34mDEBUG[0m Return monitor from  scheduler : , bw flag : false, limit : 0 - rtmpquic.go:249
2026/03/12 14:37:47.068979 [22;36m INFO[0m IframeComing false, resideSizeInGOP 602166, meanGOP 1.91069e+06, meanI 233484, curgop 1308524, curI 311748 - rtmpquic.go:283
2026/03/12 14:37:47.068987 [22;36m INFO[0m UNKEYBEHIND 30,limit:0 - rtmpquic.go:284
2026/03/12 14:37:47.068992 [22;34mDEBUG[0m 30 p frame 82019 - rtmpquic.go:294
2026/03/12 14:37:47.069026 [22;34mDEBUG[0m 
chunk:1112 chunk-dur:35ms, timestamp:37034 - rtmpquic.go:220
2026/03/12 14:37:47.096946 [22;34mDEBUG[0m bitrate:9.975552 Mbps - client_session.go:438
2026/03/12 14:37:47.101148 [22;34mDEBUG[0m Return monitor from  scheduler : , bw flag : false, limit : 0 - rtmpquic.go:249
2026/03/12 14:37:47.101167 [22;36m INFO[0m IframeComing false, resideSizeInGOP 584509, meanGOP 1.91069e+06, meanI 233484, curgop 1326181, curI 311748 - rtmpquic.go:283
2026/03/12 14:37:47.101171 [22;36m INFO[0m UNKEYBEHIND 31,limit:0 - rtmpquic.go:284
2026/03/12 14:37:47.101175 [22;34mDEBUG[0m 31 p frame 17657 - rtmpquic.go:294
2026/03/12 14:37:47.101182 [22;34mDEBUG[0m 
chunk:1113 chunk-dur:32ms, timestamp:37067 - rtmpquic.go:220
2026/03/12 14:37:47.134952 [22;34mDEBUG[0m Return monitor from  scheduler : , bw flag : false, limit : 0 - rtmpquic.go:249
2026/03/12 14:37:47.134976 [22;36m INFO[0m IframeComing false, resideSizeInGOP 575726, meanGOP 1.91069e+06, meanI 233484, curgop 1334964, curI 311748 - rtmpquic.go:283
2026/03/12 14:37:47.134981 [22;36m INFO[0m UNKEYBEHIND 32,limit:0 - rtmpquic.go:284
2026/03/12 14:37:47.134984 [22;34mDEBUG[0m 32 p frame 8783 - rtmpquic.go:294
2026/03/12 14:37:47.135003 [22;34mDEBUG[0m 
chunk:1114 chunk-dur:34ms, timestamp:37100 - rtmpquic.go:220
2026/03/12 14:37:47.167925 [22;34mDEBUG[0m Return monitor from  scheduler : , bw flag : false, limit : 0 - rtmpquic.go:249
2026/03/12 14:37:47.167967 [22;36m INFO[0m IframeComing false, resideSizeInGOP 567336, meanGOP 1.91069e+06, meanI 233484, curgop 1343354, curI 311748 - rtmpquic.go:283
2026/03/12 14:37:47.167972 [22;36m INFO[0m UNKEYBEHIND 33,limit:0 - rtmpquic.go:284
2026/03/12 14:37:47.167975 [22;34mDEBUG[0m 33 p frame 8390 - rtmpquic.go:294
2026/03/12 14:37:47.168074 [22;34mDEBUG[0m 
chunk:1115 chunk-dur:33ms, timestamp:37134 - rtmpquic.go:220
2026/03/12 14:37:47.202122 [22;34mDEBUG[0m Return monitor from  scheduler : , bw flag : false, limit : 0 - rtmpquic.go:249
2026/03/12 14:37:47.202142 [22;36m INFO[0m IframeComing false, resideSizeInGOP 486535, meanGOP 1.91069e+06, meanI 233484, curgop 1424155, curI 311748 - rtmpquic.go:283
2026/03/12 14:37:47.202146 [22;36m INFO[0m UNKEYBEHIND 34,limit:0 - rtmpquic.go:284
2026/03/12 14:37:47.202150 [22;34mDEBUG[0m 34 p frame 80801 - rtmpquic.go:294
2026/03/12 14:37:47.202174 [22;34mDEBUG[0m 
chunk:1116 chunk-dur:34ms, timestamp:37167 - rtmpquic.go:220
2026/03/12 14:37:47.234998 [22;34mDEBUG[0m Return monitor from  scheduler : , bw flag : false, limit : 0 - rtmpquic.go:249
2026/03/12 14:37:47.235017 [22;36m INFO[0m IframeComing false, resideSizeInGOP 466721, meanGOP 1.91069e+06, meanI 233484, curgop 1443969, curI 311748 - rtmpquic.go:283
2026/03/12 14:37:47.235021 [22;36m INFO[0m UNKEYBEHIND 35,limit:0 - rtmpquic.go:284
2026/03/12 14:37:47.235025 [22;34mDEBUG[0m 35 p frame 19814 - rtmpquic.go:294
2026/03/12 14:37:47.235080 [22;34mDEBUG[0m 
chunk:1117 chunk-dur:33ms, timestamp:37200 - rtmpquic.go:220
2026/03/12 14:37:47.267368 [22;34mDEBUG[0m Return monitor from  scheduler : , bw flag : false, limit : 0 - rtmpquic.go:249
2026/03/12 14:37:47.267388 [22;36m INFO[0m IframeComing false, resideSizeInGOP 458412, meanGOP 1.91069e+06, meanI 233484, curgop 1452278, curI 311748 - rtmpquic.go:283
2026/03/12 14:37:47.267392 [22;36m INFO[0m UNKEYBEHIND 36,limit:0 - rtmpquic.go:284
2026/03/12 14:37:47.267395 [22;34mDEBUG[0m 36 p frame 8309 - rtmpquic.go:294
2026/03/12 14:37:47.267410 [22;34mDEBUG[0m 
chunk:1118 chunk-dur:32ms, timestamp:37234 - rtmpquic.go:220
2026/03/12 14:37:47.302433 [22;34mDEBUG[0m Return monitor from  scheduler : , bw flag : false, limit : 0 - rtmpquic.go:249
2026/03/12 14:37:47.302453 [22;36m INFO[0m IframeComing false, resideSizeInGOP 450577, meanGOP 1.91069e+06, meanI 233484, curgop 1460113, curI 311748 - rtmpquic.go:283
2026/03/12 14:37:47.302458 [22;36m INFO[0m UNKEYBEHIND 37,limit:0 - rtmpquic.go:284
2026/03/12 14:37:47.302461 [22;34mDEBUG[0m 37 p frame 7835 - rtmpquic.go:294
2026/03/12 14:37:47.302588 [22;34mDEBUG[0m 
chunk:1119 chunk-dur:35ms, timestamp:37267 - rtmpquic.go:220
2026/03/12 14:37:47.335231 [22;34mDEBUG[0m Return monitor from  scheduler : , bw flag : false, limit : 0 - rtmpquic.go:249
2026/03/12 14:37:47.335250 [22;36m INFO[0m IframeComing false, resideSizeInGOP 356291, meanGOP 1.91069e+06, meanI 233484, curgop 1554399, curI 311748 - rtmpquic.go:283
2026/03/12 14:37:47.335254 [22;36m INFO[0m UNKEYBEHIND 38,limit:0 - rtmpquic.go:284
2026/03/12 14:37:47.335258 [22;34mDEBUG[0m 38 p frame 94286 - rtmpquic.go:294
2026/03/12 14:37:47.335288 [22;34mDEBUG[0m 
chunk:1120 chunk-dur:33ms, timestamp:37300 - rtmpquic.go:220
2026/03/12 14:37:47.368317 [22;34mDEBUG[0m Return monitor from  scheduler : , bw flag : false, limit : 0 - rtmpquic.go:249
2026/03/12 14:37:47.368345 [22;36m INFO[0m IframeComing false, resideSizeInGOP 334427, meanGOP 1.91069e+06, meanI 233484, curgop 1576263, curI 311748 - rtmpquic.go:283
2026/03/12 14:37:47.368350 [22;36m INFO[0m UNKEYBEHIND 39,limit:0 - rtmpquic.go:284
2026/03/12 14:37:47.368354 [22;34mDEBUG[0m 39 p frame 21864 - rtmpquic.go:294
2026/03/12 14:37:47.368362 [22;34mDEBUG[0m 
chunk:1121 chunk-dur:33ms, timestamp:37334 - rtmpquic.go:220
2026/03/12 14:37:47.401858 [22;34mDEBUG[0m Return monitor from  scheduler : , bw flag : false, limit : 0 - rtmpquic.go:249
2026/03/12 14:37:47.401959 [22;36m INFO[0m IframeComing false, resideSizeInGOP 326520, meanGOP 1.91069e+06, meanI 233484, curgop 1584170, curI 311748 - rtmpquic.go:283
2026/03/12 14:37:47.401963 [22;36m INFO[0m UNKEYBEHIND 40,limit:0 - rtmpquic.go:284
2026/03/12 14:37:47.401968 [22;34mDEBUG[0m 40 p frame 7907 - rtmpquic.go:294
2026/03/12 14:37:47.401979 [22;34mDEBUG[0m 
chunk:1122 chunk-dur:33ms, timestamp:37367 - rtmpquic.go:220
2026/03/12 14:37:47.435383 [22;34mDEBUG[0m Return monitor from  scheduler : , bw flag : false, limit : 0 - rtmpquic.go:249
2026/03/12 14:37:47.435409 [22;36m INFO[0m IframeComing false, resideSizeInGOP 317849, meanGOP 1.91069e+06, meanI 233484, curgop 1592841, curI 311748 - rtmpquic.go:283
2026/03/12 14:37:47.435413 [22;36m INFO[0m UNKEYBEHIND 41,limit:0 - rtmpquic.go:284
2026/03/12 14:37:47.435417 [22;34mDEBUG[0m 41 p frame 8671 - rtmpquic.go:294
2026/03/12 14:37:47.435504 [22;34mDEBUG[0m 
chunk:1123 chunk-dur:34ms, timestamp:37400 - rtmpquic.go:220
2026/03/12 14:37:47.468414 [22;34mDEBUG[0m Return monitor from  scheduler : , bw flag : false, limit : 0 - rtmpquic.go:249
2026/03/12 14:37:47.468433 [22;36m INFO[0m IframeComing false, resideSizeInGOP 244766, meanGOP 1.91069e+06, meanI 233484, curgop 1665924, curI 311748 - rtmpquic.go:283
2026/03/12 14:37:47.468438 [22;36m INFO[0m UNKEYBEHIND 42,limit:0 - rtmpquic.go:284
2026/03/12 14:37:47.468441 [22;34mDEBUG[0m 42 p frame 73083 - rtmpquic.go:294
2026/03/12 14:37:47.468456 [22;34mDEBUG[0m 
chunk:1124 chunk-dur:33ms, timestamp:37434 - rtmpquic.go:220
2026/03/12 14:37:47.501821 [22;34mDEBUG[0m Return monitor from  scheduler : , bw flag : false, limit : 0 - rtmpquic.go:249
2026/03/12 14:37:47.501839 [22;36m INFO[0m IframeComing false, resideSizeInGOP 231464, meanGOP 1.91069e+06, meanI 233484, curgop 1679226, curI 311748 - rtmpquic.go:283
2026/03/12 14:37:47.501843 [22;36m INFO[0m UNKEYBEHIND 43,limit:0 - rtmpquic.go:284
2026/03/12 14:37:47.501847 [22;34mDEBUG[0m 43 p frame 13302 - rtmpquic.go:294
2026/03/12 14:37:47.501955 [22;34mDEBUG[0m 
chunk:1125 chunk-dur:33ms, timestamp:37467 - rtmpquic.go:220
2026/03/12 14:37:47.535885 [22;34mDEBUG[0m Return monitor from  scheduler : , bw flag : false, limit : 0 - rtmpquic.go:249
2026/03/12 14:37:47.535903 [22;36m INFO[0m IframeComing false, resideSizeInGOP 222550, meanGOP 1.91069e+06, meanI 233484, curgop 1688140, curI 311748 - rtmpquic.go:283
2026/03/12 14:37:47.535907 [22;36m INFO[0m UNKEYBEHIND 44,limit:0 - rtmpquic.go:284
2026/03/12 14:37:47.535911 [22;34mDEBUG[0m 44 p frame 8914 - rtmpquic.go:294
2026/03/12 14:37:47.536024 [22;34mDEBUG[0m 
chunk:1126 chunk-dur:35ms, timestamp:37500 - rtmpquic.go:220
2026/03/12 14:37:47.567559 [22;34mDEBUG[0m Return monitor from  scheduler : , bw flag : false, limit : 0 - rtmpquic.go:249
2026/03/12 14:37:47.567574 [22;36m INFO[0m IframeComing false, resideSizeInGOP 131472, meanGOP 1.91069e+06, meanI 233484, curgop 1779218, curI 311748 - rtmpquic.go:283
2026/03/12 14:37:47.567578 [22;36m INFO[0m UNKEYBEHIND 45,limit:0 - rtmpquic.go:284
2026/03/12 14:37:47.567582 [22;34mDEBUG[0m 45 p frame 91078 - rtmpquic.go:294
2026/03/12 14:37:47.567656 [22;34mDEBUG[0m 
chunk:1127 chunk-dur:31ms, timestamp:37534 - rtmpquic.go:220
2026/03/12 14:37:47.602405 [22;34mDEBUG[0m Return monitor from  scheduler : , bw flag : false, limit : 0 - rtmpquic.go:249
2026/03/12 14:37:47.602428 [22;36m INFO[0m IframeComing false, resideSizeInGOP 116371, meanGOP 1.91069e+06, meanI 233484, curgop 1794319, curI 311748 - rtmpquic.go:283
2026/03/12 14:37:47.602433 [22;36m INFO[0m UNKEYBEHIND 46,limit:0 - rtmpquic.go:284
2026/03/12 14:37:47.602436 [22;34mDEBUG[0m 46 p frame 15101 - rtmpquic.go:294
2026/03/12 14:37:47.602588 [22;34mDEBUG[0m 
chunk:1128 chunk-dur:35ms, timestamp:37567 - rtmpquic.go:220
2026/03/12 14:37:47.635475 [22;34mDEBUG[0m Return monitor from  scheduler : , bw flag : false, limit : 0 - rtmpquic.go:249
2026/03/12 14:37:47.635525 [22;36m INFO[0m IframeComing false, resideSizeInGOP 105273, meanGOP 1.91069e+06, meanI 233484, curgop 1805417, curI 311748 - rtmpquic.go:283
2026/03/12 14:37:47.635536 [22;36m INFO[0m UNKEYBEHIND 47,limit:0 - rtmpquic.go:284
2026/03/12 14:37:47.635539 [22;34mDEBUG[0m 47 p frame 11098 - rtmpquic.go:294
2026/03/12 14:37:47.635647 [22;34mDEBUG[0m 
chunk:1129 chunk-dur:33ms, timestamp:37600 - rtmpquic.go:220
2026/03/12 14:37:47.667673 [22;34mDEBUG[0m Return monitor from  scheduler : , bw flag : false, limit : 0 - rtmpquic.go:249
2026/03/12 14:37:47.667695 [22;36m INFO[0m IframeComing false, resideSizeInGOP 11740, meanGOP 1.91069e+06, meanI 233484, curgop 1898950, curI 311748 - rtmpquic.go:283
2026/03/12 14:37:47.667700 [22;36m INFO[0m UNKEYBEHIND 48,limit:0 - rtmpquic.go:284
2026/03/12 14:37:47.667703 [22;34mDEBUG[0m 48 p frame 93533 - rtmpquic.go:294
2026/03/12 14:37:47.667731 [22;34mDEBUG[0m 
chunk:1130 chunk-dur:32ms, timestamp:37634 - rtmpquic.go:220
2026/03/12 14:37:47.702811 [22;34mDEBUG[0m Return monitor from  scheduler : , bw flag : false, limit : 0 - rtmpquic.go:249
2026/03/12 14:37:47.702834 [22;36m INFO[0m IframeComing true, resideSizeInGOP -6333, meanGOP 1.91069e+06, meanI 233484, curgop 1917023, curI 311748 - rtmpquic.go:283
2026/03/12 14:37:47.702839 [22;36m INFO[0m UNKEYBEHIND 49,limit:0 - rtmpquic.go:284
2026/03/12 14:37:47.702842 [22;34mDEBUG[0m 49 p frame 18073 - rtmpquic.go:294
2026/03/12 14:37:47.702850 [22;34mDEBUG[0m 
chunk:1131 chunk-dur:35ms, timestamp:37667 - rtmpquic.go:220
2026/03/12 14:37:47.735656 [22;34mDEBUG[0m Return monitor from  scheduler : , bw flag : false, limit : 0 - rtmpquic.go:249
2026/03/12 14:37:47.735692 [22;36m INFO[0m IframeComing true, resideSizeInGOP -15291, meanGOP 1.91069e+06, meanI 233484, curgop 1925981, curI 311748 - rtmpquic.go:283
2026/03/12 14:37:47.735699 [22;36m INFO[0m UNKEYBEHIND 50,limit:0 - rtmpquic.go:284
2026/03/12 14:37:47.735703 [22;34mDEBUG[0m 50 p frame 8958 - rtmpquic.go:294
2026/03/12 14:37:47.735734 [22;34mDEBUG[0m 
chunk:1132 chunk-dur:33ms, timestamp:37700 - rtmpquic.go:220
2026/03/12 14:37:47.768511 [22;34mDEBUG[0m Return monitor from  scheduler : , bw flag : false, limit : 0 - rtmpquic.go:249
2026/03/12 14:37:47.768534 [22;36m INFO[0m IframeComing true, resideSizeInGOP -24590, meanGOP 1.91069e+06, meanI 233484, curgop 1935280, curI 311748 - rtmpquic.go:283
2026/03/12 14:37:47.768539 [22;36m INFO[0m UNKEYBEHIND 51,limit:0 - rtmpquic.go:284
2026/03/12 14:37:47.768542 [22;34mDEBUG[0m 51 p frame 9299 - rtmpquic.go:294
2026/03/12 14:37:47.768622 [22;34mDEBUG[0m 
chunk:1133 chunk-dur:33ms, timestamp:37734 - rtmpquic.go:220
2026/03/12 14:37:47.802781 [22;34mDEBUG[0m Return monitor from  scheduler : , bw flag : false, limit : 0 - rtmpquic.go:249
2026/03/12 14:37:47.802813 [22;36m INFO[0m IframeComing true, resideSizeInGOP -99381, meanGOP 1.91069e+06, meanI 233484, curgop 2010071, curI 311748 - rtmpquic.go:283
2026/03/12 14:37:47.802818 [22;36m INFO[0m UNKEYBEHIND 52,limit:0 - rtmpquic.go:284
2026/03/12 14:37:47.802821 [22;34mDEBUG[0m 52 p frame 74791 - rtmpquic.go:294
2026/03/12 14:37:47.802957 [22;34mDEBUG[0m 
chunk:1134 chunk-dur:34ms, timestamp:37767 - rtmpquic.go:220
2026/03/12 14:37:47.835665 [22;34mDEBUG[0m Return monitor from  scheduler : , bw flag : false, limit : 0 - rtmpquic.go:249
2026/03/12 14:37:47.835692 [22;36m INFO[0m IframeComing true, resideSizeInGOP -109574, meanGOP 1.91069e+06, meanI 233484, curgop 2020264, curI 311748 - rtmpquic.go:283
2026/03/12 14:37:47.835696 [22;36m INFO[0m UNKEYBEHIND 53,limit:0 - rtmpquic.go:284
2026/03/12 14:37:47.835710 [22;34mDEBUG[0m 53 p frame 10193 - rtmpquic.go:294
2026/03/12 14:37:47.835724 [22;34mDEBUG[0m 
chunk:1135 chunk-dur:33ms, timestamp:37800 - rtmpquic.go:220
2026/03/12 14:37:47.868308 [22;34mDEBUG[0m Return monitor from  scheduler : , bw flag : false, limit : 0 - rtmpquic.go:249
2026/03/12 14:37:47.868349 [22;36m INFO[0m IframeComing true, resideSizeInGOP -117143, meanGOP 1.91069e+06, meanI 233484, curgop 2027833, curI 311748 - rtmpquic.go:283
2026/03/12 14:37:47.868354 [22;36m INFO[0m UNKEYBEHIND 54,limit:0 - rtmpquic.go:284
2026/03/12 14:37:47.868358 [22;34mDEBUG[0m 54 p frame 7569 - rtmpquic.go:294
2026/03/12 14:37:47.868590 [22;34mDEBUG[0m 
chunk:1136 chunk-dur:33ms, timestamp:37834 - rtmpquic.go:220
2026/03/12 14:37:47.902182 [22;34mDEBUG[0m Return monitor from  scheduler : , bw flag : false, limit : 0 - rtmpquic.go:249
2026/03/12 14:37:47.902212 [22;36m INFO[0m IframeComing true, resideSizeInGOP -198260, meanGOP 1.91069e+06, meanI 233484, curgop 2108950, curI 311748 - rtmpquic.go:283
2026/03/12 14:37:47.902216 [22;36m INFO[0m UNKEYBEHIND 55,limit:0 - rtmpquic.go:284
2026/03/12 14:37:47.902220 [22;34mDEBUG[0m 55 p frame 81117 - rtmpquic.go:294
2026/03/12 14:37:47.902248 [22;34mDEBUG[0m 
chunk:1137 chunk-dur:34ms, timestamp:37867 - rtmpquic.go:220
2026/03/12 14:37:47.934984 [22;34mDEBUG[0m Return monitor from  scheduler : , bw flag : false, limit : 0 - rtmpquic.go:249
2026/03/12 14:37:47.935016 [22;36m INFO[0m IframeComing true, resideSizeInGOP -216910, meanGOP 1.91069e+06, meanI 233484, curgop 2127600, curI 311748 - rtmpquic.go:283
2026/03/12 14:37:47.935020 [22;36m INFO[0m UNKEYBEHIND 56,limit:0 - rtmpquic.go:284
2026/03/12 14:37:47.935024 [22;34mDEBUG[0m 56 p frame 18650 - rtmpquic.go:294
2026/03/12 14:37:47.935056 [22;34mDEBUG[0m 
chunk:1138 chunk-dur:33ms, timestamp:37900 - rtmpquic.go:220
2026/03/12 14:37:47.967461 [22;34mDEBUG[0m Return monitor from  scheduler : , bw flag : false, limit : 0 - rtmpquic.go:249
2026/03/12 14:37:47.967489 [22;36m INFO[0m IframeComing true, resideSizeInGOP -224471, meanGOP 1.91069e+06, meanI 233484, curgop 2135161, curI 311748 - rtmpquic.go:283
2026/03/12 14:37:47.967527 [22;36m INFO[0m UNKEYBEHIND 57,limit:0 - rtmpquic.go:284
2026/03/12 14:37:47.967533 [22;34mDEBUG[0m 57 p frame 7561 - rtmpquic.go:294
2026/03/12 14:37:47.967556 [22;34mDEBUG[0m 
chunk:1139 chunk-dur:32ms, timestamp:37934 - rtmpquic.go:220
2026/03/12 14:37:48.003072 [22;34mDEBUG[0m Return monitor from  scheduler : , bw flag : false, limit : 0 - rtmpquic.go:249
2026/03/12 14:37:48.003110 [22;36m INFO[0m IframeComing true, resideSizeInGOP -231716, meanGOP 1.91069e+06, meanI 233484, curgop 2142406, curI 311748 - rtmpquic.go:283
2026/03/12 14:37:48.003115 [22;36m INFO[0m UNKEYBEHIND 58,limit:0 - rtmpquic.go:284
2026/03/12 14:37:48.003119 [22;34mDEBUG[0m 58 p frame 7245 - rtmpquic.go:294
2026/03/12 14:37:48.003144 [22;34mDEBUG[0m 
chunk:1140 chunk-dur:36ms, timestamp:37967 - rtmpquic.go:220
2026/03/12 14:37:48.036103 [22;34mDEBUG[0m Return monitor from  scheduler : , bw flag : false, limit : 0 - rtmpquic.go:249
2026/03/12 14:37:48.037421 [22;36m INFO[0m IframeComing true, resideSizeInGOP -243024, meanGOP 1.91069e+06, meanI 233484, curgop 2153714, curI 311748 - rtmpquic.go:283
2026/03/12 14:37:48.037484 [22;36m INFO[0m UNKEYBEHIND 59,limit:0 - rtmpquic.go:284
2026/03/12 14:37:48.037505 [22;34mDEBUG[0m 59 p frame 11308 - rtmpquic.go:294
2026/03/12 14:37:48.038084 [22;34mDEBUG[0m 
chunk:1141 chunk-dur:35ms, timestamp:38000 - rtmpquic.go:220
2026/03/12 14:37:48.067923 [22;34mDEBUG[0m Return monitor from  scheduler : , bw flag : false, limit : 0 - rtmpquic.go:249
key tag 273314
2026/03/12 14:37:48.067949 [22;34mDEBUG[0m 20 I frame 273314 - rtmpquic.go:275
2026/03/12 14:37:48.069503 [22;34mDEBUG[0m 
chunk:1142 chunk-dur:31ms, timestamp:38034 - rtmpquic.go:220
2026/03/12 14:37:48.098246 [22;34mDEBUG[0m bitrate:8.522503 Mbps - client_session.go:438
2026/03/12 14:37:48.102505 [22;34mDEBUG[0m Return monitor from  scheduler : , bw flag : false, limit : 0 - rtmpquic.go:249
2026/03/12 14:37:48.102519 [22;36m INFO[0m IframeComing false, resideSizeInGOP 1.585303e+06, meanGOP 1.923481e+06, meanI 237603, curgop 338178, curI 273314 - rtmpquic.go:283
2026/03/12 14:37:48.102524 [22;36m INFO[0m UNKEYBEHIND 1,limit:0 - rtmpquic.go:284
2026/03/12 14:37:48.102527 [22;34mDEBUG[0m 1 p frame 64864 - rtmpquic.go:294
2026/03/12 14:37:48.102549 [22;34mDEBUG[0m 
chunk:1143 chunk-dur:33ms, timestamp:38067 - rtmpquic.go:220
2026/03/12 14:37:48.135073 [22;34mDEBUG[0m Return monitor from  scheduler : , bw flag : false, limit : 0 - rtmpquic.go:249
2026/03/12 14:37:48.135106 [22;36m INFO[0m IframeComing false, resideSizeInGOP 1.569597e+06, meanGOP 1.923481e+06, meanI 237603, curgop 353884, curI 273314 - rtmpquic.go:283
2026/03/12 14:37:48.135112 [22;36m INFO[0m UNKEYBEHIND 2,limit:0 - rtmpquic.go:284
2026/03/12 14:37:48.135116 [22;34mDEBUG[0m 2 p frame 15706 - rtmpquic.go:294
2026/03/12 14:37:48.135132 [22;34mDEBUG[0m 
chunk:1144 chunk-dur:33ms, timestamp:38100 - rtmpquic.go:220
2026/03/12 14:37:48.167985 [22;34mDEBUG[0m Return monitor from  scheduler : , bw flag : false, limit : 0 - rtmpquic.go:249
2026/03/12 14:37:48.168013 [22;36m INFO[0m IframeComing false, resideSizeInGOP 1.563326e+06, meanGOP 1.923481e+06, meanI 237603, curgop 360155, curI 273314 - rtmpquic.go:283
2026/03/12 14:37:48.168017 [22;36m INFO[0m UNKEYBEHIND 3,limit:0 - rtmpquic.go:284
2026/03/12 14:37:48.168021 [22;34mDEBUG[0m 3 p frame 6271 - rtmpquic.go:294
2026/03/12 14:37:48.168062 [22;34mDEBUG[0m 
chunk:1145 chunk-dur:33ms, timestamp:38134 - rtmpquic.go:220
2026/03/12 14:37:48.202483 [22;34mDEBUG[0m Return monitor from  scheduler : , bw flag : false, limit : 0 - rtmpquic.go:249
2026/03/12 14:37:48.202540 [22;36m INFO[0m IframeComing false, resideSizeInGOP 1.556446e+06, meanGOP 1.923481e+06, meanI 237603, curgop 367035, curI 273314 - rtmpquic.go:283
2026/03/12 14:37:48.202548 [22;36m INFO[0m UNKEYBEHIND 4,limit:0 - rtmpquic.go:284
2026/03/12 14:37:48.202552 [22;34mDEBUG[0m 4 p frame 6880 - rtmpquic.go:294
2026/03/12 14:37:48.202651 [22;34mDEBUG[0m 
chunk:1146 chunk-dur:34ms, timestamp:38167 - rtmpquic.go:220
2026/03/12 14:37:48.236428 [22;34mDEBUG[0m Return monitor from  scheduler : , bw flag : false, limit : 0 - rtmpquic.go:249
2026/03/12 14:37:48.236468 [22;36m INFO[0m IframeComing false, resideSizeInGOP 1.482255e+06, meanGOP 1.923481e+06, meanI 237603, curgop 441226, curI 273314 - rtmpquic.go:283
2026/03/12 14:37:48.236473 [22;36m INFO[0m UNKEYBEHIND 5,limit:0 - rtmpquic.go:284
2026/03/12 14:37:48.236477 [22;34mDEBUG[0m 5 p frame 74191 - rtmpquic.go:294
2026/03/12 14:37:48.236521 [22;34mDEBUG[0m 
chunk:1147 chunk-dur:34ms, timestamp:38200 - rtmpquic.go:220
2026/03/12 14:37:48.268024 [22;34mDEBUG[0m Return monitor from  scheduler : , bw flag : false, limit : 0 - rtmpquic.go:249
2026/03/12 14:37:48.268051 [22;36m INFO[0m IframeComing false, resideSizeInGOP 1.465791e+06, meanGOP 1.923481e+06, meanI 237603, curgop 457690, curI 273314 - rtmpquic.go:283
2026/03/12 14:37:48.268056 [22;36m INFO[0m UNKEYBEHIND 6,limit:0 - rtmpquic.go:284
2026/03/12 14:37:48.268060 [22;34mDEBUG[0m 6 p frame 16464 - rtmpquic.go:294
2026/03/12 14:37:48.268081 [22;34mDEBUG[0m 
chunk:1148 chunk-dur:32ms, timestamp:38234 - rtmpquic.go:220
2026/03/12 14:37:48.303839 [22;34mDEBUG[0m Return monitor from  scheduler : , bw flag : false, limit : 0 - rtmpquic.go:249
2026/03/12 14:37:48.303927 [22;36m INFO[0m IframeComing false, resideSizeInGOP 1.458337e+06, meanGOP 1.923481e+06, meanI 237603, curgop 465144, curI 273314 - rtmpquic.go:283
2026/03/12 14:37:48.303938 [22;36m INFO[0m UNKEYBEHIND 7,limit:0 - rtmpquic.go:284
2026/03/12 14:37:48.303943 [22;34mDEBUG[0m 7 p frame 7454 - rtmpquic.go:294
2026/03/12 14:37:48.303984 [22;34mDEBUG[0m 
chunk:1149 chunk-dur:35ms, timestamp:38267 - rtmpquic.go:220
2026/03/12 14:37:48.335486 [22;34mDEBUG[0m Return monitor from  scheduler : , bw flag : false, limit : 0 - rtmpquic.go:249
2026/03/12 14:37:48.335818 [22;36m INFO[0m IframeComing false, resideSizeInGOP 1.451454e+06, meanGOP 1.923481e+06, meanI 237603, curgop 472027, curI 273314 - rtmpquic.go:283
2026/03/12 14:37:48.335826 [22;36m INFO[0m UNKEYBEHIND 8,limit:0 - rtmpquic.go:284
2026/03/12 14:37:48.335830 [22;34mDEBUG[0m 8 p frame 6883 - rtmpquic.go:294
2026/03/12 14:37:48.337547 [22;34mDEBUG[0m 
chunk:1150 chunk-dur:34ms, timestamp:38300 - rtmpquic.go:220
2026/03/12 14:37:48.369346 [22;34mDEBUG[0m Return monitor from  scheduler : , bw flag : false, limit : 0 - rtmpquic.go:249
2026/03/12 14:37:48.369427 [22;36m INFO[0m IframeComing false, resideSizeInGOP 1.366852e+06, meanGOP 1.923481e+06, meanI 237603, curgop 556629, curI 273314 - rtmpquic.go:283
2026/03/12 14:37:48.369433 [22;36m INFO[0m UNKEYBEHIND 9,limit:0 - rtmpquic.go:284
2026/03/12 14:37:48.369438 [22;34mDEBUG[0m 9 p frame 84602 - rtmpquic.go:294
2026/03/12 14:37:48.369464 [22;34mDEBUG[0m 
chunk:1151 chunk-dur:32ms, timestamp:38334 - rtmpquic.go:220
2026/03/12 14:37:48.401655 [22;34mDEBUG[0m Return monitor from  scheduler : , bw flag : false, limit : 0 - rtmpquic.go:249
2026/03/12 14:37:48.401682 [22;36m INFO[0m IframeComing false, resideSizeInGOP 1.350615e+06, meanGOP 1.923481e+06, meanI 237603, curgop 572866, curI 273314 - rtmpquic.go:283
2026/03/12 14:37:48.401687 [22;36m INFO[0m UNKEYBEHIND 10,limit:0 - rtmpquic.go:284
2026/03/12 14:37:48.401690 [22;34mDEBUG[0m 10 p frame 16237 - rtmpquic.go:294
2026/03/12 14:37:48.401706 [22;34mDEBUG[0m 
chunk:1152 chunk-dur:32ms, timestamp:38367 - rtmpquic.go:220
2026/03/12 14:37:48.435039 [22;34mDEBUG[0m Return monitor from  scheduler : , bw flag : false, limit : 0 - rtmpquic.go:249
2026/03/12 14:37:48.435063 [22;36m INFO[0m IframeComing false, resideSizeInGOP 1.343172e+06, meanGOP 1.923481e+06, meanI 237603, curgop 580309, curI 273314 - rtmpquic.go:283
2026/03/12 14:37:48.435068 [22;36m INFO[0m UNKEYBEHIND 11,limit:0 - rtmpquic.go:284
2026/03/12 14:37:48.435071 [22;34mDEBUG[0m 11 p frame 7443 - rtmpquic.go:294
2026/03/12 14:37:48.435086 [22;34mDEBUG[0m 
chunk:1153 chunk-dur:34ms, timestamp:38400 - rtmpquic.go:220
2026/03/12 14:37:48.467577 [22;34mDEBUG[0m Return monitor from  scheduler : , bw flag : false, limit : 0 - rtmpquic.go:249
2026/03/12 14:37:48.467640 [22;36m INFO[0m IframeComing false, resideSizeInGOP 1.335701e+06, meanGOP 1.923481e+06, meanI 237603, curgop 587780, curI 273314 - rtmpquic.go:283
2026/03/12 14:37:48.467647 [22;36m INFO[0m UNKEYBEHIND 12,limit:0 - rtmpquic.go:284
2026/03/12 14:37:48.467650 [22;34mDEBUG[0m 12 p frame 7471 - rtmpquic.go:294
2026/03/12 14:37:48.467731 [22;34mDEBUG[0m 
chunk:1154 chunk-dur:32ms, timestamp:38434 - rtmpquic.go:220
2026/03/12 14:37:48.502674 [22;34mDEBUG[0m Return monitor from  scheduler : , bw flag : false, limit : 0 - rtmpquic.go:249
2026/03/12 14:37:48.502705 [22;36m INFO[0m IframeComing false, resideSizeInGOP 1.261064e+06, meanGOP 1.923481e+06, meanI 237603, curgop 662417, curI 273314 - rtmpquic.go:283
2026/03/12 14:37:48.502710 [22;36m INFO[0m UNKEYBEHIND 13,limit:0 - rtmpquic.go:284
2026/03/12 14:37:48.502714 [22;34mDEBUG[0m 13 p frame 74637 - rtmpquic.go:294
2026/03/12 14:37:48.502737 [22;34mDEBUG[0m 
chunk:1155 chunk-dur:35ms, timestamp:38467 - rtmpquic.go:220
2026/03/12 14:37:48.535621 [22;34mDEBUG[0m Return monitor from  scheduler : , bw flag : false, limit : 0 - rtmpquic.go:249
2026/03/12 14:37:48.535651 [22;36m INFO[0m IframeComing false, resideSizeInGOP 1.242445e+06, meanGOP 1.923481e+06, meanI 237603, curgop 681036, curI 273314 - rtmpquic.go:283
2026/03/12 14:37:48.535655 [22;36m INFO[0m UNKEYBEHIND 14,limit:0 - rtmpquic.go:284
2026/03/12 14:37:48.535659 [22;34mDEBUG[0m 14 p frame 18619 - rtmpquic.go:294
2026/03/12 14:37:48.535700 [22;34mDEBUG[0m 
chunk:1156 chunk-dur:33ms, timestamp:38500 - rtmpquic.go:220
2026/03/12 14:37:48.567937 [22;34mDEBUG[0m Return monitor from  scheduler : , bw flag : false, limit : 0 - rtmpquic.go:249
2026/03/12 14:37:48.567987 [22;36m INFO[0m IframeComing false, resideSizeInGOP 1.234358e+06, meanGOP 1.923481e+06, meanI 237603, curgop 689123, curI 273314 - rtmpquic.go:283
2026/03/12 14:37:48.567996 [22;36m INFO[0m UNKEYBEHIND 15,limit:0 - rtmpquic.go:284
2026/03/12 14:37:48.568000 [22;34mDEBUG[0m 15 p frame 8087 - rtmpquic.go:294
2026/03/12 14:37:48.568023 [22;34mDEBUG[0m 
chunk:1157 chunk-dur:33ms, timestamp:38534 - rtmpquic.go:220
2026/03/12 14:37:48.601910 [22;34mDEBUG[0m Return monitor from  scheduler : , bw flag : false, limit : 0 - rtmpquic.go:249
2026/03/12 14:37:48.601942 [22;36m INFO[0m IframeComing false, resideSizeInGOP 1.225999e+06, meanGOP 1.923481e+06, meanI 237603, curgop 697482, curI 273314 - rtmpquic.go:283
2026/03/12 14:37:48.601947 [22;36m INFO[0m UNKEYBEHIND 16,limit:0 - rtmpquic.go:284
2026/03/12 14:37:48.601950 [22;34mDEBUG[0m 16 p frame 8359 - rtmpquic.go:294
2026/03/12 14:37:48.602045 [22;34mDEBUG[0m 
chunk:1158 chunk-dur:34ms, timestamp:38567 - rtmpquic.go:220
2026/03/12 14:37:48.634369 [22;34mDEBUG[0m Return monitor from  scheduler : , bw flag : false, limit : 0 - rtmpquic.go:249
2026/03/12 14:37:48.634434 [22;36m INFO[0m IframeComing false, resideSizeInGOP 1.174033e+06, meanGOP 1.923481e+06, meanI 237603, curgop 749448, curI 273314 - rtmpquic.go:283
2026/03/12 14:37:48.634442 [22;36m INFO[0m UNKEYBEHIND 17,limit:0 - rtmpquic.go:284
2026/03/12 14:37:48.634450 [22;34mDEBUG[0m 17 p frame 51966 - rtmpquic.go:294
2026/03/12 14:37:48.634489 [22;34mDEBUG[0m 
chunk:1159 chunk-dur:32ms, timestamp:38600 - rtmpquic.go:220
2026/03/12 14:37:48.667617 [22;34mDEBUG[0m Return monitor from  scheduler : , bw flag : false, limit : 0 - rtmpquic.go:249
2026/03/12 14:37:48.667694 [22;36m INFO[0m IframeComing false, resideSizeInGOP 1.155629e+06, meanGOP 1.923481e+06, meanI 237603, curgop 767852, curI 273314 - rtmpquic.go:283
2026/03/12 14:37:48.667700 [22;36m INFO[0m UNKEYBEHIND 18,limit:0 - rtmpquic.go:284
2026/03/12 14:37:48.667703 [22;34mDEBUG[0m 18 p frame 18404 - rtmpquic.go:294
2026/03/12 14:37:48.667720 [22;34mDEBUG[0m 
chunk:1160 chunk-dur:33ms, timestamp:38634 - rtmpquic.go:220
2026/03/12 14:37:48.701907 [22;34mDEBUG[0m Return monitor from  scheduler : , bw flag : false, limit : 0 - rtmpquic.go:249
2026/03/12 14:37:48.701955 [22;36m INFO[0m IframeComing false, resideSizeInGOP 1.148403e+06, meanGOP 1.923481e+06, meanI 237603, curgop 775078, curI 273314 - rtmpquic.go:283
2026/03/12 14:37:48.701964 [22;36m INFO[0m UNKEYBEHIND 19,limit:0 - rtmpquic.go:284
2026/03/12 14:37:48.701968 [22;34mDEBUG[0m 19 p frame 7226 - rtmpquic.go:294
2026/03/12 14:37:48.701998 [22;34mDEBUG[0m 
chunk:1161 chunk-dur:34ms, timestamp:38667 - rtmpquic.go:220
2026/03/12 14:37:48.736387 [22;34mDEBUG[0m Return monitor from  scheduler : , bw flag : false, limit : 0 - rtmpquic.go:249
2026/03/12 14:37:48.736424 [22;36m INFO[0m IframeComing false, resideSizeInGOP 1.140307e+06, meanGOP 1.923481e+06, meanI 237603, curgop 783174, curI 273314 - rtmpquic.go:283
2026/03/12 14:37:48.736430 [22;36m INFO[0m UNKEYBEHIND 20,limit:0 - rtmpquic.go:284
2026/03/12 14:37:48.736434 [22;34mDEBUG[0m 20 p frame 8096 - rtmpquic.go:294
2026/03/12 14:37:48.736591 [22;34mDEBUG[0m 
chunk:1162 chunk-dur:35ms, timestamp:38700 - rtmpquic.go:220
2026/03/12 14:37:48.767845 [22;34mDEBUG[0m Return monitor from  scheduler : , bw flag : false, limit : 0 - rtmpquic.go:249
2026/03/12 14:37:48.767984 [22;36m INFO[0m IframeComing false, resideSizeInGOP 1.056182e+06, meanGOP 1.923481e+06, meanI 237603, curgop 867299, curI 273314 - rtmpquic.go:283
2026/03/12 14:37:48.767994 [22;36m INFO[0m UNKEYBEHIND 21,limit:0 - rtmpquic.go:284
2026/03/12 14:37:48.767998 [22;34mDEBUG[0m 21 p frame 84125 - rtmpquic.go:294
2026/03/12 14:37:48.768053 [22;34mDEBUG[0m 
chunk:1163 chunk-dur:32ms, timestamp:38734 - rtmpquic.go:220
2026/03/12 14:37:48.802198 [22;34mDEBUG[0m Return monitor from  scheduler : , bw flag : false, limit : 0 - rtmpquic.go:249
2026/03/12 14:37:48.802281 [22;36m INFO[0m IframeComing false, resideSizeInGOP 1.023178e+06, meanGOP 1.923481e+06, meanI 237603, curgop 900303, curI 273314 - rtmpquic.go:283
2026/03/12 14:37:48.802288 [22;36m INFO[0m UNKEYBEHIND 22,limit:0 - rtmpquic.go:284
2026/03/12 14:37:48.802292 [22;34mDEBUG[0m 22 p frame 33004 - rtmpquic.go:294
2026/03/12 14:37:48.802350 [22;34mDEBUG[0m 
chunk:1164 chunk-dur:34ms, timestamp:38767 - rtmpquic.go:220
2026/03/12 14:37:48.835442 [22;34mDEBUG[0m Return monitor from  scheduler : , bw flag : false, limit : 0 - rtmpquic.go:249
2026/03/12 14:37:48.835465 [22;36m INFO[0m IframeComing false, resideSizeInGOP 1.014828e+06, meanGOP 1.923481e+06, meanI 237603, curgop 908653, curI 273314 - rtmpquic.go:283
2026/03/12 14:37:48.835476 [22;36m INFO[0m UNKEYBEHIND 23,limit:0 - rtmpquic.go:284
2026/03/12 14:37:48.835482 [22;34mDEBUG[0m 23 p frame 8350 - rtmpquic.go:294
2026/03/12 14:37:48.835507 [22;34mDEBUG[0m 
chunk:1165 chunk-dur:33ms, timestamp:38800 - rtmpquic.go:220
2026/03/12 14:37:48.867605 [22;34mDEBUG[0m Return monitor from  scheduler : , bw flag : false, limit : 0 - rtmpquic.go:249
2026/03/12 14:37:48.867682 [22;36m INFO[0m IframeComing false, resideSizeInGOP 1.00217e+06, meanGOP 1.923481e+06, meanI 237603, curgop 921311, curI 273314 - rtmpquic.go:283
2026/03/12 14:37:48.867694 [22;36m INFO[0m UNKEYBEHIND 24,limit:0 - rtmpquic.go:284
2026/03/12 14:37:48.867698 [22;34mDEBUG[0m 24 p frame 12658 - rtmpquic.go:294
2026/03/12 14:37:48.867801 [22;34mDEBUG[0m 
chunk:1166 chunk-dur:32ms, timestamp:38834 - rtmpquic.go:220
2026/03/12 14:37:48.902541 [22;34mDEBUG[0m Return monitor from  scheduler : , bw flag : false, limit : 0 - rtmpquic.go:249
2026/03/12 14:37:48.902597 [22;36m INFO[0m IframeComing false, resideSizeInGOP 920128, meanGOP 1.923481e+06, meanI 237603, curgop 1003353, curI 273314 - rtmpquic.go:283
2026/03/12 14:37:48.902602 [22;36m INFO[0m UNKEYBEHIND 25,limit:0 - rtmpquic.go:284
2026/03/12 14:37:48.902605 [22;34mDEBUG[0m 25 p frame 82042 - rtmpquic.go:294
2026/03/12 14:37:48.902663 [22;34mDEBUG[0m 
chunk:1167 chunk-dur:35ms, timestamp:38867 - rtmpquic.go:220
2026/03/12 14:37:48.935444 [22;34mDEBUG[0m Return monitor from  scheduler : , bw flag : false, limit : 0 - rtmpquic.go:249
2026/03/12 14:37:48.935473 [22;36m INFO[0m IframeComing false, resideSizeInGOP 903924, meanGOP 1.923481e+06, meanI 237603, curgop 1019557, curI 273314 - rtmpquic.go:283
2026/03/12 14:37:48.935477 [22;36m INFO[0m UNKEYBEHIND 26,limit:0 - rtmpquic.go:284
2026/03/12 14:37:48.935481 [22;34mDEBUG[0m 26 p frame 16204 - rtmpquic.go:294
2026/03/12 14:37:48.935507 [22;34mDEBUG[0m 
chunk:1168 chunk-dur:33ms, timestamp:38900 - rtmpquic.go:220
2026/03/12 14:37:48.968456 [22;34mDEBUG[0m Return monitor from  scheduler : , bw flag : false, limit : 0 - rtmpquic.go:249
2026/03/12 14:37:48.968492 [22;36m INFO[0m IframeComing false, resideSizeInGOP 886370, meanGOP 1.923481e+06, meanI 237603, curgop 1037111, curI 273314 - rtmpquic.go:283
2026/03/12 14:37:48.968498 [22;36m INFO[0m UNKEYBEHIND 27,limit:0 - rtmpquic.go:284
2026/03/12 14:37:48.968502 [22;34mDEBUG[0m 27 p frame 17554 - rtmpquic.go:294
2026/03/12 14:37:48.968580 [22;34mDEBUG[0m 
chunk:1169 chunk-dur:33ms, timestamp:38934 - rtmpquic.go:220
2026/03/12 14:37:49.002919 [22;34mDEBUG[0m Return monitor from  scheduler : , bw flag : false, limit : 0 - rtmpquic.go:249
2026/03/12 14:37:49.002962 [22;36m INFO[0m IframeComing false, resideSizeInGOP 821709, meanGOP 1.923481e+06, meanI 237603, curgop 1101772, curI 273314 - rtmpquic.go:283
2026/03/12 14:37:49.002970 [22;36m INFO[0m UNKEYBEHIND 28,limit:0 - rtmpquic.go:284
2026/03/12 14:37:49.002974 [22;34mDEBUG[0m 28 p frame 64661 - rtmpquic.go:294
2026/03/12 14:37:49.002993 [22;34mDEBUG[0m 
chunk:1170 chunk-dur:34ms, timestamp:38967 - rtmpquic.go:220
2026/03/12 14:37:49.037184 [22;34mDEBUG[0m Return monitor from  scheduler : , bw flag : false, limit : 0 - rtmpquic.go:249
2026/03/12 14:37:49.037238 [22;36m INFO[0m IframeComing false, resideSizeInGOP 807861, meanGOP 1.923481e+06, meanI 237603, curgop 1115620, curI 273314 - rtmpquic.go:283
2026/03/12 14:37:49.037246 [22;36m INFO[0m UNKEYBEHIND 29,limit:0 - rtmpquic.go:284
2026/03/12 14:37:49.037250 [22;34mDEBUG[0m 29 p frame 13848 - rtmpquic.go:294
2026/03/12 14:37:49.037344 [22;34mDEBUG[0m 
chunk:1171 chunk-dur:35ms, timestamp:39000 - rtmpquic.go:220
2026/03/12 14:37:49.067391 [22;34mDEBUG[0m Return monitor from  scheduler : , bw flag : false, limit : 0 - rtmpquic.go:249
2026/03/12 14:37:49.067425 [22;36m INFO[0m IframeComing false, resideSizeInGOP 790414, meanGOP 1.923481e+06, meanI 237603, curgop 1133067, curI 273314 - rtmpquic.go:283
2026/03/12 14:37:49.067430 [22;36m INFO[0m UNKEYBEHIND 30,limit:0 - rtmpquic.go:284
2026/03/12 14:37:49.067434 [22;34mDEBUG[0m 30 p frame 17447 - rtmpquic.go:294
2026/03/12 14:37:49.067515 [22;34mDEBUG[0m 
chunk:1172 chunk-dur:30ms, timestamp:39034 - rtmpquic.go:220
2026/03/12 14:37:49.098940 [22;34mDEBUG[0m bitrate:6.554799 Mbps - client_session.go:438
2026/03/12 14:37:49.102109 [22;34mDEBUG[0m Return monitor from  scheduler : , bw flag : false, limit : 0 - rtmpquic.go:249
2026/03/12 14:37:49.102124 [22;36m INFO[0m IframeComing false, resideSizeInGOP 733712, meanGOP 1.923481e+06, meanI 237603, curgop 1189769, curI 273314 - rtmpquic.go:283
2026/03/12 14:37:49.102128 [22;36m INFO[0m UNKEYBEHIND 31,limit:0 - rtmpquic.go:284
2026/03/12 14:37:49.102132 [22;34mDEBUG[0m 31 p frame 56702 - rtmpquic.go:294
2026/03/12 14:37:49.102297 [22;34mDEBUG[0m 
chunk:1173 chunk-dur:35ms, timestamp:39067 - rtmpquic.go:220
2026/03/12 14:37:49.134377 [22;34mDEBUG[0m Return monitor from  scheduler : , bw flag : false, limit : 0 - rtmpquic.go:249
2026/03/12 14:37:49.134420 [22;36m INFO[0m IframeComing false, resideSizeInGOP 681898, meanGOP 1.923481e+06, meanI 237603, curgop 1241583, curI 273314 - rtmpquic.go:283
2026/03/12 14:37:49.134426 [22;36m INFO[0m UNKEYBEHIND 32,limit:0 - rtmpquic.go:284
2026/03/12 14:37:49.134430 [22;34mDEBUG[0m 32 p frame 51814 - rtmpquic.go:294
2026/03/12 14:37:49.134524 [22;34mDEBUG[0m 
chunk:1174 chunk-dur:32ms, timestamp:39100 - rtmpquic.go:220
2026/03/12 14:37:49.168423 [22;34mDEBUG[0m Return monitor from  scheduler : , bw flag : false, limit : 0 - rtmpquic.go:249
2026/03/12 14:37:49.168446 [22;36m INFO[0m IframeComing false, resideSizeInGOP 618107, meanGOP 1.923481e+06, meanI 237603, curgop 1305374, curI 273314 - rtmpquic.go:283
2026/03/12 14:37:49.168450 [22;36m INFO[0m UNKEYBEHIND 33,limit:0 - rtmpquic.go:284
2026/03/12 14:37:49.168454 [22;34mDEBUG[0m 33 p frame 63791 - rtmpquic.go:294
2026/03/12 14:37:49.168553 [22;34mDEBUG[0m 
chunk:1175 chunk-dur:34ms, timestamp:39134 - rtmpquic.go:220
2026/03/12 14:37:49.202316 [22;34mDEBUG[0m Return monitor from  scheduler : , bw flag : false, limit : 0 - rtmpquic.go:249
2026/03/12 14:37:49.202347 [22;36m INFO[0m IframeComing false, resideSizeInGOP 526415, meanGOP 1.923481e+06, meanI 237603, curgop 1397066, curI 273314 - rtmpquic.go:283
2026/03/12 14:37:49.202352 [22;36m INFO[0m UNKEYBEHIND 34,limit:0 - rtmpquic.go:284
2026/03/12 14:37:49.202355 [22;34mDEBUG[0m 34 p frame 91692 - rtmpquic.go:294
2026/03/12 14:37:49.202415 [22;34mDEBUG[0m 
chunk:1176 chunk-dur:34ms, timestamp:39167 - rtmpquic.go:220
2026/03/12 14:37:49.234701 [22;34mDEBUG[0m Return monitor from  scheduler : , bw flag : false, limit : 0 - rtmpquic.go:249
2026/03/12 14:37:49.234732 [22;36m INFO[0m IframeComing false, resideSizeInGOP 501398, meanGOP 1.923481e+06, meanI 237603, curgop 1422083, curI 273314 - rtmpquic.go:283
2026/03/12 14:37:49.234737 [22;36m INFO[0m UNKEYBEHIND 35,limit:0 - rtmpquic.go:284
2026/03/12 14:37:49.234741 [22;34mDEBUG[0m 35 p frame 25017 - rtmpquic.go:294
2026/03/12 14:37:49.234772 [22;34mDEBUG[0m 
chunk:1177 chunk-dur:32ms, timestamp:39200 - rtmpquic.go:220
2026/03/12 14:37:49.268707 [22;34mDEBUG[0m Return monitor from  scheduler : , bw flag : false, limit : 0 - rtmpquic.go:249
2026/03/12 14:37:49.268740 [22;36m INFO[0m IframeComing false, resideSizeInGOP 493326, meanGOP 1.923481e+06, meanI 237603, curgop 1430155, curI 273314 - rtmpquic.go:283
2026/03/12 14:37:49.268751 [22;36m INFO[0m UNKEYBEHIND 36,limit:0 - rtmpquic.go:284
2026/03/12 14:37:49.268757 [22;34mDEBUG[0m 36 p frame 8072 - rtmpquic.go:294
2026/03/12 14:37:49.268765 [22;34mDEBUG[0m 
chunk:1178 chunk-dur:34ms, timestamp:39234 - rtmpquic.go:220
2026/03/12 14:37:49.302660 [22;34mDEBUG[0m Return monitor from  scheduler : , bw flag : false, limit : 0 - rtmpquic.go:249
2026/03/12 14:37:49.302695 [22;36m INFO[0m IframeComing false, resideSizeInGOP 484720, meanGOP 1.923481e+06, meanI 237603, curgop 1438761, curI 273314 - rtmpquic.go:283
2026/03/12 14:37:49.302700 [22;36m INFO[0m UNKEYBEHIND 37,limit:0 - rtmpquic.go:284
2026/03/12 14:37:49.302703 [22;34mDEBUG[0m 37 p frame 8606 - rtmpquic.go:294
2026/03/12 14:37:49.302826 [22;34mDEBUG[0m 
chunk:1179 chunk-dur:34ms, timestamp:39267 - rtmpquic.go:220
2026/03/12 14:37:49.334978 [22;34mDEBUG[0m Return monitor from  scheduler : , bw flag : false, limit : 0 - rtmpquic.go:249
2026/03/12 14:37:49.335030 [22;36m INFO[0m IframeComing false, resideSizeInGOP 420094, meanGOP 1.923481e+06, meanI 237603, curgop 1503387, curI 273314 - rtmpquic.go:283
2026/03/12 14:37:49.335035 [22;36m INFO[0m UNKEYBEHIND 38,limit:0 - rtmpquic.go:284
2026/03/12 14:37:49.335038 [22;34mDEBUG[0m 38 p frame 64626 - rtmpquic.go:294
2026/03/12 14:37:49.335074 [22;34mDEBUG[0m 
chunk:1180 chunk-dur:33ms, timestamp:39300 - rtmpquic.go:220
2026/03/12 14:37:49.367392 [22;34mDEBUG[0m Return monitor from  scheduler : , bw flag : false, limit : 0 - rtmpquic.go:249
2026/03/12 14:37:49.367420 [22;36m INFO[0m IframeComing false, resideSizeInGOP 413563, meanGOP 1.923481e+06, meanI 237603, curgop 1509918, curI 273314 - rtmpquic.go:283
2026/03/12 14:37:49.367425 [22;36m INFO[0m UNKEYBEHIND 39,limit:0 - rtmpquic.go:284
2026/03/12 14:37:49.367428 [22;34mDEBUG[0m 39 p frame 6531 - rtmpquic.go:294
2026/03/12 14:37:49.367666 [22;34mDEBUG[0m 
chunk:1181 chunk-dur:32ms, timestamp:39334 - rtmpquic.go:220
2026/03/12 14:37:49.402993 [22;34mDEBUG[0m Return monitor from  scheduler : , bw flag : false, limit : 0 - rtmpquic.go:249
2026/03/12 14:37:49.403022 [22;36m INFO[0m IframeComing false, resideSizeInGOP 348608, meanGOP 1.923481e+06, meanI 237603, curgop 1574873, curI 273314 - rtmpquic.go:283
2026/03/12 14:37:49.403027 [22;36m INFO[0m UNKEYBEHIND 40,limit:0 - rtmpquic.go:284
2026/03/12 14:37:49.403031 [22;34mDEBUG[0m 40 p frame 64955 - rtmpquic.go:294
2026/03/12 14:37:49.403080 [22;34mDEBUG[0m 
chunk:1182 chunk-dur:36ms, timestamp:39367 - rtmpquic.go:220
2026/03/12 14:37:49.435042 [22;34mDEBUG[0m Return monitor from  scheduler : , bw flag : false, limit : 0 - rtmpquic.go:249
2026/03/12 14:37:49.435077 [22;36m INFO[0m IframeComing false, resideSizeInGOP 330039, meanGOP 1.923481e+06, meanI 237603, curgop 1593442, curI 273314 - rtmpquic.go:283
2026/03/12 14:37:49.435084 [22;36m INFO[0m UNKEYBEHIND 41,limit:0 - rtmpquic.go:284
2026/03/12 14:37:49.435088 [22;34mDEBUG[0m 41 p frame 18569 - rtmpquic.go:294
2026/03/12 14:37:49.435114 [22;34mDEBUG[0m 
chunk:1183 chunk-dur:32ms, timestamp:39400 - rtmpquic.go:220
2026/03/12 14:37:49.468055 [22;34mDEBUG[0m Return monitor from  scheduler : , bw flag : false, limit : 0 - rtmpquic.go:249
2026/03/12 14:37:49.468087 [22;36m INFO[0m IframeComing false, resideSizeInGOP 321567, meanGOP 1.923481e+06, meanI 237603, curgop 1601914, curI 273314 - rtmpquic.go:283
2026/03/12 14:37:49.468092 [22;36m INFO[0m UNKEYBEHIND 42,limit:0 - rtmpquic.go:284
2026/03/12 14:37:49.468096 [22;34mDEBUG[0m 42 p frame 8472 - rtmpquic.go:294
2026/03/12 14:37:49.468110 [22;34mDEBUG[0m 
chunk:1184 chunk-dur:33ms, timestamp:39434 - rtmpquic.go:220
2026/03/12 14:37:49.502759 [22;34mDEBUG[0m Return monitor from  scheduler : , bw flag : false, limit : 0 - rtmpquic.go:249
2026/03/12 14:37:49.502796 [22;36m INFO[0m IframeComing false, resideSizeInGOP 314602, meanGOP 1.923481e+06, meanI 237603, curgop 1608879, curI 273314 - rtmpquic.go:283
2026/03/12 14:37:49.502801 [22;36m INFO[0m UNKEYBEHIND 43,limit:0 - rtmpquic.go:284
2026/03/12 14:37:49.502805 [22;34mDEBUG[0m 43 p frame 6965 - rtmpquic.go:294
2026/03/12 14:37:49.502991 [22;34mDEBUG[0m 
chunk:1185 chunk-dur:34ms, timestamp:39467 - rtmpquic.go:220
2026/03/12 14:37:49.535515 [22;34mDEBUG[0m Return monitor from  scheduler : , bw flag : false, limit : 0 - rtmpquic.go:249
2026/03/12 14:37:49.535550 [22;36m INFO[0m IframeComing false, resideSizeInGOP 249516, meanGOP 1.923481e+06, meanI 237603, curgop 1673965, curI 273314 - rtmpquic.go:283
2026/03/12 14:37:49.535554 [22;36m INFO[0m UNKEYBEHIND 44,limit:0 - rtmpquic.go:284
2026/03/12 14:37:49.535558 [22;34mDEBUG[0m 44 p frame 65086 - rtmpquic.go:294
2026/03/12 14:37:49.535576 [22;34mDEBUG[0m 
chunk:1186 chunk-dur:33ms, timestamp:39500 - rtmpquic.go:220
2026/03/12 14:37:49.567822 [22;34mDEBUG[0m Return monitor from  scheduler : , bw flag : false, limit : 0 - rtmpquic.go:249
2026/03/12 14:37:49.567983 [22;36m INFO[0m IframeComing false, resideSizeInGOP 229719, meanGOP 1.923481e+06, meanI 237603, curgop 1693762, curI 273314 - rtmpquic.go:283
2026/03/12 14:37:49.567991 [22;36m INFO[0m UNKEYBEHIND 45,limit:0 - rtmpquic.go:284
2026/03/12 14:37:49.567995 [22;34mDEBUG[0m 45 p frame 19797 - rtmpquic.go:294
2026/03/12 14:37:49.568015 [22;34mDEBUG[0m 
chunk:1187 chunk-dur:33ms, timestamp:39534 - rtmpquic.go:220
2026/03/12 14:37:49.601104 [22;34mDEBUG[0m Return monitor from  scheduler : , bw flag : false, limit : 0 - rtmpquic.go:249
2026/03/12 14:37:49.601143 [22;36m INFO[0m IframeComing false, resideSizeInGOP 222157, meanGOP 1.923481e+06, meanI 237603, curgop 1701324, curI 273314 - rtmpquic.go:283
2026/03/12 14:37:49.601148 [22;36m INFO[0m UNKEYBEHIND 46,limit:0 - rtmpquic.go:284
2026/03/12 14:37:49.601153 [22;34mDEBUG[0m 46 p frame 7562 - rtmpquic.go:294
2026/03/12 14:37:49.601177 [22;34mDEBUG[0m 
chunk:1188 chunk-dur:33ms, timestamp:39567 - rtmpquic.go:220
2026/03/12 14:37:49.635072 [22;34mDEBUG[0m Return monitor from  scheduler : , bw flag : false, limit : 0 - rtmpquic.go:249
2026/03/12 14:37:49.635118 [22;36m INFO[0m IframeComing false, resideSizeInGOP 215158, meanGOP 1.923481e+06, meanI 237603, curgop 1708323, curI 273314 - rtmpquic.go:283
2026/03/12 14:37:49.635124 [22;36m INFO[0m UNKEYBEHIND 47,limit:0 - rtmpquic.go:284
2026/03/12 14:37:49.635127 [22;34mDEBUG[0m 47 p frame 6999 - rtmpquic.go:294
2026/03/12 14:37:49.635307 [22;34mDEBUG[0m 
chunk:1189 chunk-dur:34ms, timestamp:39600 - rtmpquic.go:220
2026/03/12 14:37:49.667400 [22;34mDEBUG[0m Return monitor from  scheduler : , bw flag : false, limit : 0 - rtmpquic.go:249
2026/03/12 14:37:49.667529 [22;36m INFO[0m IframeComing false, resideSizeInGOP 132828, meanGOP 1.923481e+06, meanI 237603, curgop 1790653, curI 273314 - rtmpquic.go:283
2026/03/12 14:37:49.667557 [22;36m INFO[0m UNKEYBEHIND 48,limit:0 - rtmpquic.go:284
2026/03/12 14:37:49.667563 [22;34mDEBUG[0m 48 p frame 82330 - rtmpquic.go:294
2026/03/12 14:37:49.667604 [22;34mDEBUG[0m 
chunk:1190 chunk-dur:32ms, timestamp:39634 - rtmpquic.go:220
2026/03/12 14:37:49.701744 [22;34mDEBUG[0m Return monitor from  scheduler : , bw flag : false, limit : 0 - rtmpquic.go:249
2026/03/12 14:37:49.701775 [22;36m INFO[0m IframeComing false, resideSizeInGOP 115059, meanGOP 1.923481e+06, meanI 237603, curgop 1808422, curI 273314 - rtmpquic.go:283
2026/03/12 14:37:49.701780 [22;36m INFO[0m UNKEYBEHIND 49,limit:0 - rtmpquic.go:284
2026/03/12 14:37:49.701783 [22;34mDEBUG[0m 49 p frame 17769 - rtmpquic.go:294
2026/03/12 14:37:49.701957 [22;34mDEBUG[0m 
chunk:1191 chunk-dur:34ms, timestamp:39667 - rtmpquic.go:220
2026/03/12 14:37:49.735707 [22;34mDEBUG[0m Return monitor from  scheduler : , bw flag : false, limit : 0 - rtmpquic.go:249
2026/03/12 14:37:49.735728 [22;36m INFO[0m IframeComing false, resideSizeInGOP 108266, meanGOP 1.923481e+06, meanI 237603, curgop 1815215, curI 273314 - rtmpquic.go:283
2026/03/12 14:37:49.735733 [22;36m INFO[0m UNKEYBEHIND 50,limit:0 - rtmpquic.go:284
2026/03/12 14:37:49.735737 [22;34mDEBUG[0m 50 p frame 6793 - rtmpquic.go:294
2026/03/12 14:37:49.735863 [22;34mDEBUG[0m 
chunk:1192 chunk-dur:34ms, timestamp:39700 - rtmpquic.go:220
2026/03/12 14:37:49.768021 [22;34mDEBUG[0m Return monitor from  scheduler : , bw flag : false, limit : 0 - rtmpquic.go:249
2026/03/12 14:37:49.768040 [22;36m INFO[0m IframeComing false, resideSizeInGOP 102079, meanGOP 1.923481e+06, meanI 237603, curgop 1821402, curI 273314 - rtmpquic.go:283
2026/03/12 14:37:49.768044 [22;36m INFO[0m UNKEYBEHIND 51,limit:0 - rtmpquic.go:284
2026/03/12 14:37:49.768048 [22;34mDEBUG[0m 51 p frame 6187 - rtmpquic.go:294
2026/03/12 14:37:49.768121 [22;34mDEBUG[0m 
chunk:1193 chunk-dur:33ms, timestamp:39734 - rtmpquic.go:220
2026/03/12 14:37:49.801910 [22;34mDEBUG[0m Return monitor from  scheduler : , bw flag : false, limit : 0 - rtmpquic.go:249
2026/03/12 14:37:49.801928 [22;36m INFO[0m IframeComing false, resideSizeInGOP 39318, meanGOP 1.923481e+06, meanI 237603, curgop 1884163, curI 273314 - rtmpquic.go:283
2026/03/12 14:37:49.801932 [22;36m INFO[0m UNKEYBEHIND 52,limit:0 - rtmpquic.go:284
2026/03/12 14:37:49.801936 [22;34mDEBUG[0m 52 p frame 62761 - rtmpquic.go:294
2026/03/12 14:37:49.801977 [22;34mDEBUG[0m 
chunk:1194 chunk-dur:33ms, timestamp:39767 - rtmpquic.go:220
2026/03/12 14:37:49.835810 [22;34mDEBUG[0m Return monitor from  scheduler : , bw flag : false, limit : 0 - rtmpquic.go:249
2026/03/12 14:37:49.835831 [22;36m INFO[0m IframeComing false, resideSizeInGOP 24180, meanGOP 1.923481e+06, meanI 237603, curgop 1899301, curI 273314 - rtmpquic.go:283
2026/03/12 14:37:49.835836 [22;36m INFO[0m UNKEYBEHIND 53,limit:0 - rtmpquic.go:284
2026/03/12 14:37:49.835839 [22;34mDEBUG[0m 53 p frame 15138 - rtmpquic.go:294
2026/03/12 14:37:49.835847 [22;34mDEBUG[0m 
chunk:1195 chunk-dur:34ms, timestamp:39800 - rtmpquic.go:220
2026/03/12 14:37:49.868236 [22;34mDEBUG[0m Return monitor from  scheduler : , bw flag : false, limit : 0 - rtmpquic.go:249
2026/03/12 14:37:49.868256 [22;36m INFO[0m IframeComing false, resideSizeInGOP 17957, meanGOP 1.923481e+06, meanI 237603, curgop 1905524, curI 273314 - rtmpquic.go:283
2026/03/12 14:37:49.868260 [22;36m INFO[0m UNKEYBEHIND 54,limit:0 - rtmpquic.go:284
2026/03/12 14:37:49.868263 [22;34mDEBUG[0m 54 p frame 6223 - rtmpquic.go:294
2026/03/12 14:37:49.868291 [22;34mDEBUG[0m 
chunk:1196 chunk-dur:33ms, timestamp:39834 - rtmpquic.go:220
2026/03/12 14:37:49.902269 [22;34mDEBUG[0m Return monitor from  scheduler : , bw flag : false, limit : 0 - rtmpquic.go:249
2026/03/12 14:37:49.902289 [22;36m INFO[0m IframeComing false, resideSizeInGOP 11853, meanGOP 1.923481e+06, meanI 237603, curgop 1911628, curI 273314 - rtmpquic.go:283
2026/03/12 14:37:49.902294 [22;36m INFO[0m UNKEYBEHIND 55,limit:0 - rtmpquic.go:284
2026/03/12 14:37:49.902298 [22;34mDEBUG[0m 55 p frame 6104 - rtmpquic.go:294
2026/03/12 14:37:49.902370 [22;34mDEBUG[0m 
chunk:1197 chunk-dur:34ms, timestamp:39867 - rtmpquic.go:220
2026/03/12 14:37:49.935005 [22;34mDEBUG[0m Return monitor from  scheduler : , bw flag : false, limit : 0 - rtmpquic.go:249
2026/03/12 14:37:49.935024 [22;36m INFO[0m IframeComing true, resideSizeInGOP -72172, meanGOP 1.923481e+06, meanI 237603, curgop 1995653, curI 273314 - rtmpquic.go:283
2026/03/12 14:37:49.935028 [22;36m INFO[0m UNKEYBEHIND 56,limit:0 - rtmpquic.go:284
2026/03/12 14:37:49.935032 [22;34mDEBUG[0m 56 p frame 84025 - rtmpquic.go:294
2026/03/12 14:37:49.935777 [22;34mDEBUG[0m 
chunk:1198 chunk-dur:33ms, timestamp:39900 - rtmpquic.go:220
2026/03/12 14:37:49.968127 [22;34mDEBUG[0m Return monitor from  scheduler : , bw flag : false, limit : 0 - rtmpquic.go:249
2026/03/12 14:37:49.968168 [22;36m INFO[0m IframeComing true, resideSizeInGOP -89892, meanGOP 1.923481e+06, meanI 237603, curgop 2013373, curI 273314 - rtmpquic.go:283
2026/03/12 14:37:49.968174 [22;36m INFO[0m UNKEYBEHIND 57,limit:0 - rtmpquic.go:284
2026/03/12 14:37:49.968177 [22;34mDEBUG[0m 57 p frame 17720 - rtmpquic.go:294
2026/03/12 14:37:49.968244 [22;34mDEBUG[0m 
chunk:1199 chunk-dur:33ms, timestamp:39934 - rtmpquic.go:220
2026/03/12 14:37:50.002028 [22;34mDEBUG[0m Return monitor from  scheduler : , bw flag : false, limit : 0 - rtmpquic.go:249
2026/03/12 14:37:50.002062 [22;36m INFO[0m IframeComing true, resideSizeInGOP -96768, meanGOP 1.923481e+06, meanI 237603, curgop 2020249, curI 273314 - rtmpquic.go:283
2026/03/12 14:37:50.002067 [22;36m INFO[0m UNKEYBEHIND 58,limit:0 - rtmpquic.go:284
2026/03/12 14:37:50.002071 [22;34mDEBUG[0m 58 p frame 6876 - rtmpquic.go:294
2026/03/12 14:37:50.002232 [22;34mDEBUG[0m 
chunk:1200 chunk-dur:34ms, timestamp:39967 - rtmpquic.go:220
2026/03/12 14:37:50.034908 [22;34mDEBUG[0m Return monitor from  scheduler : , bw flag : false, limit : 0 - rtmpquic.go:249
2026/03/12 14:37:50.034928 [22;36m INFO[0m IframeComing true, resideSizeInGOP -103055, meanGOP 1.923481e+06, meanI 237603, curgop 2026536, curI 273314 - rtmpquic.go:283
2026/03/12 14:37:50.034932 [22;36m INFO[0m UNKEYBEHIND 59,limit:0 - rtmpquic.go:284
2026/03/12 14:37:50.034936 [22;34mDEBUG[0m 59 p frame 6287 - rtmpquic.go:294
2026/03/12 14:37:50.035175 [22;34mDEBUG[0m 
chunk:1201 chunk-dur:33ms, timestamp:40000 - rtmpquic.go:220
2026/03/12 14:37:50.067836 [22;34mDEBUG[0m Return monitor from  scheduler : , bw flag : false, limit : 0 - rtmpquic.go:249
key tag 299526
2026/03/12 14:37:50.067857 [22;34mDEBUG[0m 21 I frame 299526 - rtmpquic.go:275
2026/03/12 14:37:50.068004 [22;34mDEBUG[0m 
chunk:1202 chunk-dur:33ms, timestamp:40034 - rtmpquic.go:220
2026/03/12 14:37:50.100056 [22;36m INFO[0m mean write bitrate:7.180140 Mbps - client_session.go:447
2026/03/12 14:37:50.100076 [22;34mDEBUG[0m bitrate:9.091448 Mbps - client_session.go:438
2026/03/12 14:37:50.101210 [22;34mDEBUG[0m Return monitor from  scheduler : , bw flag : false, limit : 0 - rtmpquic.go:249
2026/03/12 14:37:50.101223 [22;36m INFO[0m IframeComing false, resideSizeInGOP 1.592285e+06, meanGOP 1.928633e+06, meanI 239388, curgop 336348, curI 299526 - rtmpquic.go:283
2026/03/12 14:37:50.101228 [22;36m INFO[0m UNKEYBEHIND 1,limit:0 - rtmpquic.go:284
2026/03/12 14:37:50.101231 [22;34mDEBUG[0m 1 p frame 36822 - rtmpquic.go:294
2026/03/12 14:37:50.101260 [22;34mDEBUG[0m 
chunk:1203 chunk-dur:33ms, timestamp:40067 - rtmpquic.go:220
2026/03/12 14:37:50.135039 [22;34mDEBUG[0m Return monitor from  scheduler : , bw flag : false, limit : 0 - rtmpquic.go:249
2026/03/12 14:37:50.135062 [22;36m INFO[0m IframeComing false, resideSizeInGOP 1.584014e+06, meanGOP 1.928633e+06, meanI 239388, curgop 344619, curI 299526 - rtmpquic.go:283
2026/03/12 14:37:50.135067 [22;36m INFO[0m UNKEYBEHIND 2,limit:0 - rtmpquic.go:284
2026/03/12 14:37:50.135071 [22;34mDEBUG[0m 2 p frame 8271 - rtmpquic.go:294
2026/03/12 14:37:50.135099 [22;34mDEBUG[0m 
chunk:1204 chunk-dur:34ms, timestamp:40100 - rtmpquic.go:220
2026/03/12 14:37:50.167759 [22;34mDEBUG[0m Return monitor from  scheduler : , bw flag : false, limit : 0 - rtmpquic.go:249
2026/03/12 14:37:50.167795 [22;36m INFO[0m IframeComing false, resideSizeInGOP 1.578344e+06, meanGOP 1.928633e+06, meanI 239388, curgop 350289, curI 299526 - rtmpquic.go:283
2026/03/12 14:37:50.167803 [22;36m INFO[0m UNKEYBEHIND 3,limit:0 - rtmpquic.go:284
2026/03/12 14:37:50.167807 [22;34mDEBUG[0m 3 p frame 5670 - rtmpquic.go:294
2026/03/12 14:37:50.167998 [22;34mDEBUG[0m 
chunk:1205 chunk-dur:32ms, timestamp:40134 - rtmpquic.go:220
2026/03/12 14:37:50.202935 [22;34mDEBUG[0m Return monitor from  scheduler : , bw flag : false, limit : 0 - rtmpquic.go:249
2026/03/12 14:37:50.203014 [22;36m INFO[0m IframeComing false, resideSizeInGOP 1.523165e+06, meanGOP 1.928633e+06, meanI 239388, curgop 405468, curI 299526 - rtmpquic.go:283
2026/03/12 14:37:50.203023 [22;36m INFO[0m UNKEYBEHIND 4,limit:0 - rtmpquic.go:284
2026/03/12 14:37:50.203027 [22;34mDEBUG[0m 4 p frame 55179 - rtmpquic.go:294
2026/03/12 14:37:50.203059 [22;34mDEBUG[0m 
chunk:1206 chunk-dur:36ms, timestamp:40167 - rtmpquic.go:220
2026/03/12 14:37:50.234710 [22;34mDEBUG[0m Return monitor from  scheduler : , bw flag : false, limit : 0 - rtmpquic.go:249
2026/03/12 14:37:50.234733 [22;36m INFO[0m IframeComing false, resideSizeInGOP 1.517597e+06, meanGOP 1.928633e+06, meanI 239388, curgop 411036, curI 299526 - rtmpquic.go:283
2026/03/12 14:37:50.234737 [22;36m INFO[0m UNKEYBEHIND 5,limit:0 - rtmpquic.go:284
2026/03/12 14:37:50.234741 [22;34mDEBUG[0m 5 p frame 5568 - rtmpquic.go:294
2026/03/12 14:37:50.234815 [22;34mDEBUG[0m 
chunk:1207 chunk-dur:31ms, timestamp:40200 - rtmpquic.go:220
2026/03/12 14:37:50.267958 [22;34mDEBUG[0m Return monitor from  scheduler : , bw flag : false, limit : 0 - rtmpquic.go:249
2026/03/12 14:37:50.267997 [22;36m INFO[0m IframeComing false, resideSizeInGOP 1.434006e+06, meanGOP 1.928633e+06, meanI 239388, curgop 494627, curI 299526 - rtmpquic.go:283
2026/03/12 14:37:50.268003 [22;36m INFO[0m UNKEYBEHIND 6,limit:0 - rtmpquic.go:284
2026/03/12 14:37:50.268009 [22;34mDEBUG[0m 6 p frame 83591 - rtmpquic.go:294
2026/03/12 14:37:50.268070 [22;34mDEBUG[0m 
chunk:1208 chunk-dur:34ms, timestamp:40234 - rtmpquic.go:220
2026/03/12 14:37:50.301442 [22;34mDEBUG[0m Return monitor from  scheduler : , bw flag : false, limit : 0 - rtmpquic.go:249
2026/03/12 14:37:50.301473 [22;36m INFO[0m IframeComing false, resideSizeInGOP 1.41193e+06, meanGOP 1.928633e+06, meanI 239388, curgop 516703, curI 299526 - rtmpquic.go:283
2026/03/12 14:37:50.301480 [22;36m INFO[0m UNKEYBEHIND 7,limit:0 - rtmpquic.go:284
2026/03/12 14:37:50.301483 [22;34mDEBUG[0m 7 p frame 22076 - rtmpquic.go:294
2026/03/12 14:37:50.301495 [22;34mDEBUG[0m 
chunk:1209 chunk-dur:33ms, timestamp:40267 - rtmpquic.go:220
2026/03/12 14:37:50.334735 [22;34mDEBUG[0m Return monitor from  scheduler : , bw flag : false, limit : 0 - rtmpquic.go:249
2026/03/12 14:37:50.334762 [22;36m INFO[0m IframeComing false, resideSizeInGOP 1.404721e+06, meanGOP 1.928633e+06, meanI 239388, curgop 523912, curI 299526 - rtmpquic.go:283
2026/03/12 14:37:50.334767 [22;36m INFO[0m UNKEYBEHIND 8,limit:0 - rtmpquic.go:284
2026/03/12 14:37:50.334771 [22;34mDEBUG[0m 8 p frame 7209 - rtmpquic.go:294
2026/03/12 14:37:50.334837 [22;34mDEBUG[0m 
chunk:1210 chunk-dur:33ms, timestamp:40300 - rtmpquic.go:220
2026/03/12 14:37:50.368732 [22;34mDEBUG[0m Return monitor from  scheduler : , bw flag : false, limit : 0 - rtmpquic.go:249
2026/03/12 14:37:50.368756 [22;36m INFO[0m IframeComing false, resideSizeInGOP 1.398516e+06, meanGOP 1.928633e+06, meanI 239388, curgop 530117, curI 299526 - rtmpquic.go:283
2026/03/12 14:37:50.368761 [22;36m INFO[0m UNKEYBEHIND 9,limit:0 - rtmpquic.go:284
2026/03/12 14:37:50.368764 [22;34mDEBUG[0m 9 p frame 6205 - rtmpquic.go:294
2026/03/12 14:37:50.368859 [22;34mDEBUG[0m 
chunk:1211 chunk-dur:34ms, timestamp:40334 - rtmpquic.go:220
2026/03/12 14:37:50.403474 [22;34mDEBUG[0m Return monitor from  scheduler : , bw flag : false, limit : 0 - rtmpquic.go:249
2026/03/12 14:37:50.403491 [22;36m INFO[0m IframeComing false, resideSizeInGOP 1.33111e+06, meanGOP 1.928633e+06, meanI 239388, curgop 597523, curI 299526 - rtmpquic.go:283
2026/03/12 14:37:50.403496 [22;36m INFO[0m UNKEYBEHIND 10,limit:0 - rtmpquic.go:284
2026/03/12 14:37:50.403499 [22;34mDEBUG[0m 10 p frame 67406 - rtmpquic.go:294
2026/03/12 14:37:50.403551 [22;34mDEBUG[0m 
chunk:1212 chunk-dur:35ms, timestamp:40367 - rtmpquic.go:220
2026/03/12 14:37:50.434725 [22;34mDEBUG[0m Return monitor from  scheduler : , bw flag : false, limit : 0 - rtmpquic.go:249
2026/03/12 14:37:50.434750 [22;36m INFO[0m IframeComing false, resideSizeInGOP 1.314592e+06, meanGOP 1.928633e+06, meanI 239388, curgop 614041, curI 299526 - rtmpquic.go:283
2026/03/12 14:37:50.434754 [22;36m INFO[0m UNKEYBEHIND 11,limit:0 - rtmpquic.go:284
2026/03/12 14:37:50.434758 [22;34mDEBUG[0m 11 p frame 16518 - rtmpquic.go:294
2026/03/12 14:37:50.434775 [22;34mDEBUG[0m 
chunk:1213 chunk-dur:31ms, timestamp:40400 - rtmpquic.go:220
2026/03/12 14:37:50.468402 [22;34mDEBUG[0m Return monitor from  scheduler : , bw flag : false, limit : 0 - rtmpquic.go:249
2026/03/12 14:37:50.468421 [22;36m INFO[0m IframeComing false, resideSizeInGOP 1.308333e+06, meanGOP 1.928633e+06, meanI 239388, curgop 620300, curI 299526 - rtmpquic.go:283
2026/03/12 14:37:50.468426 [22;36m INFO[0m UNKEYBEHIND 12,limit:0 - rtmpquic.go:284
2026/03/12 14:37:50.468429 [22;34mDEBUG[0m 12 p frame 6259 - rtmpquic.go:294
2026/03/12 14:37:50.468467 [22;34mDEBUG[0m 
chunk:1214 chunk-dur:34ms, timestamp:40434 - rtmpquic.go:220
2026/03/12 14:37:50.501703 [22;34mDEBUG[0m Return monitor from  scheduler : , bw flag : false, limit : 0 - rtmpquic.go:249
2026/03/12 14:37:50.501723 [22;36m INFO[0m IframeComing false, resideSizeInGOP 1.302472e+06, meanGOP 1.928633e+06, meanI 239388, curgop 626161, curI 299526 - rtmpquic.go:283
2026/03/12 14:37:50.501727 [22;36m INFO[0m UNKEYBEHIND 13,limit:0 - rtmpquic.go:284
2026/03/12 14:37:50.501730 [22;34mDEBUG[0m 13 p frame 5861 - rtmpquic.go:294
2026/03/12 14:37:50.501788 [22;34mDEBUG[0m 
chunk:1215 chunk-dur:33ms, timestamp:40467 - rtmpquic.go:220
2026/03/12 14:37:50.535669 [22;34mDEBUG[0m Return monitor from  scheduler : , bw flag : false, limit : 0 - rtmpquic.go:249
2026/03/12 14:37:50.535688 [22;36m INFO[0m IframeComing false, resideSizeInGOP 1.245119e+06, meanGOP 1.928633e+06, meanI 239388, curgop 683514, curI 299526 - rtmpquic.go:283
2026/03/12 14:37:50.535691 [22;36m INFO[0m UNKEYBEHIND 14,limit:0 - rtmpquic.go:284
2026/03/12 14:37:50.535695 [22;34mDEBUG[0m 14 p frame 57353 - rtmpquic.go:294
2026/03/12 14:37:50.535715 [22;34mDEBUG[0m 
chunk:1216 chunk-dur:34ms, timestamp:40500 - rtmpquic.go:220
2026/03/12 14:37:50.568657 [22;34mDEBUG[0m Return monitor from  scheduler : , bw flag : false, limit : 0 - rtmpquic.go:249
2026/03/12 14:37:50.568686 [22;36m INFO[0m IframeComing false, resideSizeInGOP 1.229335e+06, meanGOP 1.928633e+06, meanI 239388, curgop 699298, curI 299526 - rtmpquic.go:283
2026/03/12 14:37:50.568691 [22;36m INFO[0m UNKEYBEHIND 15,limit:0 - rtmpquic.go:284
2026/03/12 14:37:50.568694 [22;34mDEBUG[0m 15 p frame 15784 - rtmpquic.go:294
2026/03/12 14:37:50.568713 [22;34mDEBUG[0m 
chunk:1217 chunk-dur:33ms, timestamp:40534 - rtmpquic.go:220
2026/03/12 14:37:50.602485 [22;34mDEBUG[0m Return monitor from  scheduler : , bw flag : false, limit : 0 - rtmpquic.go:249
2026/03/12 14:37:50.602511 [22;36m INFO[0m IframeComing false, resideSizeInGOP 1.223731e+06, meanGOP 1.928633e+06, meanI 239388, curgop 704902, curI 299526 - rtmpquic.go:283
2026/03/12 14:37:50.602516 [22;36m INFO[0m UNKEYBEHIND 16,limit:0 - rtmpquic.go:284
2026/03/12 14:37:50.602519 [22;34mDEBUG[0m 16 p frame 5604 - rtmpquic.go:294
2026/03/12 14:37:50.602539 [22;34mDEBUG[0m 
chunk:1218 chunk-dur:34ms, timestamp:40567 - rtmpquic.go:220
2026/03/12 14:37:50.635253 [22;34mDEBUG[0m Return monitor from  scheduler : , bw flag : false, limit : 0 - rtmpquic.go:249
2026/03/12 14:37:50.635275 [22;36m INFO[0m IframeComing false, resideSizeInGOP 1.217687e+06, meanGOP 1.928633e+06, meanI 239388, curgop 710946, curI 299526 - rtmpquic.go:283
2026/03/12 14:37:50.635280 [22;36m INFO[0m UNKEYBEHIND 17,limit:0 - rtmpquic.go:284
2026/03/12 14:37:50.635283 [22;34mDEBUG[0m 17 p frame 6044 - rtmpquic.go:294
2026/03/12 14:37:50.635349 [22;34mDEBUG[0m 
chunk:1219 chunk-dur:33ms, timestamp:40600 - rtmpquic.go:220
2026/03/12 14:37:50.668294 [22;34mDEBUG[0m Return monitor from  scheduler : , bw flag : false, limit : 0 - rtmpquic.go:249
2026/03/12 14:37:50.668317 [22;36m INFO[0m IframeComing false, resideSizeInGOP 1.148782e+06, meanGOP 1.928633e+06, meanI 239388, curgop 779851, curI 299526 - rtmpquic.go:283
2026/03/12 14:37:50.668321 [22;36m INFO[0m UNKEYBEHIND 18,limit:0 - rtmpquic.go:284
2026/03/12 14:37:50.668325 [22;34mDEBUG[0m 18 p frame 68905 - rtmpquic.go:294
2026/03/12 14:37:50.668382 [22;34mDEBUG[0m 
chunk:1220 chunk-dur:33ms, timestamp:40634 - rtmpquic.go:220
2026/03/12 14:37:50.701456 [22;34mDEBUG[0m Return monitor from  scheduler : , bw flag : false, limit : 0 - rtmpquic.go:249
2026/03/12 14:37:50.701505 [22;36m INFO[0m IframeComing false, resideSizeInGOP 1.133472e+06, meanGOP 1.928633e+06, meanI 239388, curgop 795161, curI 299526 - rtmpquic.go:283
2026/03/12 14:37:50.701510 [22;36m INFO[0m UNKEYBEHIND 19,limit:0 - rtmpquic.go:284
2026/03/12 14:37:50.701514 [22;34mDEBUG[0m 19 p frame 15310 - rtmpquic.go:294
2026/03/12 14:37:50.701523 [22;34mDEBUG[0m 
chunk:1221 chunk-dur:33ms, timestamp:40667 - rtmpquic.go:220
2026/03/12 14:37:50.735249 [22;34mDEBUG[0m Return monitor from  scheduler : , bw flag : false, limit : 0 - rtmpquic.go:249
2026/03/12 14:37:50.735272 [22;36m INFO[0m IframeComing false, resideSizeInGOP 1.127665e+06, meanGOP 1.928633e+06, meanI 239388, curgop 800968, curI 299526 - rtmpquic.go:283
2026/03/12 14:37:50.735277 [22;36m INFO[0m UNKEYBEHIND 20,limit:0 - rtmpquic.go:284
2026/03/12 14:37:50.735280 [22;34mDEBUG[0m 20 p frame 5807 - rtmpquic.go:294
2026/03/12 14:37:50.735296 [22;34mDEBUG[0m 
chunk:1222 chunk-dur:34ms, timestamp:40700 - rtmpquic.go:220
2026/03/12 14:37:50.767594 [22;34mDEBUG[0m Return monitor from  scheduler : , bw flag : false, limit : 0 - rtmpquic.go:249
2026/03/12 14:37:50.767649 [22;36m INFO[0m IframeComing false, resideSizeInGOP 1.120528e+06, meanGOP 1.928633e+06, meanI 239388, curgop 808105, curI 299526 - rtmpquic.go:283
2026/03/12 14:37:50.767659 [22;36m INFO[0m UNKEYBEHIND 21,limit:0 - rtmpquic.go:284
2026/03/12 14:37:50.767663 [22;34mDEBUG[0m 21 p frame 7137 - rtmpquic.go:294
2026/03/12 14:37:50.767717 [22;34mDEBUG[0m 
chunk:1223 chunk-dur:32ms, timestamp:40734 - rtmpquic.go:220
2026/03/12 14:37:50.803077 [22;34mDEBUG[0m Return monitor from  scheduler : , bw flag : false, limit : 0 - rtmpquic.go:249
2026/03/12 14:37:50.803101 [22;36m INFO[0m IframeComing false, resideSizeInGOP 1.065218e+06, meanGOP 1.928633e+06, meanI 239388, curgop 863415, curI 299526 - rtmpquic.go:283
2026/03/12 14:37:50.803106 [22;36m INFO[0m UNKEYBEHIND 22,limit:0 - rtmpquic.go:284
2026/03/12 14:37:50.803109 [22;34mDEBUG[0m 22 p frame 55310 - rtmpquic.go:294
2026/03/12 14:37:50.803174 [22;34mDEBUG[0m 
chunk:1224 chunk-dur:36ms, timestamp:40767 - rtmpquic.go:220
2026/03/12 14:37:50.834445 [22;34mDEBUG[0m Return monitor from  scheduler : , bw flag : false, limit : 0 - rtmpquic.go:249
2026/03/12 14:37:50.834494 [22;36m INFO[0m IframeComing false, resideSizeInGOP 1.04737e+06, meanGOP 1.928633e+06, meanI 239388, curgop 881263, curI 299526 - rtmpquic.go:283
2026/03/12 14:37:50.834501 [22;36m INFO[0m UNKEYBEHIND 23,limit:0 - rtmpquic.go:284
2026/03/12 14:37:50.834505 [22;34mDEBUG[0m 23 p frame 17848 - rtmpquic.go:294
2026/03/12 14:37:50.834528 [22;34mDEBUG[0m 
chunk:1225 chunk-dur:31ms, timestamp:40800 - rtmpquic.go:220
2026/03/12 14:37:50.868820 [22;34mDEBUG[0m Return monitor from  scheduler : , bw flag : false, limit : 0 - rtmpquic.go:249
2026/03/12 14:37:50.868954 [22;36m INFO[0m IframeComing false, resideSizeInGOP 1.040633e+06, meanGOP 1.928633e+06, meanI 239388, curgop 888000, curI 299526 - rtmpquic.go:283
2026/03/12 14:37:50.868964 [22;36m INFO[0m UNKEYBEHIND 24,limit:0 - rtmpquic.go:284
2026/03/12 14:37:50.868968 [22;34mDEBUG[0m 24 p frame 6737 - rtmpquic.go:294
2026/03/12 14:37:50.869111 [22;34mDEBUG[0m 
chunk:1226 chunk-dur:35ms, timestamp:40834 - rtmpquic.go:220
2026/03/12 14:37:50.901554 [22;34mDEBUG[0m Return monitor from  scheduler : , bw flag : false, limit : 0 - rtmpquic.go:249
2026/03/12 14:37:50.901602 [22;36m INFO[0m IframeComing false, resideSizeInGOP 1.032923e+06, meanGOP 1.928633e+06, meanI 239388, curgop 895710, curI 299526 - rtmpquic.go:283
2026/03/12 14:37:50.901607 [22;36m INFO[0m UNKEYBEHIND 25,limit:0 - rtmpquic.go:284
2026/03/12 14:37:50.901610 [22;34mDEBUG[0m 25 p frame 7710 - rtmpquic.go:294
2026/03/12 14:37:50.901653 [22;34mDEBUG[0m 
chunk:1227 chunk-dur:32ms, timestamp:40867 - rtmpquic.go:220
2026/03/12 14:37:50.934983 [22;34mDEBUG[0m Return monitor from  scheduler : , bw flag : false, limit : 0 - rtmpquic.go:249
2026/03/12 14:37:50.935053 [22;36m INFO[0m IframeComing false, resideSizeInGOP 990385, meanGOP 1.928633e+06, meanI 239388, curgop 938248, curI 299526 - rtmpquic.go:283
2026/03/12 14:37:50.935261 [22;36m INFO[0m UNKEYBEHIND 26,limit:0 - rtmpquic.go:284
2026/03/12 14:37:50.935278 [22;34mDEBUG[0m 26 p frame 42538 - rtmpquic.go:294
2026/03/12 14:37:50.935304 [22;34mDEBUG[0m 
chunk:1228 chunk-dur:34ms, timestamp:40900 - rtmpquic.go:220
2026/03/12 14:37:50.968341 [22;34mDEBUG[0m Return monitor from  scheduler : , bw flag : false, limit : 0 - rtmpquic.go:249
2026/03/12 14:37:50.968404 [22;36m INFO[0m IframeComing false, resideSizeInGOP 974424, meanGOP 1.928633e+06, meanI 239388, curgop 954209, curI 299526 - rtmpquic.go:283
2026/03/12 14:37:50.968413 [22;36m INFO[0m UNKEYBEHIND 27,limit:0 - rtmpquic.go:284
2026/03/12 14:37:50.968422 [22;34mDEBUG[0m 27 p frame 15961 - rtmpquic.go:294
2026/03/12 14:37:50.968474 [22;34mDEBUG[0m 
chunk:1229 chunk-dur:33ms, timestamp:40934 - rtmpquic.go:220
2026/03/12 14:37:51.002265 [22;34mDEBUG[0m Return monitor from  scheduler : , bw flag : false, limit : 0 - rtmpquic.go:249
2026/03/12 14:37:51.002288 [22;36m INFO[0m IframeComing false, resideSizeInGOP 965606, meanGOP 1.928633e+06, meanI 239388, curgop 963027, curI 299526 - rtmpquic.go:283
2026/03/12 14:37:51.002292 [22;36m INFO[0m UNKEYBEHIND 28,limit:0 - rtmpquic.go:284
2026/03/12 14:37:51.002295 [22;34mDEBUG[0m 28 p frame 8818 - rtmpquic.go:294
2026/03/12 14:37:51.002325 [22;34mDEBUG[0m 
chunk:1230 chunk-dur:34ms, timestamp:40967 - rtmpquic.go:220
2026/03/12 14:37:51.034615 [22;34mDEBUG[0m Return monitor from  scheduler : , bw flag : false, limit : 0 - rtmpquic.go:249
2026/03/12 14:37:51.034635 [22;36m INFO[0m IframeComing false, resideSizeInGOP 956736, meanGOP 1.928633e+06, meanI 239388, curgop 971897, curI 299526 - rtmpquic.go:283
2026/03/12 14:37:51.034640 [22;36m INFO[0m UNKEYBEHIND 29,limit:0 - rtmpquic.go:284
2026/03/12 14:37:51.034644 [22;34mDEBUG[0m 29 p frame 8870 - rtmpquic.go:294
2026/03/12 14:37:51.034767 [22;34mDEBUG[0m 
chunk:1231 chunk-dur:32ms, timestamp:41000 - rtmpquic.go:220
2026/03/12 14:37:51.068006 [22;34mDEBUG[0m Return monitor from  scheduler : , bw flag : false, limit : 0 - rtmpquic.go:249
2026/03/12 14:37:51.068037 [22;36m INFO[0m IframeComing false, resideSizeInGOP 851221, meanGOP 1.928633e+06, meanI 239388, curgop 1077412, curI 299526 - rtmpquic.go:283
2026/03/12 14:37:51.068042 [22;36m INFO[0m UNKEYBEHIND 30,limit:0 - rtmpquic.go:284
2026/03/12 14:37:51.068045 [22;34mDEBUG[0m 30 p frame 105515 - rtmpquic.go:294
2026/03/12 14:37:51.068103 [22;34mDEBUG[0m 
chunk:1232 chunk-dur:34ms, timestamp:41034 - rtmpquic.go:220
2026/03/12 14:37:51.100678 [22;34mDEBUG[0m bitrate:5.931253 Mbps - client_session.go:438
2026/03/12 14:37:51.101915 [22;34mDEBUG[0m Return monitor from  scheduler : , bw flag : false, limit : 0 - rtmpquic.go:249
2026/03/12 14:37:51.101943 [22;36m INFO[0m IframeComing false, resideSizeInGOP 809597, meanGOP 1.928633e+06, meanI 239388, curgop 1119036, curI 299526 - rtmpquic.go:283
2026/03/12 14:37:51.101948 [22;36m INFO[0m UNKEYBEHIND 31,limit:0 - rtmpquic.go:284
2026/03/12 14:37:51.101952 [22;34mDEBUG[0m 31 p frame 41624 - rtmpquic.go:294
2026/03/12 14:37:51.101966 [22;34mDEBUG[0m 
chunk:1233 chunk-dur:33ms, timestamp:41067 - rtmpquic.go:220
2026/03/12 14:37:51.136203 [22;34mDEBUG[0m Return monitor from  scheduler : , bw flag : false, limit : 0 - rtmpquic.go:249
2026/03/12 14:37:51.136239 [22;36m INFO[0m IframeComing false, resideSizeInGOP 795388, meanGOP 1.928633e+06, meanI 239388, curgop 1133245, curI 299526 - rtmpquic.go:283
2026/03/12 14:37:51.136302 [22;36m INFO[0m UNKEYBEHIND 32,limit:0 - rtmpquic.go:284
2026/03/12 14:37:51.136324 [22;34mDEBUG[0m 32 p frame 14209 - rtmpquic.go:294
2026/03/12 14:37:51.136337 [22;34mDEBUG[0m 
chunk:1234 chunk-dur:35ms, timestamp:41100 - rtmpquic.go:220
2026/03/12 14:37:51.167856 [22;34mDEBUG[0m Return monitor from  scheduler : , bw flag : false, limit : 0 - rtmpquic.go:249
2026/03/12 14:37:51.168089 [22;36m INFO[0m IframeComing false, resideSizeInGOP 786110, meanGOP 1.928633e+06, meanI 239388, curgop 1142523, curI 299526 - rtmpquic.go:283
2026/03/12 14:37:51.168100 [22;36m INFO[0m UNKEYBEHIND 33,limit:0 - rtmpquic.go:284
2026/03/12 14:37:51.168107 [22;34mDEBUG[0m 33 p frame 9278 - rtmpquic.go:294
2026/03/12 14:37:51.168225 [22;34mDEBUG[0m 
chunk:1235 chunk-dur:32ms, timestamp:41134 - rtmpquic.go:220
2026/03/12 14:37:51.203732 [22;34mDEBUG[0m Return monitor from  scheduler : , bw flag : false, limit : 0 - rtmpquic.go:249
2026/03/12 14:37:51.203804 [22;36m INFO[0m IframeComing false, resideSizeInGOP 700784, meanGOP 1.928633e+06, meanI 239388, curgop 1227849, curI 299526 - rtmpquic.go:283
2026/03/12 14:37:51.203811 [22;36m INFO[0m UNKEYBEHIND 34,limit:0 - rtmpquic.go:284
2026/03/12 14:37:51.203814 [22;34mDEBUG[0m 34 p frame 85326 - rtmpquic.go:294
2026/03/12 14:37:51.203823 [22;34mDEBUG[0m 
chunk:1236 chunk-dur:35ms, timestamp:41167 - rtmpquic.go:220
2026/03/12 14:37:51.235975 [22;34mDEBUG[0m Return monitor from  scheduler : , bw flag : false, limit : 0 - rtmpquic.go:249
2026/03/12 14:37:51.235998 [22;36m INFO[0m IframeComing false, resideSizeInGOP 691346, meanGOP 1.928633e+06, meanI 239388, curgop 1237287, curI 299526 - rtmpquic.go:283
2026/03/12 14:37:51.236002 [22;36m INFO[0m UNKEYBEHIND 35,limit:0 - rtmpquic.go:284
2026/03/12 14:37:51.236006 [22;34mDEBUG[0m 35 p frame 9438 - rtmpquic.go:294
2026/03/12 14:37:51.236113 [22;34mDEBUG[0m 
chunk:1237 chunk-dur:33ms, timestamp:41200 - rtmpquic.go:220
2026/03/12 14:37:51.268200 [22;34mDEBUG[0m Return monitor from  scheduler : , bw flag : false, limit : 0 - rtmpquic.go:249
2026/03/12 14:37:51.268234 [22;36m INFO[0m IframeComing false, resideSizeInGOP 643674, meanGOP 1.928633e+06, meanI 239388, curgop 1284959, curI 299526 - rtmpquic.go:283
2026/03/12 14:37:51.268241 [22;36m INFO[0m UNKEYBEHIND 36,limit:0 - rtmpquic.go:284
2026/03/12 14:37:51.268244 [22;34mDEBUG[0m 36 p frame 47672 - rtmpquic.go:294
2026/03/12 14:37:51.268264 [22;34mDEBUG[0m 
chunk:1238 chunk-dur:32ms, timestamp:41234 - rtmpquic.go:220
2026/03/12 14:37:51.301485 [22;34mDEBUG[0m Return monitor from  scheduler : , bw flag : false, limit : 0 - rtmpquic.go:249
2026/03/12 14:37:51.301543 [22;36m INFO[0m IframeComing false, resideSizeInGOP 631643, meanGOP 1.928633e+06, meanI 239388, curgop 1296990, curI 299526 - rtmpquic.go:283
2026/03/12 14:37:51.301564 [22;36m INFO[0m UNKEYBEHIND 37,limit:0 - rtmpquic.go:284
2026/03/12 14:37:51.301570 [22;34mDEBUG[0m 37 p frame 12031 - rtmpquic.go:294
2026/03/12 14:37:51.301579 [22;34mDEBUG[0m 
chunk:1239 chunk-dur:33ms, timestamp:41267 - rtmpquic.go:220
2026/03/12 14:37:51.334691 [22;34mDEBUG[0m Return monitor from  scheduler : , bw flag : false, limit : 0 - rtmpquic.go:249
2026/03/12 14:37:51.334721 [22;36m INFO[0m IframeComing false, resideSizeInGOP 625134, meanGOP 1.928633e+06, meanI 239388, curgop 1303499, curI 299526 - rtmpquic.go:283
2026/03/12 14:37:51.334731 [22;36m INFO[0m UNKEYBEHIND 38,limit:0 - rtmpquic.go:284
2026/03/12 14:37:51.334737 [22;34mDEBUG[0m 38 p frame 6509 - rtmpquic.go:294
2026/03/12 14:37:51.334855 [22;34mDEBUG[0m 
chunk:1240 chunk-dur:33ms, timestamp:41300 - rtmpquic.go:220
2026/03/12 14:37:51.368755 [22;34mDEBUG[0m Return monitor from  scheduler : , bw flag : false, limit : 0 - rtmpquic.go:249
2026/03/12 14:37:51.368809 [22;36m INFO[0m IframeComing false, resideSizeInGOP 573960, meanGOP 1.928633e+06, meanI 239388, curgop 1354673, curI 299526 - rtmpquic.go:283
2026/03/12 14:37:51.368818 [22;36m INFO[0m UNKEYBEHIND 39,limit:0 - rtmpquic.go:284
2026/03/12 14:37:51.368822 [22;34mDEBUG[0m 39 p frame 51174 - rtmpquic.go:294
2026/03/12 14:37:51.368860 [22;34mDEBUG[0m 
chunk:1241 chunk-dur:34ms, timestamp:41334 - rtmpquic.go:220
2026/03/12 14:37:51.402575 [22;34mDEBUG[0m Return monitor from  scheduler : , bw flag : false, limit : 0 - rtmpquic.go:249
2026/03/12 14:37:51.402604 [22;36m INFO[0m IframeComing false, resideSizeInGOP 564580, meanGOP 1.928633e+06, meanI 239388, curgop 1364053, curI 299526 - rtmpquic.go:283
2026/03/12 14:37:51.402608 [22;36m INFO[0m UNKEYBEHIND 40,limit:0 - rtmpquic.go:284
2026/03/12 14:37:51.402612 [22;34mDEBUG[0m 40 p frame 9380 - rtmpquic.go:294
2026/03/12 14:37:51.402666 [22;34mDEBUG[0m 
chunk:1242 chunk-dur:34ms, timestamp:41367 - rtmpquic.go:220
2026/03/12 14:37:51.435592 [22;34mDEBUG[0m Return monitor from  scheduler : , bw flag : false, limit : 0 - rtmpquic.go:249
2026/03/12 14:37:51.435623 [22;36m INFO[0m IframeComing false, resideSizeInGOP 530409, meanGOP 1.928633e+06, meanI 239388, curgop 1398224, curI 299526 - rtmpquic.go:283
2026/03/12 14:37:51.435627 [22;36m INFO[0m UNKEYBEHIND 41,limit:0 - rtmpquic.go:284
2026/03/12 14:37:51.435631 [22;34mDEBUG[0m 41 p frame 34171 - rtmpquic.go:294
2026/03/12 14:37:51.435817 [22;34mDEBUG[0m 
chunk:1243 chunk-dur:33ms, timestamp:41400 - rtmpquic.go:220
2026/03/12 14:37:51.468788 [22;34mDEBUG[0m Return monitor from  scheduler : , bw flag : false, limit : 0 - rtmpquic.go:249
2026/03/12 14:37:51.468832 [22;36m INFO[0m IframeComing false, resideSizeInGOP 473528, meanGOP 1.928633e+06, meanI 239388, curgop 1455105, curI 299526 - rtmpquic.go:283
2026/03/12 14:37:51.468837 [22;36m INFO[0m UNKEYBEHIND 42,limit:0 - rtmpquic.go:284
2026/03/12 14:37:51.468840 [22;34mDEBUG[0m 42 p frame 56881 - rtmpquic.go:294
2026/03/12 14:37:51.468908 [22;34mDEBUG[0m 
chunk:1244 chunk-dur:33ms, timestamp:41434 - rtmpquic.go:220
2026/03/12 14:37:51.503373 [22;34mDEBUG[0m Return monitor from  scheduler : , bw flag : false, limit : 0 - rtmpquic.go:249
2026/03/12 14:37:51.503444 [22;36m INFO[0m IframeComing false, resideSizeInGOP 454468, meanGOP 1.928633e+06, meanI 239388, curgop 1474165, curI 299526 - rtmpquic.go:283
2026/03/12 14:37:51.503538 [22;36m INFO[0m UNKEYBEHIND 43,limit:0 - rtmpquic.go:284
2026/03/12 14:37:51.503593 [22;34mDEBUG[0m 43 p frame 19060 - rtmpquic.go:294
2026/03/12 14:37:51.503808 [22;34mDEBUG[0m 
chunk:1245 chunk-dur:35ms, timestamp:41467 - rtmpquic.go:220
2026/03/12 14:37:51.535342 [22;34mDEBUG[0m Return monitor from  scheduler : , bw flag : false, limit : 0 - rtmpquic.go:249
2026/03/12 14:37:51.535376 [22;36m INFO[0m IframeComing false, resideSizeInGOP 445000, meanGOP 1.928633e+06, meanI 239388, curgop 1483633, curI 299526 - rtmpquic.go:283
2026/03/12 14:37:51.535382 [22;36m INFO[0m UNKEYBEHIND 44,limit:0 - rtmpquic.go:284
2026/03/12 14:37:51.535385 [22;34mDEBUG[0m 44 p frame 9468 - rtmpquic.go:294
2026/03/12 14:37:51.535460 [22;34mDEBUG[0m 
chunk:1246 chunk-dur:32ms, timestamp:41500 - rtmpquic.go:220
2026/03/12 14:37:51.569294 [22;34mDEBUG[0m Return monitor from  scheduler : , bw flag : false, limit : 0 - rtmpquic.go:249
2026/03/12 14:37:51.569416 [22;36m INFO[0m IframeComing false, resideSizeInGOP 400833, meanGOP 1.928633e+06, meanI 239388, curgop 1527800, curI 299526 - rtmpquic.go:283
2026/03/12 14:37:51.569461 [22;36m INFO[0m UNKEYBEHIND 45,limit:0 - rtmpquic.go:284
2026/03/12 14:37:51.569470 [22;34mDEBUG[0m 45 p frame 44167 - rtmpquic.go:294
2026/03/12 14:37:51.569526 [22;34mDEBUG[0m 
chunk:1247 chunk-dur:34ms, timestamp:41534 - rtmpquic.go:220
2026/03/12 14:37:51.602107 [22;34mDEBUG[0m Return monitor from  scheduler : , bw flag : false, limit : 0 - rtmpquic.go:249
2026/03/12 14:37:51.602133 [22;36m INFO[0m IframeComing false, resideSizeInGOP 362848, meanGOP 1.928633e+06, meanI 239388, curgop 1565785, curI 299526 - rtmpquic.go:283
2026/03/12 14:37:51.602139 [22;36m INFO[0m UNKEYBEHIND 46,limit:0 - rtmpquic.go:284
2026/03/12 14:37:51.602142 [22;34mDEBUG[0m 46 p frame 37985 - rtmpquic.go:294
2026/03/12 14:37:51.602225 [22;34mDEBUG[0m 
chunk:1248 chunk-dur:33ms, timestamp:41567 - rtmpquic.go:220
2026/03/12 14:37:51.634773 [22;34mDEBUG[0m Return monitor from  scheduler : , bw flag : false, limit : 0 - rtmpquic.go:249
2026/03/12 14:37:51.634807 [22;36m INFO[0m IframeComing false, resideSizeInGOP 287005, meanGOP 1.928633e+06, meanI 239388, curgop 1641628, curI 299526 - rtmpquic.go:283
2026/03/12 14:37:51.634812 [22;36m INFO[0m UNKEYBEHIND 47,limit:0 - rtmpquic.go:284
2026/03/12 14:37:51.634816 [22;34mDEBUG[0m 47 p frame 75843 - rtmpquic.go:294
2026/03/12 14:37:51.634849 [22;34mDEBUG[0m 
chunk:1249 chunk-dur:32ms, timestamp:41600 - rtmpquic.go:220
2026/03/12 14:37:51.668172 [22;34mDEBUG[0m Return monitor from  scheduler : , bw flag : false, limit : 0 - rtmpquic.go:249
2026/03/12 14:37:51.668204 [22;36m INFO[0m IframeComing false, resideSizeInGOP 274821, meanGOP 1.928633e+06, meanI 239388, curgop 1653812, curI 299526 - rtmpquic.go:283
2026/03/12 14:37:51.668209 [22;36m INFO[0m UNKEYBEHIND 48,limit:0 - rtmpquic.go:284
2026/03/12 14:37:51.668212 [22;34mDEBUG[0m 48 p frame 12184 - rtmpquic.go:294
2026/03/12 14:37:51.668637 [22;34mDEBUG[0m 
chunk:1250 chunk-dur:34ms, timestamp:41634 - rtmpquic.go:220
2026/03/12 14:37:51.702089 [22;34mDEBUG[0m Return monitor from  scheduler : , bw flag : false, limit : 0 - rtmpquic.go:249
2026/03/12 14:37:51.702120 [22;36m INFO[0m IframeComing false, resideSizeInGOP 223000, meanGOP 1.928633e+06, meanI 239388, curgop 1705633, curI 299526 - rtmpquic.go:283
2026/03/12 14:37:51.702125 [22;36m INFO[0m UNKEYBEHIND 49,limit:0 - rtmpquic.go:284
2026/03/12 14:37:51.702128 [22;34mDEBUG[0m 49 p frame 51821 - rtmpquic.go:294
2026/03/12 14:37:51.702195 [22;34mDEBUG[0m 
chunk:1251 chunk-dur:34ms, timestamp:41667 - rtmpquic.go:220
2026/03/12 14:37:51.734650 [22;34mDEBUG[0m Return monitor from  scheduler : , bw flag : false, limit : 0 - rtmpquic.go:249
2026/03/12 14:37:51.734692 [22;36m INFO[0m IframeComing false, resideSizeInGOP 193565, meanGOP 1.928633e+06, meanI 239388, curgop 1735068, curI 299526 - rtmpquic.go:283
2026/03/12 14:37:51.734700 [22;36m INFO[0m UNKEYBEHIND 50,limit:0 - rtmpquic.go:284
2026/03/12 14:37:51.734705 [22;34mDEBUG[0m 50 p frame 29435 - rtmpquic.go:294
2026/03/12 14:37:51.734752 [22;34mDEBUG[0m 
chunk:1252 chunk-dur:32ms, timestamp:41700 - rtmpquic.go:220
2026/03/12 14:37:51.768948 [22;34mDEBUG[0m Return monitor from  scheduler : , bw flag : false, limit : 0 - rtmpquic.go:249
2026/03/12 14:37:51.769015 [22;36m INFO[0m IframeComing false, resideSizeInGOP 154127, meanGOP 1.928633e+06, meanI 239388, curgop 1774506, curI 299526 - rtmpquic.go:283
2026/03/12 14:37:51.769024 [22;36m INFO[0m UNKEYBEHIND 51,limit:0 - rtmpquic.go:284
2026/03/12 14:37:51.769028 [22;34mDEBUG[0m 51 p frame 39438 - rtmpquic.go:294
2026/03/12 14:37:51.769098 [22;34mDEBUG[0m 
chunk:1253 chunk-dur:35ms, timestamp:41734 - rtmpquic.go:220
2026/03/12 14:37:51.801653 [22;34mDEBUG[0m Return monitor from  scheduler : , bw flag : false, limit : 0 - rtmpquic.go:249
2026/03/12 14:37:51.801685 [22;36m INFO[0m IframeComing false, resideSizeInGOP 102949, meanGOP 1.928633e+06, meanI 239388, curgop 1825684, curI 299526 - rtmpquic.go:283
2026/03/12 14:37:51.801690 [22;36m INFO[0m UNKEYBEHIND 52,limit:0 - rtmpquic.go:284
2026/03/12 14:37:51.801693 [22;34mDEBUG[0m 52 p frame 51178 - rtmpquic.go:294
2026/03/12 14:37:51.801855 [22;34mDEBUG[0m 
chunk:1254 chunk-dur:32ms, timestamp:41767 - rtmpquic.go:220
2026/03/12 14:37:51.835783 [22;34mDEBUG[0m Return monitor from  scheduler : , bw flag : false, limit : 0 - rtmpquic.go:249
2026/03/12 14:37:51.835849 [22;36m INFO[0m IframeComing false, resideSizeInGOP 94833, meanGOP 1.928633e+06, meanI 239388, curgop 1833800, curI 299526 - rtmpquic.go:283
2026/03/12 14:37:51.835856 [22;36m INFO[0m UNKEYBEHIND 53,limit:0 - rtmpquic.go:284
2026/03/12 14:37:51.835860 [22;34mDEBUG[0m 53 p frame 8116 - rtmpquic.go:294
2026/03/12 14:37:51.836056 [22;34mDEBUG[0m 
chunk:1255 chunk-dur:35ms, timestamp:41800 - rtmpquic.go:220
2026/03/12 14:37:51.868477 [22;34mDEBUG[0m Return monitor from  scheduler : , bw flag : false, limit : 0 - rtmpquic.go:249
2026/03/12 14:37:51.868503 [22;36m INFO[0m IframeComing false, resideSizeInGOP 53802, meanGOP 1.928633e+06, meanI 239388, curgop 1874831, curI 299526 - rtmpquic.go:283
2026/03/12 14:37:51.868508 [22;36m INFO[0m UNKEYBEHIND 54,limit:0 - rtmpquic.go:284
2026/03/12 14:37:51.868512 [22;34mDEBUG[0m 54 p frame 41031 - rtmpquic.go:294
2026/03/12 14:37:51.868578 [22;34mDEBUG[0m 
chunk:1256 chunk-dur:32ms, timestamp:41834 - rtmpquic.go:220
2026/03/12 14:37:51.901753 [22;34mDEBUG[0m Return monitor from  scheduler : , bw flag : false, limit : 0 - rtmpquic.go:249
2026/03/12 14:37:51.901784 [22;36m INFO[0m IframeComing false, resideSizeInGOP 46586, meanGOP 1.928633e+06, meanI 239388, curgop 1882047, curI 299526 - rtmpquic.go:283
2026/03/12 14:37:51.901789 [22;36m INFO[0m UNKEYBEHIND 55,limit:0 - rtmpquic.go:284
2026/03/12 14:37:51.901793 [22;34mDEBUG[0m 55 p frame 7216 - rtmpquic.go:294
2026/03/12 14:37:51.901836 [22;34mDEBUG[0m 
chunk:1257 chunk-dur:33ms, timestamp:41867 - rtmpquic.go:220
2026/03/12 14:37:51.935146 [22;34mDEBUG[0m Return monitor from  scheduler : , bw flag : false, limit : 0 - rtmpquic.go:249
2026/03/12 14:37:51.935186 [22;36m INFO[0m IframeComing false, resideSizeInGOP 15807, meanGOP 1.928633e+06, meanI 239388, curgop 1912826, curI 299526 - rtmpquic.go:283
2026/03/12 14:37:51.935191 [22;36m INFO[0m UNKEYBEHIND 56,limit:0 - rtmpquic.go:284
2026/03/12 14:37:51.935195 [22;34mDEBUG[0m 56 p frame 30779 - rtmpquic.go:294
2026/03/12 14:37:51.935279 [22;34mDEBUG[0m 
chunk:1258 chunk-dur:34ms, timestamp:41900 - rtmpquic.go:220
2026/03/12 14:37:51.967555 [22;34mDEBUG[0m Return monitor from  scheduler : , bw flag : false, limit : 0 - rtmpquic.go:249
2026/03/12 14:37:51.967627 [22;36m INFO[0m IframeComing true, resideSizeInGOP -11204, meanGOP 1.928633e+06, meanI 239388, curgop 1939837, curI 299526 - rtmpquic.go:283
2026/03/12 14:37:51.967635 [22;36m INFO[0m UNKEYBEHIND 57,limit:0 - rtmpquic.go:284
2026/03/12 14:37:51.967639 [22;34mDEBUG[0m 57 p frame 27011 - rtmpquic.go:294
2026/03/12 14:37:51.967695 [22;34mDEBUG[0m 
chunk:1259 chunk-dur:32ms, timestamp:41934 - rtmpquic.go:220
2026/03/12 14:37:52.001938 [22;34mDEBUG[0m Return monitor from  scheduler : , bw flag : false, limit : 0 - rtmpquic.go:249
2026/03/12 14:37:52.001962 [22;36m INFO[0m IframeComing true, resideSizeInGOP -36405, meanGOP 1.928633e+06, meanI 239388, curgop 1965038, curI 299526 - rtmpquic.go:283
2026/03/12 14:37:52.001967 [22;36m INFO[0m UNKEYBEHIND 58,limit:0 - rtmpquic.go:284
2026/03/12 14:37:52.001970 [22;34mDEBUG[0m 58 p frame 25201 - rtmpquic.go:294
2026/03/12 14:37:52.002031 [22;34mDEBUG[0m 
chunk:1260 chunk-dur:35ms, timestamp:41967 - rtmpquic.go:220
2026/03/12 14:37:52.035081 [22;34mDEBUG[0m Return monitor from  scheduler : , bw flag : false, limit : 0 - rtmpquic.go:249
2026/03/12 14:37:52.035101 [22;36m INFO[0m IframeComing true, resideSizeInGOP -69154, meanGOP 1.928633e+06, meanI 239388, curgop 1997787, curI 299526 - rtmpquic.go:283
2026/03/12 14:37:52.035106 [22;36m INFO[0m UNKEYBEHIND 59,limit:0 - rtmpquic.go:284
2026/03/12 14:37:52.035110 [22;34mDEBUG[0m 59 p frame 32749 - rtmpquic.go:294
2026/03/12 14:37:52.035272 [22;34mDEBUG[0m 
chunk:1261 chunk-dur:33ms, timestamp:42000 - rtmpquic.go:220
2026/03/12 14:37:52.067492 [22;34mDEBUG[0m Return monitor from  scheduler : , bw flag : false, limit : 0 - rtmpquic.go:249
key tag 144940
2026/03/12 14:37:52.067516 [22;34mDEBUG[0m 22 I frame 144940 - rtmpquic.go:275
2026/03/12 14:37:52.067608 [22;34mDEBUG[0m 
chunk:1262 chunk-dur:32ms, timestamp:42034 - rtmpquic.go:220
2026/03/12 14:37:52.101183 [22;34mDEBUG[0m bitrate:8.123609 Mbps - client_session.go:438
2026/03/12 14:37:52.102267 [22;34mDEBUG[0m Return monitor from  scheduler : , bw flag : false, limit : 0 - rtmpquic.go:249
2026/03/12 14:37:52.102283 [22;36m INFO[0m IframeComing false, resideSizeInGOP 1.724605e+06, meanGOP 1.931926e+06, meanI 242252, curgop 207321, curI 144940 - rtmpquic.go:283
2026/03/12 14:37:52.102287 [22;36m INFO[0m UNKEYBEHIND 1,limit:0 - rtmpquic.go:284
2026/03/12 14:37:52.102290 [22;34mDEBUG[0m 1 p frame 62381 - rtmpquic.go:294
2026/03/12 14:37:52.102342 [22;34mDEBUG[0m 
chunk:1263 chunk-dur:35ms, timestamp:42067 - rtmpquic.go:220
2026/03/12 14:37:52.135449 [22;34mDEBUG[0m Return monitor from  scheduler : , bw flag : false, limit : 0 - rtmpquic.go:249
2026/03/12 14:37:52.135475 [22;36m INFO[0m IframeComing false, resideSizeInGOP 1.671853e+06, meanGOP 1.931926e+06, meanI 242252, curgop 260073, curI 144940 - rtmpquic.go:283
2026/03/12 14:37:52.135479 [22;36m INFO[0m UNKEYBEHIND 2,limit:0 - rtmpquic.go:284
2026/03/12 14:37:52.135483 [22;34mDEBUG[0m 2 p frame 52752 - rtmpquic.go:294
2026/03/12 14:37:52.135502 [22;34mDEBUG[0m 
chunk:1264 chunk-dur:33ms, timestamp:42100 - rtmpquic.go:220
2026/03/12 14:37:52.167908 [22;34mDEBUG[0m Return monitor from  scheduler : , bw flag : false, limit : 0 - rtmpquic.go:249
2026/03/12 14:37:52.167930 [22;36m INFO[0m IframeComing false, resideSizeInGOP 1.660142e+06, meanGOP 1.931926e+06, meanI 242252, curgop 271784, curI 144940 - rtmpquic.go:283
2026/03/12 14:37:52.167947 [22;36m INFO[0m UNKEYBEHIND 3,limit:0 - rtmpquic.go:284
2026/03/12 14:37:52.167951 [22;34mDEBUG[0m 3 p frame 11711 - rtmpquic.go:294
2026/03/12 14:37:52.167989 [22;34mDEBUG[0m 
chunk:1265 chunk-dur:32ms, timestamp:42134 - rtmpquic.go:220
2026/03/12 14:37:52.202922 [22;34mDEBUG[0m Return monitor from  scheduler : , bw flag : false, limit : 0 - rtmpquic.go:249
2026/03/12 14:37:52.202947 [22;36m INFO[0m IframeComing false, resideSizeInGOP 1.64111e+06, meanGOP 1.931926e+06, meanI 242252, curgop 290816, curI 144940 - rtmpquic.go:283
2026/03/12 14:37:52.202953 [22;36m INFO[0m UNKEYBEHIND 4,limit:0 - rtmpquic.go:284
2026/03/12 14:37:52.202956 [22;34mDEBUG[0m 4 p frame 19032 - rtmpquic.go:294
2026/03/12 14:37:52.203020 [22;34mDEBUG[0m 
chunk:1266 chunk-dur:36ms, timestamp:42167 - rtmpquic.go:220
2026/03/12 14:37:52.234521 [22;34mDEBUG[0m Return monitor from  scheduler : , bw flag : false, limit : 0 - rtmpquic.go:249
2026/03/12 14:37:52.234549 [22;36m INFO[0m IframeComing false, resideSizeInGOP 1.579993e+06, meanGOP 1.931926e+06, meanI 242252, curgop 351933, curI 144940 - rtmpquic.go:283
2026/03/12 14:37:52.234553 [22;36m INFO[0m UNKEYBEHIND 5,limit:0 - rtmpquic.go:284
2026/03/12 14:37:52.234556 [22;34mDEBUG[0m 5 p frame 61117 - rtmpquic.go:294
2026/03/12 14:37:52.234595 [22;34mDEBUG[0m 
chunk:1267 chunk-dur:31ms, timestamp:42200 - rtmpquic.go:220
2026/03/12 14:37:52.268150 [22;34mDEBUG[0m Return monitor from  scheduler : , bw flag : false, limit : 0 - rtmpquic.go:249
2026/03/12 14:37:52.268190 [22;36m INFO[0m IframeComing false, resideSizeInGOP 1.55967e+06, meanGOP 1.931926e+06, meanI 242252, curgop 372256, curI 144940 - rtmpquic.go:283
2026/03/12 14:37:52.268208 [22;36m INFO[0m UNKEYBEHIND 6,limit:0 - rtmpquic.go:284
2026/03/12 14:37:52.268211 [22;34mDEBUG[0m 6 p frame 20323 - rtmpquic.go:294
2026/03/12 14:37:52.268220 [22;34mDEBUG[0m 
chunk:1268 chunk-dur:34ms, timestamp:42234 - rtmpquic.go:220
2026/03/12 14:37:52.302824 [22;34mDEBUG[0m Return monitor from  scheduler : , bw flag : false, limit : 0 - rtmpquic.go:249
2026/03/12 14:37:52.302852 [22;36m INFO[0m IframeComing false, resideSizeInGOP 1.547463e+06, meanGOP 1.931926e+06, meanI 242252, curgop 384463, curI 144940 - rtmpquic.go:283
2026/03/12 14:37:52.302857 [22;36m INFO[0m UNKEYBEHIND 7,limit:0 - rtmpquic.go:284
2026/03/12 14:37:52.302860 [22;34mDEBUG[0m 7 p frame 12207 - rtmpquic.go:294
2026/03/12 14:37:52.303017 [22;34mDEBUG[0m 
chunk:1269 chunk-dur:35ms, timestamp:42267 - rtmpquic.go:220
2026/03/12 14:37:52.334235 [22;34mDEBUG[0m Return monitor from  scheduler : , bw flag : false, limit : 0 - rtmpquic.go:249
2026/03/12 14:37:52.334256 [22;36m INFO[0m IframeComing false, resideSizeInGOP 1.524678e+06, meanGOP 1.931926e+06, meanI 242252, curgop 407248, curI 144940 - rtmpquic.go:283
2026/03/12 14:37:52.334261 [22;36m INFO[0m UNKEYBEHIND 8,limit:0 - rtmpquic.go:284
2026/03/12 14:37:52.334264 [22;34mDEBUG[0m 8 p frame 22785 - rtmpquic.go:294
2026/03/12 14:37:52.334334 [22;34mDEBUG[0m 
chunk:1270 chunk-dur:31ms, timestamp:42300 - rtmpquic.go:220
2026/03/12 14:37:52.368446 [22;34mDEBUG[0m Return monitor from  scheduler : , bw flag : false, limit : 0 - rtmpquic.go:249
2026/03/12 14:37:52.368492 [22;36m INFO[0m IframeComing false, resideSizeInGOP 1.469356e+06, meanGOP 1.931926e+06, meanI 242252, curgop 462570, curI 144940 - rtmpquic.go:283
2026/03/12 14:37:52.368499 [22;36m INFO[0m UNKEYBEHIND 9,limit:0 - rtmpquic.go:284
2026/03/12 14:37:52.368502 [22;34mDEBUG[0m 9 p frame 55322 - rtmpquic.go:294
2026/03/12 14:37:52.368548 [22;34mDEBUG[0m 
chunk:1271 chunk-dur:34ms, timestamp:42334 - rtmpquic.go:220
2026/03/12 14:37:52.402355 [22;34mDEBUG[0m Return monitor from  scheduler : , bw flag : false, limit : 0 - rtmpquic.go:249
2026/03/12 14:37:52.402389 [22;36m INFO[0m IframeComing false, resideSizeInGOP 1.45391e+06, meanGOP 1.931926e+06, meanI 242252, curgop 478016, curI 144940 - rtmpquic.go:283
2026/03/12 14:37:52.402394 [22;36m INFO[0m UNKEYBEHIND 10,limit:0 - rtmpquic.go:284
2026/03/12 14:37:52.402397 [22;34mDEBUG[0m 10 p frame 15446 - rtmpquic.go:294
2026/03/12 14:37:52.402501 [22;34mDEBUG[0m 
chunk:1272 chunk-dur:34ms, timestamp:42367 - rtmpquic.go:220
2026/03/12 14:37:52.435049 [22;34mDEBUG[0m Return monitor from  scheduler : , bw flag : false, limit : 0 - rtmpquic.go:249
2026/03/12 14:37:52.435079 [22;36m INFO[0m IframeComing false, resideSizeInGOP 1.373263e+06, meanGOP 1.931926e+06, meanI 242252, curgop 558663, curI 144940 - rtmpquic.go:283
2026/03/12 14:37:52.435087 [22;36m INFO[0m UNKEYBEHIND 11,limit:0 - rtmpquic.go:284
2026/03/12 14:37:52.435094 [22;34mDEBUG[0m 11 p frame 80647 - rtmpquic.go:294
2026/03/12 14:37:52.435162 [22;34mDEBUG[0m 
chunk:1273 chunk-dur:33ms, timestamp:42400 - rtmpquic.go:220
2026/03/12 14:37:52.467809 [22;34mDEBUG[0m Return monitor from  scheduler : , bw flag : false, limit : 0 - rtmpquic.go:249
2026/03/12 14:37:52.467841 [22;36m INFO[0m IframeComing false, resideSizeInGOP 1.337107e+06, meanGOP 1.931926e+06, meanI 242252, curgop 594819, curI 144940 - rtmpquic.go:283
2026/03/12 14:37:52.467845 [22;36m INFO[0m UNKEYBEHIND 12,limit:0 - rtmpquic.go:284
2026/03/12 14:37:52.467849 [22;34mDEBUG[0m 12 p frame 36156 - rtmpquic.go:294
2026/03/12 14:37:52.467928 [22;34mDEBUG[0m 
chunk:1274 chunk-dur:32ms, timestamp:42434 - rtmpquic.go:220
2026/03/12 14:37:52.502499 [22;34mDEBUG[0m Return monitor from  scheduler : , bw flag : false, limit : 0 - rtmpquic.go:249
2026/03/12 14:37:52.502604 [22;36m INFO[0m IframeComing false, resideSizeInGOP 1.322962e+06, meanGOP 1.931926e+06, meanI 242252, curgop 608964, curI 144940 - rtmpquic.go:283
2026/03/12 14:37:52.502631 [22;36m INFO[0m UNKEYBEHIND 13,limit:0 - rtmpquic.go:284
2026/03/12 14:37:52.502640 [22;34mDEBUG[0m 13 p frame 14145 - rtmpquic.go:294
2026/03/12 14:37:52.502811 [22;34mDEBUG[0m 
chunk:1275 chunk-dur:35ms, timestamp:42467 - rtmpquic.go:220
2026/03/12 14:37:52.535296 [22;34mDEBUG[0m Return monitor from  scheduler : , bw flag : false, limit : 0 - rtmpquic.go:249
2026/03/12 14:37:52.535335 [22;36m INFO[0m IframeComing false, resideSizeInGOP 1.30225e+06, meanGOP 1.931926e+06, meanI 242252, curgop 629676, curI 144940 - rtmpquic.go:283
2026/03/12 14:37:52.535340 [22;36m INFO[0m UNKEYBEHIND 14,limit:0 - rtmpquic.go:284
2026/03/12 14:37:52.535343 [22;34mDEBUG[0m 14 p frame 20712 - rtmpquic.go:294
2026/03/12 14:37:52.535463 [22;34mDEBUG[0m 
chunk:1276 chunk-dur:33ms, timestamp:42500 - rtmpquic.go:220
2026/03/12 14:37:52.567830 [22;34mDEBUG[0m Return monitor from  scheduler : , bw flag : false, limit : 0 - rtmpquic.go:249
2026/03/12 14:37:52.567857 [22;36m INFO[0m IframeComing false, resideSizeInGOP 1.222501e+06, meanGOP 1.931926e+06, meanI 242252, curgop 709425, curI 144940 - rtmpquic.go:283
2026/03/12 14:37:52.567862 [22;36m INFO[0m UNKEYBEHIND 15,limit:0 - rtmpquic.go:284
2026/03/12 14:37:52.567866 [22;34mDEBUG[0m 15 p frame 79749 - rtmpquic.go:294
2026/03/12 14:37:52.568048 [22;34mDEBUG[0m 
chunk:1277 chunk-dur:33ms, timestamp:42534 - rtmpquic.go:220
2026/03/12 14:37:52.601851 [22;34mDEBUG[0m Return monitor from  scheduler : , bw flag : false, limit : 0 - rtmpquic.go:249
2026/03/12 14:37:52.601914 [22;36m INFO[0m IframeComing false, resideSizeInGOP 1.137361e+06, meanGOP 1.931926e+06, meanI 242252, curgop 794565, curI 144940 - rtmpquic.go:283
2026/03/12 14:37:52.601921 [22;36m INFO[0m UNKEYBEHIND 16,limit:0 - rtmpquic.go:284
2026/03/12 14:37:52.601938 [22;34mDEBUG[0m 16 p frame 85140 - rtmpquic.go:294
2026/03/12 14:37:52.601956 [22;34mDEBUG[0m 
chunk:1278 chunk-dur:33ms, timestamp:42567 - rtmpquic.go:220
2026/03/12 14:37:52.636058 [22;34mDEBUG[0m Return monitor from  scheduler : , bw flag : false, limit : 0 - rtmpquic.go:249
2026/03/12 14:37:52.636084 [22;36m INFO[0m IframeComing false, resideSizeInGOP 1.127011e+06, meanGOP 1.931926e+06, meanI 242252, curgop 804915, curI 144940 - rtmpquic.go:283
2026/03/12 14:37:52.636088 [22;36m INFO[0m UNKEYBEHIND 17,limit:0 - rtmpquic.go:284
2026/03/12 14:37:52.636092 [22;34mDEBUG[0m 17 p frame 10350 - rtmpquic.go:294
2026/03/12 14:37:52.636263 [22;34mDEBUG[0m 
chunk:1279 chunk-dur:35ms, timestamp:42600 - rtmpquic.go:220
2026/03/12 14:37:52.668230 [22;34mDEBUG[0m Return monitor from  scheduler : , bw flag : false, limit : 0 - rtmpquic.go:249
2026/03/12 14:37:52.668258 [22;36m INFO[0m IframeComing false, resideSizeInGOP 1.029657e+06, meanGOP 1.931926e+06, meanI 242252, curgop 902269, curI 144940 - rtmpquic.go:283
2026/03/12 14:37:52.668262 [22;36m INFO[0m UNKEYBEHIND 18,limit:0 - rtmpquic.go:284
2026/03/12 14:37:52.668267 [22;34mDEBUG[0m 18 p frame 97354 - rtmpquic.go:294
2026/03/12 14:37:52.668346 [22;34mDEBUG[0m 
chunk:1280 chunk-dur:32ms, timestamp:42634 - rtmpquic.go:220
2026/03/12 14:37:52.702173 [22;34mDEBUG[0m Return monitor from  scheduler : , bw flag : false, limit : 0 - rtmpquic.go:249
2026/03/12 14:37:52.702201 [22;36m INFO[0m IframeComing false, resideSizeInGOP 1.009582e+06, meanGOP 1.931926e+06, meanI 242252, curgop 922344, curI 144940 - rtmpquic.go:283
2026/03/12 14:37:52.702206 [22;36m INFO[0m UNKEYBEHIND 19,limit:0 - rtmpquic.go:284
2026/03/12 14:37:52.702210 [22;34mDEBUG[0m 19 p frame 20075 - rtmpquic.go:294
2026/03/12 14:37:52.702224 [22;34mDEBUG[0m 
chunk:1281 chunk-dur:34ms, timestamp:42667 - rtmpquic.go:220
2026/03/12 14:37:52.735265 [22;34mDEBUG[0m Return monitor from  scheduler : , bw flag : false, limit : 0 - rtmpquic.go:249
2026/03/12 14:37:52.735317 [22;36m INFO[0m IframeComing false, resideSizeInGOP 1.001435e+06, meanGOP 1.931926e+06, meanI 242252, curgop 930491, curI 144940 - rtmpquic.go:283
2026/03/12 14:37:52.735322 [22;36m INFO[0m UNKEYBEHIND 20,limit:0 - rtmpquic.go:284
2026/03/12 14:37:52.735325 [22;34mDEBUG[0m 20 p frame 8147 - rtmpquic.go:294
2026/03/12 14:37:52.735399 [22;34mDEBUG[0m 
chunk:1282 chunk-dur:33ms, timestamp:42700 - rtmpquic.go:220
2026/03/12 14:37:52.767459 [22;34mDEBUG[0m Return monitor from  scheduler : , bw flag : false, limit : 0 - rtmpquic.go:249
2026/03/12 14:37:52.767591 [22;36m INFO[0m IframeComing false, resideSizeInGOP 936481, meanGOP 1.931926e+06, meanI 242252, curgop 995445, curI 144940 - rtmpquic.go:283
2026/03/12 14:37:52.767598 [22;36m INFO[0m UNKEYBEHIND 21,limit:0 - rtmpquic.go:284
2026/03/12 14:37:52.767602 [22;34mDEBUG[0m 21 p frame 64954 - rtmpquic.go:294
2026/03/12 14:37:52.767628 [22;34mDEBUG[0m 
chunk:1283 chunk-dur:32ms, timestamp:42734 - rtmpquic.go:220
2026/03/12 14:37:52.802361 [22;34mDEBUG[0m Return monitor from  scheduler : , bw flag : false, limit : 0 - rtmpquic.go:249
2026/03/12 14:37:52.802421 [22;36m INFO[0m IframeComing false, resideSizeInGOP 920040, meanGOP 1.931926e+06, meanI 242252, curgop 1011886, curI 144940 - rtmpquic.go:283
2026/03/12 14:37:52.802427 [22;36m INFO[0m UNKEYBEHIND 22,limit:0 - rtmpquic.go:284
2026/03/12 14:37:52.802431 [22;34mDEBUG[0m 22 p frame 16441 - rtmpquic.go:294
2026/03/12 14:37:52.802738 [22;34mDEBUG[0m 
chunk:1284 chunk-dur:35ms, timestamp:42767 - rtmpquic.go:220
2026/03/12 14:37:52.835674 [22;34mDEBUG[0m Return monitor from  scheduler : , bw flag : false, limit : 0 - rtmpquic.go:249
2026/03/12 14:37:52.835703 [22;36m INFO[0m IframeComing false, resideSizeInGOP 910008, meanGOP 1.931926e+06, meanI 242252, curgop 1021918, curI 144940 - rtmpquic.go:283
2026/03/12 14:37:52.835708 [22;36m INFO[0m UNKEYBEHIND 23,limit:0 - rtmpquic.go:284
2026/03/12 14:37:52.835711 [22;34mDEBUG[0m 23 p frame 10032 - rtmpquic.go:294
2026/03/12 14:37:52.835790 [22;34mDEBUG[0m 
chunk:1285 chunk-dur:33ms, timestamp:42800 - rtmpquic.go:220
2026/03/12 14:37:52.868540 [22;34mDEBUG[0m Return monitor from  scheduler : , bw flag : false, limit : 0 - rtmpquic.go:249
2026/03/12 14:37:52.868567 [22;36m INFO[0m IframeComing false, resideSizeInGOP 854950, meanGOP 1.931926e+06, meanI 242252, curgop 1076976, curI 144940 - rtmpquic.go:283
2026/03/12 14:37:52.868572 [22;36m INFO[0m UNKEYBEHIND 24,limit:0 - rtmpquic.go:284
2026/03/12 14:37:52.868575 [22;34mDEBUG[0m 24 p frame 55058 - rtmpquic.go:294
2026/03/12 14:37:52.868748 [22;34mDEBUG[0m 
chunk:1286 chunk-dur:33ms, timestamp:42834 - rtmpquic.go:220
2026/03/12 14:37:52.902253 [22;34mDEBUG[0m Return monitor from  scheduler : , bw flag : false, limit : 0 - rtmpquic.go:249
2026/03/12 14:37:52.902280 [22;36m INFO[0m IframeComing false, resideSizeInGOP 837646, meanGOP 1.931926e+06, meanI 242252, curgop 1094280, curI 144940 - rtmpquic.go:283
2026/03/12 14:37:52.902285 [22;36m INFO[0m UNKEYBEHIND 25,limit:0 - rtmpquic.go:284
2026/03/12 14:37:52.902289 [22;34mDEBUG[0m 25 p frame 17304 - rtmpquic.go:294
2026/03/12 14:37:52.902366 [22;34mDEBUG[0m 
chunk:1287 chunk-dur:34ms, timestamp:42867 - rtmpquic.go:220
2026/03/12 14:37:52.935529 [22;34mDEBUG[0m Return monitor from  scheduler : , bw flag : false, limit : 0 - rtmpquic.go:249
2026/03/12 14:37:52.935565 [22;36m INFO[0m IframeComing false, resideSizeInGOP 761270, meanGOP 1.931926e+06, meanI 242252, curgop 1170656, curI 144940 - rtmpquic.go:283
2026/03/12 14:37:52.935570 [22;36m INFO[0m UNKEYBEHIND 26,limit:0 - rtmpquic.go:284
2026/03/12 14:37:52.935573 [22;34mDEBUG[0m 26 p frame 76376 - rtmpquic.go:294
2026/03/12 14:37:52.935598 [22;34mDEBUG[0m 
chunk:1288 chunk-dur:33ms, timestamp:42900 - rtmpquic.go:220
2026/03/12 14:37:52.968604 [22;34mDEBUG[0m Return monitor from  scheduler : , bw flag : false, limit : 0 - rtmpquic.go:249
2026/03/12 14:37:52.968637 [22;36m INFO[0m IframeComing false, resideSizeInGOP 740954, meanGOP 1.931926e+06, meanI 242252, curgop 1190972, curI 144940 - rtmpquic.go:283
2026/03/12 14:37:52.968642 [22;36m INFO[0m UNKEYBEHIND 27,limit:0 - rtmpquic.go:284
2026/03/12 14:37:52.968645 [22;34mDEBUG[0m 27 p frame 20316 - rtmpquic.go:294
2026/03/12 14:37:52.968665 [22;34mDEBUG[0m 
chunk:1289 chunk-dur:33ms, timestamp:42934 - rtmpquic.go:220
2026/03/12 14:37:53.002751 [22;34mDEBUG[0m Return monitor from  scheduler : , bw flag : false, limit : 0 - rtmpquic.go:249
2026/03/12 14:37:53.002786 [22;36m INFO[0m IframeComing false, resideSizeInGOP 727326, meanGOP 1.931926e+06, meanI 242252, curgop 1204600, curI 144940 - rtmpquic.go:283
2026/03/12 14:37:53.002790 [22;36m INFO[0m UNKEYBEHIND 28,limit:0 - rtmpquic.go:284
2026/03/12 14:37:53.002794 [22;34mDEBUG[0m 28 p frame 13628 - rtmpquic.go:294
2026/03/12 14:37:53.003052 [22;34mDEBUG[0m 
chunk:1290 chunk-dur:35ms, timestamp:42967 - rtmpquic.go:220
2026/03/12 14:37:53.034445 [22;34mDEBUG[0m Return monitor from  scheduler : , bw flag : false, limit : 0 - rtmpquic.go:249
2026/03/12 14:37:53.034460 [22;36m INFO[0m IframeComing false, resideSizeInGOP 661784, meanGOP 1.931926e+06, meanI 242252, curgop 1270142, curI 144940 - rtmpquic.go:283
2026/03/12 14:37:53.034465 [22;36m INFO[0m UNKEYBEHIND 29,limit:0 - rtmpquic.go:284
2026/03/12 14:37:53.034468 [22;34mDEBUG[0m 29 p frame 65542 - rtmpquic.go:294
2026/03/12 14:37:53.034496 [22;34mDEBUG[0m 
chunk:1291 chunk-dur:31ms, timestamp:43000 - rtmpquic.go:220
2026/03/12 14:37:53.067913 [22;34mDEBUG[0m Return monitor from  scheduler : , bw flag : false, limit : 0 - rtmpquic.go:249
2026/03/12 14:37:53.067938 [22;36m INFO[0m IframeComing false, resideSizeInGOP 646882, meanGOP 1.931926e+06, meanI 242252, curgop 1285044, curI 144940 - rtmpquic.go:283
2026/03/12 14:37:53.067943 [22;36m INFO[0m UNKEYBEHIND 30,limit:0 - rtmpquic.go:284
2026/03/12 14:37:53.067946 [22;34mDEBUG[0m 30 p frame 14902 - rtmpquic.go:294
2026/03/12 14:37:53.067965 [22;34mDEBUG[0m 
chunk:1292 chunk-dur:33ms, timestamp:43034 - rtmpquic.go:220
2026/03/12 14:37:53.102029 [22;34mDEBUG[0m Return monitor from  scheduler : , bw flag : false, limit : 0 - rtmpquic.go:249
2026/03/12 14:37:53.102051 [22;36m INFO[0m IframeComing false, resideSizeInGOP 636639, meanGOP 1.931926e+06, meanI 242252, curgop 1295287, curI 144940 - rtmpquic.go:283
2026/03/12 14:37:53.102055 [22;34mDEBUG[0m bitrate:8.690692 Mbps - client_session.go:438
2026/03/12 14:37:53.102072 [22;36m INFO[0m UNKEYBEHIND 31,limit:0 - rtmpquic.go:284
2026/03/12 14:37:53.102085 [22;34mDEBUG[0m 31 p frame 10243 - rtmpquic.go:294
2026/03/12 14:37:53.102147 [22;34mDEBUG[0m 
chunk:1293 chunk-dur:35ms, timestamp:43067 - rtmpquic.go:220
2026/03/12 14:37:53.136021 [22;34mDEBUG[0m Return monitor from  scheduler : , bw flag : false, limit : 0 - rtmpquic.go:249
2026/03/12 14:37:53.136044 [22;36m INFO[0m IframeComing false, resideSizeInGOP 554652, meanGOP 1.931926e+06, meanI 242252, curgop 1377274, curI 144940 - rtmpquic.go:283
2026/03/12 14:37:53.136048 [22;36m INFO[0m UNKEYBEHIND 32,limit:0 - rtmpquic.go:284
2026/03/12 14:37:53.136052 [22;34mDEBUG[0m 32 p frame 81987 - rtmpquic.go:294
2026/03/12 14:37:53.136092 [22;34mDEBUG[0m 
chunk:1294 chunk-dur:34ms, timestamp:43100 - rtmpquic.go:220
2026/03/12 14:37:53.167954 [22;34mDEBUG[0m Return monitor from  scheduler : , bw flag : false, limit : 0 - rtmpquic.go:249
2026/03/12 14:37:53.167970 [22;36m INFO[0m IframeComing false, resideSizeInGOP 517388, meanGOP 1.931926e+06, meanI 242252, curgop 1414538, curI 144940 - rtmpquic.go:283
2026/03/12 14:37:53.167974 [22;36m INFO[0m UNKEYBEHIND 33,limit:0 - rtmpquic.go:284
2026/03/12 14:37:53.167977 [22;34mDEBUG[0m 33 p frame 37264 - rtmpquic.go:294
2026/03/12 14:37:53.168026 [22;34mDEBUG[0m 
chunk:1295 chunk-dur:32ms, timestamp:43134 - rtmpquic.go:220
2026/03/12 14:37:53.201686 [22;34mDEBUG[0m Return monitor from  scheduler : , bw flag : false, limit : 0 - rtmpquic.go:249
2026/03/12 14:37:53.201706 [22;36m INFO[0m IframeComing false, resideSizeInGOP 495988, meanGOP 1.931926e+06, meanI 242252, curgop 1435938, curI 144940 - rtmpquic.go:283
2026/03/12 14:37:53.201710 [22;36m INFO[0m UNKEYBEHIND 34,limit:0 - rtmpquic.go:284
2026/03/12 14:37:53.201713 [22;34mDEBUG[0m 34 p frame 21400 - rtmpquic.go:294
2026/03/12 14:37:53.201728 [22;34mDEBUG[0m 
chunk:1296 chunk-dur:33ms, timestamp:43167 - rtmpquic.go:220
2026/03/12 14:37:53.235264 [22;34mDEBUG[0m Return monitor from  scheduler : , bw flag : false, limit : 0 - rtmpquic.go:249
2026/03/12 14:37:53.235284 [22;36m INFO[0m IframeComing false, resideSizeInGOP 485962, meanGOP 1.931926e+06, meanI 242252, curgop 1445964, curI 144940 - rtmpquic.go:283
2026/03/12 14:37:53.235288 [22;36m INFO[0m UNKEYBEHIND 35,limit:0 - rtmpquic.go:284
2026/03/12 14:37:53.235292 [22;34mDEBUG[0m 35 p frame 10026 - rtmpquic.go:294
2026/03/12 14:37:53.235349 [22;34mDEBUG[0m 
chunk:1297 chunk-dur:34ms, timestamp:43200 - rtmpquic.go:220
2026/03/12 14:37:53.268151 [22;34mDEBUG[0m Return monitor from  scheduler : , bw flag : false, limit : 0 - rtmpquic.go:249
2026/03/12 14:37:53.268170 [22;36m INFO[0m IframeComing false, resideSizeInGOP 433834, meanGOP 1.931926e+06, meanI 242252, curgop 1498092, curI 144940 - rtmpquic.go:283
2026/03/12 14:37:53.268175 [22;36m INFO[0m UNKEYBEHIND 36,limit:0 - rtmpquic.go:284
2026/03/12 14:37:53.268179 [22;34mDEBUG[0m 36 p frame 52128 - rtmpquic.go:294
2026/03/12 14:37:53.268310 [22;34mDEBUG[0m 
chunk:1298 chunk-dur:33ms, timestamp:43234 - rtmpquic.go:220
2026/03/12 14:37:53.301846 [22;34mDEBUG[0m Return monitor from  scheduler : , bw flag : false, limit : 0 - rtmpquic.go:249
2026/03/12 14:37:53.301896 [22;36m INFO[0m IframeComing false, resideSizeInGOP 417506, meanGOP 1.931926e+06, meanI 242252, curgop 1514420, curI 144940 - rtmpquic.go:283
2026/03/12 14:37:53.301901 [22;36m INFO[0m UNKEYBEHIND 37,limit:0 - rtmpquic.go:284
2026/03/12 14:37:53.301907 [22;34mDEBUG[0m 37 p frame 16328 - rtmpquic.go:294
2026/03/12 14:37:53.301962 [22;34mDEBUG[0m 
chunk:1299 chunk-dur:33ms, timestamp:43267 - rtmpquic.go:220
2026/03/12 14:37:53.335018 [22;34mDEBUG[0m Return monitor from  scheduler : , bw flag : false, limit : 0 - rtmpquic.go:249
2026/03/12 14:37:53.335045 [22;36m INFO[0m IframeComing false, resideSizeInGOP 365902, meanGOP 1.931926e+06, meanI 242252, curgop 1566024, curI 144940 - rtmpquic.go:283
2026/03/12 14:37:53.335050 [22;36m INFO[0m UNKEYBEHIND 38,limit:0 - rtmpquic.go:284
2026/03/12 14:37:53.335054 [22;34mDEBUG[0m 38 p frame 51604 - rtmpquic.go:294
2026/03/12 14:37:53.335140 [22;34mDEBUG[0m 
chunk:1300 chunk-dur:34ms, timestamp:43300 - rtmpquic.go:220
2026/03/12 14:37:53.368194 [22;34mDEBUG[0m Return monitor from  scheduler : , bw flag : false, limit : 0 - rtmpquic.go:249
2026/03/12 14:37:53.368220 [22;36m INFO[0m IframeComing false, resideSizeInGOP 351895, meanGOP 1.931926e+06, meanI 242252, curgop 1580031, curI 144940 - rtmpquic.go:283
2026/03/12 14:37:53.368224 [22;36m INFO[0m UNKEYBEHIND 39,limit:0 - rtmpquic.go:284
2026/03/12 14:37:53.368228 [22;34mDEBUG[0m 39 p frame 14007 - rtmpquic.go:294
2026/03/12 14:37:53.368261 [22;34mDEBUG[0m 
chunk:1301 chunk-dur:33ms, timestamp:43334 - rtmpquic.go:220
2026/03/12 14:37:53.402633 [22;34mDEBUG[0m Return monitor from  scheduler : , bw flag : false, limit : 0 - rtmpquic.go:249
2026/03/12 14:37:53.402679 [22;36m INFO[0m IframeComing false, resideSizeInGOP 343869, meanGOP 1.931926e+06, meanI 242252, curgop 1588057, curI 144940 - rtmpquic.go:283
2026/03/12 14:37:53.402684 [22;36m INFO[0m UNKEYBEHIND 40,limit:0 - rtmpquic.go:284
2026/03/12 14:37:53.402688 [22;34mDEBUG[0m 40 p frame 8026 - rtmpquic.go:294
2026/03/12 14:37:53.402761 [22;34mDEBUG[0m 
chunk:1302 chunk-dur:34ms, timestamp:43367 - rtmpquic.go:220
2026/03/12 14:37:53.435644 [22;34mDEBUG[0m Return monitor from  scheduler : , bw flag : false, limit : 0 - rtmpquic.go:249
2026/03/12 14:37:53.435670 [22;36m INFO[0m IframeComing false, resideSizeInGOP 298043, meanGOP 1.931926e+06, meanI 242252, curgop 1633883, curI 144940 - rtmpquic.go:283
2026/03/12 14:37:53.435675 [22;36m INFO[0m UNKEYBEHIND 41,limit:0 - rtmpquic.go:284
2026/03/12 14:37:53.435678 [22;34mDEBUG[0m 41 p frame 45826 - rtmpquic.go:294
2026/03/12 14:37:53.435781 [22;34mDEBUG[0m 
chunk:1303 chunk-dur:33ms, timestamp:43400 - rtmpquic.go:220
2026/03/12 14:37:53.469190 [22;34mDEBUG[0m Return monitor from  scheduler : , bw flag : false, limit : 0 - rtmpquic.go:249
2026/03/12 14:37:53.469292 [22;36m INFO[0m IframeComing false, resideSizeInGOP 231511, meanGOP 1.931926e+06, meanI 242252, curgop 1700415, curI 144940 - rtmpquic.go:283
2026/03/12 14:37:53.469339 [22;36m INFO[0m UNKEYBEHIND 42,limit:0 - rtmpquic.go:284
2026/03/12 14:37:53.469345 [22;34mDEBUG[0m 42 p frame 66532 - rtmpquic.go:294
2026/03/12 14:37:53.469375 [22;34mDEBUG[0m 
chunk:1304 chunk-dur:34ms, timestamp:43434 - rtmpquic.go:220
2026/03/12 14:37:53.502100 [22;34mDEBUG[0m Return monitor from  scheduler : , bw flag : false, limit : 0 - rtmpquic.go:249
2026/03/12 14:37:53.502136 [22;36m INFO[0m IframeComing false, resideSizeInGOP 223162, meanGOP 1.931926e+06, meanI 242252, curgop 1708764, curI 144940 - rtmpquic.go:283
2026/03/12 14:37:53.502140 [22;36m INFO[0m UNKEYBEHIND 43,limit:0 - rtmpquic.go:284
2026/03/12 14:37:53.502143 [22;34mDEBUG[0m 43 p frame 8349 - rtmpquic.go:294
2026/03/12 14:37:53.502218 [22;34mDEBUG[0m 
chunk:1305 chunk-dur:33ms, timestamp:43467 - rtmpquic.go:220
2026/03/12 14:37:53.535777 [22;34mDEBUG[0m Return monitor from  scheduler : , bw flag : false, limit : 0 - rtmpquic.go:249
2026/03/12 14:37:53.535820 [22;36m INFO[0m IframeComing false, resideSizeInGOP 145876, meanGOP 1.931926e+06, meanI 242252, curgop 1786050, curI 144940 - rtmpquic.go:283
2026/03/12 14:37:53.535825 [22;36m INFO[0m UNKEYBEHIND 44,limit:0 - rtmpquic.go:284
2026/03/12 14:37:53.535828 [22;34mDEBUG[0m 44 p frame 77286 - rtmpquic.go:294
2026/03/12 14:37:53.535939 [22;34mDEBUG[0m 
chunk:1306 chunk-dur:33ms, timestamp:43500 - rtmpquic.go:220
2026/03/12 14:37:53.568809 [22;34mDEBUG[0m Return monitor from  scheduler : , bw flag : false, limit : 0 - rtmpquic.go:249
2026/03/12 14:37:53.568837 [22;36m INFO[0m IframeComing false, resideSizeInGOP 112481, meanGOP 1.931926e+06, meanI 242252, curgop 1819445, curI 144940 - rtmpquic.go:283
2026/03/12 14:37:53.568842 [22;36m INFO[0m UNKEYBEHIND 45,limit:0 - rtmpquic.go:284
2026/03/12 14:37:53.568846 [22;34mDEBUG[0m 45 p frame 33395 - rtmpquic.go:294
2026/03/12 14:37:53.568860 [22;34mDEBUG[0m 
chunk:1307 chunk-dur:33ms, timestamp:43534 - rtmpquic.go:220
2026/03/12 14:37:53.602352 [22;34mDEBUG[0m Return monitor from  scheduler : , bw flag : false, limit : 0 - rtmpquic.go:249
2026/03/12 14:37:53.602381 [22;36m INFO[0m IframeComing false, resideSizeInGOP 105011, meanGOP 1.931926e+06, meanI 242252, curgop 1826915, curI 144940 - rtmpquic.go:283
2026/03/12 14:37:53.602402 [22;36m INFO[0m UNKEYBEHIND 46,limit:0 - rtmpquic.go:284
2026/03/12 14:37:53.602406 [22;34mDEBUG[0m 46 p frame 7470 - rtmpquic.go:294
2026/03/12 14:37:53.602424 [22;34mDEBUG[0m 
chunk:1308 chunk-dur:34ms, timestamp:43567 - rtmpquic.go:220
2026/03/12 14:37:53.635454 [22;34mDEBUG[0m Return monitor from  scheduler : , bw flag : false, limit : 0 - rtmpquic.go:249
2026/03/12 14:37:53.635486 [22;36m INFO[0m IframeComing false, resideSizeInGOP 98499, meanGOP 1.931926e+06, meanI 242252, curgop 1833427, curI 144940 - rtmpquic.go:283
2026/03/12 14:37:53.635490 [22;36m INFO[0m UNKEYBEHIND 47,limit:0 - rtmpquic.go:284
2026/03/12 14:37:53.635493 [22;34mDEBUG[0m 47 p frame 6512 - rtmpquic.go:294
2026/03/12 14:37:53.635564 [22;34mDEBUG[0m 
chunk:1309 chunk-dur:33ms, timestamp:43600 - rtmpquic.go:220
2026/03/12 14:37:53.669400 [22;34mDEBUG[0m Return monitor from  scheduler : , bw flag : false, limit : 0 - rtmpquic.go:249
2026/03/12 14:37:53.669422 [22;36m INFO[0m IframeComing true, resideSizeInGOP 45907, meanGOP 1.931926e+06, meanI 242252, curgop 1886019, curI 144940 - rtmpquic.go:283
2026/03/12 14:37:53.669426 [22;36m INFO[0m UNKEYBEHIND 48,limit:0 - rtmpquic.go:284
2026/03/12 14:37:53.669430 [22;34mDEBUG[0m 48 p frame 52592 - rtmpquic.go:294
2026/03/12 14:37:53.669498 [22;34mDEBUG[0m 
chunk:1310 chunk-dur:34ms, timestamp:43634 - rtmpquic.go:220
2026/03/12 14:37:53.702507 [22;34mDEBUG[0m Return monitor from  scheduler : , bw flag : false, limit : 0 - rtmpquic.go:249
2026/03/12 14:37:53.702567 [22;36m INFO[0m IframeComing true, resideSizeInGOP 7177, meanGOP 1.931926e+06, meanI 242252, curgop 1924749, curI 144940 - rtmpquic.go:283
2026/03/12 14:37:53.702581 [22;36m INFO[0m UNKEYBEHIND 49,limit:0 - rtmpquic.go:284
2026/03/12 14:37:53.702584 [22;34mDEBUG[0m 49 p frame 38730 - rtmpquic.go:294
2026/03/12 14:37:53.702650 [22;34mDEBUG[0m 
chunk:1311 chunk-dur:33ms, timestamp:43667 - rtmpquic.go:220
2026/03/12 14:37:53.735265 [22;34mDEBUG[0m Return monitor from  scheduler : , bw flag : false, limit : 0 - rtmpquic.go:249
2026/03/12 14:37:53.735294 [22;36m INFO[0m IframeComing true, resideSizeInGOP -39754, meanGOP 1.931926e+06, meanI 242252, curgop 1971680, curI 144940 - rtmpquic.go:283
2026/03/12 14:37:53.735299 [22;36m INFO[0m UNKEYBEHIND 50,limit:0 - rtmpquic.go:284
2026/03/12 14:37:53.735303 [22;34mDEBUG[0m 50 p frame 46931 - rtmpquic.go:294
2026/03/12 14:37:53.735337 [22;34mDEBUG[0m 
chunk:1312 chunk-dur:33ms, timestamp:43700 - rtmpquic.go:220
2026/03/12 14:37:53.767566 [22;34mDEBUG[0m Return monitor from  scheduler : , bw flag : false, limit : 0 - rtmpquic.go:249
2026/03/12 14:37:53.767597 [22;36m INFO[0m IframeComing true, resideSizeInGOP -47992, meanGOP 1.931926e+06, meanI 242252, curgop 1979918, curI 144940 - rtmpquic.go:283
2026/03/12 14:37:53.767601 [22;36m INFO[0m UNKEYBEHIND 51,limit:0 - rtmpquic.go:284
2026/03/12 14:37:53.767606 [22;34mDEBUG[0m 51 p frame 8238 - rtmpquic.go:294
2026/03/12 14:37:53.767696 [22;34mDEBUG[0m 
chunk:1313 chunk-dur:32ms, timestamp:43734 - rtmpquic.go:220
2026/03/12 14:37:53.803420 [22;34mDEBUG[0m Return monitor from  scheduler : , bw flag : false, limit : 0 - rtmpquic.go:249
2026/03/12 14:37:53.803459 [22;36m INFO[0m IframeComing true, resideSizeInGOP -141408, meanGOP 1.931926e+06, meanI 242252, curgop 2073334, curI 144940 - rtmpquic.go:283
2026/03/12 14:37:53.803464 [22;36m INFO[0m UNKEYBEHIND 52,limit:0 - rtmpquic.go:284
2026/03/12 14:37:53.803468 [22;34mDEBUG[0m 52 p frame 93416 - rtmpquic.go:294
2026/03/12 14:37:53.803661 [22;34mDEBUG[0m 
chunk:1314 chunk-dur:36ms, timestamp:43767 - rtmpquic.go:220
2026/03/12 14:37:53.835650 [22;34mDEBUG[0m Return monitor from  scheduler : , bw flag : false, limit : 0 - rtmpquic.go:249
2026/03/12 14:37:53.835671 [22;36m INFO[0m IframeComing true, resideSizeInGOP -182796, meanGOP 1.931926e+06, meanI 242252, curgop 2114722, curI 144940 - rtmpquic.go:283
2026/03/12 14:37:53.835676 [22;36m INFO[0m UNKEYBEHIND 53,limit:0 - rtmpquic.go:284
2026/03/12 14:37:53.835680 [22;34mDEBUG[0m 53 p frame 41388 - rtmpquic.go:294
2026/03/12 14:37:53.835735 [22;34mDEBUG[0m 
chunk:1315 chunk-dur:32ms, timestamp:43800 - rtmpquic.go:220
2026/03/12 14:37:53.868127 [22;34mDEBUG[0m Return monitor from  scheduler : , bw flag : false, limit : 0 - rtmpquic.go:249
2026/03/12 14:37:53.868167 [22;36m INFO[0m IframeComing true, resideSizeInGOP -202128, meanGOP 1.931926e+06, meanI 242252, curgop 2134054, curI 144940 - rtmpquic.go:283
2026/03/12 14:37:53.868173 [22;36m INFO[0m UNKEYBEHIND 54,limit:0 - rtmpquic.go:284
2026/03/12 14:37:53.868177 [22;34mDEBUG[0m 54 p frame 19332 - rtmpquic.go:294
2026/03/12 14:37:53.868195 [22;34mDEBUG[0m 
chunk:1316 chunk-dur:33ms, timestamp:43834 - rtmpquic.go:220
2026/03/12 14:37:53.901550 [22;34mDEBUG[0m Return monitor from  scheduler : , bw flag : false, limit : 0 - rtmpquic.go:249
2026/03/12 14:37:53.901587 [22;36m INFO[0m IframeComing true, resideSizeInGOP -212617, meanGOP 1.931926e+06, meanI 242252, curgop 2144543, curI 144940 - rtmpquic.go:283
2026/03/12 14:37:53.901595 [22;36m INFO[0m UNKEYBEHIND 55,limit:0 - rtmpquic.go:284
2026/03/12 14:37:53.901599 [22;34mDEBUG[0m 55 p frame 10489 - rtmpquic.go:294
2026/03/12 14:37:53.901650 [22;34mDEBUG[0m 
chunk:1317 chunk-dur:33ms, timestamp:43867 - rtmpquic.go:220
2026/03/12 14:37:53.935402 [22;34mDEBUG[0m Return monitor from  scheduler : , bw flag : false, limit : 0 - rtmpquic.go:249
2026/03/12 14:37:53.935429 [22;36m INFO[0m IframeComing true, resideSizeInGOP -258494, meanGOP 1.931926e+06, meanI 242252, curgop 2190420, curI 144940 - rtmpquic.go:283
2026/03/12 14:37:53.935433 [22;36m INFO[0m UNKEYBEHIND 56,limit:0 - rtmpquic.go:284
2026/03/12 14:37:53.935437 [22;34mDEBUG[0m 56 p frame 45877 - rtmpquic.go:294
2026/03/12 14:37:53.935539 [22;34mDEBUG[0m 
chunk:1318 chunk-dur:34ms, timestamp:43900 - rtmpquic.go:220
2026/03/12 14:37:53.968288 [22;34mDEBUG[0m Return monitor from  scheduler : , bw flag : false, limit : 0 - rtmpquic.go:249
2026/03/12 14:37:53.968315 [22;36m INFO[0m IframeComing true, resideSizeInGOP -305897, meanGOP 1.931926e+06, meanI 242252, curgop 2237823, curI 144940 - rtmpquic.go:283
2026/03/12 14:37:53.968320 [22;36m INFO[0m UNKEYBEHIND 57,limit:0 - rtmpquic.go:284
2026/03/12 14:37:53.968324 [22;34mDEBUG[0m 57 p frame 47403 - rtmpquic.go:294
2026/03/12 14:37:53.968354 [22;34mDEBUG[0m 
chunk:1319 chunk-dur:33ms, timestamp:43934 - rtmpquic.go:220
2026/03/12 14:37:54.002588 [22;34mDEBUG[0m Return monitor from  scheduler : , bw flag : false, limit : 0 - rtmpquic.go:249
2026/03/12 14:37:54.002617 [22;36m INFO[0m IframeComing true, resideSizeInGOP -329287, meanGOP 1.931926e+06, meanI 242252, curgop 2261213, curI 144940 - rtmpquic.go:283
2026/03/12 14:37:54.002621 [22;36m INFO[0m UNKEYBEHIND 58,limit:0 - rtmpquic.go:284
2026/03/12 14:37:54.002624 [22;34mDEBUG[0m 58 p frame 23390 - rtmpquic.go:294
2026/03/12 14:37:54.002652 [22;34mDEBUG[0m 
chunk:1320 chunk-dur:34ms, timestamp:43967 - rtmpquic.go:220
2026/03/12 14:37:54.035204 [22;34mDEBUG[0m Return monitor from  scheduler : , bw flag : false, limit : 0 - rtmpquic.go:249
2026/03/12 14:37:54.035224 [22;36m INFO[0m IframeComing true, resideSizeInGOP -356723, meanGOP 1.931926e+06, meanI 242252, curgop 2288649, curI 144940 - rtmpquic.go:283
2026/03/12 14:37:54.035228 [22;36m INFO[0m UNKEYBEHIND 59,limit:0 - rtmpquic.go:284
2026/03/12 14:37:54.035232 [22;34mDEBUG[0m 59 p frame 27436 - rtmpquic.go:294
2026/03/12 14:37:54.035381 [22;34mDEBUG[0m 
chunk:1321 chunk-dur:33ms, timestamp:44000 - rtmpquic.go:220
2026/03/12 14:37:54.068644 [22;34mDEBUG[0m Return monitor from  scheduler : , bw flag : false, limit : 0 - rtmpquic.go:249
key tag 208113
2026/03/12 14:37:54.068712 [22;34mDEBUG[0m 23 I frame 208113 - rtmpquic.go:275
2026/03/12 14:37:54.070191 [22;34mDEBUG[0m 
chunk:1322 chunk-dur:35ms, timestamp:44034 - rtmpquic.go:220
2026/03/12 14:37:54.107165 [22;34mDEBUG[0m Return monitor from  scheduler : , bw flag : false, limit : 0 - rtmpquic.go:249
2026/03/12 14:37:54.136587 [22;36m INFO[0m IframeComing false, resideSizeInGOP 1.650303e+06, meanGOP 1.948141e+06, meanI 237829, curgop 297838, curI 208113 - rtmpquic.go:283
2026/03/12 14:37:54.136733 [22;36m INFO[0m UNKEYBEHIND 1,limit:0 - rtmpquic.go:284
2026/03/12 14:37:54.136743 [22;34mDEBUG[0m 1 p frame 89725 - rtmpquic.go:294
2026/03/12 14:37:54.132045 [22;34mDEBUG[0m bitrate:7.651724 Mbps - client_session.go:438
2026/03/12 14:37:54.170834 [22;34mDEBUG[0m 
chunk:1323 chunk-dur:100ms, timestamp:44067 - rtmpquic.go:220
2026/03/12 14:37:54.170930 [22;34mDEBUG[0m Return monitor from  scheduler : , bw flag : false, limit : 0 - rtmpquic.go:249
2026/03/12 14:37:54.170946 [22;36m INFO[0m IframeComing false, resideSizeInGOP 1.622063e+06, meanGOP 1.948141e+06, meanI 237829, curgop 326078, curI 208113 - rtmpquic.go:283
2026/03/12 14:37:54.170955 [22;36m INFO[0m UNKEYBEHIND 2,limit:0 - rtmpquic.go:284
2026/03/12 14:37:54.170964 [22;34mDEBUG[0m 2 p frame 28240 - rtmpquic.go:294
2026/03/12 14:37:54.171021 [22;34mDEBUG[0m 
chunk:1324 chunk-dur:1ms, timestamp:44100 - rtmpquic.go:220
2026/03/12 14:37:54.171028 [22;34mDEBUG[0m Return monitor from  scheduler : , bw flag : false, limit : 0 - rtmpquic.go:249
2026/03/12 14:37:54.171037 [22;36m INFO[0m IframeComing false, resideSizeInGOP 1.611603e+06, meanGOP 1.948141e+06, meanI 237829, curgop 336538, curI 208113 - rtmpquic.go:283
2026/03/12 14:37:54.171045 [22;36m INFO[0m UNKEYBEHIND 3,limit:0 - rtmpquic.go:284
2026/03/12 14:37:54.171053 [22;34mDEBUG[0m 3 p frame 10460 - rtmpquic.go:294
2026/03/12 14:37:54.171077 [22;34mDEBUG[0m 
chunk:1325 chunk-dur:0ms, timestamp:44134 - rtmpquic.go:220
2026/03/12 14:37:54.201249 [22;34mDEBUG[0m Return monitor from  scheduler : , bw flag : false, limit : 0 - rtmpquic.go:249
2026/03/12 14:37:54.201292 [22;36m INFO[0m IframeComing false, resideSizeInGOP 1.603526e+06, meanGOP 1.948141e+06, meanI 237829, curgop 344615, curI 208113 - rtmpquic.go:283
2026/03/12 14:37:54.201299 [22;36m INFO[0m UNKEYBEHIND 4,limit:0 - rtmpquic.go:284
2026/03/12 14:37:54.201303 [22;34mDEBUG[0m 4 p frame 8077 - rtmpquic.go:294
2026/03/12 14:37:54.201390 [22;34mDEBUG[0m 
chunk:1326 chunk-dur:30ms, timestamp:44167 - rtmpquic.go:220
2026/03/12 14:37:54.235346 [22;34mDEBUG[0m Return monitor from  scheduler : , bw flag : false, limit : 0 - rtmpquic.go:249
2026/03/12 14:37:54.235428 [22;36m INFO[0m IframeComing false, resideSizeInGOP 1.522726e+06, meanGOP 1.948141e+06, meanI 237829, curgop 425415, curI 208113 - rtmpquic.go:283
2026/03/12 14:37:54.235498 [22;36m INFO[0m UNKEYBEHIND 5,limit:0 - rtmpquic.go:284
2026/03/12 14:37:54.235504 [22;34mDEBUG[0m 5 p frame 80800 - rtmpquic.go:294
2026/03/12 14:37:54.235555 [22;34mDEBUG[0m 
chunk:1327 chunk-dur:34ms, timestamp:44200 - rtmpquic.go:220
2026/03/12 14:37:54.268241 [22;34mDEBUG[0m Return monitor from  scheduler : , bw flag : false, limit : 0 - rtmpquic.go:249
2026/03/12 14:37:54.268273 [22;36m INFO[0m IframeComing false, resideSizeInGOP 1.504772e+06, meanGOP 1.948141e+06, meanI 237829, curgop 443369, curI 208113 - rtmpquic.go:283
2026/03/12 14:37:54.268277 [22;36m INFO[0m UNKEYBEHIND 6,limit:0 - rtmpquic.go:284
2026/03/12 14:37:54.268281 [22;34mDEBUG[0m 6 p frame 17954 - rtmpquic.go:294
2026/03/12 14:37:54.268295 [22;34mDEBUG[0m 
chunk:1328 chunk-dur:33ms, timestamp:44234 - rtmpquic.go:220
2026/03/12 14:37:54.302148 [22;34mDEBUG[0m Return monitor from  scheduler : , bw flag : false, limit : 0 - rtmpquic.go:249
2026/03/12 14:37:54.302178 [22;36m INFO[0m IframeComing false, resideSizeInGOP 1.497526e+06, meanGOP 1.948141e+06, meanI 237829, curgop 450615, curI 208113 - rtmpquic.go:283
2026/03/12 14:37:54.302185 [22;36m INFO[0m UNKEYBEHIND 7,limit:0 - rtmpquic.go:284
2026/03/12 14:37:54.302188 [22;34mDEBUG[0m 7 p frame 7246 - rtmpquic.go:294
2026/03/12 14:37:54.302210 [22;34mDEBUG[0m 
chunk:1329 chunk-dur:34ms, timestamp:44267 - rtmpquic.go:220
2026/03/12 14:37:54.334984 [22;34mDEBUG[0m Return monitor from  scheduler : , bw flag : false, limit : 0 - rtmpquic.go:249
2026/03/12 14:37:54.335011 [22;36m INFO[0m IframeComing false, resideSizeInGOP 1.490844e+06, meanGOP 1.948141e+06, meanI 237829, curgop 457297, curI 208113 - rtmpquic.go:283
2026/03/12 14:37:54.335016 [22;36m INFO[0m UNKEYBEHIND 8,limit:0 - rtmpquic.go:284
2026/03/12 14:37:54.335020 [22;34mDEBUG[0m 8 p frame 6682 - rtmpquic.go:294
2026/03/12 14:37:54.335093 [22;34mDEBUG[0m 
chunk:1330 chunk-dur:33ms, timestamp:44300 - rtmpquic.go:220
2026/03/12 14:37:54.367705 [22;34mDEBUG[0m Return monitor from  scheduler : , bw flag : false, limit : 0 - rtmpquic.go:249
2026/03/12 14:37:54.367733 [22;36m INFO[0m IframeComing false, resideSizeInGOP 1.425274e+06, meanGOP 1.948141e+06, meanI 237829, curgop 522867, curI 208113 - rtmpquic.go:283
2026/03/12 14:37:54.367738 [22;36m INFO[0m UNKEYBEHIND 9,limit:0 - rtmpquic.go:284
2026/03/12 14:37:54.367742 [22;34mDEBUG[0m 9 p frame 65570 - rtmpquic.go:294
2026/03/12 14:37:54.367772 [22;34mDEBUG[0m 
chunk:1331 chunk-dur:32ms, timestamp:44334 - rtmpquic.go:220
2026/03/12 14:37:54.402350 [22;34mDEBUG[0m Return monitor from  scheduler : , bw flag : false, limit : 0 - rtmpquic.go:249
2026/03/12 14:37:54.402398 [22;36m INFO[0m IframeComing false, resideSizeInGOP 1.415624e+06, meanGOP 1.948141e+06, meanI 237829, curgop 532517, curI 208113 - rtmpquic.go:283
2026/03/12 14:37:54.402406 [22;36m INFO[0m UNKEYBEHIND 10,limit:0 - rtmpquic.go:284
2026/03/12 14:37:54.402410 [22;34mDEBUG[0m 10 p frame 9650 - rtmpquic.go:294
2026/03/12 14:37:54.402424 [22;34mDEBUG[0m 
chunk:1332 chunk-dur:35ms, timestamp:44367 - rtmpquic.go:220
2026/03/12 14:37:54.435035 [22;34mDEBUG[0m Return monitor from  scheduler : , bw flag : false, limit : 0 - rtmpquic.go:249
2026/03/12 14:37:54.435061 [22;36m INFO[0m IframeComing false, resideSizeInGOP 1.408899e+06, meanGOP 1.948141e+06, meanI 237829, curgop 539242, curI 208113 - rtmpquic.go:283
2026/03/12 14:37:54.435066 [22;36m INFO[0m UNKEYBEHIND 11,limit:0 - rtmpquic.go:284
2026/03/12 14:37:54.435070 [22;34mDEBUG[0m 11 p frame 6725 - rtmpquic.go:294
2026/03/12 14:37:54.435138 [22;34mDEBUG[0m 
chunk:1333 chunk-dur:33ms, timestamp:44400 - rtmpquic.go:220
2026/03/12 14:37:54.468106 [22;34mDEBUG[0m Return monitor from  scheduler : , bw flag : false, limit : 0 - rtmpquic.go:249
2026/03/12 14:37:54.468144 [22;36m INFO[0m IframeComing false, resideSizeInGOP 1.351135e+06, meanGOP 1.948141e+06, meanI 237829, curgop 597006, curI 208113 - rtmpquic.go:283
2026/03/12 14:37:54.468160 [22;36m INFO[0m UNKEYBEHIND 12,limit:0 - rtmpquic.go:284
2026/03/12 14:37:54.468164 [22;34mDEBUG[0m 12 p frame 57764 - rtmpquic.go:294
2026/03/12 14:37:54.468287 [22;34mDEBUG[0m 
chunk:1334 chunk-dur:33ms, timestamp:44434 - rtmpquic.go:220
2026/03/12 14:37:54.502005 [22;34mDEBUG[0m Return monitor from  scheduler : , bw flag : false, limit : 0 - rtmpquic.go:249
2026/03/12 14:37:54.502102 [22;36m INFO[0m IframeComing false, resideSizeInGOP 1.345451e+06, meanGOP 1.948141e+06, meanI 237829, curgop 602690, curI 208113 - rtmpquic.go:283
2026/03/12 14:37:54.502111 [22;36m INFO[0m UNKEYBEHIND 13,limit:0 - rtmpquic.go:284
2026/03/12 14:37:54.502120 [22;34mDEBUG[0m 13 p frame 5684 - rtmpquic.go:294
2026/03/12 14:37:54.502229 [22;34mDEBUG[0m 
chunk:1335 chunk-dur:34ms, timestamp:44467 - rtmpquic.go:220
2026/03/12 14:37:54.534787 [22;34mDEBUG[0m Return monitor from  scheduler : , bw flag : false, limit : 0 - rtmpquic.go:249
2026/03/12 14:37:54.534821 [22;36m INFO[0m IframeComing false, resideSizeInGOP 1.263377e+06, meanGOP 1.948141e+06, meanI 237829, curgop 684764, curI 208113 - rtmpquic.go:283
2026/03/12 14:37:54.534826 [22;36m INFO[0m UNKEYBEHIND 14,limit:0 - rtmpquic.go:284
2026/03/12 14:37:54.534829 [22;34mDEBUG[0m 14 p frame 82074 - rtmpquic.go:294
2026/03/12 14:37:54.534850 [22;34mDEBUG[0m 
chunk:1336 chunk-dur:32ms, timestamp:44500 - rtmpquic.go:220
2026/03/12 14:37:54.568445 [22;34mDEBUG[0m Return monitor from  scheduler : , bw flag : false, limit : 0 - rtmpquic.go:249
2026/03/12 14:37:54.568472 [22;36m INFO[0m IframeComing false, resideSizeInGOP 1.253019e+06, meanGOP 1.948141e+06, meanI 237829, curgop 695122, curI 208113 - rtmpquic.go:283
2026/03/12 14:37:54.568477 [22;36m INFO[0m UNKEYBEHIND 15,limit:0 - rtmpquic.go:284
2026/03/12 14:37:54.568481 [22;34mDEBUG[0m 15 p frame 10358 - rtmpquic.go:294
2026/03/12 14:37:54.568502 [22;34mDEBUG[0m 
chunk:1337 chunk-dur:34ms, timestamp:44534 - rtmpquic.go:220
2026/03/12 14:37:54.602127 [22;34mDEBUG[0m Return monitor from  scheduler : , bw flag : false, limit : 0 - rtmpquic.go:249
2026/03/12 14:37:54.602158 [22;36m INFO[0m IframeComing false, resideSizeInGOP 1.24518e+06, meanGOP 1.948141e+06, meanI 237829, curgop 702961, curI 208113 - rtmpquic.go:283
2026/03/12 14:37:54.602162 [22;36m INFO[0m UNKEYBEHIND 16,limit:0 - rtmpquic.go:284
2026/03/12 14:37:54.602166 [22;34mDEBUG[0m 16 p frame 7839 - rtmpquic.go:294
2026/03/12 14:37:54.602250 [22;34mDEBUG[0m 
chunk:1338 chunk-dur:34ms, timestamp:44567 - rtmpquic.go:220
2026/03/12 14:37:54.635160 [22;34mDEBUG[0m Return monitor from  scheduler : , bw flag : false, limit : 0 - rtmpquic.go:249
2026/03/12 14:37:54.635194 [22;36m INFO[0m IframeComing false, resideSizeInGOP 1.179771e+06, meanGOP 1.948141e+06, meanI 237829, curgop 768370, curI 208113 - rtmpquic.go:283
2026/03/12 14:37:54.635201 [22;36m INFO[0m UNKEYBEHIND 17,limit:0 - rtmpquic.go:284
2026/03/12 14:37:54.635205 [22;34mDEBUG[0m 17 p frame 65409 - rtmpquic.go:294
2026/03/12 14:37:54.635241 [22;34mDEBUG[0m 
chunk:1339 chunk-dur:33ms, timestamp:44600 - rtmpquic.go:220
2026/03/12 14:37:54.667457 [22;34mDEBUG[0m Return monitor from  scheduler : , bw flag : false, limit : 0 - rtmpquic.go:249
2026/03/12 14:37:54.667486 [22;36m INFO[0m IframeComing false, resideSizeInGOP 1.169936e+06, meanGOP 1.948141e+06, meanI 237829, curgop 778205, curI 208113 - rtmpquic.go:283
2026/03/12 14:37:54.667490 [22;36m INFO[0m UNKEYBEHIND 18,limit:0 - rtmpquic.go:284
2026/03/12 14:37:54.667494 [22;34mDEBUG[0m 18 p frame 9835 - rtmpquic.go:294
2026/03/12 14:37:54.667519 [22;34mDEBUG[0m 
chunk:1340 chunk-dur:32ms, timestamp:44634 - rtmpquic.go:220
2026/03/12 14:37:54.702259 [22;34mDEBUG[0m Return monitor from  scheduler : , bw flag : false, limit : 0 - rtmpquic.go:249
2026/03/12 14:37:54.702289 [22;36m INFO[0m IframeComing false, resideSizeInGOP 1.163422e+06, meanGOP 1.948141e+06, meanI 237829, curgop 784719, curI 208113 - rtmpquic.go:283
2026/03/12 14:37:54.702294 [22;36m INFO[0m UNKEYBEHIND 19,limit:0 - rtmpquic.go:284
2026/03/12 14:37:54.702297 [22;34mDEBUG[0m 19 p frame 6514 - rtmpquic.go:294
2026/03/12 14:37:54.702409 [22;34mDEBUG[0m 
chunk:1341 chunk-dur:35ms, timestamp:44667 - rtmpquic.go:220
2026/03/12 14:37:54.735363 [22;34mDEBUG[0m Return monitor from  scheduler : , bw flag : false, limit : 0 - rtmpquic.go:249
2026/03/12 14:37:54.735399 [22;36m INFO[0m IframeComing false, resideSizeInGOP 1.11001e+06, meanGOP 1.948141e+06, meanI 237829, curgop 838131, curI 208113 - rtmpquic.go:283
2026/03/12 14:37:54.735407 [22;36m INFO[0m UNKEYBEHIND 20,limit:0 - rtmpquic.go:284
2026/03/12 14:37:54.735410 [22;34mDEBUG[0m 20 p frame 53412 - rtmpquic.go:294
2026/03/12 14:37:54.735440 [22;34mDEBUG[0m 
chunk:1342 chunk-dur:33ms, timestamp:44700 - rtmpquic.go:220
2026/03/12 14:37:54.768606 [22;34mDEBUG[0m Return monitor from  scheduler : , bw flag : false, limit : 0 - rtmpquic.go:249
2026/03/12 14:37:54.768631 [22;36m INFO[0m IframeComing false, resideSizeInGOP 1.103982e+06, meanGOP 1.948141e+06, meanI 237829, curgop 844159, curI 208113 - rtmpquic.go:283
2026/03/12 14:37:54.768636 [22;36m INFO[0m UNKEYBEHIND 21,limit:0 - rtmpquic.go:284
2026/03/12 14:37:54.768639 [22;34mDEBUG[0m 21 p frame 6028 - rtmpquic.go:294
2026/03/12 14:37:54.768722 [22;34mDEBUG[0m 
chunk:1343 chunk-dur:33ms, timestamp:44734 - rtmpquic.go:220
2026/03/12 14:37:54.801972 [22;34mDEBUG[0m Return monitor from  scheduler : , bw flag : false, limit : 0 - rtmpquic.go:249
2026/03/12 14:37:54.802000 [22;36m INFO[0m IframeComing false, resideSizeInGOP 1.047093e+06, meanGOP 1.948141e+06, meanI 237829, curgop 901048, curI 208113 - rtmpquic.go:283
2026/03/12 14:37:54.802009 [22;36m INFO[0m UNKEYBEHIND 22,limit:0 - rtmpquic.go:284
2026/03/12 14:37:54.802013 [22;34mDEBUG[0m 22 p frame 56889 - rtmpquic.go:294
2026/03/12 14:37:54.802057 [22;34mDEBUG[0m 
chunk:1344 chunk-dur:34ms, timestamp:44767 - rtmpquic.go:220
2026/03/12 14:37:54.835761 [22;34mDEBUG[0m Return monitor from  scheduler : , bw flag : false, limit : 0 - rtmpquic.go:249
2026/03/12 14:37:54.835847 [22;36m INFO[0m IframeComing false, resideSizeInGOP 1.040871e+06, meanGOP 1.948141e+06, meanI 237829, curgop 907270, curI 208113 - rtmpquic.go:283
2026/03/12 14:37:54.835854 [22;36m INFO[0m UNKEYBEHIND 23,limit:0 - rtmpquic.go:284
2026/03/12 14:37:54.835861 [22;34mDEBUG[0m 23 p frame 6222 - rtmpquic.go:294
2026/03/12 14:37:54.836106 [22;34mDEBUG[0m 
chunk:1345 chunk-dur:34ms, timestamp:44800 - rtmpquic.go:220
2026/03/12 14:37:54.867907 [22;34mDEBUG[0m Return monitor from  scheduler : , bw flag : false, limit : 0 - rtmpquic.go:249
2026/03/12 14:37:54.867938 [22;36m INFO[0m IframeComing false, resideSizeInGOP 982461, meanGOP 1.948141e+06, meanI 237829, curgop 965680, curI 208113 - rtmpquic.go:283
2026/03/12 14:37:54.867943 [22;36m INFO[0m UNKEYBEHIND 24,limit:0 - rtmpquic.go:284
2026/03/12 14:37:54.867956 [22;34mDEBUG[0m 24 p frame 58410 - rtmpquic.go:294
2026/03/12 14:37:54.867965 [22;34mDEBUG[0m 
chunk:1346 chunk-dur:31ms, timestamp:44834 - rtmpquic.go:220
2026/03/12 14:37:54.901989 [22;34mDEBUG[0m Return monitor from  scheduler : , bw flag : false, limit : 0 - rtmpquic.go:249
2026/03/12 14:37:54.902034 [22;36m INFO[0m IframeComing false, resideSizeInGOP 975477, meanGOP 1.948141e+06, meanI 237829, curgop 972664, curI 208113 - rtmpquic.go:283
2026/03/12 14:37:54.902041 [22;36m INFO[0m UNKEYBEHIND 25,limit:0 - rtmpquic.go:284
2026/03/12 14:37:54.902157 [22;34mDEBUG[0m 25 p frame 6984 - rtmpquic.go:294
2026/03/12 14:37:54.902280 [22;34mDEBUG[0m 
chunk:1347 chunk-dur:35ms, timestamp:44867 - rtmpquic.go:220
2026/03/12 14:37:54.934819 [22;34mDEBUG[0m Return monitor from  scheduler : , bw flag : false, limit : 0 - rtmpquic.go:249
2026/03/12 14:37:54.934859 [22;36m INFO[0m IframeComing false, resideSizeInGOP 909752, meanGOP 1.948141e+06, meanI 237829, curgop 1038389, curI 208113 - rtmpquic.go:283
2026/03/12 14:37:54.934951 [22;36m INFO[0m UNKEYBEHIND 26,limit:0 - rtmpquic.go:284
2026/03/12 14:37:54.934960 [22;34mDEBUG[0m 26 p frame 65725 - rtmpquic.go:294
2026/03/12 14:37:54.934975 [22;34mDEBUG[0m 
chunk:1348 chunk-dur:32ms, timestamp:44900 - rtmpquic.go:220
2026/03/12 14:37:54.968801 [22;34mDEBUG[0m Return monitor from  scheduler : , bw flag : false, limit : 0 - rtmpquic.go:249
2026/03/12 14:37:54.968833 [22;36m INFO[0m IframeComing false, resideSizeInGOP 897758, meanGOP 1.948141e+06, meanI 237829, curgop 1050383, curI 208113 - rtmpquic.go:283
2026/03/12 14:37:54.968838 [22;36m INFO[0m UNKEYBEHIND 27,limit:0 - rtmpquic.go:284
2026/03/12 14:37:54.968841 [22;34mDEBUG[0m 27 p frame 11994 - rtmpquic.go:294
2026/03/12 14:37:54.968906 [22;34mDEBUG[0m 
chunk:1349 chunk-dur:34ms, timestamp:44934 - rtmpquic.go:220
2026/03/12 14:37:55.002476 [22;34mDEBUG[0m Return monitor from  scheduler : , bw flag : false, limit : 0 - rtmpquic.go:249
2026/03/12 14:37:55.002501 [22;36m INFO[0m IframeComing false, resideSizeInGOP 890724, meanGOP 1.948141e+06, meanI 237829, curgop 1057417, curI 208113 - rtmpquic.go:283
2026/03/12 14:37:55.002506 [22;36m INFO[0m UNKEYBEHIND 28,limit:0 - rtmpquic.go:284
2026/03/12 14:37:55.002510 [22;34mDEBUG[0m 28 p frame 7034 - rtmpquic.go:294
2026/03/12 14:37:55.002556 [22;34mDEBUG[0m 
chunk:1350 chunk-dur:34ms, timestamp:44967 - rtmpquic.go:220
2026/03/12 14:37:55.034693 [22;34mDEBUG[0m Return monitor from  scheduler : , bw flag : false, limit : 0 - rtmpquic.go:249
2026/03/12 14:37:55.034722 [22;36m INFO[0m IframeComing false, resideSizeInGOP 843418, meanGOP 1.948141e+06, meanI 237829, curgop 1104723, curI 208113 - rtmpquic.go:283
2026/03/12 14:37:55.034727 [22;36m INFO[0m UNKEYBEHIND 29,limit:0 - rtmpquic.go:284
2026/03/12 14:37:55.034730 [22;34mDEBUG[0m 29 p frame 47306 - rtmpquic.go:294
2026/03/12 14:37:55.034783 [22;34mDEBUG[0m 
chunk:1351 chunk-dur:32ms, timestamp:45000 - rtmpquic.go:220
2026/03/12 14:37:55.068804 [22;34mDEBUG[0m Return monitor from  scheduler : , bw flag : false, limit : 0 - rtmpquic.go:249
2026/03/12 14:37:55.068837 [22;36m INFO[0m IframeComing false, resideSizeInGOP 831306, meanGOP 1.948141e+06, meanI 237829, curgop 1116835, curI 208113 - rtmpquic.go:283
2026/03/12 14:37:55.068841 [22;36m INFO[0m UNKEYBEHIND 30,limit:0 - rtmpquic.go:284
2026/03/12 14:37:55.068845 [22;34mDEBUG[0m 30 p frame 12112 - rtmpquic.go:294
2026/03/12 14:37:55.068859 [22;34mDEBUG[0m 
chunk:1352 chunk-dur:34ms, timestamp:45034 - rtmpquic.go:220
2026/03/12 14:37:55.103098 [22;34mDEBUG[0m Return monitor from  scheduler : , bw flag : false, limit : 0 - rtmpquic.go:249
2026/03/12 14:37:55.103127 [22;36m INFO[0m IframeComing false, resideSizeInGOP 823720, meanGOP 1.948141e+06, meanI 237829, curgop 1124421, curI 208113 - rtmpquic.go:283
2026/03/12 14:37:55.103131 [22;36m INFO[0m UNKEYBEHIND 31,limit:0 - rtmpquic.go:284
2026/03/12 14:37:55.103135 [22;34mDEBUG[0m 31 p frame 7586 - rtmpquic.go:294
2026/03/12 14:37:55.103267 [22;34mDEBUG[0m 
chunk:1353 chunk-dur:35ms, timestamp:45067 - rtmpquic.go:220
2026/03/12 14:37:55.135290 [22;34mDEBUG[0m Return monitor from  scheduler : , bw flag : false, limit : 0 - rtmpquic.go:249
2026/03/12 14:37:55.135325 [22;36m INFO[0m IframeComing false, resideSizeInGOP 725083, meanGOP 1.948141e+06, meanI 237829, curgop 1223058, curI 208113 - rtmpquic.go:283
2026/03/12 14:37:55.135330 [22;36m INFO[0m UNKEYBEHIND 32,limit:0 - rtmpquic.go:284
2026/03/12 14:37:55.135333 [22;34mDEBUG[0m 32 p frame 98637 - rtmpquic.go:294
2026/03/12 14:37:55.135386 [22;34mDEBUG[0m 
chunk:1354 chunk-dur:32ms, timestamp:45100 - rtmpquic.go:220
2026/03/12 14:37:55.152103 [22;34mDEBUG[0m bitrate:8.892200 Mbps - client_session.go:438
2026/03/12 14:37:55.168375 [22;34mDEBUG[0m Return monitor from  scheduler : , bw flag : false, limit : 0 - rtmpquic.go:249
2026/03/12 14:37:55.168415 [22;36m INFO[0m IframeComing false, resideSizeInGOP 682061, meanGOP 1.948141e+06, meanI 237829, curgop 1266080, curI 208113 - rtmpquic.go:283
2026/03/12 14:37:55.168423 [22;36m INFO[0m UNKEYBEHIND 33,limit:0 - rtmpquic.go:284
2026/03/12 14:37:55.168427 [22;34mDEBUG[0m 33 p frame 43022 - rtmpquic.go:294
2026/03/12 14:37:55.168450 [22;34mDEBUG[0m 
chunk:1355 chunk-dur:33ms, timestamp:45134 - rtmpquic.go:220
2026/03/12 14:37:55.201683 [22;34mDEBUG[0m Return monitor from  scheduler : , bw flag : false, limit : 0 - rtmpquic.go:249
2026/03/12 14:37:55.201708 [22;36m INFO[0m IframeComing false, resideSizeInGOP 671134, meanGOP 1.948141e+06, meanI 237829, curgop 1277007, curI 208113 - rtmpquic.go:283
2026/03/12 14:37:55.201713 [22;36m INFO[0m UNKEYBEHIND 34,limit:0 - rtmpquic.go:284
2026/03/12 14:37:55.201716 [22;34mDEBUG[0m 34 p frame 10927 - rtmpquic.go:294
2026/03/12 14:37:55.201733 [22;34mDEBUG[0m 
chunk:1356 chunk-dur:33ms, timestamp:45167 - rtmpquic.go:220
2026/03/12 14:37:55.235682 [22;34mDEBUG[0m Return monitor from  scheduler : , bw flag : false, limit : 0 - rtmpquic.go:249
2026/03/12 14:37:55.235701 [22;36m INFO[0m IframeComing false, resideSizeInGOP 661431, meanGOP 1.948141e+06, meanI 237829, curgop 1286710, curI 208113 - rtmpquic.go:283
2026/03/12 14:37:55.235705 [22;36m INFO[0m UNKEYBEHIND 35,limit:0 - rtmpquic.go:284
2026/03/12 14:37:55.235708 [22;34mDEBUG[0m 35 p frame 9703 - rtmpquic.go:294
2026/03/12 14:37:55.235811 [22;34mDEBUG[0m 
chunk:1357 chunk-dur:34ms, timestamp:45200 - rtmpquic.go:220
2026/03/12 14:37:55.268595 [22;34mDEBUG[0m Return monitor from  scheduler : , bw flag : false, limit : 0 - rtmpquic.go:249
2026/03/12 14:37:55.268618 [22;36m INFO[0m IframeComing false, resideSizeInGOP 603141, meanGOP 1.948141e+06, meanI 237829, curgop 1345000, curI 208113 - rtmpquic.go:283
2026/03/12 14:37:55.268622 [22;36m INFO[0m UNKEYBEHIND 36,limit:0 - rtmpquic.go:284
2026/03/12 14:37:55.268626 [22;34mDEBUG[0m 36 p frame 58290 - rtmpquic.go:294
2026/03/12 14:37:55.268640 [22;34mDEBUG[0m 
chunk:1358 chunk-dur:33ms, timestamp:45234 - rtmpquic.go:220
2026/03/12 14:37:55.302591 [22;34mDEBUG[0m Return monitor from  scheduler : , bw flag : false, limit : 0 - rtmpquic.go:249
2026/03/12 14:37:55.302613 [22;36m INFO[0m IframeComing false, resideSizeInGOP 592469, meanGOP 1.948141e+06, meanI 237829, curgop 1355672, curI 208113 - rtmpquic.go:283
2026/03/12 14:37:55.302617 [22;36m INFO[0m UNKEYBEHIND 37,limit:0 - rtmpquic.go:284
2026/03/12 14:37:55.302621 [22;34mDEBUG[0m 37 p frame 10672 - rtmpquic.go:294
2026/03/12 14:37:55.302695 [22;34mDEBUG[0m 
chunk:1359 chunk-dur:34ms, timestamp:45267 - rtmpquic.go:220
2026/03/12 14:37:55.335359 [22;34mDEBUG[0m Return monitor from  scheduler : , bw flag : false, limit : 0 - rtmpquic.go:249
2026/03/12 14:37:55.335397 [22;36m INFO[0m IframeComing false, resideSizeInGOP 518394, meanGOP 1.948141e+06, meanI 237829, curgop 1429747, curI 208113 - rtmpquic.go:283
2026/03/12 14:37:55.335401 [22;36m INFO[0m UNKEYBEHIND 38,limit:0 - rtmpquic.go:284
2026/03/12 14:37:55.335405 [22;34mDEBUG[0m 38 p frame 74075 - rtmpquic.go:294
2026/03/12 14:37:55.335412 [22;34mDEBUG[0m 
chunk:1360 chunk-dur:33ms, timestamp:45300 - rtmpquic.go:220
2026/03/12 14:37:55.367693 [22;34mDEBUG[0m Return monitor from  scheduler : , bw flag : false, limit : 0 - rtmpquic.go:249
2026/03/12 14:37:55.367733 [22;36m INFO[0m IframeComing false, resideSizeInGOP 510780, meanGOP 1.948141e+06, meanI 237829, curgop 1437361, curI 208113 - rtmpquic.go:283
2026/03/12 14:37:55.367737 [22;36m INFO[0m UNKEYBEHIND 39,limit:0 - rtmpquic.go:284
2026/03/12 14:37:55.367741 [22;34mDEBUG[0m 39 p frame 7614 - rtmpquic.go:294
2026/03/12 14:37:55.367818 [22;34mDEBUG[0m 
chunk:1361 chunk-dur:32ms, timestamp:45334 - rtmpquic.go:220
2026/03/12 14:37:55.402587 [22;34mDEBUG[0m Return monitor from  scheduler : , bw flag : false, limit : 0 - rtmpquic.go:249
2026/03/12 14:37:55.402615 [22;36m INFO[0m IframeComing false, resideSizeInGOP 448271, meanGOP 1.948141e+06, meanI 237829, curgop 1499870, curI 208113 - rtmpquic.go:283
2026/03/12 14:37:55.402620 [22;36m INFO[0m UNKEYBEHIND 40,limit:0 - rtmpquic.go:284
2026/03/12 14:37:55.402624 [22;34mDEBUG[0m 40 p frame 62509 - rtmpquic.go:294
2026/03/12 14:37:55.402806 [22;34mDEBUG[0m 
chunk:1362 chunk-dur:35ms, timestamp:45367 - rtmpquic.go:220
2026/03/12 14:37:55.435382 [22;34mDEBUG[0m Return monitor from  scheduler : , bw flag : false, limit : 0 - rtmpquic.go:249
2026/03/12 14:37:55.435427 [22;36m INFO[0m IframeComing false, resideSizeInGOP 439873, meanGOP 1.948141e+06, meanI 237829, curgop 1508268, curI 208113 - rtmpquic.go:283
2026/03/12 14:37:55.435432 [22;36m INFO[0m UNKEYBEHIND 41,limit:0 - rtmpquic.go:284
2026/03/12 14:37:55.435436 [22;34mDEBUG[0m 41 p frame 8398 - rtmpquic.go:294
2026/03/12 14:37:55.435454 [22;34mDEBUG[0m 
chunk:1363 chunk-dur:33ms, timestamp:45400 - rtmpquic.go:220
2026/03/12 14:37:55.468797 [22;34mDEBUG[0m Return monitor from  scheduler : , bw flag : false, limit : 0 - rtmpquic.go:249
2026/03/12 14:37:55.468826 [22;36m INFO[0m IframeComing false, resideSizeInGOP 433333, meanGOP 1.948141e+06, meanI 237829, curgop 1514808, curI 208113 - rtmpquic.go:283
2026/03/12 14:37:55.468831 [22;36m INFO[0m UNKEYBEHIND 42,limit:0 - rtmpquic.go:284
2026/03/12 14:37:55.468834 [22;34mDEBUG[0m 42 p frame 6540 - rtmpquic.go:294
2026/03/12 14:37:55.468931 [22;34mDEBUG[0m 
chunk:1364 chunk-dur:33ms, timestamp:45434 - rtmpquic.go:220
2026/03/12 14:37:55.502727 [22;34mDEBUG[0m Return monitor from  scheduler : , bw flag : false, limit : 0 - rtmpquic.go:249
2026/03/12 14:37:55.502757 [22;36m INFO[0m IframeComing false, resideSizeInGOP 369514, meanGOP 1.948141e+06, meanI 237829, curgop 1578627, curI 208113 - rtmpquic.go:283
2026/03/12 14:37:55.502761 [22;36m INFO[0m UNKEYBEHIND 43,limit:0 - rtmpquic.go:284
2026/03/12 14:37:55.502764 [22;34mDEBUG[0m 43 p frame 63819 - rtmpquic.go:294
2026/03/12 14:37:55.502773 [22;34mDEBUG[0m 
chunk:1365 chunk-dur:34ms, timestamp:45467 - rtmpquic.go:220
2026/03/12 14:37:55.535699 [22;34mDEBUG[0m Return monitor from  scheduler : , bw flag : false, limit : 0 - rtmpquic.go:249
2026/03/12 14:37:55.535781 [22;36m INFO[0m IframeComing false, resideSizeInGOP 361759, meanGOP 1.948141e+06, meanI 237829, curgop 1586382, curI 208113 - rtmpquic.go:283
2026/03/12 14:37:55.535790 [22;36m INFO[0m UNKEYBEHIND 44,limit:0 - rtmpquic.go:284
2026/03/12 14:37:55.535807 [22;34mDEBUG[0m 44 p frame 7755 - rtmpquic.go:294
2026/03/12 14:37:55.535831 [22;34mDEBUG[0m 
chunk:1366 chunk-dur:33ms, timestamp:45500 - rtmpquic.go:220
2026/03/12 14:37:55.568579 [22;34mDEBUG[0m Return monitor from  scheduler : , bw flag : false, limit : 0 - rtmpquic.go:249
2026/03/12 14:37:55.568624 [22;36m INFO[0m IframeComing false, resideSizeInGOP 356035, meanGOP 1.948141e+06, meanI 237829, curgop 1592106, curI 208113 - rtmpquic.go:283
2026/03/12 14:37:55.568631 [22;36m INFO[0m UNKEYBEHIND 45,limit:0 - rtmpquic.go:284
2026/03/12 14:37:55.568635 [22;34mDEBUG[0m 45 p frame 5724 - rtmpquic.go:294
2026/03/12 14:37:55.568706 [22;34mDEBUG[0m 
chunk:1367 chunk-dur:33ms, timestamp:45534 - rtmpquic.go:220
2026/03/12 14:37:55.602200 [22;34mDEBUG[0m Return monitor from  scheduler : , bw flag : false, limit : 0 - rtmpquic.go:249
2026/03/12 14:37:55.602262 [22;36m INFO[0m IframeComing false, resideSizeInGOP 295915, meanGOP 1.948141e+06, meanI 237829, curgop 1652226, curI 208113 - rtmpquic.go:283
2026/03/12 14:37:55.602268 [22;36m INFO[0m UNKEYBEHIND 46,limit:0 - rtmpquic.go:284
2026/03/12 14:37:55.602272 [22;34mDEBUG[0m 46 p frame 60120 - rtmpquic.go:294
2026/03/12 14:37:55.602319 [22;34mDEBUG[0m 
chunk:1368 chunk-dur:34ms, timestamp:45567 - rtmpquic.go:220
2026/03/12 14:37:55.634744 [22;34mDEBUG[0m Return monitor from  scheduler : , bw flag : false, limit : 0 - rtmpquic.go:249
2026/03/12 14:37:55.634765 [22;36m INFO[0m IframeComing false, resideSizeInGOP 282499, meanGOP 1.948141e+06, meanI 237829, curgop 1665642, curI 208113 - rtmpquic.go:283
2026/03/12 14:37:55.634769 [22;36m INFO[0m UNKEYBEHIND 47,limit:0 - rtmpquic.go:284
2026/03/12 14:37:55.634773 [22;34mDEBUG[0m 47 p frame 13416 - rtmpquic.go:294
2026/03/12 14:37:55.634805 [22;34mDEBUG[0m 
chunk:1369 chunk-dur:32ms, timestamp:45600 - rtmpquic.go:220
2026/03/12 14:37:55.671953 [22;34mDEBUG[0m Return monitor from  scheduler : , bw flag : false, limit : 0 - rtmpquic.go:249
2026/03/12 14:37:55.672009 [22;36m INFO[0m IframeComing false, resideSizeInGOP 277205, meanGOP 1.948141e+06, meanI 237829, curgop 1670936, curI 208113 - rtmpquic.go:283
2026/03/12 14:37:55.672017 [22;36m INFO[0m UNKEYBEHIND 48,limit:0 - rtmpquic.go:284
2026/03/12 14:37:55.672021 [22;34mDEBUG[0m 48 p frame 5294 - rtmpquic.go:294
2026/03/12 14:37:55.672030 [22;34mDEBUG[0m 
chunk:1370 chunk-dur:38ms, timestamp:45634 - rtmpquic.go:220
2026/03/12 14:37:55.701350 [22;34mDEBUG[0m Return monitor from  scheduler : , bw flag : false, limit : 0 - rtmpquic.go:249
2026/03/12 14:37:55.701388 [22;36m INFO[0m IframeComing false, resideSizeInGOP 271450, meanGOP 1.948141e+06, meanI 237829, curgop 1676691, curI 208113 - rtmpquic.go:283
2026/03/12 14:37:55.701393 [22;36m INFO[0m UNKEYBEHIND 49,limit:0 - rtmpquic.go:284
2026/03/12 14:37:55.701396 [22;34mDEBUG[0m 49 p frame 5755 - rtmpquic.go:294
2026/03/12 14:37:55.701480 [22;34mDEBUG[0m 
chunk:1371 chunk-dur:29ms, timestamp:45667 - rtmpquic.go:220
2026/03/12 14:37:55.735674 [22;34mDEBUG[0m Return monitor from  scheduler : , bw flag : false, limit : 0 - rtmpquic.go:249
2026/03/12 14:37:55.735694 [22;36m INFO[0m IframeComing false, resideSizeInGOP 220186, meanGOP 1.948141e+06, meanI 237829, curgop 1727955, curI 208113 - rtmpquic.go:283
2026/03/12 14:37:55.735699 [22;36m INFO[0m UNKEYBEHIND 50,limit:0 - rtmpquic.go:284
2026/03/12 14:37:55.735702 [22;34mDEBUG[0m 50 p frame 51264 - rtmpquic.go:294
2026/03/12 14:37:55.735728 [22;34mDEBUG[0m 
chunk:1372 chunk-dur:34ms, timestamp:45700 - rtmpquic.go:220
2026/03/12 14:37:55.768684 [22;34mDEBUG[0m Return monitor from  scheduler : , bw flag : false, limit : 0 - rtmpquic.go:249
2026/03/12 14:37:55.768722 [22;36m INFO[0m IframeComing false, resideSizeInGOP 215003, meanGOP 1.948141e+06, meanI 237829, curgop 1733138, curI 208113 - rtmpquic.go:283
2026/03/12 14:37:55.768727 [22;36m INFO[0m UNKEYBEHIND 51,limit:0 - rtmpquic.go:284
2026/03/12 14:37:55.768730 [22;34mDEBUG[0m 51 p frame 5183 - rtmpquic.go:294
2026/03/12 14:37:55.768796 [22;34mDEBUG[0m 
chunk:1373 chunk-dur:33ms, timestamp:45734 - rtmpquic.go:220
2026/03/12 14:37:55.801956 [22;34mDEBUG[0m Return monitor from  scheduler : , bw flag : false, limit : 0 - rtmpquic.go:249
2026/03/12 14:37:55.801992 [22;36m INFO[0m IframeComing false, resideSizeInGOP 140891, meanGOP 1.948141e+06, meanI 237829, curgop 1807250, curI 208113 - rtmpquic.go:283
2026/03/12 14:37:55.801998 [22;36m INFO[0m UNKEYBEHIND 52,limit:0 - rtmpquic.go:284
2026/03/12 14:37:55.802002 [22;34mDEBUG[0m 52 p frame 74112 - rtmpquic.go:294
2026/03/12 14:37:55.802028 [22;34mDEBUG[0m 
chunk:1374 chunk-dur:34ms, timestamp:45767 - rtmpquic.go:220
2026/03/12 14:37:55.834931 [22;34mDEBUG[0m Return monitor from  scheduler : , bw flag : false, limit : 0 - rtmpquic.go:249
2026/03/12 14:37:55.834952 [22;36m INFO[0m IframeComing false, resideSizeInGOP 134176, meanGOP 1.948141e+06, meanI 237829, curgop 1813965, curI 208113 - rtmpquic.go:283
2026/03/12 14:37:55.834957 [22;36m INFO[0m UNKEYBEHIND 53,limit:0 - rtmpquic.go:284
2026/03/12 14:37:55.834960 [22;34mDEBUG[0m 53 p frame 6715 - rtmpquic.go:294
2026/03/12 14:37:55.835026 [22;34mDEBUG[0m 
chunk:1375 chunk-dur:33ms, timestamp:45800 - rtmpquic.go:220
2026/03/12 14:37:55.868791 [22;34mDEBUG[0m Return monitor from  scheduler : , bw flag : false, limit : 0 - rtmpquic.go:249
2026/03/12 14:37:55.868817 [22;36m INFO[0m IframeComing false, resideSizeInGOP 67274, meanGOP 1.948141e+06, meanI 237829, curgop 1880867, curI 208113 - rtmpquic.go:283
2026/03/12 14:37:55.868822 [22;36m INFO[0m UNKEYBEHIND 54,limit:0 - rtmpquic.go:284
2026/03/12 14:37:55.868825 [22;34mDEBUG[0m 54 p frame 66902 - rtmpquic.go:294
2026/03/12 14:37:55.868841 [22;34mDEBUG[0m 
chunk:1376 chunk-dur:33ms, timestamp:45834 - rtmpquic.go:220
2026/03/12 14:37:55.902953 [22;34mDEBUG[0m Return monitor from  scheduler : , bw flag : false, limit : 0 - rtmpquic.go:249
2026/03/12 14:37:55.902974 [22;36m INFO[0m IframeComing false, resideSizeInGOP 57864, meanGOP 1.948141e+06, meanI 237829, curgop 1890277, curI 208113 - rtmpquic.go:283
2026/03/12 14:37:55.902978 [22;36m INFO[0m UNKEYBEHIND 55,limit:0 - rtmpquic.go:284
2026/03/12 14:37:55.902982 [22;34mDEBUG[0m 55 p frame 9410 - rtmpquic.go:294
2026/03/12 14:37:55.903017 [22;34mDEBUG[0m 
chunk:1377 chunk-dur:35ms, timestamp:45867 - rtmpquic.go:220
2026/03/12 14:37:55.934629 [22;34mDEBUG[0m Return monitor from  scheduler : , bw flag : false, limit : 0 - rtmpquic.go:249
2026/03/12 14:37:55.934663 [22;36m INFO[0m IframeComing false, resideSizeInGOP 50858, meanGOP 1.948141e+06, meanI 237829, curgop 1897283, curI 208113 - rtmpquic.go:283
2026/03/12 14:37:55.934668 [22;36m INFO[0m UNKEYBEHIND 56,limit:0 - rtmpquic.go:284
2026/03/12 14:37:55.934672 [22;34mDEBUG[0m 56 p frame 7006 - rtmpquic.go:294
2026/03/12 14:37:55.934954 [22;34mDEBUG[0m 
chunk:1378 chunk-dur:31ms, timestamp:45900 - rtmpquic.go:220
2026/03/12 14:37:55.968516 [22;34mDEBUG[0m Return monitor from  scheduler : , bw flag : false, limit : 0 - rtmpquic.go:249
2026/03/12 14:37:55.968549 [22;36m INFO[0m IframeComing true, resideSizeInGOP -23046, meanGOP 1.948141e+06, meanI 237829, curgop 1971187, curI 208113 - rtmpquic.go:283
2026/03/12 14:37:55.968554 [22;36m INFO[0m UNKEYBEHIND 57,limit:0 - rtmpquic.go:284
2026/03/12 14:37:55.968557 [22;34mDEBUG[0m 57 p frame 73904 - rtmpquic.go:294
2026/03/12 14:37:55.968726 [22;34mDEBUG[0m 
chunk:1379 chunk-dur:34ms, timestamp:45934 - rtmpquic.go:220
2026/03/12 14:37:56.002553 [22;34mDEBUG[0m Return monitor from  scheduler : , bw flag : false, limit : 0 - rtmpquic.go:249
2026/03/12 14:37:56.002583 [22;36m INFO[0m IframeComing true, resideSizeInGOP -53725, meanGOP 1.948141e+06, meanI 237829, curgop 2001866, curI 208113 - rtmpquic.go:283
2026/03/12 14:37:56.002588 [22;36m INFO[0m UNKEYBEHIND 58,limit:0 - rtmpquic.go:284
2026/03/12 14:37:56.002592 [22;34mDEBUG[0m 58 p frame 30679 - rtmpquic.go:294
2026/03/12 14:37:56.002625 [22;34mDEBUG[0m 
chunk:1380 chunk-dur:34ms, timestamp:45967 - rtmpquic.go:220
2026/03/12 14:37:56.034920 [22;34mDEBUG[0m Return monitor from  scheduler : , bw flag : false, limit : 0 - rtmpquic.go:249
2026/03/12 14:37:56.034951 [22;36m INFO[0m IframeComing true, resideSizeInGOP -61067, meanGOP 1.948141e+06, meanI 237829, curgop 2009208, curI 208113 - rtmpquic.go:283
2026/03/12 14:37:56.034956 [22;36m INFO[0m UNKEYBEHIND 59,limit:0 - rtmpquic.go:284
2026/03/12 14:37:56.034959 [22;34mDEBUG[0m 59 p frame 7342 - rtmpquic.go:294
2026/03/12 14:37:56.035275 [22;34mDEBUG[0m 
chunk:1381 chunk-dur:33ms, timestamp:46000 - rtmpquic.go:220
2026/03/12 14:37:56.069463 [22;34mDEBUG[0m Return monitor from  scheduler : , bw flag : false, limit : 0 - rtmpquic.go:249
key tag 278502
2026/03/12 14:37:56.069492 [22;34mDEBUG[0m 24 I frame 278502 - rtmpquic.go:275
2026/03/12 14:37:56.069584 [22;34mDEBUG[0m 
chunk:1382 chunk-dur:34ms, timestamp:46034 - rtmpquic.go:220
2026/03/12 14:37:56.102409 [22;34mDEBUG[0m Return monitor from  scheduler : , bw flag : false, limit : 0 - rtmpquic.go:249
2026/03/12 14:37:56.102427 [22;36m INFO[0m IframeComing false, resideSizeInGOP 1.626383e+06, meanGOP 1.950796e+06, meanI 236537, curgop 324413, curI 278502 - rtmpquic.go:283
2026/03/12 14:37:56.102472 [22;36m INFO[0m UNKEYBEHIND 1,limit:0 - rtmpquic.go:284
2026/03/12 14:37:56.102479 [22;34mDEBUG[0m 1 p frame 45911 - rtmpquic.go:294
2026/03/12 14:37:56.102490 [22;34mDEBUG[0m 
chunk:1383 chunk-dur:33ms, timestamp:46067 - rtmpquic.go:220
2026/03/12 14:37:56.135500 [22;34mDEBUG[0m Return monitor from  scheduler : , bw flag : false, limit : 0 - rtmpquic.go:249
2026/03/12 14:37:56.135552 [22;36m INFO[0m IframeComing false, resideSizeInGOP 1.618336e+06, meanGOP 1.950796e+06, meanI 236537, curgop 332460, curI 278502 - rtmpquic.go:283
2026/03/12 14:37:56.135559 [22;36m INFO[0m UNKEYBEHIND 2,limit:0 - rtmpquic.go:284
2026/03/12 14:37:56.135563 [22;34mDEBUG[0m 2 p frame 8047 - rtmpquic.go:294
2026/03/12 14:37:56.135600 [22;34mDEBUG[0m 
chunk:1384 chunk-dur:33ms, timestamp:46100 - rtmpquic.go:220
2026/03/12 14:37:56.153827 [22;34mDEBUG[0m bitrate:8.519638 Mbps - client_session.go:438
2026/03/12 14:37:56.168776 [22;34mDEBUG[0m Return monitor from  scheduler : , bw flag : false, limit : 0 - rtmpquic.go:249
2026/03/12 14:37:56.168810 [22;36m INFO[0m IframeComing false, resideSizeInGOP 1.612024e+06, meanGOP 1.950796e+06, meanI 236537, curgop 338772, curI 278502 - rtmpquic.go:283
2026/03/12 14:37:56.168816 [22;36m INFO[0m UNKEYBEHIND 3,limit:0 - rtmpquic.go:284
2026/03/12 14:37:56.168820 [22;34mDEBUG[0m 3 p frame 6312 - rtmpquic.go:294
2026/03/12 14:37:56.168932 [22;34mDEBUG[0m 
chunk:1385 chunk-dur:33ms, timestamp:46134 - rtmpquic.go:220
2026/03/12 14:37:56.203086 [22;34mDEBUG[0m Return monitor from  scheduler : , bw flag : false, limit : 0 - rtmpquic.go:249
2026/03/12 14:37:56.203117 [22;36m INFO[0m IframeComing false, resideSizeInGOP 1.568409e+06, meanGOP 1.950796e+06, meanI 236537, curgop 382387, curI 278502 - rtmpquic.go:283
2026/03/12 14:37:56.203121 [22;36m INFO[0m UNKEYBEHIND 4,limit:0 - rtmpquic.go:284
2026/03/12 14:37:56.203125 [22;34mDEBUG[0m 4 p frame 43615 - rtmpquic.go:294
2026/03/12 14:37:56.203133 [22;34mDEBUG[0m 
chunk:1386 chunk-dur:35ms, timestamp:46167 - rtmpquic.go:220
2026/03/12 14:37:56.234508 [22;34mDEBUG[0m Return monitor from  scheduler : , bw flag : false, limit : 0 - rtmpquic.go:249
2026/03/12 14:37:56.234562 [22;36m INFO[0m IframeComing false, resideSizeInGOP 1.562225e+06, meanGOP 1.950796e+06, meanI 236537, curgop 388571, curI 278502 - rtmpquic.go:283
2026/03/12 14:37:56.234592 [22;36m INFO[0m UNKEYBEHIND 5,limit:0 - rtmpquic.go:284
2026/03/12 14:37:56.234597 [22;34mDEBUG[0m 5 p frame 6184 - rtmpquic.go:294
2026/03/12 14:37:56.234955 [22;34mDEBUG[0m 
chunk:1387 chunk-dur:31ms, timestamp:46200 - rtmpquic.go:220
2026/03/12 14:37:56.270409 [22;34mDEBUG[0m Return monitor from  scheduler : , bw flag : false, limit : 0 - rtmpquic.go:249
2026/03/12 14:37:56.270438 [22;36m INFO[0m IframeComing false, resideSizeInGOP 1.51676e+06, meanGOP 1.950796e+06, meanI 236537, curgop 434036, curI 278502 - rtmpquic.go:283
2026/03/12 14:37:56.270443 [22;36m INFO[0m UNKEYBEHIND 6,limit:0 - rtmpquic.go:284
2026/03/12 14:37:56.270446 [22;34mDEBUG[0m 6 p frame 45465 - rtmpquic.go:294
2026/03/12 14:37:56.270600 [22;34mDEBUG[0m 
chunk:1388 chunk-dur:36ms, timestamp:46234 - rtmpquic.go:220
2026/03/12 14:37:56.302200 [22;34mDEBUG[0m Return monitor from  scheduler : , bw flag : false, limit : 0 - rtmpquic.go:249
2026/03/12 14:37:56.302230 [22;36m INFO[0m IframeComing false, resideSizeInGOP 1.511137e+06, meanGOP 1.950796e+06, meanI 236537, curgop 439659, curI 278502 - rtmpquic.go:283
2026/03/12 14:37:56.302235 [22;36m INFO[0m UNKEYBEHIND 7,limit:0 - rtmpquic.go:284
2026/03/12 14:37:56.302238 [22;34mDEBUG[0m 7 p frame 5623 - rtmpquic.go:294
2026/03/12 14:37:56.302297 [22;34mDEBUG[0m 
chunk:1389 chunk-dur:32ms, timestamp:46267 - rtmpquic.go:220
2026/03/12 14:37:56.334397 [22;34mDEBUG[0m Return monitor from  scheduler : , bw flag : false, limit : 0 - rtmpquic.go:249
2026/03/12 14:37:56.334422 [22;36m INFO[0m IframeComing false, resideSizeInGOP 1.472783e+06, meanGOP 1.950796e+06, meanI 236537, curgop 478013, curI 278502 - rtmpquic.go:283
2026/03/12 14:37:56.334426 [22;36m INFO[0m UNKEYBEHIND 8,limit:0 - rtmpquic.go:284
2026/03/12 14:37:56.334429 [22;34mDEBUG[0m 8 p frame 38354 - rtmpquic.go:294
2026/03/12 14:37:56.334504 [22;34mDEBUG[0m 
chunk:1390 chunk-dur:32ms, timestamp:46300 - rtmpquic.go:220
2026/03/12 14:37:56.369426 [22;34mDEBUG[0m Return monitor from  scheduler : , bw flag : false, limit : 0 - rtmpquic.go:249
2026/03/12 14:37:56.369450 [22;36m INFO[0m IframeComing false, resideSizeInGOP 1.422189e+06, meanGOP 1.950796e+06, meanI 236537, curgop 528607, curI 278502 - rtmpquic.go:283
2026/03/12 14:37:56.369462 [22;36m INFO[0m UNKEYBEHIND 9,limit:0 - rtmpquic.go:284
2026/03/12 14:37:56.369468 [22;34mDEBUG[0m 9 p frame 50594 - rtmpquic.go:294
2026/03/12 14:37:56.369492 [22;34mDEBUG[0m 
chunk:1391 chunk-dur:35ms, timestamp:46334 - rtmpquic.go:220
2026/03/12 14:37:56.402435 [22;34mDEBUG[0m Return monitor from  scheduler : , bw flag : false, limit : 0 - rtmpquic.go:249
2026/03/12 14:37:56.402458 [22;36m INFO[0m IframeComing false, resideSizeInGOP 1.416406e+06, meanGOP 1.950796e+06, meanI 236537, curgop 534390, curI 278502 - rtmpquic.go:283
2026/03/12 14:37:56.402463 [22;36m INFO[0m UNKEYBEHIND 10,limit:0 - rtmpquic.go:284
2026/03/12 14:37:56.402467 [22;34mDEBUG[0m 10 p frame 5783 - rtmpquic.go:294
2026/03/12 14:37:56.402646 [22;34mDEBUG[0m 
chunk:1392 chunk-dur:33ms, timestamp:46367 - rtmpquic.go:220
2026/03/12 14:37:56.435328 [22;34mDEBUG[0m Return monitor from  scheduler : , bw flag : false, limit : 0 - rtmpquic.go:249
2026/03/12 14:37:56.435352 [22;36m INFO[0m IframeComing false, resideSizeInGOP 1.363554e+06, meanGOP 1.950796e+06, meanI 236537, curgop 587242, curI 278502 - rtmpquic.go:283
2026/03/12 14:37:56.435357 [22;36m INFO[0m UNKEYBEHIND 11,limit:0 - rtmpquic.go:284
2026/03/12 14:37:56.435361 [22;34mDEBUG[0m 11 p frame 52852 - rtmpquic.go:294
2026/03/12 14:37:56.435369 [22;34mDEBUG[0m 
chunk:1393 chunk-dur:33ms, timestamp:46400 - rtmpquic.go:220
2026/03/12 14:37:56.467830 [22;34mDEBUG[0m Return monitor from  scheduler : , bw flag : false, limit : 0 - rtmpquic.go:249
2026/03/12 14:37:56.467858 [22;36m INFO[0m IframeComing false, resideSizeInGOP 1.357712e+06, meanGOP 1.950796e+06, meanI 236537, curgop 593084, curI 278502 - rtmpquic.go:283
2026/03/12 14:37:56.467864 [22;36m INFO[0m UNKEYBEHIND 12,limit:0 - rtmpquic.go:284
2026/03/12 14:37:56.467895 [22;34mDEBUG[0m 12 p frame 5842 - rtmpquic.go:294
2026/03/12 14:37:56.467961 [22;34mDEBUG[0m 
chunk:1394 chunk-dur:32ms, timestamp:46434 - rtmpquic.go:220
2026/03/12 14:37:56.502750 [22;34mDEBUG[0m Return monitor from  scheduler : , bw flag : false, limit : 0 - rtmpquic.go:249
2026/03/12 14:37:56.502776 [22;36m INFO[0m IframeComing false, resideSizeInGOP 1.287581e+06, meanGOP 1.950796e+06, meanI 236537, curgop 663215, curI 278502 - rtmpquic.go:283
2026/03/12 14:37:56.502781 [22;36m INFO[0m UNKEYBEHIND 13,limit:0 - rtmpquic.go:284
2026/03/12 14:37:56.502784 [22;34mDEBUG[0m 13 p frame 70131 - rtmpquic.go:294
2026/03/12 14:37:56.502813 [22;34mDEBUG[0m 
chunk:1395 chunk-dur:35ms, timestamp:46467 - rtmpquic.go:220
2026/03/12 14:37:56.535541 [22;34mDEBUG[0m Return monitor from  scheduler : , bw flag : false, limit : 0 - rtmpquic.go:249
2026/03/12 14:37:56.535935 [22;36m INFO[0m IframeComing false, resideSizeInGOP 1.280362e+06, meanGOP 1.950796e+06, meanI 236537, curgop 670434, curI 278502 - rtmpquic.go:283
2026/03/12 14:37:56.535948 [22;36m INFO[0m UNKEYBEHIND 14,limit:0 - rtmpquic.go:284
2026/03/12 14:37:56.535952 [22;34mDEBUG[0m 14 p frame 7219 - rtmpquic.go:294
2026/03/12 14:37:56.536221 [22;34mDEBUG[0m 
chunk:1396 chunk-dur:34ms, timestamp:46500 - rtmpquic.go:220
2026/03/12 14:37:56.568760 [22;34mDEBUG[0m Return monitor from  scheduler : , bw flag : false, limit : 0 - rtmpquic.go:249
2026/03/12 14:37:56.568791 [22;36m INFO[0m IframeComing false, resideSizeInGOP 1.216367e+06, meanGOP 1.950796e+06, meanI 236537, curgop 734429, curI 278502 - rtmpquic.go:283
2026/03/12 14:37:56.568795 [22;36m INFO[0m UNKEYBEHIND 15,limit:0 - rtmpquic.go:284
2026/03/12 14:37:56.568799 [22;34mDEBUG[0m 15 p frame 63995 - rtmpquic.go:294
2026/03/12 14:37:56.568818 [22;34mDEBUG[0m 
chunk:1397 chunk-dur:32ms, timestamp:46534 - rtmpquic.go:220
2026/03/12 14:37:56.603327 [22;34mDEBUG[0m Return monitor from  scheduler : , bw flag : false, limit : 0 - rtmpquic.go:249
2026/03/12 14:37:56.603349 [22;36m INFO[0m IframeComing false, resideSizeInGOP 1.19949e+06, meanGOP 1.950796e+06, meanI 236537, curgop 751306, curI 278502 - rtmpquic.go:283
2026/03/12 14:37:56.603360 [22;36m INFO[0m UNKEYBEHIND 16,limit:0 - rtmpquic.go:284
2026/03/12 14:37:56.603363 [22;34mDEBUG[0m 16 p frame 16877 - rtmpquic.go:294
2026/03/12 14:37:56.603371 [22;34mDEBUG[0m 
chunk:1398 chunk-dur:35ms, timestamp:46567 - rtmpquic.go:220
2026/03/12 14:37:56.635773 [22;34mDEBUG[0m Return monitor from  scheduler : , bw flag : false, limit : 0 - rtmpquic.go:249
2026/03/12 14:37:56.635806 [22;36m INFO[0m IframeComing false, resideSizeInGOP 1.192868e+06, meanGOP 1.950796e+06, meanI 236537, curgop 757928, curI 278502 - rtmpquic.go:283
2026/03/12 14:37:56.635811 [22;36m INFO[0m UNKEYBEHIND 17,limit:0 - rtmpquic.go:284
2026/03/12 14:37:56.635814 [22;34mDEBUG[0m 17 p frame 6622 - rtmpquic.go:294
2026/03/12 14:37:56.636138 [22;34mDEBUG[0m 
chunk:1399 chunk-dur:33ms, timestamp:46600 - rtmpquic.go:220
2026/03/12 14:37:56.667432 [22;34mDEBUG[0m Return monitor from  scheduler : , bw flag : false, limit : 0 - rtmpquic.go:249
2026/03/12 14:37:56.667530 [22;36m INFO[0m IframeComing false, resideSizeInGOP 1.186179e+06, meanGOP 1.950796e+06, meanI 236537, curgop 764617, curI 278502 - rtmpquic.go:283
2026/03/12 14:37:56.667537 [22;36m INFO[0m UNKEYBEHIND 18,limit:0 - rtmpquic.go:284
2026/03/12 14:37:56.667541 [22;34mDEBUG[0m 18 p frame 6689 - rtmpquic.go:294
2026/03/12 14:37:56.667945 [22;34mDEBUG[0m 
chunk:1400 chunk-dur:31ms, timestamp:46634 - rtmpquic.go:220
2026/03/12 14:37:56.702440 [22;34mDEBUG[0m Return monitor from  scheduler : , bw flag : false, limit : 0 - rtmpquic.go:249
2026/03/12 14:37:56.702464 [22;36m INFO[0m IframeComing false, resideSizeInGOP 1.121675e+06, meanGOP 1.950796e+06, meanI 236537, curgop 829121, curI 278502 - rtmpquic.go:283
2026/03/12 14:37:56.702469 [22;36m INFO[0m UNKEYBEHIND 19,limit:0 - rtmpquic.go:284
2026/03/12 14:37:56.702473 [22;34mDEBUG[0m 19 p frame 64504 - rtmpquic.go:294
2026/03/12 14:37:56.702543 [22;34mDEBUG[0m 
chunk:1401 chunk-dur:35ms, timestamp:46667 - rtmpquic.go:220
2026/03/12 14:37:56.734778 [22;34mDEBUG[0m Return monitor from  scheduler : , bw flag : false, limit : 0 - rtmpquic.go:249
2026/03/12 14:37:56.734801 [22;36m INFO[0m IframeComing false, resideSizeInGOP 1.111268e+06, meanGOP 1.950796e+06, meanI 236537, curgop 839528, curI 278502 - rtmpquic.go:283
2026/03/12 14:37:56.734806 [22;36m INFO[0m UNKEYBEHIND 20,limit:0 - rtmpquic.go:284
2026/03/12 14:37:56.734809 [22;34mDEBUG[0m 20 p frame 10407 - rtmpquic.go:294
2026/03/12 14:37:56.735223 [22;34mDEBUG[0m 
chunk:1402 chunk-dur:33ms, timestamp:46700 - rtmpquic.go:220
2026/03/12 14:37:56.767261 [22;34mDEBUG[0m Return monitor from  scheduler : , bw flag : false, limit : 0 - rtmpquic.go:249
2026/03/12 14:37:56.767322 [22;36m INFO[0m IframeComing false, resideSizeInGOP 1.103481e+06, meanGOP 1.950796e+06, meanI 236537, curgop 847315, curI 278502 - rtmpquic.go:283
2026/03/12 14:37:56.767333 [22;36m INFO[0m UNKEYBEHIND 21,limit:0 - rtmpquic.go:284
2026/03/12 14:37:56.767337 [22;34mDEBUG[0m 21 p frame 7787 - rtmpquic.go:294
2026/03/12 14:37:56.767399 [22;34mDEBUG[0m 
chunk:1403 chunk-dur:32ms, timestamp:46734 - rtmpquic.go:220
2026/03/12 14:37:56.801447 [22;34mDEBUG[0m Return monitor from  scheduler : , bw flag : false, limit : 0 - rtmpquic.go:249
2026/03/12 14:37:56.801473 [22;36m INFO[0m IframeComing false, resideSizeInGOP 1.032e+06, meanGOP 1.950796e+06, meanI 236537, curgop 918796, curI 278502 - rtmpquic.go:283
2026/03/12 14:37:56.801477 [22;36m INFO[0m UNKEYBEHIND 22,limit:0 - rtmpquic.go:284
2026/03/12 14:37:56.801481 [22;34mDEBUG[0m 22 p frame 71481 - rtmpquic.go:294
2026/03/12 14:37:56.801584 [22;34mDEBUG[0m 
chunk:1404 chunk-dur:34ms, timestamp:46767 - rtmpquic.go:220
2026/03/12 14:37:56.835561 [22;34mDEBUG[0m Return monitor from  scheduler : , bw flag : false, limit : 0 - rtmpquic.go:249
2026/03/12 14:37:56.835600 [22;36m INFO[0m IframeComing false, resideSizeInGOP 1.021378e+06, meanGOP 1.950796e+06, meanI 236537, curgop 929418, curI 278502 - rtmpquic.go:283
2026/03/12 14:37:56.835607 [22;36m INFO[0m UNKEYBEHIND 23,limit:0 - rtmpquic.go:284
2026/03/12 14:37:56.835610 [22;34mDEBUG[0m 23 p frame 10622 - rtmpquic.go:294
2026/03/12 14:37:56.835674 [22;34mDEBUG[0m 
chunk:1405 chunk-dur:34ms, timestamp:46800 - rtmpquic.go:220
2026/03/12 14:37:56.868235 [22;34mDEBUG[0m Return monitor from  scheduler : , bw flag : false, limit : 0 - rtmpquic.go:249
2026/03/12 14:37:56.868255 [22;36m INFO[0m IframeComing false, resideSizeInGOP 1.015377e+06, meanGOP 1.950796e+06, meanI 236537, curgop 935419, curI 278502 - rtmpquic.go:283
2026/03/12 14:37:56.868259 [22;36m INFO[0m UNKEYBEHIND 24,limit:0 - rtmpquic.go:284
2026/03/12 14:37:56.868263 [22;34mDEBUG[0m 24 p frame 6001 - rtmpquic.go:294
2026/03/12 14:37:56.868331 [22;34mDEBUG[0m 
chunk:1406 chunk-dur:33ms, timestamp:46834 - rtmpquic.go:220
2026/03/12 14:37:56.902361 [22;34mDEBUG[0m Return monitor from  scheduler : , bw flag : false, limit : 0 - rtmpquic.go:249
2026/03/12 14:37:56.902403 [22;36m INFO[0m IframeComing false, resideSizeInGOP 956569, meanGOP 1.950796e+06, meanI 236537, curgop 994227, curI 278502 - rtmpquic.go:283
2026/03/12 14:37:56.902407 [22;36m INFO[0m UNKEYBEHIND 25,limit:0 - rtmpquic.go:284
2026/03/12 14:37:56.902411 [22;34mDEBUG[0m 25 p frame 58808 - rtmpquic.go:294
2026/03/12 14:37:56.902449 [22;34mDEBUG[0m 
chunk:1407 chunk-dur:34ms, timestamp:46867 - rtmpquic.go:220
2026/03/12 14:37:56.935053 [22;34mDEBUG[0m Return monitor from  scheduler : , bw flag : false, limit : 0 - rtmpquic.go:249
2026/03/12 14:37:56.935075 [22;36m INFO[0m IframeComing false, resideSizeInGOP 947615, meanGOP 1.950796e+06, meanI 236537, curgop 1003181, curI 278502 - rtmpquic.go:283
2026/03/12 14:37:56.935079 [22;36m INFO[0m UNKEYBEHIND 26,limit:0 - rtmpquic.go:284
2026/03/12 14:37:56.935083 [22;34mDEBUG[0m 26 p frame 8954 - rtmpquic.go:294
2026/03/12 14:37:56.935104 [22;34mDEBUG[0m 
chunk:1408 chunk-dur:33ms, timestamp:46900 - rtmpquic.go:220
2026/03/12 14:37:56.969132 [22;34mDEBUG[0m Return monitor from  scheduler : , bw flag : false, limit : 0 - rtmpquic.go:249
2026/03/12 14:37:56.969166 [22;36m INFO[0m IframeComing false, resideSizeInGOP 940367, meanGOP 1.950796e+06, meanI 236537, curgop 1010429, curI 278502 - rtmpquic.go:283
2026/03/12 14:37:56.969171 [22;36m INFO[0m UNKEYBEHIND 27,limit:0 - rtmpquic.go:284
2026/03/12 14:37:56.969174 [22;34mDEBUG[0m 27 p frame 7248 - rtmpquic.go:294
2026/03/12 14:37:56.969282 [22;34mDEBUG[0m 
chunk:1409 chunk-dur:34ms, timestamp:46934 - rtmpquic.go:220
2026/03/12 14:37:57.002442 [22;34mDEBUG[0m Return monitor from  scheduler : , bw flag : false, limit : 0 - rtmpquic.go:249
2026/03/12 14:37:57.002474 [22;36m INFO[0m IframeComing false, resideSizeInGOP 870916, meanGOP 1.950796e+06, meanI 236537, curgop 1079880, curI 278502 - rtmpquic.go:283
2026/03/12 14:37:57.002480 [22;36m INFO[0m UNKEYBEHIND 28,limit:0 - rtmpquic.go:284
2026/03/12 14:37:57.002484 [22;34mDEBUG[0m 28 p frame 69451 - rtmpquic.go:294
2026/03/12 14:37:57.002510 [22;34mDEBUG[0m 
chunk:1410 chunk-dur:33ms, timestamp:46967 - rtmpquic.go:220
2026/03/12 14:37:57.035127 [22;34mDEBUG[0m Return monitor from  scheduler : , bw flag : false, limit : 0 - rtmpquic.go:249
2026/03/12 14:37:57.035146 [22;36m INFO[0m IframeComing false, resideSizeInGOP 853801, meanGOP 1.950796e+06, meanI 236537, curgop 1096995, curI 278502 - rtmpquic.go:283
2026/03/12 14:37:57.035151 [22;36m INFO[0m UNKEYBEHIND 29,limit:0 - rtmpquic.go:284
2026/03/12 14:37:57.035154 [22;34mDEBUG[0m 29 p frame 17115 - rtmpquic.go:294
2026/03/12 14:37:57.035179 [22;34mDEBUG[0m 
chunk:1411 chunk-dur:33ms, timestamp:47000 - rtmpquic.go:220
2026/03/12 14:37:57.067546 [22;34mDEBUG[0m Return monitor from  scheduler : , bw flag : false, limit : 0 - rtmpquic.go:249
2026/03/12 14:37:57.067582 [22;36m INFO[0m IframeComing false, resideSizeInGOP 844588, meanGOP 1.950796e+06, meanI 236537, curgop 1106208, curI 278502 - rtmpquic.go:283
2026/03/12 14:37:57.067587 [22;36m INFO[0m UNKEYBEHIND 30,limit:0 - rtmpquic.go:284
2026/03/12 14:37:57.067590 [22;34mDEBUG[0m 30 p frame 9213 - rtmpquic.go:294
2026/03/12 14:37:57.067598 [22;34mDEBUG[0m 
chunk:1412 chunk-dur:32ms, timestamp:47034 - rtmpquic.go:220
2026/03/12 14:37:57.102722 [22;34mDEBUG[0m Return monitor from  scheduler : , bw flag : false, limit : 0 - rtmpquic.go:249
2026/03/12 14:37:57.102754 [22;36m INFO[0m IframeComing false, resideSizeInGOP 836917, meanGOP 1.950796e+06, meanI 236537, curgop 1113879, curI 278502 - rtmpquic.go:283
2026/03/12 14:37:57.102759 [22;36m INFO[0m UNKEYBEHIND 31,limit:0 - rtmpquic.go:284
2026/03/12 14:37:57.102762 [22;34mDEBUG[0m 31 p frame 7671 - rtmpquic.go:294
2026/03/12 14:37:57.102832 [22;34mDEBUG[0m 
chunk:1413 chunk-dur:35ms, timestamp:47067 - rtmpquic.go:220
2026/03/12 14:37:57.135137 [22;34mDEBUG[0m Return monitor from  scheduler : , bw flag : false, limit : 0 - rtmpquic.go:249
2026/03/12 14:37:57.135163 [22;36m INFO[0m IframeComing false, resideSizeInGOP 778928, meanGOP 1.950796e+06, meanI 236537, curgop 1171868, curI 278502 - rtmpquic.go:283
2026/03/12 14:37:57.135168 [22;36m INFO[0m UNKEYBEHIND 32,limit:0 - rtmpquic.go:284
2026/03/12 14:37:57.135172 [22;34mDEBUG[0m 32 p frame 57989 - rtmpquic.go:294
2026/03/12 14:37:57.135206 [22;34mDEBUG[0m 
chunk:1414 chunk-dur:33ms, timestamp:47100 - rtmpquic.go:220
2026/03/12 14:37:57.154307 [22;34mDEBUG[0m bitrate:6.401083 Mbps - client_session.go:438
2026/03/12 14:37:57.167609 [22;34mDEBUG[0m Return monitor from  scheduler : , bw flag : false, limit : 0 - rtmpquic.go:249
2026/03/12 14:37:57.167636 [22;36m INFO[0m IframeComing false, resideSizeInGOP 768420, meanGOP 1.950796e+06, meanI 236537, curgop 1182376, curI 278502 - rtmpquic.go:283
2026/03/12 14:37:57.167643 [22;36m INFO[0m UNKEYBEHIND 33,limit:0 - rtmpquic.go:284
2026/03/12 14:37:57.167646 [22;34mDEBUG[0m 33 p frame 10508 - rtmpquic.go:294
2026/03/12 14:37:57.167668 [22;34mDEBUG[0m 
chunk:1415 chunk-dur:32ms, timestamp:47134 - rtmpquic.go:220
2026/03/12 14:37:57.202579 [22;34mDEBUG[0m Return monitor from  scheduler : , bw flag : false, limit : 0 - rtmpquic.go:249
2026/03/12 14:37:57.202642 [22;36m INFO[0m IframeComing false, resideSizeInGOP 761545, meanGOP 1.950796e+06, meanI 236537, curgop 1189251, curI 278502 - rtmpquic.go:283
2026/03/12 14:37:57.202649 [22;36m INFO[0m UNKEYBEHIND 34,limit:0 - rtmpquic.go:284
2026/03/12 14:37:57.202653 [22;34mDEBUG[0m 34 p frame 6875 - rtmpquic.go:294
2026/03/12 14:37:57.202828 [22;34mDEBUG[0m 
chunk:1416 chunk-dur:35ms, timestamp:47167 - rtmpquic.go:220
2026/03/12 14:37:57.236158 [22;34mDEBUG[0m Return monitor from  scheduler : , bw flag : false, limit : 0 - rtmpquic.go:249
2026/03/12 14:37:57.236178 [22;36m INFO[0m IframeComing false, resideSizeInGOP 696685, meanGOP 1.950796e+06, meanI 236537, curgop 1254111, curI 278502 - rtmpquic.go:283
2026/03/12 14:37:57.236182 [22;36m INFO[0m UNKEYBEHIND 35,limit:0 - rtmpquic.go:284
2026/03/12 14:37:57.236186 [22;34mDEBUG[0m 35 p frame 64860 - rtmpquic.go:294
2026/03/12 14:37:57.236194 [22;34mDEBUG[0m 
chunk:1417 chunk-dur:34ms, timestamp:47200 - rtmpquic.go:220
2026/03/12 14:37:57.267665 [22;34mDEBUG[0m Return monitor from  scheduler : , bw flag : false, limit : 0 - rtmpquic.go:249
2026/03/12 14:37:57.267692 [22;36m INFO[0m IframeComing false, resideSizeInGOP 690755, meanGOP 1.950796e+06, meanI 236537, curgop 1260041, curI 278502 - rtmpquic.go:283
2026/03/12 14:37:57.267696 [22;36m INFO[0m UNKEYBEHIND 36,limit:0 - rtmpquic.go:284
2026/03/12 14:37:57.267700 [22;34mDEBUG[0m 36 p frame 5930 - rtmpquic.go:294
2026/03/12 14:37:57.267768 [22;34mDEBUG[0m 
chunk:1418 chunk-dur:31ms, timestamp:47234 - rtmpquic.go:220
2026/03/12 14:37:57.303714 [22;34mDEBUG[0m Return monitor from  scheduler : , bw flag : false, limit : 0 - rtmpquic.go:249
2026/03/12 14:37:57.303748 [22;36m INFO[0m IframeComing false, resideSizeInGOP 645013, meanGOP 1.950796e+06, meanI 236537, curgop 1305783, curI 278502 - rtmpquic.go:283
2026/03/12 14:37:57.303753 [22;36m INFO[0m UNKEYBEHIND 37,limit:0 - rtmpquic.go:284
2026/03/12 14:37:57.303757 [22;34mDEBUG[0m 37 p frame 45742 - rtmpquic.go:294
2026/03/12 14:37:57.303780 [22;34mDEBUG[0m 
chunk:1419 chunk-dur:36ms, timestamp:47267 - rtmpquic.go:220
2026/03/12 14:37:57.335298 [22;34mDEBUG[0m Return monitor from  scheduler : , bw flag : false, limit : 0 - rtmpquic.go:249
2026/03/12 14:37:57.335356 [22;36m INFO[0m IframeComing false, resideSizeInGOP 639860, meanGOP 1.950796e+06, meanI 236537, curgop 1310936, curI 278502 - rtmpquic.go:283
2026/03/12 14:37:57.335363 [22;36m INFO[0m UNKEYBEHIND 38,limit:0 - rtmpquic.go:284
2026/03/12 14:37:57.335367 [22;34mDEBUG[0m 38 p frame 5153 - rtmpquic.go:294
2026/03/12 14:37:57.335459 [22;34mDEBUG[0m 
chunk:1420 chunk-dur:32ms, timestamp:47300 - rtmpquic.go:220
2026/03/12 14:37:57.368537 [22;34mDEBUG[0m Return monitor from  scheduler : , bw flag : false, limit : 0 - rtmpquic.go:249
2026/03/12 14:37:57.368565 [22;36m INFO[0m IframeComing false, resideSizeInGOP 566448, meanGOP 1.950796e+06, meanI 236537, curgop 1384348, curI 278502 - rtmpquic.go:283
2026/03/12 14:37:57.368569 [22;36m INFO[0m UNKEYBEHIND 39,limit:0 - rtmpquic.go:284
2026/03/12 14:37:57.368573 [22;34mDEBUG[0m 39 p frame 73412 - rtmpquic.go:294
2026/03/12 14:37:57.368649 [22;34mDEBUG[0m 
chunk:1421 chunk-dur:33ms, timestamp:47334 - rtmpquic.go:220
2026/03/12 14:37:57.402502 [22;34mDEBUG[0m Return monitor from  scheduler : , bw flag : false, limit : 0 - rtmpquic.go:249
2026/03/12 14:37:57.402522 [22;36m INFO[0m IframeComing false, resideSizeInGOP 549010, meanGOP 1.950796e+06, meanI 236537, curgop 1401786, curI 278502 - rtmpquic.go:283
2026/03/12 14:37:57.402526 [22;36m INFO[0m UNKEYBEHIND 40,limit:0 - rtmpquic.go:284
2026/03/12 14:37:57.402530 [22;34mDEBUG[0m 40 p frame 17438 - rtmpquic.go:294
2026/03/12 14:37:57.402544 [22;34mDEBUG[0m 
chunk:1422 chunk-dur:34ms, timestamp:47367 - rtmpquic.go:220
2026/03/12 14:37:57.435751 [22;34mDEBUG[0m Return monitor from  scheduler : , bw flag : false, limit : 0 - rtmpquic.go:249
2026/03/12 14:37:57.435770 [22;36m INFO[0m IframeComing false, resideSizeInGOP 543603, meanGOP 1.950796e+06, meanI 236537, curgop 1407193, curI 278502 - rtmpquic.go:283
2026/03/12 14:37:57.435774 [22;36m INFO[0m UNKEYBEHIND 41,limit:0 - rtmpquic.go:284
2026/03/12 14:37:57.435777 [22;34mDEBUG[0m 41 p frame 5407 - rtmpquic.go:294
2026/03/12 14:37:57.435791 [22;34mDEBUG[0m 
chunk:1423 chunk-dur:33ms, timestamp:47400 - rtmpquic.go:220
2026/03/12 14:37:57.468227 [22;34mDEBUG[0m Return monitor from  scheduler : , bw flag : false, limit : 0 - rtmpquic.go:249
2026/03/12 14:37:57.468251 [22;36m INFO[0m IframeComing false, resideSizeInGOP 536406, meanGOP 1.950796e+06, meanI 236537, curgop 1414390, curI 278502 - rtmpquic.go:283
2026/03/12 14:37:57.468255 [22;36m INFO[0m UNKEYBEHIND 42,limit:0 - rtmpquic.go:284
2026/03/12 14:37:57.468258 [22;34mDEBUG[0m 42 p frame 7197 - rtmpquic.go:294
2026/03/12 14:37:57.468430 [22;34mDEBUG[0m 
chunk:1424 chunk-dur:33ms, timestamp:47434 - rtmpquic.go:220
2026/03/12 14:37:57.502403 [22;34mDEBUG[0m Return monitor from  scheduler : , bw flag : false, limit : 0 - rtmpquic.go:249
2026/03/12 14:37:57.502446 [22;36m INFO[0m IframeComing false, resideSizeInGOP 464927, meanGOP 1.950796e+06, meanI 236537, curgop 1485869, curI 278502 - rtmpquic.go:283
2026/03/12 14:37:57.502452 [22;36m INFO[0m UNKEYBEHIND 43,limit:0 - rtmpquic.go:284
2026/03/12 14:37:57.502477 [22;34mDEBUG[0m 43 p frame 71479 - rtmpquic.go:294
2026/03/12 14:37:57.502520 [22;34mDEBUG[0m 
chunk:1425 chunk-dur:34ms, timestamp:47467 - rtmpquic.go:220
2026/03/12 14:37:57.535161 [22;34mDEBUG[0m Return monitor from  scheduler : , bw flag : false, limit : 0 - rtmpquic.go:249
2026/03/12 14:37:57.535188 [22;36m INFO[0m IframeComing false, resideSizeInGOP 449041, meanGOP 1.950796e+06, meanI 236537, curgop 1501755, curI 278502 - rtmpquic.go:283
2026/03/12 14:37:57.535192 [22;36m INFO[0m UNKEYBEHIND 44,limit:0 - rtmpquic.go:284
2026/03/12 14:37:57.535196 [22;34mDEBUG[0m 44 p frame 15886 - rtmpquic.go:294
2026/03/12 14:37:57.535209 [22;34mDEBUG[0m 
chunk:1426 chunk-dur:33ms, timestamp:47500 - rtmpquic.go:220
2026/03/12 14:37:57.568070 [22;34mDEBUG[0m Return monitor from  scheduler : , bw flag : false, limit : 0 - rtmpquic.go:249
2026/03/12 14:37:57.568095 [22;36m INFO[0m IframeComing false, resideSizeInGOP 442350, meanGOP 1.950796e+06, meanI 236537, curgop 1508446, curI 278502 - rtmpquic.go:283
2026/03/12 14:37:57.568099 [22;36m INFO[0m UNKEYBEHIND 45,limit:0 - rtmpquic.go:284
2026/03/12 14:37:57.568103 [22;34mDEBUG[0m 45 p frame 6691 - rtmpquic.go:294
2026/03/12 14:37:57.568137 [22;34mDEBUG[0m 
chunk:1427 chunk-dur:33ms, timestamp:47534 - rtmpquic.go:220
2026/03/12 14:37:57.601835 [22;34mDEBUG[0m Return monitor from  scheduler : , bw flag : false, limit : 0 - rtmpquic.go:249
2026/03/12 14:37:57.601950 [22;36m INFO[0m IframeComing false, resideSizeInGOP 435694, meanGOP 1.950796e+06, meanI 236537, curgop 1515102, curI 278502 - rtmpquic.go:283
2026/03/12 14:37:57.601956 [22;36m INFO[0m UNKEYBEHIND 46,limit:0 - rtmpquic.go:284
2026/03/12 14:37:57.601960 [22;34mDEBUG[0m 46 p frame 6656 - rtmpquic.go:294
2026/03/12 14:37:57.602020 [22;34mDEBUG[0m 
chunk:1428 chunk-dur:34ms, timestamp:47567 - rtmpquic.go:220
2026/03/12 14:37:57.635634 [22;34mDEBUG[0m Return monitor from  scheduler : , bw flag : false, limit : 0 - rtmpquic.go:249
2026/03/12 14:37:57.635667 [22;36m INFO[0m IframeComing false, resideSizeInGOP 343357, meanGOP 1.950796e+06, meanI 236537, curgop 1607439, curI 278502 - rtmpquic.go:283
2026/03/12 14:37:57.635672 [22;36m INFO[0m UNKEYBEHIND 47,limit:0 - rtmpquic.go:284
2026/03/12 14:37:57.635676 [22;34mDEBUG[0m 47 p frame 92337 - rtmpquic.go:294
2026/03/12 14:37:57.635702 [22;34mDEBUG[0m 
chunk:1429 chunk-dur:33ms, timestamp:47600 - rtmpquic.go:220
2026/03/12 14:37:57.668583 [22;34mDEBUG[0m Return monitor from  scheduler : , bw flag : false, limit : 0 - rtmpquic.go:249
2026/03/12 14:37:57.668614 [22;36m INFO[0m IframeComing false, resideSizeInGOP 326518, meanGOP 1.950796e+06, meanI 236537, curgop 1624278, curI 278502 - rtmpquic.go:283
2026/03/12 14:37:57.668621 [22;36m INFO[0m UNKEYBEHIND 48,limit:0 - rtmpquic.go:284
2026/03/12 14:37:57.668624 [22;34mDEBUG[0m 48 p frame 16839 - rtmpquic.go:294
2026/03/12 14:37:57.668632 [22;34mDEBUG[0m 
chunk:1430 chunk-dur:33ms, timestamp:47634 - rtmpquic.go:220
2026/03/12 14:37:57.702173 [22;34mDEBUG[0m Return monitor from  scheduler : , bw flag : false, limit : 0 - rtmpquic.go:249
2026/03/12 14:37:57.702208 [22;36m INFO[0m IframeComing false, resideSizeInGOP 319109, meanGOP 1.950796e+06, meanI 236537, curgop 1631687, curI 278502 - rtmpquic.go:283
2026/03/12 14:37:57.702212 [22;36m INFO[0m UNKEYBEHIND 49,limit:0 - rtmpquic.go:284
2026/03/12 14:37:57.702216 [22;34mDEBUG[0m 49 p frame 7409 - rtmpquic.go:294
2026/03/12 14:37:57.702266 [22;34mDEBUG[0m 
chunk:1431 chunk-dur:34ms, timestamp:47667 - rtmpquic.go:220
2026/03/12 14:37:57.734513 [22;34mDEBUG[0m Return monitor from  scheduler : , bw flag : false, limit : 0 - rtmpquic.go:249
2026/03/12 14:37:57.734557 [22;36m INFO[0m IframeComing false, resideSizeInGOP 311951, meanGOP 1.950796e+06, meanI 236537, curgop 1638845, curI 278502 - rtmpquic.go:283
2026/03/12 14:37:57.734568 [22;36m INFO[0m UNKEYBEHIND 50,limit:0 - rtmpquic.go:284
2026/03/12 14:37:57.734574 [22;34mDEBUG[0m 50 p frame 7158 - rtmpquic.go:294
2026/03/12 14:37:57.734746 [22;34mDEBUG[0m 
chunk:1432 chunk-dur:32ms, timestamp:47700 - rtmpquic.go:220
2026/03/12 14:37:57.768359 [22;34mDEBUG[0m Return monitor from  scheduler : , bw flag : false, limit : 0 - rtmpquic.go:249
2026/03/12 14:37:57.768384 [22;36m INFO[0m IframeComing false, resideSizeInGOP 241836, meanGOP 1.950796e+06, meanI 236537, curgop 1708960, curI 278502 - rtmpquic.go:283
2026/03/12 14:37:57.768394 [22;36m INFO[0m UNKEYBEHIND 51,limit:0 - rtmpquic.go:284
2026/03/12 14:37:57.768398 [22;34mDEBUG[0m 51 p frame 70115 - rtmpquic.go:294
2026/03/12 14:37:57.768433 [22;34mDEBUG[0m 
chunk:1433 chunk-dur:34ms, timestamp:47734 - rtmpquic.go:220
2026/03/12 14:37:57.802147 [22;34mDEBUG[0m Return monitor from  scheduler : , bw flag : false, limit : 0 - rtmpquic.go:249
2026/03/12 14:37:57.802175 [22;36m INFO[0m IframeComing false, resideSizeInGOP 227373, meanGOP 1.950796e+06, meanI 236537, curgop 1723423, curI 278502 - rtmpquic.go:283
2026/03/12 14:37:57.802179 [22;36m INFO[0m UNKEYBEHIND 52,limit:0 - rtmpquic.go:284
2026/03/12 14:37:57.802183 [22;34mDEBUG[0m 52 p frame 14463 - rtmpquic.go:294
2026/03/12 14:37:57.802209 [22;34mDEBUG[0m 
chunk:1434 chunk-dur:34ms, timestamp:47767 - rtmpquic.go:220
2026/03/12 14:37:57.835223 [22;34mDEBUG[0m Return monitor from  scheduler : , bw flag : false, limit : 0 - rtmpquic.go:249
2026/03/12 14:37:57.835290 [22;36m INFO[0m IframeComing false, resideSizeInGOP 221050, meanGOP 1.950796e+06, meanI 236537, curgop 1729746, curI 278502 - rtmpquic.go:283
2026/03/12 14:37:57.835300 [22;36m INFO[0m UNKEYBEHIND 53,limit:0 - rtmpquic.go:284
2026/03/12 14:37:57.835308 [22;34mDEBUG[0m 53 p frame 6323 - rtmpquic.go:294
2026/03/12 14:37:57.835321 [22;34mDEBUG[0m 
chunk:1435 chunk-dur:33ms, timestamp:47800 - rtmpquic.go:220
2026/03/12 14:37:57.868345 [22;34mDEBUG[0m Return monitor from  scheduler : , bw flag : false, limit : 0 - rtmpquic.go:249
2026/03/12 14:37:57.868371 [22;36m INFO[0m IframeComing false, resideSizeInGOP 215205, meanGOP 1.950796e+06, meanI 236537, curgop 1735591, curI 278502 - rtmpquic.go:283
2026/03/12 14:37:57.868376 [22;36m INFO[0m UNKEYBEHIND 54,limit:0 - rtmpquic.go:284
2026/03/12 14:37:57.868379 [22;34mDEBUG[0m 54 p frame 5845 - rtmpquic.go:294
2026/03/12 14:37:57.868470 [22;34mDEBUG[0m 
chunk:1436 chunk-dur:33ms, timestamp:47834 - rtmpquic.go:220
2026/03/12 14:37:57.901813 [22;34mDEBUG[0m Return monitor from  scheduler : , bw flag : false, limit : 0 - rtmpquic.go:249
2026/03/12 14:37:57.901839 [22;36m INFO[0m IframeComing false, resideSizeInGOP 129672, meanGOP 1.950796e+06, meanI 236537, curgop 1821124, curI 278502 - rtmpquic.go:283
2026/03/12 14:37:57.901844 [22;36m INFO[0m UNKEYBEHIND 55,limit:0 - rtmpquic.go:284
2026/03/12 14:37:57.901847 [22;34mDEBUG[0m 55 p frame 85533 - rtmpquic.go:294
2026/03/12 14:37:57.901956 [22;34mDEBUG[0m 
chunk:1437 chunk-dur:33ms, timestamp:47867 - rtmpquic.go:220
2026/03/12 14:37:57.935840 [22;34mDEBUG[0m Return monitor from  scheduler : , bw flag : false, limit : 0 - rtmpquic.go:249
2026/03/12 14:37:57.935924 [22;36m INFO[0m IframeComing false, resideSizeInGOP 119678, meanGOP 1.950796e+06, meanI 236537, curgop 1831118, curI 278502 - rtmpquic.go:283
2026/03/12 14:37:57.935932 [22;36m INFO[0m UNKEYBEHIND 56,limit:0 - rtmpquic.go:284
2026/03/12 14:37:57.935936 [22;34mDEBUG[0m 56 p frame 9994 - rtmpquic.go:294
2026/03/12 14:37:57.935955 [22;34mDEBUG[0m 
chunk:1438 chunk-dur:34ms, timestamp:47900 - rtmpquic.go:220
2026/03/12 14:37:57.968324 [22;34mDEBUG[0m Return monitor from  scheduler : , bw flag : false, limit : 0 - rtmpquic.go:249
2026/03/12 14:37:57.968362 [22;36m INFO[0m IframeComing false, resideSizeInGOP 113437, meanGOP 1.950796e+06, meanI 236537, curgop 1837359, curI 278502 - rtmpquic.go:283
2026/03/12 14:37:57.968506 [22;36m INFO[0m UNKEYBEHIND 57,limit:0 - rtmpquic.go:284
2026/03/12 14:37:57.968623 [22;34mDEBUG[0m 57 p frame 6241 - rtmpquic.go:294
2026/03/12 14:37:57.968745 [22;34mDEBUG[0m 
chunk:1439 chunk-dur:33ms, timestamp:47934 - rtmpquic.go:220
2026/03/12 14:37:58.002533 [22;34mDEBUG[0m Return monitor from  scheduler : , bw flag : false, limit : 0 - rtmpquic.go:249
2026/03/12 14:37:58.002594 [22;36m INFO[0m IframeComing false, resideSizeInGOP 58191, meanGOP 1.950796e+06, meanI 236537, curgop 1892605, curI 278502 - rtmpquic.go:283
2026/03/12 14:37:58.002601 [22;36m INFO[0m UNKEYBEHIND 58,limit:0 - rtmpquic.go:284
2026/03/12 14:37:58.002604 [22;34mDEBUG[0m 58 p frame 55246 - rtmpquic.go:294
2026/03/12 14:37:58.002630 [22;34mDEBUG[0m 
chunk:1440 chunk-dur:34ms, timestamp:47967 - rtmpquic.go:220
2026/03/12 14:37:58.035579 [22;34mDEBUG[0m Return monitor from  scheduler : , bw flag : false, limit : 0 - rtmpquic.go:249
2026/03/12 14:37:58.035608 [22;36m INFO[0m IframeComing false, resideSizeInGOP 52486, meanGOP 1.950796e+06, meanI 236537, curgop 1898310, curI 278502 - rtmpquic.go:283
2026/03/12 14:37:58.035612 [22;36m INFO[0m UNKEYBEHIND 59,limit:0 - rtmpquic.go:284
2026/03/12 14:37:58.035616 [22;34mDEBUG[0m 59 p frame 5705 - rtmpquic.go:294
2026/03/12 14:37:58.035846 [22;34mDEBUG[0m 
chunk:1441 chunk-dur:33ms, timestamp:48000 - rtmpquic.go:220
2026/03/12 14:37:58.068100 [22;34mDEBUG[0m Return monitor from  scheduler : , bw flag : false, limit : 0 - rtmpquic.go:249
key tag 309724
2026/03/12 14:37:58.068127 [22;34mDEBUG[0m 25 I frame 309724 - rtmpquic.go:275
2026/03/12 14:37:58.068238 [22;34mDEBUG[0m 
chunk:1442 chunk-dur:33ms, timestamp:48034 - rtmpquic.go:220
2026/03/12 14:37:58.102132 [22;34mDEBUG[0m Return monitor from  scheduler : , bw flag : false, limit : 0 - rtmpquic.go:249
2026/03/12 14:37:58.102167 [22;36m INFO[0m IframeComing false, resideSizeInGOP 1.584742e+06, meanGOP 1.948609e+06, meanI 238285, curgop 363867, curI 309724 - rtmpquic.go:283
2026/03/12 14:37:58.102172 [22;36m INFO[0m UNKEYBEHIND 1,limit:0 - rtmpquic.go:284
2026/03/12 14:37:58.102176 [22;34mDEBUG[0m 1 p frame 54143 - rtmpquic.go:294
2026/03/12 14:37:58.102205 [22;34mDEBUG[0m 
chunk:1443 chunk-dur:34ms, timestamp:48067 - rtmpquic.go:220
2026/03/12 14:37:58.134702 [22;34mDEBUG[0m Return monitor from  scheduler : , bw flag : false, limit : 0 - rtmpquic.go:249
2026/03/12 14:37:58.134757 [22;36m INFO[0m IframeComing false, resideSizeInGOP 1.57274e+06, meanGOP 1.948609e+06, meanI 238285, curgop 375869, curI 309724 - rtmpquic.go:283
2026/03/12 14:37:58.134768 [22;36m INFO[0m UNKEYBEHIND 2,limit:0 - rtmpquic.go:284
2026/03/12 14:37:58.134777 [22;34mDEBUG[0m 2 p frame 12002 - rtmpquic.go:294
2026/03/12 14:37:58.134814 [22;34mDEBUG[0m 
chunk:1444 chunk-dur:32ms, timestamp:48100 - rtmpquic.go:220
2026/03/12 14:37:58.154935 [22;34mDEBUG[0m bitrate:8.404725 Mbps - client_session.go:438
2026/03/12 14:37:58.168106 [22;34mDEBUG[0m Return monitor from  scheduler : , bw flag : false, limit : 0 - rtmpquic.go:249
2026/03/12 14:37:58.168172 [22;36m INFO[0m IframeComing false, resideSizeInGOP 1.566897e+06, meanGOP 1.948609e+06, meanI 238285, curgop 381712, curI 309724 - rtmpquic.go:283
2026/03/12 14:37:58.168179 [22;36m INFO[0m UNKEYBEHIND 3,limit:0 - rtmpquic.go:284
2026/03/12 14:37:58.168183 [22;34mDEBUG[0m 3 p frame 5843 - rtmpquic.go:294
2026/03/12 14:37:58.168193 [22;34mDEBUG[0m 
chunk:1445 chunk-dur:34ms, timestamp:48134 - rtmpquic.go:220
2026/03/12 14:37:58.202047 [22;34mDEBUG[0m Return monitor from  scheduler : , bw flag : false, limit : 0 - rtmpquic.go:249
2026/03/12 14:37:58.202076 [22;36m INFO[0m IframeComing false, resideSizeInGOP 1.560982e+06, meanGOP 1.948609e+06, meanI 238285, curgop 387627, curI 309724 - rtmpquic.go:283
2026/03/12 14:37:58.202081 [22;36m INFO[0m UNKEYBEHIND 4,limit:0 - rtmpquic.go:284
2026/03/12 14:37:58.202085 [22;34mDEBUG[0m 4 p frame 5915 - rtmpquic.go:294
2026/03/12 14:37:58.202149 [22;34mDEBUG[0m 
chunk:1446 chunk-dur:34ms, timestamp:48167 - rtmpquic.go:220
2026/03/12 14:37:58.235088 [22;34mDEBUG[0m Return monitor from  scheduler : , bw flag : false, limit : 0 - rtmpquic.go:249
2026/03/12 14:37:58.235115 [22;36m INFO[0m IframeComing false, resideSizeInGOP 1.500293e+06, meanGOP 1.948609e+06, meanI 238285, curgop 448316, curI 309724 - rtmpquic.go:283
2026/03/12 14:37:58.235120 [22;36m INFO[0m UNKEYBEHIND 5,limit:0 - rtmpquic.go:284
2026/03/12 14:37:58.235124 [22;34mDEBUG[0m 5 p frame 60689 - rtmpquic.go:294
2026/03/12 14:37:58.235149 [22;34mDEBUG[0m 
chunk:1447 chunk-dur:33ms, timestamp:48200 - rtmpquic.go:220
2026/03/12 14:37:58.267752 [22;34mDEBUG[0m Return monitor from  scheduler : , bw flag : false, limit : 0 - rtmpquic.go:249
2026/03/12 14:37:58.267783 [22;36m INFO[0m IframeComing false, resideSizeInGOP 1.485526e+06, meanGOP 1.948609e+06, meanI 238285, curgop 463083, curI 309724 - rtmpquic.go:283
2026/03/12 14:37:58.267788 [22;36m INFO[0m UNKEYBEHIND 6,limit:0 - rtmpquic.go:284
2026/03/12 14:37:58.267791 [22;34mDEBUG[0m 6 p frame 14767 - rtmpquic.go:294
2026/03/12 14:37:58.267806 [22;34mDEBUG[0m 
chunk:1448 chunk-dur:32ms, timestamp:48234 - rtmpquic.go:220
2026/03/12 14:37:58.302929 [22;34mDEBUG[0m Return monitor from  scheduler : , bw flag : false, limit : 0 - rtmpquic.go:249
2026/03/12 14:37:58.302956 [22;36m INFO[0m IframeComing false, resideSizeInGOP 1.479127e+06, meanGOP 1.948609e+06, meanI 238285, curgop 469482, curI 309724 - rtmpquic.go:283
2026/03/12 14:37:58.302961 [22;36m INFO[0m UNKEYBEHIND 7,limit:0 - rtmpquic.go:284
2026/03/12 14:37:58.302965 [22;34mDEBUG[0m 7 p frame 6399 - rtmpquic.go:294
2026/03/12 14:37:58.302980 [22;34mDEBUG[0m 
chunk:1449 chunk-dur:35ms, timestamp:48267 - rtmpquic.go:220
2026/03/12 14:37:58.336784 [22;34mDEBUG[0m Return monitor from  scheduler : , bw flag : false, limit : 0 - rtmpquic.go:249
2026/03/12 14:37:58.336829 [22;36m INFO[0m IframeComing false, resideSizeInGOP 1.473072e+06, meanGOP 1.948609e+06, meanI 238285, curgop 475537, curI 309724 - rtmpquic.go:283
2026/03/12 14:37:58.336838 [22;36m INFO[0m UNKEYBEHIND 8,limit:0 - rtmpquic.go:284
2026/03/12 14:37:58.336842 [22;34mDEBUG[0m 8 p frame 6055 - rtmpquic.go:294
2026/03/12 14:37:58.336991 [22;34mDEBUG[0m 
chunk:1450 chunk-dur:34ms, timestamp:48300 - rtmpquic.go:220
2026/03/12 14:37:58.368573 [22;34mDEBUG[0m Return monitor from  scheduler : , bw flag : false, limit : 0 - rtmpquic.go:249
2026/03/12 14:37:58.368650 [22;36m INFO[0m IframeComing false, resideSizeInGOP 1.421943e+06, meanGOP 1.948609e+06, meanI 238285, curgop 526666, curI 309724 - rtmpquic.go:283
2026/03/12 14:37:58.368660 [22;36m INFO[0m UNKEYBEHIND 9,limit:0 - rtmpquic.go:284
2026/03/12 14:37:58.368679 [22;34mDEBUG[0m 9 p frame 51129 - rtmpquic.go:294
2026/03/12 14:37:58.368705 [22;34mDEBUG[0m 
chunk:1451 chunk-dur:32ms, timestamp:48334 - rtmpquic.go:220
2026/03/12 14:37:58.402033 [22;34mDEBUG[0m Return monitor from  scheduler : , bw flag : false, limit : 0 - rtmpquic.go:249
2026/03/12 14:37:58.402069 [22;36m INFO[0m IframeComing false, resideSizeInGOP 1.416047e+06, meanGOP 1.948609e+06, meanI 238285, curgop 532562, curI 309724 - rtmpquic.go:283
2026/03/12 14:37:58.402074 [22;36m INFO[0m UNKEYBEHIND 10,limit:0 - rtmpquic.go:284
2026/03/12 14:37:58.402077 [22;34mDEBUG[0m 10 p frame 5896 - rtmpquic.go:294
2026/03/12 14:37:58.402302 [22;34mDEBUG[0m 
chunk:1452 chunk-dur:34ms, timestamp:48367 - rtmpquic.go:220
2026/03/12 14:37:58.434370 [22;34mDEBUG[0m Return monitor from  scheduler : , bw flag : false, limit : 0 - rtmpquic.go:249
2026/03/12 14:37:58.434435 [22;36m INFO[0m IframeComing false, resideSizeInGOP 1.331487e+06, meanGOP 1.948609e+06, meanI 238285, curgop 617122, curI 309724 - rtmpquic.go:283
2026/03/12 14:37:58.434442 [22;36m INFO[0m UNKEYBEHIND 11,limit:0 - rtmpquic.go:284
2026/03/12 14:37:58.434446 [22;34mDEBUG[0m 11 p frame 84560 - rtmpquic.go:294
2026/03/12 14:37:58.434483 [22;34mDEBUG[0m 
chunk:1453 chunk-dur:32ms, timestamp:48400 - rtmpquic.go:220
2026/03/12 14:37:58.468191 [22;34mDEBUG[0m Return monitor from  scheduler : , bw flag : false, limit : 0 - rtmpquic.go:249
2026/03/12 14:37:58.468311 [22;36m INFO[0m IframeComing false, resideSizeInGOP 1.325036e+06, meanGOP 1.948609e+06, meanI 238285, curgop 623573, curI 309724 - rtmpquic.go:283
2026/03/12 14:37:58.468321 [22;36m INFO[0m UNKEYBEHIND 12,limit:0 - rtmpquic.go:284
2026/03/12 14:37:58.468325 [22;34mDEBUG[0m 12 p frame 6451 - rtmpquic.go:294
2026/03/12 14:37:58.468634 [22;34mDEBUG[0m 
chunk:1454 chunk-dur:34ms, timestamp:48434 - rtmpquic.go:220
2026/03/12 14:37:58.502110 [22;34mDEBUG[0m Return monitor from  scheduler : , bw flag : false, limit : 0 - rtmpquic.go:249
2026/03/12 14:37:58.502181 [22;36m INFO[0m IframeComing false, resideSizeInGOP 1.258082e+06, meanGOP 1.948609e+06, meanI 238285, curgop 690527, curI 309724 - rtmpquic.go:283
2026/03/12 14:37:58.502188 [22;36m INFO[0m UNKEYBEHIND 13,limit:0 - rtmpquic.go:284
2026/03/12 14:37:58.502191 [22;34mDEBUG[0m 13 p frame 66954 - rtmpquic.go:294
2026/03/12 14:37:58.502245 [22;34mDEBUG[0m 
chunk:1455 chunk-dur:34ms, timestamp:48467 - rtmpquic.go:220
2026/03/12 14:37:58.534477 [22;34mDEBUG[0m Return monitor from  scheduler : , bw flag : false, limit : 0 - rtmpquic.go:249
2026/03/12 14:37:58.534535 [22;36m INFO[0m IframeComing false, resideSizeInGOP 1.242949e+06, meanGOP 1.948609e+06, meanI 238285, curgop 705660, curI 309724 - rtmpquic.go:283
2026/03/12 14:37:58.534543 [22;36m INFO[0m UNKEYBEHIND 14,limit:0 - rtmpquic.go:284
2026/03/12 14:37:58.534547 [22;34mDEBUG[0m 14 p frame 15133 - rtmpquic.go:294
2026/03/12 14:37:58.534569 [22;34mDEBUG[0m 
chunk:1456 chunk-dur:32ms, timestamp:48500 - rtmpquic.go:220
2026/03/12 14:37:58.568740 [22;34mDEBUG[0m Return monitor from  scheduler : , bw flag : false, limit : 0 - rtmpquic.go:249
2026/03/12 14:37:58.569388 [22;36m INFO[0m IframeComing false, resideSizeInGOP 1.237541e+06, meanGOP 1.948609e+06, meanI 238285, curgop 711068, curI 309724 - rtmpquic.go:283
2026/03/12 14:37:58.569517 [22;36m INFO[0m UNKEYBEHIND 15,limit:0 - rtmpquic.go:284
2026/03/12 14:37:58.569604 [22;34mDEBUG[0m 15 p frame 5408 - rtmpquic.go:294
2026/03/12 14:37:58.570147 [22;34mDEBUG[0m 
chunk:1457 chunk-dur:36ms, timestamp:48534 - rtmpquic.go:220
2026/03/12 14:37:58.603431 [22;34mDEBUG[0m Return monitor from  scheduler : , bw flag : false, limit : 0 - rtmpquic.go:249
2026/03/12 14:37:58.603488 [22;36m INFO[0m IframeComing false, resideSizeInGOP 1.232056e+06, meanGOP 1.948609e+06, meanI 238285, curgop 716553, curI 309724 - rtmpquic.go:283
2026/03/12 14:37:58.603500 [22;36m INFO[0m UNKEYBEHIND 16,limit:0 - rtmpquic.go:284
2026/03/12 14:37:58.603509 [22;34mDEBUG[0m 16 p frame 5485 - rtmpquic.go:294
2026/03/12 14:37:58.615134 [22;34mDEBUG[0m 
chunk:1458 chunk-dur:45ms, timestamp:48567 - rtmpquic.go:220
2026/03/12 14:37:58.690254 [22;34mDEBUG[0m Return monitor from  scheduler : , bw flag : false, limit : 0 - rtmpquic.go:249
2026/03/12 14:37:58.692864 [22;36m INFO[0m IframeComing false, resideSizeInGOP 1.166413e+06, meanGOP 1.948609e+06, meanI 238285, curgop 782196, curI 309724 - rtmpquic.go:283
2026/03/12 14:37:58.693108 [22;36m INFO[0m UNKEYBEHIND 17,limit:0 - rtmpquic.go:284
2026/03/12 14:37:58.693122 [22;34mDEBUG[0m 17 p frame 65643 - rtmpquic.go:294
2026/03/12 14:37:58.693252 [22;34mDEBUG[0m 
chunk:1459 chunk-dur:78ms, timestamp:48600 - rtmpquic.go:220
2026/03/12 14:37:58.693283 [22;34mDEBUG[0m Return monitor from  scheduler : , bw flag : false, limit : 0 - rtmpquic.go:249
2026/03/12 14:37:58.693303 [22;36m INFO[0m IframeComing false, resideSizeInGOP 1.161105e+06, meanGOP 1.948609e+06, meanI 238285, curgop 787504, curI 309724 - rtmpquic.go:283
2026/03/12 14:37:58.693308 [22;36m INFO[0m UNKEYBEHIND 18,limit:0 - rtmpquic.go:284
2026/03/12 14:37:58.693314 [22;34mDEBUG[0m 18 p frame 5308 - rtmpquic.go:294
2026/03/12 14:37:58.693626 [22;34mDEBUG[0m 
chunk:1460 chunk-dur:0ms, timestamp:48634 - rtmpquic.go:220
2026/03/12 14:37:58.702653 [22;34mDEBUG[0m Return monitor from  scheduler : , bw flag : false, limit : 0 - rtmpquic.go:249
2026/03/12 14:37:58.702716 [22;36m INFO[0m IframeComing false, resideSizeInGOP 1.091461e+06, meanGOP 1.948609e+06, meanI 238285, curgop 857148, curI 309724 - rtmpquic.go:283
2026/03/12 14:37:58.702730 [22;36m INFO[0m UNKEYBEHIND 19,limit:0 - rtmpquic.go:284
2026/03/12 14:37:58.702739 [22;34mDEBUG[0m 19 p frame 69644 - rtmpquic.go:294
2026/03/12 14:37:58.702791 [22;34mDEBUG[0m 
chunk:1461 chunk-dur:9ms, timestamp:48667 - rtmpquic.go:220
2026/03/12 14:37:58.737759 [22;34mDEBUG[0m Return monitor from  scheduler : , bw flag : false, limit : 0 - rtmpquic.go:249
2026/03/12 14:37:58.737789 [22;36m INFO[0m IframeComing false, resideSizeInGOP 1.075554e+06, meanGOP 1.948609e+06, meanI 238285, curgop 873055, curI 309724 - rtmpquic.go:283
2026/03/12 14:37:58.737796 [22;36m INFO[0m UNKEYBEHIND 20,limit:0 - rtmpquic.go:284
2026/03/12 14:37:58.737800 [22;34mDEBUG[0m 20 p frame 15907 - rtmpquic.go:294
2026/03/12 14:37:58.738370 [22;34mDEBUG[0m 
chunk:1462 chunk-dur:36ms, timestamp:48700 - rtmpquic.go:220
2026/03/12 14:37:58.767807 [22;34mDEBUG[0m Return monitor from  scheduler : , bw flag : false, limit : 0 - rtmpquic.go:249
2026/03/12 14:37:58.767845 [22;36m INFO[0m IframeComing false, resideSizeInGOP 1.069977e+06, meanGOP 1.948609e+06, meanI 238285, curgop 878632, curI 309724 - rtmpquic.go:283
2026/03/12 14:37:58.767852 [22;36m INFO[0m UNKEYBEHIND 21,limit:0 - rtmpquic.go:284
2026/03/12 14:37:58.767856 [22;34mDEBUG[0m 21 p frame 5577 - rtmpquic.go:294
2026/03/12 14:37:58.767933 [22;34mDEBUG[0m 
chunk:1463 chunk-dur:29ms, timestamp:48734 - rtmpquic.go:220
2026/03/12 14:37:58.802969 [22;34mDEBUG[0m Return monitor from  scheduler : , bw flag : false, limit : 0 - rtmpquic.go:249
2026/03/12 14:37:58.802995 [22;36m INFO[0m IframeComing false, resideSizeInGOP 1.064955e+06, meanGOP 1.948609e+06, meanI 238285, curgop 883654, curI 309724 - rtmpquic.go:283
2026/03/12 14:37:58.802999 [22;36m INFO[0m UNKEYBEHIND 22,limit:0 - rtmpquic.go:284
2026/03/12 14:37:58.803003 [22;34mDEBUG[0m 22 p frame 5022 - rtmpquic.go:294
2026/03/12 14:37:58.803078 [22;34mDEBUG[0m 
chunk:1464 chunk-dur:36ms, timestamp:48767 - rtmpquic.go:220
2026/03/12 14:37:58.835159 [22;34mDEBUG[0m Return monitor from  scheduler : , bw flag : false, limit : 0 - rtmpquic.go:249
2026/03/12 14:37:58.835186 [22;36m INFO[0m IframeComing false, resideSizeInGOP 999580, meanGOP 1.948609e+06, meanI 238285, curgop 949029, curI 309724 - rtmpquic.go:283
2026/03/12 14:37:58.835191 [22;36m INFO[0m UNKEYBEHIND 23,limit:0 - rtmpquic.go:284
2026/03/12 14:37:58.835195 [22;34mDEBUG[0m 23 p frame 65375 - rtmpquic.go:294
2026/03/12 14:37:58.835248 [22;34mDEBUG[0m 
chunk:1465 chunk-dur:32ms, timestamp:48800 - rtmpquic.go:220
2026/03/12 14:37:58.867787 [22;34mDEBUG[0m Return monitor from  scheduler : , bw flag : false, limit : 0 - rtmpquic.go:249
2026/03/12 14:37:58.867824 [22;36m INFO[0m IframeComing false, resideSizeInGOP 983818, meanGOP 1.948609e+06, meanI 238285, curgop 964791, curI 309724 - rtmpquic.go:283
2026/03/12 14:37:58.867828 [22;36m INFO[0m UNKEYBEHIND 24,limit:0 - rtmpquic.go:284
2026/03/12 14:37:58.867832 [22;34mDEBUG[0m 24 p frame 15762 - rtmpquic.go:294
2026/03/12 14:37:58.867863 [22;34mDEBUG[0m 
chunk:1466 chunk-dur:32ms, timestamp:48834 - rtmpquic.go:220
2026/03/12 14:37:58.902418 [22;34mDEBUG[0m Return monitor from  scheduler : , bw flag : false, limit : 0 - rtmpquic.go:249
2026/03/12 14:37:58.902446 [22;36m INFO[0m IframeComing false, resideSizeInGOP 978239, meanGOP 1.948609e+06, meanI 238285, curgop 970370, curI 309724 - rtmpquic.go:283
2026/03/12 14:37:58.902454 [22;36m INFO[0m UNKEYBEHIND 25,limit:0 - rtmpquic.go:284
2026/03/12 14:37:58.902460 [22;34mDEBUG[0m 25 p frame 5579 - rtmpquic.go:294
2026/03/12 14:37:58.902563 [22;34mDEBUG[0m 
chunk:1467 chunk-dur:35ms, timestamp:48867 - rtmpquic.go:220
2026/03/12 14:37:58.934671 [22;34mDEBUG[0m Return monitor from  scheduler : , bw flag : false, limit : 0 - rtmpquic.go:249
2026/03/12 14:37:58.934702 [22;36m INFO[0m IframeComing false, resideSizeInGOP 973514, meanGOP 1.948609e+06, meanI 238285, curgop 975095, curI 309724 - rtmpquic.go:283
2026/03/12 14:37:58.934706 [22;36m INFO[0m UNKEYBEHIND 26,limit:0 - rtmpquic.go:284
2026/03/12 14:37:58.934710 [22;34mDEBUG[0m 26 p frame 4725 - rtmpquic.go:294
2026/03/12 14:37:58.935022 [22;34mDEBUG[0m 
chunk:1468 chunk-dur:33ms, timestamp:48900 - rtmpquic.go:220
2026/03/12 14:37:58.968369 [22;34mDEBUG[0m Return monitor from  scheduler : , bw flag : false, limit : 0 - rtmpquic.go:249
2026/03/12 14:37:58.968462 [22;36m INFO[0m IframeComing false, resideSizeInGOP 920333, meanGOP 1.948609e+06, meanI 238285, curgop 1028276, curI 309724 - rtmpquic.go:283
2026/03/12 14:37:58.968477 [22;36m INFO[0m UNKEYBEHIND 27,limit:0 - rtmpquic.go:284
2026/03/12 14:37:58.968488 [22;34mDEBUG[0m 27 p frame 53181 - rtmpquic.go:294
2026/03/12 14:37:58.968723 [22;34mDEBUG[0m 
chunk:1469 chunk-dur:33ms, timestamp:48934 - rtmpquic.go:220
2026/03/12 14:37:59.002575 [22;34mDEBUG[0m Return monitor from  scheduler : , bw flag : false, limit : 0 - rtmpquic.go:249
2026/03/12 14:37:59.002606 [22;36m INFO[0m IframeComing false, resideSizeInGOP 916236, meanGOP 1.948609e+06, meanI 238285, curgop 1032373, curI 309724 - rtmpquic.go:283
2026/03/12 14:37:59.002612 [22;36m INFO[0m UNKEYBEHIND 28,limit:0 - rtmpquic.go:284
2026/03/12 14:37:59.002615 [22;34mDEBUG[0m 28 p frame 4097 - rtmpquic.go:294
2026/03/12 14:37:59.003211 [22;34mDEBUG[0m 
chunk:1470 chunk-dur:35ms, timestamp:48967 - rtmpquic.go:220
2026/03/12 14:37:59.035461 [22;34mDEBUG[0m Return monitor from  scheduler : , bw flag : false, limit : 0 - rtmpquic.go:249
2026/03/12 14:37:59.035569 [22;36m INFO[0m IframeComing false, resideSizeInGOP 864375, meanGOP 1.948609e+06, meanI 238285, curgop 1084234, curI 309724 - rtmpquic.go:283
2026/03/12 14:37:59.035593 [22;36m INFO[0m UNKEYBEHIND 29,limit:0 - rtmpquic.go:284
2026/03/12 14:37:59.035603 [22;34mDEBUG[0m 29 p frame 51861 - rtmpquic.go:294
2026/03/12 14:37:59.035699 [22;34mDEBUG[0m 
chunk:1471 chunk-dur:32ms, timestamp:49000 - rtmpquic.go:220
2026/03/12 14:37:59.068660 [22;34mDEBUG[0m Return monitor from  scheduler : , bw flag : false, limit : 0 - rtmpquic.go:249
2026/03/12 14:37:59.068690 [22;36m INFO[0m IframeComing false, resideSizeInGOP 859901, meanGOP 1.948609e+06, meanI 238285, curgop 1088708, curI 309724 - rtmpquic.go:283
2026/03/12 14:37:59.068695 [22;36m INFO[0m UNKEYBEHIND 30,limit:0 - rtmpquic.go:284
2026/03/12 14:37:59.068699 [22;34mDEBUG[0m 30 p frame 4474 - rtmpquic.go:294
2026/03/12 14:37:59.068777 [22;34mDEBUG[0m 
chunk:1472 chunk-dur:33ms, timestamp:49034 - rtmpquic.go:220
2026/03/12 14:37:59.103576 [22;34mDEBUG[0m Return monitor from  scheduler : , bw flag : false, limit : 0 - rtmpquic.go:249
2026/03/12 14:37:59.103610 [22;36m INFO[0m IframeComing false, resideSizeInGOP 794549, meanGOP 1.948609e+06, meanI 238285, curgop 1154060, curI 309724 - rtmpquic.go:283
2026/03/12 14:37:59.103615 [22;36m INFO[0m UNKEYBEHIND 31,limit:0 - rtmpquic.go:284
2026/03/12 14:37:59.103618 [22;34mDEBUG[0m 31 p frame 65352 - rtmpquic.go:294
2026/03/12 14:37:59.103779 [22;34mDEBUG[0m 
chunk:1473 chunk-dur:35ms, timestamp:49067 - rtmpquic.go:220
2026/03/12 14:37:59.134931 [22;34mDEBUG[0m Return monitor from  scheduler : , bw flag : false, limit : 0 - rtmpquic.go:249
2026/03/12 14:37:59.134960 [22;36m INFO[0m IframeComing false, resideSizeInGOP 778495, meanGOP 1.948609e+06, meanI 238285, curgop 1170114, curI 309724 - rtmpquic.go:283
2026/03/12 14:37:59.134965 [22;36m INFO[0m UNKEYBEHIND 32,limit:0 - rtmpquic.go:284
2026/03/12 14:37:59.134968 [22;34mDEBUG[0m 32 p frame 16054 - rtmpquic.go:294
2026/03/12 14:37:59.134990 [22;34mDEBUG[0m 
chunk:1474 chunk-dur:31ms, timestamp:49100 - rtmpquic.go:220
2026/03/12 14:37:59.155806 [22;34mDEBUG[0m bitrate:6.054335 Mbps - client_session.go:438
2026/03/12 14:37:59.169067 [22;34mDEBUG[0m Return monitor from  scheduler : , bw flag : false, limit : 0 - rtmpquic.go:249
2026/03/12 14:37:59.169183 [22;36m INFO[0m IframeComing false, resideSizeInGOP 773314, meanGOP 1.948609e+06, meanI 238285, curgop 1175295, curI 309724 - rtmpquic.go:283
2026/03/12 14:37:59.169240 [22;36m INFO[0m UNKEYBEHIND 33,limit:0 - rtmpquic.go:284
2026/03/12 14:37:59.169247 [22;34mDEBUG[0m 33 p frame 5181 - rtmpquic.go:294
2026/03/12 14:37:59.169282 [22;34mDEBUG[0m 
chunk:1475 chunk-dur:35ms, timestamp:49134 - rtmpquic.go:220
2026/03/12 14:37:59.202295 [22;34mDEBUG[0m Return monitor from  scheduler : , bw flag : false, limit : 0 - rtmpquic.go:249
2026/03/12 14:37:59.202327 [22;36m INFO[0m IframeComing false, resideSizeInGOP 768347, meanGOP 1.948609e+06, meanI 238285, curgop 1180262, curI 309724 - rtmpquic.go:283
2026/03/12 14:37:59.202332 [22;36m INFO[0m UNKEYBEHIND 34,limit:0 - rtmpquic.go:284
2026/03/12 14:37:59.202335 [22;34mDEBUG[0m 34 p frame 4967 - rtmpquic.go:294
2026/03/12 14:37:59.202405 [22;34mDEBUG[0m 
chunk:1476 chunk-dur:33ms, timestamp:49167 - rtmpquic.go:220
2026/03/12 14:37:59.234952 [22;34mDEBUG[0m Return monitor from  scheduler : , bw flag : false, limit : 0 - rtmpquic.go:249
2026/03/12 14:37:59.235010 [22;36m INFO[0m IframeComing false, resideSizeInGOP 699363, meanGOP 1.948609e+06, meanI 238285, curgop 1249246, curI 309724 - rtmpquic.go:283
2026/03/12 14:37:59.235018 [22;36m INFO[0m UNKEYBEHIND 35,limit:0 - rtmpquic.go:284
2026/03/12 14:37:59.235021 [22;34mDEBUG[0m 35 p frame 68984 - rtmpquic.go:294
2026/03/12 14:37:59.235066 [22;34mDEBUG[0m 
chunk:1477 chunk-dur:33ms, timestamp:49200 - rtmpquic.go:220
2026/03/12 14:37:59.267839 [22;34mDEBUG[0m Return monitor from  scheduler : , bw flag : false, limit : 0 - rtmpquic.go:249
2026/03/12 14:37:59.267939 [22;36m INFO[0m IframeComing false, resideSizeInGOP 682382, meanGOP 1.948609e+06, meanI 238285, curgop 1266227, curI 309724 - rtmpquic.go:283
2026/03/12 14:37:59.267945 [22;36m INFO[0m UNKEYBEHIND 36,limit:0 - rtmpquic.go:284
2026/03/12 14:37:59.267949 [22;34mDEBUG[0m 36 p frame 16981 - rtmpquic.go:294
2026/03/12 14:37:59.267970 [22;34mDEBUG[0m 
chunk:1478 chunk-dur:32ms, timestamp:49234 - rtmpquic.go:220
2026/03/12 14:37:59.303053 [22;34mDEBUG[0m Return monitor from  scheduler : , bw flag : false, limit : 0 - rtmpquic.go:249
2026/03/12 14:37:59.303089 [22;36m INFO[0m IframeComing false, resideSizeInGOP 676887, meanGOP 1.948609e+06, meanI 238285, curgop 1271722, curI 309724 - rtmpquic.go:283
2026/03/12 14:37:59.303094 [22;36m INFO[0m UNKEYBEHIND 37,limit:0 - rtmpquic.go:284
2026/03/12 14:37:59.303098 [22;34mDEBUG[0m 37 p frame 5495 - rtmpquic.go:294
2026/03/12 14:37:59.303107 [22;34mDEBUG[0m 
chunk:1479 chunk-dur:36ms, timestamp:49267 - rtmpquic.go:220
2026/03/12 14:37:59.335210 [22;34mDEBUG[0m Return monitor from  scheduler : , bw flag : false, limit : 0 - rtmpquic.go:249
2026/03/12 14:37:59.335243 [22;36m INFO[0m IframeComing false, resideSizeInGOP 672040, meanGOP 1.948609e+06, meanI 238285, curgop 1276569, curI 309724 - rtmpquic.go:283
2026/03/12 14:37:59.335248 [22;36m INFO[0m UNKEYBEHIND 38,limit:0 - rtmpquic.go:284
2026/03/12 14:37:59.335252 [22;34mDEBUG[0m 38 p frame 4847 - rtmpquic.go:294
2026/03/12 14:37:59.335439 [22;34mDEBUG[0m 
chunk:1480 chunk-dur:32ms, timestamp:49300 - rtmpquic.go:220
2026/03/12 14:37:59.370788 [22;34mDEBUG[0m Return monitor from  scheduler : , bw flag : false, limit : 0 - rtmpquic.go:249
2026/03/12 14:37:59.370821 [22;36m INFO[0m IframeComing false, resideSizeInGOP 592396, meanGOP 1.948609e+06, meanI 238285, curgop 1356213, curI 309724 - rtmpquic.go:283
2026/03/12 14:37:59.370825 [22;36m INFO[0m UNKEYBEHIND 39,limit:0 - rtmpquic.go:284
2026/03/12 14:37:59.370829 [22;34mDEBUG[0m 39 p frame 79644 - rtmpquic.go:294
2026/03/12 14:37:59.371252 [22;34mDEBUG[0m 
chunk:1481 chunk-dur:36ms, timestamp:49334 - rtmpquic.go:220
2026/03/12 14:37:59.402347 [22;34mDEBUG[0m Return monitor from  scheduler : , bw flag : false, limit : 0 - rtmpquic.go:249
2026/03/12 14:37:59.402463 [22;36m INFO[0m IframeComing false, resideSizeInGOP 573124, meanGOP 1.948609e+06, meanI 238285, curgop 1375485, curI 309724 - rtmpquic.go:283
2026/03/12 14:37:59.402472 [22;36m INFO[0m UNKEYBEHIND 40,limit:0 - rtmpquic.go:284
2026/03/12 14:37:59.402475 [22;34mDEBUG[0m 40 p frame 19272 - rtmpquic.go:294
2026/03/12 14:37:59.402525 [22;34mDEBUG[0m 
chunk:1482 chunk-dur:31ms, timestamp:49367 - rtmpquic.go:220
2026/03/12 14:37:59.435140 [22;34mDEBUG[0m Return monitor from  scheduler : , bw flag : false, limit : 0 - rtmpquic.go:249
2026/03/12 14:37:59.435219 [22;36m INFO[0m IframeComing false, resideSizeInGOP 567954, meanGOP 1.948609e+06, meanI 238285, curgop 1380655, curI 309724 - rtmpquic.go:283
2026/03/12 14:37:59.435227 [22;36m INFO[0m UNKEYBEHIND 41,limit:0 - rtmpquic.go:284
2026/03/12 14:37:59.435231 [22;34mDEBUG[0m 41 p frame 5170 - rtmpquic.go:294
2026/03/12 14:37:59.435261 [22;34mDEBUG[0m 
chunk:1483 chunk-dur:33ms, timestamp:49400 - rtmpquic.go:220
2026/03/12 14:37:59.468198 [22;34mDEBUG[0m Return monitor from  scheduler : , bw flag : false, limit : 0 - rtmpquic.go:249
2026/03/12 14:37:59.468236 [22;36m INFO[0m IframeComing false, resideSizeInGOP 562976, meanGOP 1.948609e+06, meanI 238285, curgop 1385633, curI 309724 - rtmpquic.go:283
2026/03/12 14:37:59.468243 [22;36m INFO[0m UNKEYBEHIND 42,limit:0 - rtmpquic.go:284
2026/03/12 14:37:59.468247 [22;34mDEBUG[0m 42 p frame 4978 - rtmpquic.go:294
2026/03/12 14:37:59.468378 [22;34mDEBUG[0m 
chunk:1484 chunk-dur:33ms, timestamp:49434 - rtmpquic.go:220
2026/03/12 14:37:59.502939 [22;34mDEBUG[0m Return monitor from  scheduler : , bw flag : false, limit : 0 - rtmpquic.go:249
2026/03/12 14:37:59.502980 [22;36m INFO[0m IframeComing false, resideSizeInGOP 471483, meanGOP 1.948609e+06, meanI 238285, curgop 1477126, curI 309724 - rtmpquic.go:283
2026/03/12 14:37:59.502985 [22;36m INFO[0m UNKEYBEHIND 43,limit:0 - rtmpquic.go:284
2026/03/12 14:37:59.502988 [22;34mDEBUG[0m 43 p frame 91493 - rtmpquic.go:294
2026/03/12 14:37:59.503049 [22;34mDEBUG[0m 
chunk:1485 chunk-dur:35ms, timestamp:49467 - rtmpquic.go:220
2026/03/12 14:37:59.534538 [22;34mDEBUG[0m Return monitor from  scheduler : , bw flag : false, limit : 0 - rtmpquic.go:249
2026/03/12 14:37:59.534565 [22;36m INFO[0m IframeComing false, resideSizeInGOP 454370, meanGOP 1.948609e+06, meanI 238285, curgop 1494239, curI 309724 - rtmpquic.go:283
2026/03/12 14:37:59.534570 [22;36m INFO[0m UNKEYBEHIND 44,limit:0 - rtmpquic.go:284
2026/03/12 14:37:59.534574 [22;34mDEBUG[0m 44 p frame 17113 - rtmpquic.go:294
2026/03/12 14:37:59.534591 [22;34mDEBUG[0m 
chunk:1486 chunk-dur:31ms, timestamp:49500 - rtmpquic.go:220
2026/03/12 14:37:59.568636 [22;34mDEBUG[0m Return monitor from  scheduler : , bw flag : false, limit : 0 - rtmpquic.go:249
2026/03/12 14:37:59.568658 [22;36m INFO[0m IframeComing false, resideSizeInGOP 449473, meanGOP 1.948609e+06, meanI 238285, curgop 1499136, curI 309724 - rtmpquic.go:283
2026/03/12 14:37:59.568663 [22;36m INFO[0m UNKEYBEHIND 45,limit:0 - rtmpquic.go:284
2026/03/12 14:37:59.568667 [22;34mDEBUG[0m 45 p frame 4897 - rtmpquic.go:294
2026/03/12 14:37:59.568684 [22;34mDEBUG[0m 
chunk:1487 chunk-dur:34ms, timestamp:49534 - rtmpquic.go:220
2026/03/12 14:37:59.602819 [22;34mDEBUG[0m Return monitor from  scheduler : , bw flag : false, limit : 0 - rtmpquic.go:249
2026/03/12 14:37:59.602984 [22;36m INFO[0m IframeComing false, resideSizeInGOP 443949, meanGOP 1.948609e+06, meanI 238285, curgop 1504660, curI 309724 - rtmpquic.go:283
2026/03/12 14:37:59.602994 [22;36m INFO[0m UNKEYBEHIND 46,limit:0 - rtmpquic.go:284
2026/03/12 14:37:59.602998 [22;34mDEBUG[0m 46 p frame 5524 - rtmpquic.go:294
2026/03/12 14:37:59.603101 [22;34mDEBUG[0m 
chunk:1488 chunk-dur:35ms, timestamp:49567 - rtmpquic.go:220
2026/03/12 14:37:59.634179 [22;34mDEBUG[0m Return monitor from  scheduler : , bw flag : false, limit : 0 - rtmpquic.go:249
2026/03/12 14:37:59.634214 [22;36m INFO[0m IframeComing false, resideSizeInGOP 365270, meanGOP 1.948609e+06, meanI 238285, curgop 1583339, curI 309724 - rtmpquic.go:283
2026/03/12 14:37:59.634220 [22;36m INFO[0m UNKEYBEHIND 47,limit:0 - rtmpquic.go:284
2026/03/12 14:37:59.634223 [22;34mDEBUG[0m 47 p frame 78679 - rtmpquic.go:294
2026/03/12 14:37:59.634260 [22;34mDEBUG[0m 
chunk:1489 chunk-dur:31ms, timestamp:49600 - rtmpquic.go:220
2026/03/12 14:37:59.667337 [22;34mDEBUG[0m Return monitor from  scheduler : , bw flag : false, limit : 0 - rtmpquic.go:249
2026/03/12 14:37:59.667370 [22;36m INFO[0m IframeComing false, resideSizeInGOP 347967, meanGOP 1.948609e+06, meanI 238285, curgop 1600642, curI 309724 - rtmpquic.go:283
2026/03/12 14:37:59.667392 [22;36m INFO[0m UNKEYBEHIND 48,limit:0 - rtmpquic.go:284
2026/03/12 14:37:59.667396 [22;34mDEBUG[0m 48 p frame 17303 - rtmpquic.go:294
2026/03/12 14:37:59.667439 [22;34mDEBUG[0m 
chunk:1490 chunk-dur:33ms, timestamp:49634 - rtmpquic.go:220
2026/03/12 14:37:59.702755 [22;34mDEBUG[0m Return monitor from  scheduler : , bw flag : false, limit : 0 - rtmpquic.go:249
2026/03/12 14:37:59.702780 [22;36m INFO[0m IframeComing false, resideSizeInGOP 342619, meanGOP 1.948609e+06, meanI 238285, curgop 1605990, curI 309724 - rtmpquic.go:283
2026/03/12 14:37:59.702785 [22;36m INFO[0m UNKEYBEHIND 49,limit:0 - rtmpquic.go:284
2026/03/12 14:37:59.702788 [22;34mDEBUG[0m 49 p frame 5348 - rtmpquic.go:294
2026/03/12 14:37:59.702808 [22;34mDEBUG[0m 
chunk:1491 chunk-dur:35ms, timestamp:49667 - rtmpquic.go:220
2026/03/12 14:37:59.735936 [22;34mDEBUG[0m Return monitor from  scheduler : , bw flag : false, limit : 0 - rtmpquic.go:249
2026/03/12 14:37:59.736090 [22;36m INFO[0m IframeComing false, resideSizeInGOP 338005, meanGOP 1.948609e+06, meanI 238285, curgop 1610604, curI 309724 - rtmpquic.go:283
2026/03/12 14:37:59.736099 [22;36m INFO[0m UNKEYBEHIND 50,limit:0 - rtmpquic.go:284
2026/03/12 14:37:59.736103 [22;34mDEBUG[0m 50 p frame 4614 - rtmpquic.go:294
2026/03/12 14:37:59.736172 [22;34mDEBUG[0m 
chunk:1492 chunk-dur:34ms, timestamp:49700 - rtmpquic.go:220
2026/03/12 14:37:59.769011 [22;34mDEBUG[0m Return monitor from  scheduler : , bw flag : false, limit : 0 - rtmpquic.go:249
2026/03/12 14:37:59.769080 [22;36m INFO[0m IframeComing false, resideSizeInGOP 283300, meanGOP 1.948609e+06, meanI 238285, curgop 1665309, curI 309724 - rtmpquic.go:283
2026/03/12 14:37:59.769164 [22;36m INFO[0m UNKEYBEHIND 51,limit:0 - rtmpquic.go:284
2026/03/12 14:37:59.769270 [22;34mDEBUG[0m 51 p frame 54705 - rtmpquic.go:294
2026/03/12 14:37:59.769325 [22;34mDEBUG[0m 
chunk:1493 chunk-dur:33ms, timestamp:49734 - rtmpquic.go:220
2026/03/12 14:37:59.802134 [22;34mDEBUG[0m Return monitor from  scheduler : , bw flag : false, limit : 0 - rtmpquic.go:249
2026/03/12 14:37:59.802237 [22;36m INFO[0m IframeComing false, resideSizeInGOP 278398, meanGOP 1.948609e+06, meanI 238285, curgop 1670211, curI 309724 - rtmpquic.go:283
2026/03/12 14:37:59.802257 [22;36m INFO[0m UNKEYBEHIND 52,limit:0 - rtmpquic.go:284
2026/03/12 14:37:59.802274 [22;34mDEBUG[0m 52 p frame 4902 - rtmpquic.go:294
2026/03/12 14:37:59.802413 [22;34mDEBUG[0m 
chunk:1494 chunk-dur:33ms, timestamp:49767 - rtmpquic.go:220
2026/03/12 14:37:59.835084 [22;34mDEBUG[0m Return monitor from  scheduler : , bw flag : false, limit : 0 - rtmpquic.go:249
2026/03/12 14:37:59.835142 [22;36m INFO[0m IframeComing false, resideSizeInGOP 197318, meanGOP 1.948609e+06, meanI 238285, curgop 1751291, curI 309724 - rtmpquic.go:283
2026/03/12 14:37:59.835149 [22;36m INFO[0m UNKEYBEHIND 53,limit:0 - rtmpquic.go:284
2026/03/12 14:37:59.835153 [22;34mDEBUG[0m 53 p frame 81080 - rtmpquic.go:294
2026/03/12 14:37:59.835182 [22;34mDEBUG[0m 
chunk:1495 chunk-dur:33ms, timestamp:49800 - rtmpquic.go:220
2026/03/12 14:37:59.868155 [22;34mDEBUG[0m Return monitor from  scheduler : , bw flag : false, limit : 0 - rtmpquic.go:249
2026/03/12 14:37:59.868188 [22;36m INFO[0m IframeComing false, resideSizeInGOP 180524, meanGOP 1.948609e+06, meanI 238285, curgop 1768085, curI 309724 - rtmpquic.go:283
2026/03/12 14:37:59.868192 [22;36m INFO[0m UNKEYBEHIND 54,limit:0 - rtmpquic.go:284
2026/03/12 14:37:59.868196 [22;34mDEBUG[0m 54 p frame 16794 - rtmpquic.go:294
2026/03/12 14:37:59.868240 [22;34mDEBUG[0m 
chunk:1496 chunk-dur:33ms, timestamp:49834 - rtmpquic.go:220
2026/03/12 14:37:59.901492 [22;34mDEBUG[0m Return monitor from  scheduler : , bw flag : false, limit : 0 - rtmpquic.go:249
2026/03/12 14:37:59.901525 [22;36m INFO[0m IframeComing false, resideSizeInGOP 175045, meanGOP 1.948609e+06, meanI 238285, curgop 1773564, curI 309724 - rtmpquic.go:283
2026/03/12 14:37:59.901531 [22;36m INFO[0m UNKEYBEHIND 55,limit:0 - rtmpquic.go:284
2026/03/12 14:37:59.901535 [22;34mDEBUG[0m 55 p frame 5479 - rtmpquic.go:294
2026/03/12 14:37:59.901554 [22;34mDEBUG[0m 
chunk:1497 chunk-dur:33ms, timestamp:49867 - rtmpquic.go:220
2026/03/12 14:37:59.934829 [22;34mDEBUG[0m Return monitor from  scheduler : , bw flag : false, limit : 0 - rtmpquic.go:249
2026/03/12 14:37:59.934860 [22;36m INFO[0m IframeComing false, resideSizeInGOP 169962, meanGOP 1.948609e+06, meanI 238285, curgop 1778647, curI 309724 - rtmpquic.go:283
2026/03/12 14:37:59.934865 [22;36m INFO[0m UNKEYBEHIND 56,limit:0 - rtmpquic.go:284
2026/03/12 14:37:59.934986 [22;34mDEBUG[0m 56 p frame 5083 - rtmpquic.go:294
2026/03/12 14:37:59.935065 [22;34mDEBUG[0m 
chunk:1498 chunk-dur:34ms, timestamp:49900 - rtmpquic.go:220
2026/03/12 14:37:59.967824 [22;34mDEBUG[0m Return monitor from  scheduler : , bw flag : false, limit : 0 - rtmpquic.go:249
2026/03/12 14:37:59.967854 [22;36m INFO[0m IframeComing false, resideSizeInGOP 148069, meanGOP 1.948609e+06, meanI 238285, curgop 1800540, curI 309724 - rtmpquic.go:283
2026/03/12 14:37:59.967860 [22;36m INFO[0m UNKEYBEHIND 57,limit:0 - rtmpquic.go:284
2026/03/12 14:37:59.967864 [22;34mDEBUG[0m 57 p frame 21893 - rtmpquic.go:294
2026/03/12 14:37:59.967965 [22;34mDEBUG[0m 
chunk:1499 chunk-dur:32ms, timestamp:49934 - rtmpquic.go:220
2026/03/12 14:38:00.002420 [22;34mDEBUG[0m Return monitor from  scheduler : , bw flag : false, limit : 0 - rtmpquic.go:249
2026/03/12 14:38:00.002448 [22;36m INFO[0m IframeComing false, resideSizeInGOP 140552, meanGOP 1.948609e+06, meanI 238285, curgop 1808057, curI 309724 - rtmpquic.go:283
2026/03/12 14:38:00.002453 [22;36m INFO[0m UNKEYBEHIND 58,limit:0 - rtmpquic.go:284
2026/03/12 14:38:00.002457 [22;34mDEBUG[0m 58 p frame 7517 - rtmpquic.go:294
2026/03/12 14:38:00.002648 [22;34mDEBUG[0m 
chunk:1500 chunk-dur:35ms, timestamp:49967 - rtmpquic.go:220
2026/03/12 14:38:00.035498 [22;34mDEBUG[0m Return monitor from  scheduler : , bw flag : false, limit : 0 - rtmpquic.go:249
2026/03/12 14:38:00.035616 [22;36m INFO[0m IframeComing false, resideSizeInGOP 131311, meanGOP 1.948609e+06, meanI 238285, curgop 1817298, curI 309724 - rtmpquic.go:283
2026/03/12 14:38:00.035672 [22;36m INFO[0m UNKEYBEHIND 59,limit:0 - rtmpquic.go:284
2026/03/12 14:38:00.035688 [22;34mDEBUG[0m 59 p frame 9241 - rtmpquic.go:294
2026/03/12 14:38:00.036851 [22;34mDEBUG[0m 
chunk:1501 chunk-dur:34ms, timestamp:50000 - rtmpquic.go:220
2026/03/12 14:38:00.068717 [22;34mDEBUG[0m Return monitor from  scheduler : , bw flag : false, limit : 0 - rtmpquic.go:249
key tag 320582
2026/03/12 14:38:00.069018 [22;34mDEBUG[0m 26 I frame 320582 - rtmpquic.go:275
2026/03/12 14:38:00.069140 [22;34mDEBUG[0m 
chunk:1502 chunk-dur:33ms, timestamp:50034 - rtmpquic.go:220
2026/03/12 14:38:00.101512 [22;34mDEBUG[0m Return monitor from  scheduler : , bw flag : false, limit : 0 - rtmpquic.go:249
2026/03/12 14:38:00.101766 [22;36m INFO[0m IframeComing false, resideSizeInGOP 1.558503e+06, meanGOP 1.943357e+06, meanI 241143, curgop 384854, curI 320582 - rtmpquic.go:283
2026/03/12 14:38:00.101803 [22;36m INFO[0m UNKEYBEHIND 1,limit:0 - rtmpquic.go:284
2026/03/12 14:38:00.101812 [22;34mDEBUG[0m 1 p frame 64272 - rtmpquic.go:294
2026/03/12 14:38:00.101964 [22;34mDEBUG[0m 
chunk:1503 chunk-dur:32ms, timestamp:50067 - rtmpquic.go:220
2026/03/12 14:38:00.135523 [22;34mDEBUG[0m Return monitor from  scheduler : , bw flag : false, limit : 0 - rtmpquic.go:249
2026/03/12 14:38:00.135596 [22;36m INFO[0m IframeComing false, resideSizeInGOP 1.544545e+06, meanGOP 1.943357e+06, meanI 241143, curgop 398812, curI 320582 - rtmpquic.go:283
2026/03/12 14:38:00.135630 [22;36m INFO[0m UNKEYBEHIND 2,limit:0 - rtmpquic.go:284
2026/03/12 14:38:00.135640 [22;34mDEBUG[0m 2 p frame 13958 - rtmpquic.go:294
2026/03/12 14:38:00.136050 [22;34mDEBUG[0m 
chunk:1504 chunk-dur:35ms, timestamp:50100 - rtmpquic.go:220
2026/03/12 14:38:00.156846 [22;36m INFO[0m mean write bitrate:7.299326 Mbps - client_session.go:447
2026/03/12 14:38:00.157121 [22;34mDEBUG[0m bitrate:7.969799 Mbps - client_session.go:438
2026/03/12 14:38:00.167368 [22;34mDEBUG[0m Return monitor from  scheduler : , bw flag : false, limit : 0 - rtmpquic.go:249
2026/03/12 14:38:00.167406 [22;36m INFO[0m IframeComing false, resideSizeInGOP 1.539107e+06, meanGOP 1.943357e+06, meanI 241143, curgop 404250, curI 320582 - rtmpquic.go:283
2026/03/12 14:38:00.167412 [22;36m INFO[0m UNKEYBEHIND 3,limit:0 - rtmpquic.go:284
2026/03/12 14:38:00.167415 [22;34mDEBUG[0m 3 p frame 5438 - rtmpquic.go:294
2026/03/12 14:38:00.167430 [22;34mDEBUG[0m 
chunk:1505 chunk-dur:31ms, timestamp:50134 - rtmpquic.go:220
2026/03/12 14:38:00.201735 [22;34mDEBUG[0m Return monitor from  scheduler : , bw flag : false, limit : 0 - rtmpquic.go:249
2026/03/12 14:38:00.201763 [22;36m INFO[0m IframeComing false, resideSizeInGOP 1.533792e+06, meanGOP 1.943357e+06, meanI 241143, curgop 409565, curI 320582 - rtmpquic.go:283
2026/03/12 14:38:00.201768 [22;36m INFO[0m UNKEYBEHIND 4,limit:0 - rtmpquic.go:284
2026/03/12 14:38:00.201772 [22;34mDEBUG[0m 4 p frame 5315 - rtmpquic.go:294
2026/03/12 14:38:00.201932 [22;34mDEBUG[0m 
chunk:1506 chunk-dur:34ms, timestamp:50167 - rtmpquic.go:220
2026/03/12 14:38:00.235957 [22;34mDEBUG[0m Return monitor from  scheduler : , bw flag : false, limit : 0 - rtmpquic.go:249
2026/03/12 14:38:00.236007 [22;36m INFO[0m IframeComing false, resideSizeInGOP 1.467727e+06, meanGOP 1.943357e+06, meanI 241143, curgop 475630, curI 320582 - rtmpquic.go:283
2026/03/12 14:38:00.236015 [22;36m INFO[0m UNKEYBEHIND 5,limit:0 - rtmpquic.go:284
2026/03/12 14:38:00.236019 [22;34mDEBUG[0m 5 p frame 66065 - rtmpquic.go:294
2026/03/12 14:38:00.236065 [22;34mDEBUG[0m 
chunk:1507 chunk-dur:35ms, timestamp:50200 - rtmpquic.go:220
2026/03/12 14:38:00.267316 [22;34mDEBUG[0m Return monitor from  scheduler : , bw flag : false, limit : 0 - rtmpquic.go:249
2026/03/12 14:38:00.267345 [22;36m INFO[0m IframeComing false, resideSizeInGOP 1.452795e+06, meanGOP 1.943357e+06, meanI 241143, curgop 490562, curI 320582 - rtmpquic.go:283
2026/03/12 14:38:00.267349 [22;36m INFO[0m UNKEYBEHIND 6,limit:0 - rtmpquic.go:284
2026/03/12 14:38:00.267353 [22;34mDEBUG[0m 6 p frame 14932 - rtmpquic.go:294
2026/03/12 14:38:00.267377 [22;34mDEBUG[0m 
chunk:1508 chunk-dur:31ms, timestamp:50234 - rtmpquic.go:220
2026/03/12 14:38:00.301805 [22;34mDEBUG[0m Return monitor from  scheduler : , bw flag : false, limit : 0 - rtmpquic.go:249
2026/03/12 14:38:00.301833 [22;36m INFO[0m IframeComing false, resideSizeInGOP 1.447672e+06, meanGOP 1.943357e+06, meanI 241143, curgop 495685, curI 320582 - rtmpquic.go:283
2026/03/12 14:38:00.301838 [22;36m INFO[0m UNKEYBEHIND 7,limit:0 - rtmpquic.go:284
2026/03/12 14:38:00.301841 [22;34mDEBUG[0m 7 p frame 5123 - rtmpquic.go:294
2026/03/12 14:38:00.302041 [22;34mDEBUG[0m 
chunk:1509 chunk-dur:35ms, timestamp:50267 - rtmpquic.go:220
2026/03/12 14:38:00.334079 [22;34mDEBUG[0m Return monitor from  scheduler : , bw flag : false, limit : 0 - rtmpquic.go:249
2026/03/12 14:38:00.334113 [22;36m INFO[0m IframeComing false, resideSizeInGOP 1.442385e+06, meanGOP 1.943357e+06, meanI 241143, curgop 500972, curI 320582 - rtmpquic.go:283
2026/03/12 14:38:00.334118 [22;36m INFO[0m UNKEYBEHIND 8,limit:0 - rtmpquic.go:284
2026/03/12 14:38:00.334122 [22;34mDEBUG[0m 8 p frame 5287 - rtmpquic.go:294
2026/03/12 14:38:00.334209 [22;34mDEBUG[0m 
chunk:1510 chunk-dur:32ms, timestamp:50300 - rtmpquic.go:220
2026/03/12 14:38:00.368438 [22;34mDEBUG[0m Return monitor from  scheduler : , bw flag : false, limit : 0 - rtmpquic.go:249
2026/03/12 14:38:00.368468 [22;36m INFO[0m IframeComing false, resideSizeInGOP 1.375555e+06, meanGOP 1.943357e+06, meanI 241143, curgop 567802, curI 320582 - rtmpquic.go:283
2026/03/12 14:38:00.368474 [22;36m INFO[0m UNKEYBEHIND 9,limit:0 - rtmpquic.go:284
2026/03/12 14:38:00.368478 [22;34mDEBUG[0m 9 p frame 66830 - rtmpquic.go:294
2026/03/12 14:38:00.368509 [22;34mDEBUG[0m 
chunk:1511 chunk-dur:34ms, timestamp:50334 - rtmpquic.go:220
2026/03/12 14:38:00.401651 [22;34mDEBUG[0m Return monitor from  scheduler : , bw flag : false, limit : 0 - rtmpquic.go:249
2026/03/12 14:38:00.401673 [22;36m INFO[0m IframeComing false, resideSizeInGOP 1.360159e+06, meanGOP 1.943357e+06, meanI 241143, curgop 583198, curI 320582 - rtmpquic.go:283
2026/03/12 14:38:00.401678 [22;36m INFO[0m UNKEYBEHIND 10,limit:0 - rtmpquic.go:284
2026/03/12 14:38:00.401681 [22;34mDEBUG[0m 10 p frame 15396 - rtmpquic.go:294
2026/03/12 14:38:00.401691 [22;34mDEBUG[0m 
chunk:1512 chunk-dur:33ms, timestamp:50367 - rtmpquic.go:220
2026/03/12 14:38:00.435351 [22;34mDEBUG[0m Return monitor from  scheduler : , bw flag : false, limit : 0 - rtmpquic.go:249
2026/03/12 14:38:00.435386 [22;36m INFO[0m IframeComing false, resideSizeInGOP 1.354401e+06, meanGOP 1.943357e+06, meanI 241143, curgop 588956, curI 320582 - rtmpquic.go:283
2026/03/12 14:38:00.435391 [22;36m INFO[0m UNKEYBEHIND 11,limit:0 - rtmpquic.go:284
2026/03/12 14:38:00.435396 [22;34mDEBUG[0m 11 p frame 5758 - rtmpquic.go:294
2026/03/12 14:38:00.435417 [22;34mDEBUG[0m 
chunk:1513 chunk-dur:34ms, timestamp:50400 - rtmpquic.go:220
2026/03/12 14:38:00.467857 [22;34mDEBUG[0m Return monitor from  scheduler : , bw flag : false, limit : 0 - rtmpquic.go:249
2026/03/12 14:38:00.467950 [22;36m INFO[0m IframeComing false, resideSizeInGOP 1.349146e+06, meanGOP 1.943357e+06, meanI 241143, curgop 594211, curI 320582 - rtmpquic.go:283
2026/03/12 14:38:00.467955 [22;36m INFO[0m UNKEYBEHIND 12,limit:0 - rtmpquic.go:284
2026/03/12 14:38:00.467959 [22;34mDEBUG[0m 12 p frame 5255 - rtmpquic.go:294
2026/03/12 14:38:00.468070 [22;34mDEBUG[0m 
chunk:1514 chunk-dur:33ms, timestamp:50434 - rtmpquic.go:220
2026/03/12 14:38:00.501631 [22;34mDEBUG[0m Return monitor from  scheduler : , bw flag : false, limit : 0 - rtmpquic.go:249
2026/03/12 14:38:00.501693 [22;36m INFO[0m IframeComing false, resideSizeInGOP 1.263355e+06, meanGOP 1.943357e+06, meanI 241143, curgop 680002, curI 320582 - rtmpquic.go:283
2026/03/12 14:38:00.501700 [22;36m INFO[0m UNKEYBEHIND 13,limit:0 - rtmpquic.go:284
2026/03/12 14:38:00.501708 [22;34mDEBUG[0m 13 p frame 85791 - rtmpquic.go:294
2026/03/12 14:38:00.501734 [22;34mDEBUG[0m 
chunk:1515 chunk-dur:33ms, timestamp:50467 - rtmpquic.go:220
2026/03/12 14:38:00.535416 [22;34mDEBUG[0m Return monitor from  scheduler : , bw flag : false, limit : 0 - rtmpquic.go:249
2026/03/12 14:38:00.535433 [22;36m INFO[0m IframeComing false, resideSizeInGOP 1.25011e+06, meanGOP 1.943357e+06, meanI 241143, curgop 693247, curI 320582 - rtmpquic.go:283
2026/03/12 14:38:00.535437 [22;36m INFO[0m UNKEYBEHIND 14,limit:0 - rtmpquic.go:284
2026/03/12 14:38:00.535441 [22;34mDEBUG[0m 14 p frame 13245 - rtmpquic.go:294
2026/03/12 14:38:00.535454 [22;34mDEBUG[0m 
chunk:1516 chunk-dur:34ms, timestamp:50500 - rtmpquic.go:220
2026/03/12 14:38:00.567472 [22;34mDEBUG[0m Return monitor from  scheduler : , bw flag : false, limit : 0 - rtmpquic.go:249
2026/03/12 14:38:00.567498 [22;36m INFO[0m IframeComing false, resideSizeInGOP 1.244155e+06, meanGOP 1.943357e+06, meanI 241143, curgop 699202, curI 320582 - rtmpquic.go:283
2026/03/12 14:38:00.567513 [22;36m INFO[0m UNKEYBEHIND 15,limit:0 - rtmpquic.go:284
2026/03/12 14:38:00.567516 [22;34mDEBUG[0m 15 p frame 5955 - rtmpquic.go:294
2026/03/12 14:38:00.567524 [22;34mDEBUG[0m 
chunk:1517 chunk-dur:32ms, timestamp:50534 - rtmpquic.go:220
2026/03/12 14:38:00.602251 [22;34mDEBUG[0m Return monitor from  scheduler : , bw flag : false, limit : 0 - rtmpquic.go:249
2026/03/12 14:38:00.602315 [22;36m INFO[0m IframeComing false, resideSizeInGOP 1.23958e+06, meanGOP 1.943357e+06, meanI 241143, curgop 703777, curI 320582 - rtmpquic.go:283
2026/03/12 14:38:00.602324 [22;36m INFO[0m UNKEYBEHIND 16,limit:0 - rtmpquic.go:284
2026/03/12 14:38:00.602329 [22;34mDEBUG[0m 16 p frame 4575 - rtmpquic.go:294
2026/03/12 14:38:00.602409 [22;34mDEBUG[0m 
chunk:1518 chunk-dur:35ms, timestamp:50567 - rtmpquic.go:220
2026/03/12 14:38:00.634549 [22;34mDEBUG[0m Return monitor from  scheduler : , bw flag : false, limit : 0 - rtmpquic.go:249
2026/03/12 14:38:00.634588 [22;36m INFO[0m IframeComing false, resideSizeInGOP 1.172114e+06, meanGOP 1.943357e+06, meanI 241143, curgop 771243, curI 320582 - rtmpquic.go:283
2026/03/12 14:38:00.634593 [22;36m INFO[0m UNKEYBEHIND 17,limit:0 - rtmpquic.go:284
2026/03/12 14:38:00.634597 [22;34mDEBUG[0m 17 p frame 67466 - rtmpquic.go:294
2026/03/12 14:38:00.634794 [22;34mDEBUG[0m 
chunk:1519 chunk-dur:32ms, timestamp:50600 - rtmpquic.go:220
2026/03/12 14:38:00.668539 [22;34mDEBUG[0m Return monitor from  scheduler : , bw flag : false, limit : 0 - rtmpquic.go:249
2026/03/12 14:38:00.668649 [22;36m INFO[0m IframeComing false, resideSizeInGOP 1.159223e+06, meanGOP 1.943357e+06, meanI 241143, curgop 784134, curI 320582 - rtmpquic.go:283
2026/03/12 14:38:00.668675 [22;36m INFO[0m UNKEYBEHIND 18,limit:0 - rtmpquic.go:284
2026/03/12 14:38:00.668679 [22;34mDEBUG[0m 18 p frame 12891 - rtmpquic.go:294
2026/03/12 14:38:00.668696 [22;34mDEBUG[0m 
chunk:1520 chunk-dur:34ms, timestamp:50634 - rtmpquic.go:220
2026/03/12 14:38:00.704095 [22;34mDEBUG[0m Return monitor from  scheduler : , bw flag : false, limit : 0 - rtmpquic.go:249
2026/03/12 14:38:00.704128 [22;36m INFO[0m IframeComing false, resideSizeInGOP 1.154017e+06, meanGOP 1.943357e+06, meanI 241143, curgop 789340, curI 320582 - rtmpquic.go:283
2026/03/12 14:38:00.704133 [22;36m INFO[0m UNKEYBEHIND 19,limit:0 - rtmpquic.go:284
2026/03/12 14:38:00.704137 [22;34mDEBUG[0m 19 p frame 5206 - rtmpquic.go:294
2026/03/12 14:38:00.704300 [22;34mDEBUG[0m 
chunk:1521 chunk-dur:36ms, timestamp:50667 - rtmpquic.go:220
2026/03/12 14:38:00.735484 [22;34mDEBUG[0m Return monitor from  scheduler : , bw flag : false, limit : 0 - rtmpquic.go:249
2026/03/12 14:38:00.735540 [22;36m INFO[0m IframeComing false, resideSizeInGOP 1.149207e+06, meanGOP 1.943357e+06, meanI 241143, curgop 794150, curI 320582 - rtmpquic.go:283
2026/03/12 14:38:00.735545 [22;36m INFO[0m UNKEYBEHIND 20,limit:0 - rtmpquic.go:284
2026/03/12 14:38:00.735549 [22;34mDEBUG[0m 20 p frame 4810 - rtmpquic.go:294
2026/03/12 14:38:00.735648 [22;34mDEBUG[0m 
chunk:1522 chunk-dur:31ms, timestamp:50700 - rtmpquic.go:220
2026/03/12 14:38:00.768278 [22;34mDEBUG[0m Return monitor from  scheduler : , bw flag : false, limit : 0 - rtmpquic.go:249
2026/03/12 14:38:00.768312 [22;36m INFO[0m IframeComing false, resideSizeInGOP 1.07718e+06, meanGOP 1.943357e+06, meanI 241143, curgop 866177, curI 320582 - rtmpquic.go:283
2026/03/12 14:38:00.768325 [22;36m INFO[0m UNKEYBEHIND 21,limit:0 - rtmpquic.go:284
2026/03/12 14:38:00.768329 [22;34mDEBUG[0m 21 p frame 72027 - rtmpquic.go:294
2026/03/12 14:38:00.768344 [22;34mDEBUG[0m 
chunk:1523 chunk-dur:33ms, timestamp:50734 - rtmpquic.go:220
2026/03/12 14:38:00.802348 [22;34mDEBUG[0m Return monitor from  scheduler : , bw flag : false, limit : 0 - rtmpquic.go:249
2026/03/12 14:38:00.802385 [22;36m INFO[0m IframeComing false, resideSizeInGOP 1.062078e+06, meanGOP 1.943357e+06, meanI 241143, curgop 881279, curI 320582 - rtmpquic.go:283
2026/03/12 14:38:00.802401 [22;36m INFO[0m UNKEYBEHIND 22,limit:0 - rtmpquic.go:284
2026/03/12 14:38:00.802405 [22;34mDEBUG[0m 22 p frame 15102 - rtmpquic.go:294
2026/03/12 14:38:00.802428 [22;34mDEBUG[0m 
chunk:1524 chunk-dur:34ms, timestamp:50767 - rtmpquic.go:220
2026/03/12 14:38:00.835428 [22;34mDEBUG[0m Return monitor from  scheduler : , bw flag : false, limit : 0 - rtmpquic.go:249
2026/03/12 14:38:00.835465 [22;36m INFO[0m IframeComing false, resideSizeInGOP 1.057265e+06, meanGOP 1.943357e+06, meanI 241143, curgop 886092, curI 320582 - rtmpquic.go:283
2026/03/12 14:38:00.835470 [22;36m INFO[0m UNKEYBEHIND 23,limit:0 - rtmpquic.go:284
2026/03/12 14:38:00.835473 [22;34mDEBUG[0m 23 p frame 4813 - rtmpquic.go:294
2026/03/12 14:38:00.835490 [22;34mDEBUG[0m 
chunk:1525 chunk-dur:33ms, timestamp:50800 - rtmpquic.go:220
2026/03/12 14:38:00.868413 [22;34mDEBUG[0m Return monitor from  scheduler : , bw flag : false, limit : 0 - rtmpquic.go:249
2026/03/12 14:38:00.868438 [22;36m INFO[0m IframeComing false, resideSizeInGOP 1.050801e+06, meanGOP 1.943357e+06, meanI 241143, curgop 892556, curI 320582 - rtmpquic.go:283
2026/03/12 14:38:00.868441 [22;36m INFO[0m UNKEYBEHIND 24,limit:0 - rtmpquic.go:284
2026/03/12 14:38:00.868445 [22;34mDEBUG[0m 24 p frame 6464 - rtmpquic.go:294
2026/03/12 14:38:00.868582 [22;34mDEBUG[0m 
chunk:1526 chunk-dur:33ms, timestamp:50834 - rtmpquic.go:220
2026/03/12 14:38:00.901832 [22;34mDEBUG[0m Return monitor from  scheduler : , bw flag : false, limit : 0 - rtmpquic.go:249
2026/03/12 14:38:00.901958 [22;36m INFO[0m IframeComing false, resideSizeInGOP 989739, meanGOP 1.943357e+06, meanI 241143, curgop 953618, curI 320582 - rtmpquic.go:283
2026/03/12 14:38:00.901966 [22;36m INFO[0m UNKEYBEHIND 25,limit:0 - rtmpquic.go:284
2026/03/12 14:38:00.901970 [22;34mDEBUG[0m 25 p frame 61062 - rtmpquic.go:294
2026/03/12 14:38:00.901999 [22;34mDEBUG[0m 
chunk:1527 chunk-dur:33ms, timestamp:50867 - rtmpquic.go:220
2026/03/12 14:38:00.935951 [22;34mDEBUG[0m Return monitor from  scheduler : , bw flag : false, limit : 0 - rtmpquic.go:249
2026/03/12 14:38:00.935981 [22;36m INFO[0m IframeComing false, resideSizeInGOP 978191, meanGOP 1.943357e+06, meanI 241143, curgop 965166, curI 320582 - rtmpquic.go:283
2026/03/12 14:38:00.935986 [22;36m INFO[0m UNKEYBEHIND 26,limit:0 - rtmpquic.go:284
2026/03/12 14:38:00.935989 [22;34mDEBUG[0m 26 p frame 11548 - rtmpquic.go:294
2026/03/12 14:38:00.936003 [22;34mDEBUG[0m 
chunk:1528 chunk-dur:35ms, timestamp:50900 - rtmpquic.go:220
2026/03/12 14:38:00.967528 [22;34mDEBUG[0m Return monitor from  scheduler : , bw flag : false, limit : 0 - rtmpquic.go:249
2026/03/12 14:38:00.967555 [22;36m INFO[0m IframeComing false, resideSizeInGOP 972692, meanGOP 1.943357e+06, meanI 241143, curgop 970665, curI 320582 - rtmpquic.go:283
2026/03/12 14:38:00.967559 [22;36m INFO[0m UNKEYBEHIND 27,limit:0 - rtmpquic.go:284
2026/03/12 14:38:00.967562 [22;34mDEBUG[0m 27 p frame 5499 - rtmpquic.go:294
2026/03/12 14:38:00.967572 [22;34mDEBUG[0m 
chunk:1529 chunk-dur:31ms, timestamp:50934 - rtmpquic.go:220
2026/03/12 14:38:01.003222 [22;34mDEBUG[0m Return monitor from  scheduler : , bw flag : false, limit : 0 - rtmpquic.go:249
2026/03/12 14:38:01.003250 [22;36m INFO[0m IframeComing false, resideSizeInGOP 967570, meanGOP 1.943357e+06, meanI 241143, curgop 975787, curI 320582 - rtmpquic.go:283
2026/03/12 14:38:01.003255 [22;36m INFO[0m UNKEYBEHIND 28,limit:0 - rtmpquic.go:284
2026/03/12 14:38:01.003258 [22;34mDEBUG[0m 28 p frame 5122 - rtmpquic.go:294
2026/03/12 14:38:01.003319 [22;34mDEBUG[0m 
chunk:1530 chunk-dur:36ms, timestamp:50967 - rtmpquic.go:220
2026/03/12 14:38:01.037037 [22;34mDEBUG[0m Return monitor from  scheduler : , bw flag : false, limit : 0 - rtmpquic.go:249
2026/03/12 14:38:01.037062 [22;36m INFO[0m IframeComing false, resideSizeInGOP 910804, meanGOP 1.943357e+06, meanI 241143, curgop 1032553, curI 320582 - rtmpquic.go:283
2026/03/12 14:38:01.037066 [22;36m INFO[0m UNKEYBEHIND 29,limit:0 - rtmpquic.go:284
2026/03/12 14:38:01.037069 [22;34mDEBUG[0m 29 p frame 56766 - rtmpquic.go:294
2026/03/12 14:38:01.037212 [22;34mDEBUG[0m 
chunk:1531 chunk-dur:34ms, timestamp:51000 - rtmpquic.go:220
2026/03/12 14:38:01.068282 [22;34mDEBUG[0m Return monitor from  scheduler : , bw flag : false, limit : 0 - rtmpquic.go:249
2026/03/12 14:38:01.068315 [22;36m INFO[0m IframeComing false, resideSizeInGOP 899382, meanGOP 1.943357e+06, meanI 241143, curgop 1043975, curI 320582 - rtmpquic.go:283
2026/03/12 14:38:01.068320 [22;36m INFO[0m UNKEYBEHIND 30,limit:0 - rtmpquic.go:284
2026/03/12 14:38:01.068324 [22;34mDEBUG[0m 30 p frame 11422 - rtmpquic.go:294
2026/03/12 14:38:01.068351 [22;34mDEBUG[0m 
chunk:1532 chunk-dur:31ms, timestamp:51034 - rtmpquic.go:220
2026/03/12 14:38:01.101372 [22;34mDEBUG[0m Return monitor from  scheduler : , bw flag : false, limit : 0 - rtmpquic.go:249
2026/03/12 14:38:01.101401 [22;36m INFO[0m IframeComing false, resideSizeInGOP 894096, meanGOP 1.943357e+06, meanI 241143, curgop 1049261, curI 320582 - rtmpquic.go:283
2026/03/12 14:38:01.101406 [22;36m INFO[0m UNKEYBEHIND 31,limit:0 - rtmpquic.go:284
2026/03/12 14:38:01.101409 [22;34mDEBUG[0m 31 p frame 5286 - rtmpquic.go:294
2026/03/12 14:38:01.101526 [22;34mDEBUG[0m 
chunk:1533 chunk-dur:33ms, timestamp:51067 - rtmpquic.go:220
2026/03/12 14:38:01.134752 [22;34mDEBUG[0m Return monitor from  scheduler : , bw flag : false, limit : 0 - rtmpquic.go:249
2026/03/12 14:38:01.134779 [22;36m INFO[0m IframeComing false, resideSizeInGOP 888937, meanGOP 1.943357e+06, meanI 241143, curgop 1054420, curI 320582 - rtmpquic.go:283
2026/03/12 14:38:01.134784 [22;36m INFO[0m UNKEYBEHIND 32,limit:0 - rtmpquic.go:284
2026/03/12 14:38:01.134789 [22;34mDEBUG[0m 32 p frame 5159 - rtmpquic.go:294
2026/03/12 14:38:01.135027 [22;34mDEBUG[0m 
chunk:1534 chunk-dur:34ms, timestamp:51100 - rtmpquic.go:220
2026/03/12 14:38:01.157672 [22;34mDEBUG[0m bitrate:4.999213 Mbps - client_session.go:438
2026/03/12 14:38:01.168442 [22;34mDEBUG[0m Return monitor from  scheduler : , bw flag : false, limit : 0 - rtmpquic.go:249
2026/03/12 14:38:01.168499 [22;36m INFO[0m IframeComing false, resideSizeInGOP 832037, meanGOP 1.943357e+06, meanI 241143, curgop 1111320, curI 320582 - rtmpquic.go:283
2026/03/12 14:38:01.168504 [22;36m INFO[0m UNKEYBEHIND 33,limit:0 - rtmpquic.go:284
2026/03/12 14:38:01.168507 [22;34mDEBUG[0m 33 p frame 56900 - rtmpquic.go:294
2026/03/12 14:38:01.168538 [22;34mDEBUG[0m 
chunk:1535 chunk-dur:33ms, timestamp:51134 - rtmpquic.go:220
2026/03/12 14:38:01.202092 [22;34mDEBUG[0m Return monitor from  scheduler : , bw flag : false, limit : 0 - rtmpquic.go:249
2026/03/12 14:38:01.202113 [22;36m INFO[0m IframeComing false, resideSizeInGOP 821096, meanGOP 1.943357e+06, meanI 241143, curgop 1122261, curI 320582 - rtmpquic.go:283
2026/03/12 14:38:01.202118 [22;36m INFO[0m UNKEYBEHIND 34,limit:0 - rtmpquic.go:284
2026/03/12 14:38:01.202137 [22;34mDEBUG[0m 34 p frame 10941 - rtmpquic.go:294
2026/03/12 14:38:01.202172 [22;34mDEBUG[0m 
chunk:1536 chunk-dur:34ms, timestamp:51167 - rtmpquic.go:220
2026/03/12 14:38:01.235128 [22;34mDEBUG[0m Return monitor from  scheduler : , bw flag : false, limit : 0 - rtmpquic.go:249
2026/03/12 14:38:01.235168 [22;36m INFO[0m IframeComing false, resideSizeInGOP 815904, meanGOP 1.943357e+06, meanI 241143, curgop 1127453, curI 320582 - rtmpquic.go:283
2026/03/12 14:38:01.235172 [22;36m INFO[0m UNKEYBEHIND 35,limit:0 - rtmpquic.go:284
2026/03/12 14:38:01.235176 [22;34mDEBUG[0m 35 p frame 5192 - rtmpquic.go:294
2026/03/12 14:38:01.235191 [22;34mDEBUG[0m 
chunk:1537 chunk-dur:33ms, timestamp:51200 - rtmpquic.go:220
2026/03/12 14:38:01.267929 [22;34mDEBUG[0m Return monitor from  scheduler : , bw flag : false, limit : 0 - rtmpquic.go:249
2026/03/12 14:38:01.267965 [22;36m INFO[0m IframeComing false, resideSizeInGOP 811663, meanGOP 1.943357e+06, meanI 241143, curgop 1131694, curI 320582 - rtmpquic.go:283
2026/03/12 14:38:01.267971 [22;36m INFO[0m UNKEYBEHIND 36,limit:0 - rtmpquic.go:284
2026/03/12 14:38:01.267975 [22;34mDEBUG[0m 36 p frame 4241 - rtmpquic.go:294
2026/03/12 14:38:01.268061 [22;34mDEBUG[0m 
chunk:1538 chunk-dur:33ms, timestamp:51234 - rtmpquic.go:220
2026/03/12 14:38:01.301130 [22;34mDEBUG[0m Return monitor from  scheduler : , bw flag : false, limit : 0 - rtmpquic.go:249
2026/03/12 14:38:01.301161 [22;36m INFO[0m IframeComing false, resideSizeInGOP 749478, meanGOP 1.943357e+06, meanI 241143, curgop 1193879, curI 320582 - rtmpquic.go:283
2026/03/12 14:38:01.301185 [22;36m INFO[0m UNKEYBEHIND 37,limit:0 - rtmpquic.go:284
2026/03/12 14:38:01.301191 [22;34mDEBUG[0m 37 p frame 62185 - rtmpquic.go:294
2026/03/12 14:38:01.301216 [22;34mDEBUG[0m 
chunk:1539 chunk-dur:33ms, timestamp:51267 - rtmpquic.go:220
2026/03/12 14:38:01.334478 [22;34mDEBUG[0m Return monitor from  scheduler : , bw flag : false, limit : 0 - rtmpquic.go:249
2026/03/12 14:38:01.334507 [22;36m INFO[0m IframeComing false, resideSizeInGOP 737158, meanGOP 1.943357e+06, meanI 241143, curgop 1206199, curI 320582 - rtmpquic.go:283
2026/03/12 14:38:01.334511 [22;36m INFO[0m UNKEYBEHIND 38,limit:0 - rtmpquic.go:284
2026/03/12 14:38:01.334515 [22;34mDEBUG[0m 38 p frame 12320 - rtmpquic.go:294
2026/03/12 14:38:01.334528 [22;34mDEBUG[0m 
chunk:1540 chunk-dur:33ms, timestamp:51300 - rtmpquic.go:220
2026/03/12 14:38:01.367617 [22;34mDEBUG[0m Return monitor from  scheduler : , bw flag : false, limit : 0 - rtmpquic.go:249
2026/03/12 14:38:01.367681 [22;36m INFO[0m IframeComing false, resideSizeInGOP 732512, meanGOP 1.943357e+06, meanI 241143, curgop 1210845, curI 320582 - rtmpquic.go:283
2026/03/12 14:38:01.367687 [22;36m INFO[0m UNKEYBEHIND 39,limit:0 - rtmpquic.go:284
2026/03/12 14:38:01.367691 [22;34mDEBUG[0m 39 p frame 4646 - rtmpquic.go:294
2026/03/12 14:38:01.367709 [22;34mDEBUG[0m 
chunk:1541 chunk-dur:33ms, timestamp:51334 - rtmpquic.go:220
2026/03/12 14:38:01.403274 [22;34mDEBUG[0m Return monitor from  scheduler : , bw flag : false, limit : 0 - rtmpquic.go:249
2026/03/12 14:38:01.403301 [22;36m INFO[0m IframeComing false, resideSizeInGOP 728400, meanGOP 1.943357e+06, meanI 241143, curgop 1214957, curI 320582 - rtmpquic.go:283
2026/03/12 14:38:01.403305 [22;36m INFO[0m UNKEYBEHIND 40,limit:0 - rtmpquic.go:284
2026/03/12 14:38:01.403309 [22;34mDEBUG[0m 40 p frame 4112 - rtmpquic.go:294
2026/03/12 14:38:01.403432 [22;34mDEBUG[0m 
chunk:1542 chunk-dur:36ms, timestamp:51367 - rtmpquic.go:220
2026/03/12 14:38:01.434920 [22;34mDEBUG[0m Return monitor from  scheduler : , bw flag : false, limit : 0 - rtmpquic.go:249
2026/03/12 14:38:01.434981 [22;36m INFO[0m IframeComing false, resideSizeInGOP 650999, meanGOP 1.943357e+06, meanI 241143, curgop 1292358, curI 320582 - rtmpquic.go:283
2026/03/12 14:38:01.434987 [22;36m INFO[0m UNKEYBEHIND 41,limit:0 - rtmpquic.go:284
2026/03/12 14:38:01.434990 [22;34mDEBUG[0m 41 p frame 77401 - rtmpquic.go:294
2026/03/12 14:38:01.435001 [22;34mDEBUG[0m 
chunk:1543 chunk-dur:32ms, timestamp:51400 - rtmpquic.go:220
2026/03/12 14:38:01.467207 [22;34mDEBUG[0m Return monitor from  scheduler : , bw flag : false, limit : 0 - rtmpquic.go:249
2026/03/12 14:38:01.467243 [22;36m INFO[0m IframeComing false, resideSizeInGOP 638548, meanGOP 1.943357e+06, meanI 241143, curgop 1304809, curI 320582 - rtmpquic.go:283
2026/03/12 14:38:01.467248 [22;36m INFO[0m UNKEYBEHIND 42,limit:0 - rtmpquic.go:284
2026/03/12 14:38:01.467252 [22;34mDEBUG[0m 42 p frame 12451 - rtmpquic.go:294
2026/03/12 14:38:01.467302 [22;34mDEBUG[0m 
chunk:1544 chunk-dur:32ms, timestamp:51434 - rtmpquic.go:220
2026/03/12 14:38:01.505332 [22;34mDEBUG[0m Return monitor from  scheduler : , bw flag : false, limit : 0 - rtmpquic.go:249
2026/03/12 14:38:01.505362 [22;36m INFO[0m IframeComing false, resideSizeInGOP 632468, meanGOP 1.943357e+06, meanI 241143, curgop 1310889, curI 320582 - rtmpquic.go:283
2026/03/12 14:38:01.505367 [22;36m INFO[0m UNKEYBEHIND 43,limit:0 - rtmpquic.go:284
2026/03/12 14:38:01.505370 [22;34mDEBUG[0m 43 p frame 6080 - rtmpquic.go:294
2026/03/12 14:38:01.505379 [22;34mDEBUG[0m 
chunk:1545 chunk-dur:38ms, timestamp:51467 - rtmpquic.go:220
2026/03/12 14:38:01.535905 [22;34mDEBUG[0m Return monitor from  scheduler : , bw flag : false, limit : 0 - rtmpquic.go:249
2026/03/12 14:38:01.535928 [22;36m INFO[0m IframeComing false, resideSizeInGOP 627487, meanGOP 1.943357e+06, meanI 241143, curgop 1315870, curI 320582 - rtmpquic.go:283
2026/03/12 14:38:01.535932 [22;36m INFO[0m UNKEYBEHIND 44,limit:0 - rtmpquic.go:284
2026/03/12 14:38:01.535936 [22;34mDEBUG[0m 44 p frame 4981 - rtmpquic.go:294
2026/03/12 14:38:01.536001 [22;34mDEBUG[0m 
chunk:1546 chunk-dur:30ms, timestamp:51500 - rtmpquic.go:220
2026/03/12 14:38:01.569229 [22;34mDEBUG[0m Return monitor from  scheduler : , bw flag : false, limit : 0 - rtmpquic.go:249
2026/03/12 14:38:01.569256 [22;36m INFO[0m IframeComing false, resideSizeInGOP 566248, meanGOP 1.943357e+06, meanI 241143, curgop 1377109, curI 320582 - rtmpquic.go:283
2026/03/12 14:38:01.569263 [22;36m INFO[0m UNKEYBEHIND 45,limit:0 - rtmpquic.go:284
2026/03/12 14:38:01.569269 [22;34mDEBUG[0m 45 p frame 61239 - rtmpquic.go:294
2026/03/12 14:38:01.569295 [22;34mDEBUG[0m 
chunk:1547 chunk-dur:34ms, timestamp:51534 - rtmpquic.go:220
2026/03/12 14:38:01.601637 [22;34mDEBUG[0m Return monitor from  scheduler : , bw flag : false, limit : 0 - rtmpquic.go:249
2026/03/12 14:38:01.601664 [22;36m INFO[0m IframeComing false, resideSizeInGOP 555963, meanGOP 1.943357e+06, meanI 241143, curgop 1387394, curI 320582 - rtmpquic.go:283
2026/03/12 14:38:01.601669 [22;36m INFO[0m UNKEYBEHIND 46,limit:0 - rtmpquic.go:284
2026/03/12 14:38:01.601672 [22;34mDEBUG[0m 46 p frame 10285 - rtmpquic.go:294
2026/03/12 14:38:01.601710 [22;34mDEBUG[0m 
chunk:1548 chunk-dur:32ms, timestamp:51567 - rtmpquic.go:220
2026/03/12 14:38:01.639205 [22;34mDEBUG[0m Return monitor from  scheduler : , bw flag : false, limit : 0 - rtmpquic.go:249
2026/03/12 14:38:01.639232 [22;36m INFO[0m IframeComing false, resideSizeInGOP 551671, meanGOP 1.943357e+06, meanI 241143, curgop 1391686, curI 320582 - rtmpquic.go:283
2026/03/12 14:38:01.639238 [22;36m INFO[0m UNKEYBEHIND 47,limit:0 - rtmpquic.go:284
2026/03/12 14:38:01.639241 [22;34mDEBUG[0m 47 p frame 4292 - rtmpquic.go:294
2026/03/12 14:38:01.639272 [22;34mDEBUG[0m 
chunk:1549 chunk-dur:38ms, timestamp:51600 - rtmpquic.go:220
2026/03/12 14:38:01.667932 [22;34mDEBUG[0m Return monitor from  scheduler : , bw flag : false, limit : 0 - rtmpquic.go:249
2026/03/12 14:38:01.667955 [22;36m INFO[0m IframeComing false, resideSizeInGOP 547584, meanGOP 1.943357e+06, meanI 241143, curgop 1395773, curI 320582 - rtmpquic.go:283
2026/03/12 14:38:01.667959 [22;36m INFO[0m UNKEYBEHIND 48,limit:0 - rtmpquic.go:284
2026/03/12 14:38:01.667963 [22;34mDEBUG[0m 48 p frame 4087 - rtmpquic.go:294
2026/03/12 14:38:01.668039 [22;34mDEBUG[0m 
chunk:1550 chunk-dur:29ms, timestamp:51634 - rtmpquic.go:220
2026/03/12 14:38:01.702130 [22;34mDEBUG[0m Return monitor from  scheduler : , bw flag : false, limit : 0 - rtmpquic.go:249
2026/03/12 14:38:01.702191 [22;36m INFO[0m IframeComing false, resideSizeInGOP 489686, meanGOP 1.943357e+06, meanI 241143, curgop 1453671, curI 320582 - rtmpquic.go:283
2026/03/12 14:38:01.702199 [22;36m INFO[0m UNKEYBEHIND 49,limit:0 - rtmpquic.go:284
2026/03/12 14:38:01.702203 [22;34mDEBUG[0m 49 p frame 57898 - rtmpquic.go:294
2026/03/12 14:38:01.702460 [22;34mDEBUG[0m 
chunk:1551 chunk-dur:34ms, timestamp:51667 - rtmpquic.go:220
2026/03/12 14:38:01.735344 [22;34mDEBUG[0m Return monitor from  scheduler : , bw flag : false, limit : 0 - rtmpquic.go:249
2026/03/12 14:38:01.735366 [22;36m INFO[0m IframeComing false, resideSizeInGOP 480553, meanGOP 1.943357e+06, meanI 241143, curgop 1462804, curI 320582 - rtmpquic.go:283
2026/03/12 14:38:01.735371 [22;36m INFO[0m UNKEYBEHIND 50,limit:0 - rtmpquic.go:284
2026/03/12 14:38:01.735374 [22;34mDEBUG[0m 50 p frame 9133 - rtmpquic.go:294
2026/03/12 14:38:01.735384 [22;34mDEBUG[0m 
chunk:1552 chunk-dur:33ms, timestamp:51700 - rtmpquic.go:220
2026/03/12 14:38:01.768176 [22;34mDEBUG[0m Return monitor from  scheduler : , bw flag : false, limit : 0 - rtmpquic.go:249
2026/03/12 14:38:01.768200 [22;36m INFO[0m IframeComing false, resideSizeInGOP 476079, meanGOP 1.943357e+06, meanI 241143, curgop 1467278, curI 320582 - rtmpquic.go:283
2026/03/12 14:38:01.768217 [22;36m INFO[0m UNKEYBEHIND 51,limit:0 - rtmpquic.go:284
2026/03/12 14:38:01.768221 [22;34mDEBUG[0m 51 p frame 4474 - rtmpquic.go:294
2026/03/12 14:38:01.768256 [22;34mDEBUG[0m 
chunk:1553 chunk-dur:33ms, timestamp:51734 - rtmpquic.go:220
2026/03/12 14:38:01.801686 [22;34mDEBUG[0m Return monitor from  scheduler : , bw flag : false, limit : 0 - rtmpquic.go:249
2026/03/12 14:38:01.801717 [22;36m INFO[0m IframeComing false, resideSizeInGOP 472054, meanGOP 1.943357e+06, meanI 241143, curgop 1471303, curI 320582 - rtmpquic.go:283
2026/03/12 14:38:01.801722 [22;36m INFO[0m UNKEYBEHIND 52,limit:0 - rtmpquic.go:284
2026/03/12 14:38:01.801740 [22;34mDEBUG[0m 52 p frame 4025 - rtmpquic.go:294
2026/03/12 14:38:01.801920 [22;34mDEBUG[0m 
chunk:1554 chunk-dur:33ms, timestamp:51767 - rtmpquic.go:220
2026/03/12 14:38:01.836059 [22;34mDEBUG[0m Return monitor from  scheduler : , bw flag : false, limit : 0 - rtmpquic.go:249
2026/03/12 14:38:01.836112 [22;36m INFO[0m IframeComing false, resideSizeInGOP 413916, meanGOP 1.943357e+06, meanI 241143, curgop 1529441, curI 320582 - rtmpquic.go:283
2026/03/12 14:38:01.836117 [22;36m INFO[0m UNKEYBEHIND 53,limit:0 - rtmpquic.go:284
2026/03/12 14:38:01.836121 [22;34mDEBUG[0m 53 p frame 58138 - rtmpquic.go:294
2026/03/12 14:38:01.836170 [22;34mDEBUG[0m 
chunk:1555 chunk-dur:35ms, timestamp:51800 - rtmpquic.go:220
2026/03/12 14:38:01.874616 [22;34mDEBUG[0m Return monitor from  scheduler : , bw flag : false, limit : 0 - rtmpquic.go:249
2026/03/12 14:38:01.874649 [22;36m INFO[0m IframeComing false, resideSizeInGOP 403703, meanGOP 1.943357e+06, meanI 241143, curgop 1539654, curI 320582 - rtmpquic.go:283
2026/03/12 14:38:01.874654 [22;36m INFO[0m UNKEYBEHIND 54,limit:0 - rtmpquic.go:284
2026/03/12 14:38:01.874658 [22;34mDEBUG[0m 54 p frame 10213 - rtmpquic.go:294
2026/03/12 14:38:01.874675 [22;34mDEBUG[0m 
chunk:1556 chunk-dur:38ms, timestamp:51834 - rtmpquic.go:220
2026/03/12 14:38:01.931216 [22;34mDEBUG[0m Return monitor from  scheduler : , bw flag : false, limit : 0 - rtmpquic.go:249
2026/03/12 14:38:01.931370 [22;36m INFO[0m IframeComing false, resideSizeInGOP 399653, meanGOP 1.943357e+06, meanI 241143, curgop 1543704, curI 320582 - rtmpquic.go:283
2026/03/12 14:38:01.931395 [22;36m INFO[0m UNKEYBEHIND 55,limit:0 - rtmpquic.go:284
2026/03/12 14:38:01.931501 [22;34mDEBUG[0m 55 p frame 4050 - rtmpquic.go:294
2026/03/12 14:38:01.931591 [22;34mDEBUG[0m 
chunk:1557 chunk-dur:57ms, timestamp:51867 - rtmpquic.go:220
2026/03/12 14:38:01.936475 [22;34mDEBUG[0m Return monitor from  scheduler : , bw flag : false, limit : 0 - rtmpquic.go:249
2026/03/12 14:38:01.936548 [22;36m INFO[0m IframeComing false, resideSizeInGOP 395989, meanGOP 1.943357e+06, meanI 241143, curgop 1547368, curI 320582 - rtmpquic.go:283
2026/03/12 14:38:01.936560 [22;36m INFO[0m UNKEYBEHIND 56,limit:0 - rtmpquic.go:284
2026/03/12 14:38:01.936569 [22;34mDEBUG[0m 56 p frame 3664 - rtmpquic.go:294
2026/03/12 14:38:01.936603 [22;34mDEBUG[0m 
chunk:1558 chunk-dur:5ms, timestamp:51900 - rtmpquic.go:220
2026/03/12 14:38:01.969956 [22;34mDEBUG[0m Return monitor from  scheduler : , bw flag : false, limit : 0 - rtmpquic.go:249
2026/03/12 14:38:01.970083 [22;36m INFO[0m IframeComing false, resideSizeInGOP 383325, meanGOP 1.943357e+06, meanI 241143, curgop 1560032, curI 320582 - rtmpquic.go:283
2026/03/12 14:38:01.970115 [22;36m INFO[0m UNKEYBEHIND 57,limit:0 - rtmpquic.go:284
2026/03/12 14:38:01.970153 [22;34mDEBUG[0m 57 p frame 12664 - rtmpquic.go:294
2026/03/12 14:38:01.970188 [22;34mDEBUG[0m 
chunk:1559 chunk-dur:34ms, timestamp:51934 - rtmpquic.go:220
2026/03/12 14:38:02.003925 [22;34mDEBUG[0m Return monitor from  scheduler : , bw flag : false, limit : 0 - rtmpquic.go:249
2026/03/12 14:38:02.003953 [22;36m INFO[0m IframeComing false, resideSizeInGOP 379147, meanGOP 1.943357e+06, meanI 241143, curgop 1564210, curI 320582 - rtmpquic.go:283
2026/03/12 14:38:02.003958 [22;36m INFO[0m UNKEYBEHIND 58,limit:0 - rtmpquic.go:284
2026/03/12 14:38:02.003962 [22;34mDEBUG[0m 58 p frame 4178 - rtmpquic.go:294
2026/03/12 14:38:02.004003 [22;34mDEBUG[0m 
chunk:1560 chunk-dur:34ms, timestamp:51967 - rtmpquic.go:220
2026/03/12 14:38:02.035054 [22;34mDEBUG[0m Return monitor from  scheduler : , bw flag : false, limit : 0 - rtmpquic.go:249
2026/03/12 14:38:02.035085 [22;36m INFO[0m IframeComing false, resideSizeInGOP 376276, meanGOP 1.943357e+06, meanI 241143, curgop 1567081, curI 320582 - rtmpquic.go:283
2026/03/12 14:38:02.035089 [22;36m INFO[0m UNKEYBEHIND 59,limit:0 - rtmpquic.go:284
2026/03/12 14:38:02.035093 [22;34mDEBUG[0m 59 p frame 2871 - rtmpquic.go:294
2026/03/12 14:38:02.035411 [22;34mDEBUG[0m 
chunk:1561 chunk-dur:31ms, timestamp:52000 - rtmpquic.go:220
2026/03/12 14:38:02.067791 [22;34mDEBUG[0m Return monitor from  scheduler : , bw flag : false, limit : 0 - rtmpquic.go:249
key tag 306267
2026/03/12 14:38:02.067831 [22;34mDEBUG[0m 27 I frame 306267 - rtmpquic.go:275
2026/03/12 14:38:02.068023 [22;34mDEBUG[0m 
chunk:1562 chunk-dur:33ms, timestamp:52034 - rtmpquic.go:220
2026/03/12 14:38:02.101926 [22;34mDEBUG[0m Return monitor from  scheduler : , bw flag : false, limit : 0 - rtmpquic.go:249
2026/03/12 14:38:02.101958 [22;36m INFO[0m IframeComing false, resideSizeInGOP 1.603243e+06, meanGOP 1.928884e+06, meanI 244198, curgop 325641, curI 306267 - rtmpquic.go:283
2026/03/12 14:38:02.101965 [22;36m INFO[0m UNKEYBEHIND 1,limit:0 - rtmpquic.go:284
2026/03/12 14:38:02.101993 [22;34mDEBUG[0m 1 p frame 19374 - rtmpquic.go:294
2026/03/12 14:38:02.102011 [22;34mDEBUG[0m 
chunk:1563 chunk-dur:34ms, timestamp:52067 - rtmpquic.go:220
2026/03/12 14:38:02.134326 [22;34mDEBUG[0m Return monitor from  scheduler : , bw flag : false, limit : 0 - rtmpquic.go:249
2026/03/12 14:38:02.134351 [22;36m INFO[0m IframeComing false, resideSizeInGOP 1.600175e+06, meanGOP 1.928884e+06, meanI 244198, curgop 328709, curI 306267 - rtmpquic.go:283
2026/03/12 14:38:02.134356 [22;36m INFO[0m UNKEYBEHIND 2,limit:0 - rtmpquic.go:284
2026/03/12 14:38:02.134359 [22;34mDEBUG[0m 2 p frame 3068 - rtmpquic.go:294
2026/03/12 14:38:02.134454 [22;34mDEBUG[0m 
chunk:1564 chunk-dur:32ms, timestamp:52100 - rtmpquic.go:220
2026/03/12 14:38:02.158685 [22;34mDEBUG[0m bitrate:6.412583 Mbps - client_session.go:438
2026/03/12 14:38:02.167911 [22;34mDEBUG[0m Return monitor from  scheduler : , bw flag : false, limit : 0 - rtmpquic.go:249
2026/03/12 14:38:02.167930 [22;36m INFO[0m IframeComing false, resideSizeInGOP 1.495631e+06, meanGOP 1.928884e+06, meanI 244198, curgop 433253, curI 306267 - rtmpquic.go:283
2026/03/12 14:38:02.167934 [22;36m INFO[0m UNKEYBEHIND 3,limit:0 - rtmpquic.go:284
2026/03/12 14:38:02.167937 [22;34mDEBUG[0m 3 p frame 104544 - rtmpquic.go:294
2026/03/12 14:38:02.167981 [22;34mDEBUG[0m 
chunk:1565 chunk-dur:33ms, timestamp:52134 - rtmpquic.go:220
2026/03/12 14:38:02.202969 [22;34mDEBUG[0m Return monitor from  scheduler : , bw flag : false, limit : 0 - rtmpquic.go:249
2026/03/12 14:38:02.202993 [22;36m INFO[0m IframeComing false, resideSizeInGOP 1.45747e+06, meanGOP 1.928884e+06, meanI 244198, curgop 471414, curI 306267 - rtmpquic.go:283
2026/03/12 14:38:02.202997 [22;36m INFO[0m UNKEYBEHIND 4,limit:0 - rtmpquic.go:284
2026/03/12 14:38:02.203001 [22;34mDEBUG[0m 4 p frame 38161 - rtmpquic.go:294
2026/03/12 14:38:02.203026 [22;34mDEBUG[0m 
chunk:1566 chunk-dur:36ms, timestamp:52167 - rtmpquic.go:220
2026/03/12 14:38:02.234935 [22;34mDEBUG[0m Return monitor from  scheduler : , bw flag : false, limit : 0 - rtmpquic.go:249
2026/03/12 14:38:02.234957 [22;36m INFO[0m IframeComing false, resideSizeInGOP 1.439403e+06, meanGOP 1.928884e+06, meanI 244198, curgop 489481, curI 306267 - rtmpquic.go:283
2026/03/12 14:38:02.234962 [22;36m INFO[0m UNKEYBEHIND 5,limit:0 - rtmpquic.go:284
2026/03/12 14:38:02.234966 [22;34mDEBUG[0m 5 p frame 18067 - rtmpquic.go:294
2026/03/12 14:38:02.234997 [22;34mDEBUG[0m 
chunk:1567 chunk-dur:31ms, timestamp:52200 - rtmpquic.go:220
2026/03/12 14:38:02.268953 [22;34mDEBUG[0m Return monitor from  scheduler : , bw flag : false, limit : 0 - rtmpquic.go:249
2026/03/12 14:38:02.269011 [22;36m INFO[0m IframeComing false, resideSizeInGOP 1.432829e+06, meanGOP 1.928884e+06, meanI 244198, curgop 496055, curI 306267 - rtmpquic.go:283
2026/03/12 14:38:02.269016 [22;36m INFO[0m UNKEYBEHIND 6,limit:0 - rtmpquic.go:284
2026/03/12 14:38:02.269033 [22;34mDEBUG[0m 6 p frame 6574 - rtmpquic.go:294
2026/03/12 14:38:02.269114 [22;34mDEBUG[0m 
chunk:1568 chunk-dur:35ms, timestamp:52234 - rtmpquic.go:220
2026/03/12 14:38:02.301727 [22;34mDEBUG[0m Return monitor from  scheduler : , bw flag : false, limit : 0 - rtmpquic.go:249
2026/03/12 14:38:02.301745 [22;36m INFO[0m IframeComing false, resideSizeInGOP 1.364055e+06, meanGOP 1.928884e+06, meanI 244198, curgop 564829, curI 306267 - rtmpquic.go:283
2026/03/12 14:38:02.301750 [22;36m INFO[0m UNKEYBEHIND 7,limit:0 - rtmpquic.go:284
2026/03/12 14:38:02.301753 [22;34mDEBUG[0m 7 p frame 68774 - rtmpquic.go:294
2026/03/12 14:38:02.301801 [22;34mDEBUG[0m 
chunk:1569 chunk-dur:32ms, timestamp:52267 - rtmpquic.go:220
2026/03/12 14:38:02.335483 [22;34mDEBUG[0m Return monitor from  scheduler : , bw flag : false, limit : 0 - rtmpquic.go:249
2026/03/12 14:38:02.335516 [22;36m INFO[0m IframeComing false, resideSizeInGOP 1.350517e+06, meanGOP 1.928884e+06, meanI 244198, curgop 578367, curI 306267 - rtmpquic.go:283
2026/03/12 14:38:02.335521 [22;36m INFO[0m UNKEYBEHIND 8,limit:0 - rtmpquic.go:284
2026/03/12 14:38:02.335524 [22;34mDEBUG[0m 8 p frame 13538 - rtmpquic.go:294
2026/03/12 14:38:02.335537 [22;34mDEBUG[0m 
chunk:1570 chunk-dur:34ms, timestamp:52300 - rtmpquic.go:220
2026/03/12 14:38:02.368408 [22;34mDEBUG[0m Return monitor from  scheduler : , bw flag : false, limit : 0 - rtmpquic.go:249
2026/03/12 14:38:02.368432 [22;36m INFO[0m IframeComing false, resideSizeInGOP 1.347114e+06, meanGOP 1.928884e+06, meanI 244198, curgop 581770, curI 306267 - rtmpquic.go:283
2026/03/12 14:38:02.368436 [22;36m INFO[0m UNKEYBEHIND 9,limit:0 - rtmpquic.go:284
2026/03/12 14:38:02.368440 [22;34mDEBUG[0m 9 p frame 3403 - rtmpquic.go:294
2026/03/12 14:38:02.368456 [22;34mDEBUG[0m 
chunk:1571 chunk-dur:33ms, timestamp:52334 - rtmpquic.go:220
2026/03/12 14:38:02.402687 [22;34mDEBUG[0m Return monitor from  scheduler : , bw flag : false, limit : 0 - rtmpquic.go:249
2026/03/12 14:38:02.402744 [22;36m INFO[0m IframeComing false, resideSizeInGOP 1.341883e+06, meanGOP 1.928884e+06, meanI 244198, curgop 587001, curI 306267 - rtmpquic.go:283
2026/03/12 14:38:02.402751 [22;36m INFO[0m UNKEYBEHIND 10,limit:0 - rtmpquic.go:284
2026/03/12 14:38:02.402754 [22;34mDEBUG[0m 10 p frame 5231 - rtmpquic.go:294
2026/03/12 14:38:02.402865 [22;34mDEBUG[0m 
chunk:1572 chunk-dur:34ms, timestamp:52367 - rtmpquic.go:220
2026/03/12 14:38:02.436316 [22;34mDEBUG[0m Return monitor from  scheduler : , bw flag : false, limit : 0 - rtmpquic.go:249
2026/03/12 14:38:02.436352 [22;36m INFO[0m IframeComing false, resideSizeInGOP 1.264523e+06, meanGOP 1.928884e+06, meanI 244198, curgop 664361, curI 306267 - rtmpquic.go:283
2026/03/12 14:38:02.436356 [22;36m INFO[0m UNKEYBEHIND 11,limit:0 - rtmpquic.go:284
2026/03/12 14:38:02.436360 [22;34mDEBUG[0m 11 p frame 77360 - rtmpquic.go:294
2026/03/12 14:38:02.436404 [22;34mDEBUG[0m 
chunk:1573 chunk-dur:34ms, timestamp:52400 - rtmpquic.go:220
2026/03/12 14:38:02.468544 [22;34mDEBUG[0m Return monitor from  scheduler : , bw flag : false, limit : 0 - rtmpquic.go:249
2026/03/12 14:38:02.468564 [22;36m INFO[0m IframeComing false, resideSizeInGOP 1.252523e+06, meanGOP 1.928884e+06, meanI 244198, curgop 676361, curI 306267 - rtmpquic.go:283
2026/03/12 14:38:02.468572 [22;36m INFO[0m UNKEYBEHIND 12,limit:0 - rtmpquic.go:284
2026/03/12 14:38:02.468576 [22;34mDEBUG[0m 12 p frame 12000 - rtmpquic.go:294
2026/03/12 14:38:02.468591 [22;34mDEBUG[0m 
chunk:1574 chunk-dur:32ms, timestamp:52434 - rtmpquic.go:220
2026/03/12 14:38:02.502920 [22;34mDEBUG[0m Return monitor from  scheduler : , bw flag : false, limit : 0 - rtmpquic.go:249
2026/03/12 14:38:02.502946 [22;36m INFO[0m IframeComing false, resideSizeInGOP 1.248051e+06, meanGOP 1.928884e+06, meanI 244198, curgop 680833, curI 306267 - rtmpquic.go:283
2026/03/12 14:38:02.502950 [22;36m INFO[0m UNKEYBEHIND 13,limit:0 - rtmpquic.go:284
2026/03/12 14:38:02.502953 [22;34mDEBUG[0m 13 p frame 4472 - rtmpquic.go:294
2026/03/12 14:38:02.502984 [22;34mDEBUG[0m 
chunk:1575 chunk-dur:34ms, timestamp:52467 - rtmpquic.go:220
2026/03/12 14:38:02.536008 [22;34mDEBUG[0m Return monitor from  scheduler : , bw flag : false, limit : 0 - rtmpquic.go:249
2026/03/12 14:38:02.536036 [22;36m INFO[0m IframeComing false, resideSizeInGOP 1.245774e+06, meanGOP 1.928884e+06, meanI 244198, curgop 683110, curI 306267 - rtmpquic.go:283
2026/03/12 14:38:02.536040 [22;36m INFO[0m UNKEYBEHIND 14,limit:0 - rtmpquic.go:284
2026/03/12 14:38:02.536043 [22;34mDEBUG[0m 14 p frame 2277 - rtmpquic.go:294
2026/03/12 14:38:02.536119 [22;34mDEBUG[0m 
chunk:1576 chunk-dur:34ms, timestamp:52500 - rtmpquic.go:220
2026/03/12 14:38:02.570617 [22;34mDEBUG[0m Return monitor from  scheduler : , bw flag : false, limit : 0 - rtmpquic.go:249
2026/03/12 14:38:02.570658 [22;36m INFO[0m IframeComing false, resideSizeInGOP 1.185292e+06, meanGOP 1.928884e+06, meanI 244198, curgop 743592, curI 306267 - rtmpquic.go:283
2026/03/12 14:38:02.570663 [22;36m INFO[0m UNKEYBEHIND 15,limit:0 - rtmpquic.go:284
2026/03/12 14:38:02.570666 [22;34mDEBUG[0m 15 p frame 60482 - rtmpquic.go:294
2026/03/12 14:38:02.570684 [22;34mDEBUG[0m 
chunk:1577 chunk-dur:34ms, timestamp:52534 - rtmpquic.go:220
2026/03/12 14:38:02.602845 [22;34mDEBUG[0m Return monitor from  scheduler : , bw flag : false, limit : 0 - rtmpquic.go:249
2026/03/12 14:38:02.602907 [22;36m INFO[0m IframeComing false, resideSizeInGOP 1.17565e+06, meanGOP 1.928884e+06, meanI 244198, curgop 753234, curI 306267 - rtmpquic.go:283
2026/03/12 14:38:02.602914 [22;36m INFO[0m UNKEYBEHIND 16,limit:0 - rtmpquic.go:284
2026/03/12 14:38:02.602918 [22;34mDEBUG[0m 16 p frame 9642 - rtmpquic.go:294
2026/03/12 14:38:02.602941 [22;34mDEBUG[0m 
chunk:1578 chunk-dur:32ms, timestamp:52567 - rtmpquic.go:220
2026/03/12 14:38:02.635708 [22;34mDEBUG[0m Return monitor from  scheduler : , bw flag : false, limit : 0 - rtmpquic.go:249
2026/03/12 14:38:02.635739 [22;36m INFO[0m IframeComing false, resideSizeInGOP 1.172928e+06, meanGOP 1.928884e+06, meanI 244198, curgop 755956, curI 306267 - rtmpquic.go:283
2026/03/12 14:38:02.635743 [22;36m INFO[0m UNKEYBEHIND 17,limit:0 - rtmpquic.go:284
2026/03/12 14:38:02.635747 [22;34mDEBUG[0m 17 p frame 2722 - rtmpquic.go:294
2026/03/12 14:38:02.635761 [22;34mDEBUG[0m 
chunk:1579 chunk-dur:33ms, timestamp:52600 - rtmpquic.go:220
2026/03/12 14:38:02.668232 [22;34mDEBUG[0m Return monitor from  scheduler : , bw flag : false, limit : 0 - rtmpquic.go:249
2026/03/12 14:38:02.668282 [22;36m INFO[0m IframeComing false, resideSizeInGOP 1.170797e+06, meanGOP 1.928884e+06, meanI 244198, curgop 758087, curI 306267 - rtmpquic.go:283
2026/03/12 14:38:02.668287 [22;36m INFO[0m UNKEYBEHIND 18,limit:0 - rtmpquic.go:284
2026/03/12 14:38:02.668290 [22;34mDEBUG[0m 18 p frame 2131 - rtmpquic.go:294
2026/03/12 14:38:02.668373 [22;34mDEBUG[0m 
chunk:1580 chunk-dur:33ms, timestamp:52634 - rtmpquic.go:220
2026/03/12 14:38:02.702569 [22;34mDEBUG[0m Return monitor from  scheduler : , bw flag : false, limit : 0 - rtmpquic.go:249
2026/03/12 14:38:02.702594 [22;36m INFO[0m IframeComing false, resideSizeInGOP 1.093503e+06, meanGOP 1.928884e+06, meanI 244198, curgop 835381, curI 306267 - rtmpquic.go:283
2026/03/12 14:38:02.702599 [22;36m INFO[0m UNKEYBEHIND 19,limit:0 - rtmpquic.go:284
2026/03/12 14:38:02.702603 [22;34mDEBUG[0m 19 p frame 77294 - rtmpquic.go:294
2026/03/12 14:38:02.702650 [22;34mDEBUG[0m 
chunk:1581 chunk-dur:34ms, timestamp:52667 - rtmpquic.go:220
2026/03/12 14:38:02.735334 [22;34mDEBUG[0m Return monitor from  scheduler : , bw flag : false, limit : 0 - rtmpquic.go:249
2026/03/12 14:38:02.735368 [22;36m INFO[0m IframeComing false, resideSizeInGOP 1.083609e+06, meanGOP 1.928884e+06, meanI 244198, curgop 845275, curI 306267 - rtmpquic.go:283
2026/03/12 14:38:02.735373 [22;36m INFO[0m UNKEYBEHIND 20,limit:0 - rtmpquic.go:284
2026/03/12 14:38:02.735377 [22;34mDEBUG[0m 20 p frame 9894 - rtmpquic.go:294
2026/03/12 14:38:02.735399 [22;34mDEBUG[0m 
chunk:1582 chunk-dur:33ms, timestamp:52700 - rtmpquic.go:220
2026/03/12 14:38:02.768460 [22;34mDEBUG[0m Return monitor from  scheduler : , bw flag : false, limit : 0 - rtmpquic.go:249
2026/03/12 14:38:02.768481 [22;36m INFO[0m IframeComing false, resideSizeInGOP 1.081015e+06, meanGOP 1.928884e+06, meanI 244198, curgop 847869, curI 306267 - rtmpquic.go:283
2026/03/12 14:38:02.768486 [22;36m INFO[0m UNKEYBEHIND 21,limit:0 - rtmpquic.go:284
2026/03/12 14:38:02.768489 [22;34mDEBUG[0m 21 p frame 2594 - rtmpquic.go:294
2026/03/12 14:38:02.768497 [22;34mDEBUG[0m 
chunk:1583 chunk-dur:33ms, timestamp:52734 - rtmpquic.go:220
2026/03/12 14:38:02.801680 [22;34mDEBUG[0m Return monitor from  scheduler : , bw flag : false, limit : 0 - rtmpquic.go:249
2026/03/12 14:38:02.801741 [22;36m INFO[0m IframeComing false, resideSizeInGOP 1.078778e+06, meanGOP 1.928884e+06, meanI 244198, curgop 850106, curI 306267 - rtmpquic.go:283
2026/03/12 14:38:02.801748 [22;36m INFO[0m UNKEYBEHIND 22,limit:0 - rtmpquic.go:284
2026/03/12 14:38:02.801752 [22;34mDEBUG[0m 22 p frame 2237 - rtmpquic.go:294
2026/03/12 14:38:02.801827 [22;34mDEBUG[0m 
chunk:1584 chunk-dur:33ms, timestamp:52767 - rtmpquic.go:220
2026/03/12 14:38:02.835273 [22;34mDEBUG[0m Return monitor from  scheduler : , bw flag : false, limit : 0 - rtmpquic.go:249
2026/03/12 14:38:02.835350 [22;36m INFO[0m IframeComing false, resideSizeInGOP 1.020667e+06, meanGOP 1.928884e+06, meanI 244198, curgop 908217, curI 306267 - rtmpquic.go:283
2026/03/12 14:38:02.835357 [22;36m INFO[0m UNKEYBEHIND 23,limit:0 - rtmpquic.go:284
2026/03/12 14:38:02.835361 [22;34mDEBUG[0m 23 p frame 58111 - rtmpquic.go:294
2026/03/12 14:38:02.835384 [22;34mDEBUG[0m 
chunk:1585 chunk-dur:34ms, timestamp:52800 - rtmpquic.go:220
2026/03/12 14:38:02.867904 [22;34mDEBUG[0m Return monitor from  scheduler : , bw flag : false, limit : 0 - rtmpquic.go:249
2026/03/12 14:38:02.867941 [22;36m INFO[0m IframeComing false, resideSizeInGOP 1.009851e+06, meanGOP 1.928884e+06, meanI 244198, curgop 919033, curI 306267 - rtmpquic.go:283
2026/03/12 14:38:02.867959 [22;36m INFO[0m UNKEYBEHIND 24,limit:0 - rtmpquic.go:284
2026/03/12 14:38:02.867963 [22;34mDEBUG[0m 24 p frame 10816 - rtmpquic.go:294
2026/03/12 14:38:02.867977 [22;34mDEBUG[0m 
chunk:1586 chunk-dur:32ms, timestamp:52834 - rtmpquic.go:220
2026/03/12 14:38:02.903391 [22;34mDEBUG[0m Return monitor from  scheduler : , bw flag : false, limit : 0 - rtmpquic.go:249
2026/03/12 14:38:02.903466 [22;36m INFO[0m IframeComing false, resideSizeInGOP 1.006661e+06, meanGOP 1.928884e+06, meanI 244198, curgop 922223, curI 306267 - rtmpquic.go:283
2026/03/12 14:38:02.903477 [22;36m INFO[0m UNKEYBEHIND 25,limit:0 - rtmpquic.go:284
2026/03/12 14:38:02.903481 [22;34mDEBUG[0m 25 p frame 3190 - rtmpquic.go:294
2026/03/12 14:38:02.903537 [22;34mDEBUG[0m 
chunk:1587 chunk-dur:36ms, timestamp:52867 - rtmpquic.go:220
2026/03/12 14:38:02.935312 [22;34mDEBUG[0m Return monitor from  scheduler : , bw flag : false, limit : 0 - rtmpquic.go:249
2026/03/12 14:38:02.935349 [22;36m INFO[0m IframeComing false, resideSizeInGOP 1.003169e+06, meanGOP 1.928884e+06, meanI 244198, curgop 925715, curI 306267 - rtmpquic.go:283
2026/03/12 14:38:02.935354 [22;36m INFO[0m UNKEYBEHIND 26,limit:0 - rtmpquic.go:284
2026/03/12 14:38:02.935357 [22;34mDEBUG[0m 26 p frame 3492 - rtmpquic.go:294
2026/03/12 14:38:02.935423 [22;34mDEBUG[0m 
chunk:1588 chunk-dur:32ms, timestamp:52900 - rtmpquic.go:220
2026/03/12 14:38:02.968528 [22;34mDEBUG[0m Return monitor from  scheduler : , bw flag : false, limit : 0 - rtmpquic.go:249
2026/03/12 14:38:02.968555 [22;36m INFO[0m IframeComing false, resideSizeInGOP 946760, meanGOP 1.928884e+06, meanI 244198, curgop 982124, curI 306267 - rtmpquic.go:283
2026/03/12 14:38:02.968560 [22;36m INFO[0m UNKEYBEHIND 27,limit:0 - rtmpquic.go:284
2026/03/12 14:38:02.968563 [22;34mDEBUG[0m 27 p frame 56409 - rtmpquic.go:294
2026/03/12 14:38:02.968580 [22;34mDEBUG[0m 
chunk:1589 chunk-dur:33ms, timestamp:52934 - rtmpquic.go:220
2026/03/12 14:38:03.002452 [22;34mDEBUG[0m Return monitor from  scheduler : , bw flag : false, limit : 0 - rtmpquic.go:249
2026/03/12 14:38:03.002502 [22;36m INFO[0m IframeComing false, resideSizeInGOP 935065, meanGOP 1.928884e+06, meanI 244198, curgop 993819, curI 306267 - rtmpquic.go:283
2026/03/12 14:38:03.002512 [22;36m INFO[0m UNKEYBEHIND 28,limit:0 - rtmpquic.go:284
2026/03/12 14:38:03.002516 [22;34mDEBUG[0m 28 p frame 11695 - rtmpquic.go:294
2026/03/12 14:38:03.002661 [22;34mDEBUG[0m 
chunk:1590 chunk-dur:34ms, timestamp:52967 - rtmpquic.go:220
2026/03/12 14:38:03.035231 [22;34mDEBUG[0m Return monitor from  scheduler : , bw flag : false, limit : 0 - rtmpquic.go:249
2026/03/12 14:38:03.035256 [22;36m INFO[0m IframeComing false, resideSizeInGOP 931492, meanGOP 1.928884e+06, meanI 244198, curgop 997392, curI 306267 - rtmpquic.go:283
2026/03/12 14:38:03.035261 [22;36m INFO[0m UNKEYBEHIND 29,limit:0 - rtmpquic.go:284
2026/03/12 14:38:03.035264 [22;34mDEBUG[0m 29 p frame 3573 - rtmpquic.go:294
2026/03/12 14:38:03.035281 [22;34mDEBUG[0m 
chunk:1591 chunk-dur:33ms, timestamp:53000 - rtmpquic.go:220
2026/03/12 14:38:03.068039 [22;34mDEBUG[0m Return monitor from  scheduler : , bw flag : false, limit : 0 - rtmpquic.go:249
2026/03/12 14:38:03.068075 [22;36m INFO[0m IframeComing false, resideSizeInGOP 927233, meanGOP 1.928884e+06, meanI 244198, curgop 1001651, curI 306267 - rtmpquic.go:283
2026/03/12 14:38:03.068081 [22;36m INFO[0m UNKEYBEHIND 30,limit:0 - rtmpquic.go:284
2026/03/12 14:38:03.068084 [22;34mDEBUG[0m 30 p frame 4259 - rtmpquic.go:294
2026/03/12 14:38:03.068171 [22;34mDEBUG[0m 
chunk:1592 chunk-dur:33ms, timestamp:53034 - rtmpquic.go:220
2026/03/12 14:38:03.102572 [22;34mDEBUG[0m Return monitor from  scheduler : , bw flag : false, limit : 0 - rtmpquic.go:249
2026/03/12 14:38:03.102598 [22;36m INFO[0m IframeComing false, resideSizeInGOP 868074, meanGOP 1.928884e+06, meanI 244198, curgop 1060810, curI 306267 - rtmpquic.go:283
2026/03/12 14:38:03.102602 [22;36m INFO[0m UNKEYBEHIND 31,limit:0 - rtmpquic.go:284
2026/03/12 14:38:03.102605 [22;34mDEBUG[0m 31 p frame 59159 - rtmpquic.go:294
2026/03/12 14:38:03.102645 [22;34mDEBUG[0m 
chunk:1593 chunk-dur:34ms, timestamp:53067 - rtmpquic.go:220
2026/03/12 14:38:03.135597 [22;34mDEBUG[0m Return monitor from  scheduler : , bw flag : false, limit : 0 - rtmpquic.go:249
2026/03/12 14:38:03.135625 [22;36m INFO[0m IframeComing false, resideSizeInGOP 853912, meanGOP 1.928884e+06, meanI 244198, curgop 1074972, curI 306267 - rtmpquic.go:283
2026/03/12 14:38:03.135629 [22;36m INFO[0m UNKEYBEHIND 32,limit:0 - rtmpquic.go:284
2026/03/12 14:38:03.135633 [22;34mDEBUG[0m 32 p frame 14162 - rtmpquic.go:294
2026/03/12 14:38:03.135649 [22;34mDEBUG[0m 
chunk:1594 chunk-dur:33ms, timestamp:53100 - rtmpquic.go:220
2026/03/12 14:38:03.158963 [22;34mDEBUG[0m bitrate:5.691939 Mbps - client_session.go:438
2026/03/12 14:38:03.169045 [22;34mDEBUG[0m Return monitor from  scheduler : , bw flag : false, limit : 0 - rtmpquic.go:249
2026/03/12 14:38:03.169076 [22;36m INFO[0m IframeComing false, resideSizeInGOP 849341, meanGOP 1.928884e+06, meanI 244198, curgop 1079543, curI 306267 - rtmpquic.go:283
2026/03/12 14:38:03.169081 [22;36m INFO[0m UNKEYBEHIND 33,limit:0 - rtmpquic.go:284
2026/03/12 14:38:03.169195 [22;34mDEBUG[0m 33 p frame 4571 - rtmpquic.go:294
2026/03/12 14:38:03.169293 [22;34mDEBUG[0m 
chunk:1595 chunk-dur:34ms, timestamp:53134 - rtmpquic.go:220
2026/03/12 14:38:03.202479 [22;34mDEBUG[0m Return monitor from  scheduler : , bw flag : false, limit : 0 - rtmpquic.go:249
2026/03/12 14:38:03.202535 [22;36m INFO[0m IframeComing false, resideSizeInGOP 844300, meanGOP 1.928884e+06, meanI 244198, curgop 1084584, curI 306267 - rtmpquic.go:283
2026/03/12 14:38:03.202541 [22;36m INFO[0m UNKEYBEHIND 34,limit:0 - rtmpquic.go:284
2026/03/12 14:38:03.202545 [22;34mDEBUG[0m 34 p frame 5041 - rtmpquic.go:294
2026/03/12 14:38:03.202641 [22;34mDEBUG[0m 
chunk:1596 chunk-dur:33ms, timestamp:53167 - rtmpquic.go:220
2026/03/12 14:38:03.235336 [22;34mDEBUG[0m Return monitor from  scheduler : , bw flag : false, limit : 0 - rtmpquic.go:249
2026/03/12 14:38:03.235392 [22;36m INFO[0m IframeComing false, resideSizeInGOP 776785, meanGOP 1.928884e+06, meanI 244198, curgop 1152099, curI 306267 - rtmpquic.go:283
2026/03/12 14:38:03.235403 [22;36m INFO[0m UNKEYBEHIND 35,limit:0 - rtmpquic.go:284
2026/03/12 14:38:03.235412 [22;34mDEBUG[0m 35 p frame 67515 - rtmpquic.go:294
2026/03/12 14:38:03.237982 [22;34mDEBUG[0m 
chunk:1597 chunk-dur:35ms, timestamp:53200 - rtmpquic.go:220
2026/03/12 14:38:03.268808 [22;34mDEBUG[0m Return monitor from  scheduler : , bw flag : false, limit : 0 - rtmpquic.go:249
2026/03/12 14:38:03.268844 [22;36m INFO[0m IframeComing false, resideSizeInGOP 760807, meanGOP 1.928884e+06, meanI 244198, curgop 1168077, curI 306267 - rtmpquic.go:283
2026/03/12 14:38:03.268849 [22;36m INFO[0m UNKEYBEHIND 36,limit:0 - rtmpquic.go:284
2026/03/12 14:38:03.268853 [22;34mDEBUG[0m 36 p frame 15978 - rtmpquic.go:294
2026/03/12 14:38:03.268965 [22;34mDEBUG[0m 
chunk:1598 chunk-dur:31ms, timestamp:53234 - rtmpquic.go:220
2026/03/12 14:38:03.302919 [22;34mDEBUG[0m Return monitor from  scheduler : , bw flag : false, limit : 0 - rtmpquic.go:249
2026/03/12 14:38:03.302949 [22;36m INFO[0m IframeComing false, resideSizeInGOP 755684, meanGOP 1.928884e+06, meanI 244198, curgop 1173200, curI 306267 - rtmpquic.go:283
2026/03/12 14:38:03.302954 [22;36m INFO[0m UNKEYBEHIND 37,limit:0 - rtmpquic.go:284
2026/03/12 14:38:03.302958 [22;34mDEBUG[0m 37 p frame 5123 - rtmpquic.go:294
2026/03/12 14:38:03.302977 [22;34mDEBUG[0m 
chunk:1599 chunk-dur:34ms, timestamp:53267 - rtmpquic.go:220
2026/03/12 14:38:03.336121 [22;34mDEBUG[0m Return monitor from  scheduler : , bw flag : false, limit : 0 - rtmpquic.go:249
2026/03/12 14:38:03.336153 [22;36m INFO[0m IframeComing false, resideSizeInGOP 751021, meanGOP 1.928884e+06, meanI 244198, curgop 1177863, curI 306267 - rtmpquic.go:283
2026/03/12 14:38:03.336157 [22;36m INFO[0m UNKEYBEHIND 38,limit:0 - rtmpquic.go:284
2026/03/12 14:38:03.336162 [22;34mDEBUG[0m 38 p frame 4663 - rtmpquic.go:294
2026/03/12 14:38:03.336243 [22;34mDEBUG[0m 
chunk:1600 chunk-dur:34ms, timestamp:53300 - rtmpquic.go:220
2026/03/12 14:38:03.367412 [22;34mDEBUG[0m Return monitor from  scheduler : , bw flag : false, limit : 0 - rtmpquic.go:249
2026/03/12 14:38:03.367471 [22;36m INFO[0m IframeComing false, resideSizeInGOP 685304, meanGOP 1.928884e+06, meanI 244198, curgop 1243580, curI 306267 - rtmpquic.go:283
2026/03/12 14:38:03.367477 [22;36m INFO[0m UNKEYBEHIND 39,limit:0 - rtmpquic.go:284
2026/03/12 14:38:03.367481 [22;34mDEBUG[0m 39 p frame 65717 - rtmpquic.go:294
2026/03/12 14:38:03.367504 [22;34mDEBUG[0m 
chunk:1601 chunk-dur:31ms, timestamp:53334 - rtmpquic.go:220
2026/03/12 14:38:03.401929 [22;34mDEBUG[0m Return monitor from  scheduler : , bw flag : false, limit : 0 - rtmpquic.go:249
2026/03/12 14:38:03.401956 [22;36m INFO[0m IframeComing false, resideSizeInGOP 670616, meanGOP 1.928884e+06, meanI 244198, curgop 1258268, curI 306267 - rtmpquic.go:283
2026/03/12 14:38:03.401963 [22;36m INFO[0m UNKEYBEHIND 40,limit:0 - rtmpquic.go:284
2026/03/12 14:38:03.401967 [22;34mDEBUG[0m 40 p frame 14688 - rtmpquic.go:294
2026/03/12 14:38:03.402030 [22;34mDEBUG[0m 
chunk:1602 chunk-dur:35ms, timestamp:53367 - rtmpquic.go:220
2026/03/12 14:38:03.434285 [22;34mDEBUG[0m Return monitor from  scheduler : , bw flag : false, limit : 0 - rtmpquic.go:249
2026/03/12 14:38:03.434363 [22;36m INFO[0m IframeComing false, resideSizeInGOP 666005, meanGOP 1.928884e+06, meanI 244198, curgop 1262879, curI 306267 - rtmpquic.go:283
2026/03/12 14:38:03.434372 [22;36m INFO[0m UNKEYBEHIND 41,limit:0 - rtmpquic.go:284
2026/03/12 14:38:03.434376 [22;34mDEBUG[0m 41 p frame 4611 - rtmpquic.go:294
2026/03/12 14:38:03.434393 [22;34mDEBUG[0m 
chunk:1603 chunk-dur:32ms, timestamp:53400 - rtmpquic.go:220
2026/03/12 14:38:03.469386 [22;34mDEBUG[0m Return monitor from  scheduler : , bw flag : false, limit : 0 - rtmpquic.go:249
2026/03/12 14:38:03.469420 [22;36m INFO[0m IframeComing false, resideSizeInGOP 661647, meanGOP 1.928884e+06, meanI 244198, curgop 1267237, curI 306267 - rtmpquic.go:283
2026/03/12 14:38:03.469425 [22;36m INFO[0m UNKEYBEHIND 42,limit:0 - rtmpquic.go:284
2026/03/12 14:38:03.469429 [22;34mDEBUG[0m 42 p frame 4358 - rtmpquic.go:294
2026/03/12 14:38:03.469492 [22;34mDEBUG[0m 
chunk:1604 chunk-dur:35ms, timestamp:53434 - rtmpquic.go:220
2026/03/12 14:38:03.504418 [22;34mDEBUG[0m Return monitor from  scheduler : , bw flag : false, limit : 0 - rtmpquic.go:249
2026/03/12 14:38:03.504449 [22;36m INFO[0m IframeComing false, resideSizeInGOP 606333, meanGOP 1.928884e+06, meanI 244198, curgop 1322551, curI 306267 - rtmpquic.go:283
2026/03/12 14:38:03.504453 [22;36m INFO[0m UNKEYBEHIND 43,limit:0 - rtmpquic.go:284
2026/03/12 14:38:03.504457 [22;34mDEBUG[0m 43 p frame 55314 - rtmpquic.go:294
2026/03/12 14:38:03.504482 [22;34mDEBUG[0m 
chunk:1605 chunk-dur:35ms, timestamp:53467 - rtmpquic.go:220
2026/03/12 14:38:03.535517 [22;34mDEBUG[0m Return monitor from  scheduler : , bw flag : false, limit : 0 - rtmpquic.go:249
2026/03/12 14:38:03.535552 [22;36m INFO[0m IframeComing false, resideSizeInGOP 592742, meanGOP 1.928884e+06, meanI 244198, curgop 1336142, curI 306267 - rtmpquic.go:283
2026/03/12 14:38:03.535557 [22;36m INFO[0m UNKEYBEHIND 44,limit:0 - rtmpquic.go:284
2026/03/12 14:38:03.535561 [22;34mDEBUG[0m 44 p frame 13591 - rtmpquic.go:294
2026/03/12 14:38:03.535580 [22;34mDEBUG[0m 
chunk:1606 chunk-dur:31ms, timestamp:53500 - rtmpquic.go:220
2026/03/12 14:38:03.568927 [22;34mDEBUG[0m Return monitor from  scheduler : , bw flag : false, limit : 0 - rtmpquic.go:249
2026/03/12 14:38:03.568974 [22;36m INFO[0m IframeComing false, resideSizeInGOP 587909, meanGOP 1.928884e+06, meanI 244198, curgop 1340975, curI 306267 - rtmpquic.go:283
2026/03/12 14:38:03.568982 [22;36m INFO[0m UNKEYBEHIND 45,limit:0 - rtmpquic.go:284
2026/03/12 14:38:03.568986 [22;34mDEBUG[0m 45 p frame 4833 - rtmpquic.go:294
2026/03/12 14:38:03.568994 [22;34mDEBUG[0m 
chunk:1607 chunk-dur:33ms, timestamp:53534 - rtmpquic.go:220
2026/03/12 14:38:03.603307 [22;34mDEBUG[0m Return monitor from  scheduler : , bw flag : false, limit : 0 - rtmpquic.go:249
2026/03/12 14:38:03.603338 [22;36m INFO[0m IframeComing false, resideSizeInGOP 583397, meanGOP 1.928884e+06, meanI 244198, curgop 1345487, curI 306267 - rtmpquic.go:283
2026/03/12 14:38:03.603343 [22;36m INFO[0m UNKEYBEHIND 46,limit:0 - rtmpquic.go:284
2026/03/12 14:38:03.603346 [22;34mDEBUG[0m 46 p frame 4512 - rtmpquic.go:294
2026/03/12 14:38:03.603410 [22;34mDEBUG[0m 
chunk:1608 chunk-dur:35ms, timestamp:53567 - rtmpquic.go:220
2026/03/12 14:38:03.634974 [22;34mDEBUG[0m Return monitor from  scheduler : , bw flag : false, limit : 0 - rtmpquic.go:249
2026/03/12 14:38:03.635011 [22;36m INFO[0m IframeComing false, resideSizeInGOP 519356, meanGOP 1.928884e+06, meanI 244198, curgop 1409528, curI 306267 - rtmpquic.go:283
2026/03/12 14:38:03.635016 [22;36m INFO[0m UNKEYBEHIND 47,limit:0 - rtmpquic.go:284
2026/03/12 14:38:03.635020 [22;34mDEBUG[0m 47 p frame 64041 - rtmpquic.go:294
2026/03/12 14:38:03.635137 [22;34mDEBUG[0m 
chunk:1609 chunk-dur:32ms, timestamp:53600 - rtmpquic.go:220
2026/03/12 14:38:03.667940 [22;34mDEBUG[0m Return monitor from  scheduler : , bw flag : false, limit : 0 - rtmpquic.go:249
2026/03/12 14:38:03.667966 [22;36m INFO[0m IframeComing false, resideSizeInGOP 500911, meanGOP 1.928884e+06, meanI 244198, curgop 1427973, curI 306267 - rtmpquic.go:283
2026/03/12 14:38:03.667970 [22;36m INFO[0m UNKEYBEHIND 48,limit:0 - rtmpquic.go:284
2026/03/12 14:38:03.667974 [22;34mDEBUG[0m 48 p frame 18445 - rtmpquic.go:294
2026/03/12 14:38:03.667988 [22;34mDEBUG[0m 
chunk:1610 chunk-dur:32ms, timestamp:53634 - rtmpquic.go:220
2026/03/12 14:38:03.702352 [22;34mDEBUG[0m Return monitor from  scheduler : , bw flag : false, limit : 0 - rtmpquic.go:249
2026/03/12 14:38:03.702378 [22;36m INFO[0m IframeComing false, resideSizeInGOP 496257, meanGOP 1.928884e+06, meanI 244198, curgop 1432627, curI 306267 - rtmpquic.go:283
2026/03/12 14:38:03.702385 [22;36m INFO[0m UNKEYBEHIND 49,limit:0 - rtmpquic.go:284
2026/03/12 14:38:03.702389 [22;34mDEBUG[0m 49 p frame 4654 - rtmpquic.go:294
2026/03/12 14:38:03.702419 [22;34mDEBUG[0m 
chunk:1611 chunk-dur:35ms, timestamp:53667 - rtmpquic.go:220
2026/03/12 14:38:03.735116 [22;34mDEBUG[0m Return monitor from  scheduler : , bw flag : false, limit : 0 - rtmpquic.go:249
2026/03/12 14:38:03.735143 [22;36m INFO[0m IframeComing false, resideSizeInGOP 491490, meanGOP 1.928884e+06, meanI 244198, curgop 1437394, curI 306267 - rtmpquic.go:283
2026/03/12 14:38:03.735148 [22;36m INFO[0m UNKEYBEHIND 50,limit:0 - rtmpquic.go:284
2026/03/12 14:38:03.735151 [22;34mDEBUG[0m 50 p frame 4767 - rtmpquic.go:294
2026/03/12 14:38:03.735260 [22;34mDEBUG[0m 
chunk:1612 chunk-dur:33ms, timestamp:53700 - rtmpquic.go:220
2026/03/12 14:38:03.767859 [22;34mDEBUG[0m Return monitor from  scheduler : , bw flag : false, limit : 0 - rtmpquic.go:249
2026/03/12 14:38:03.767930 [22;36m INFO[0m IframeComing false, resideSizeInGOP 413702, meanGOP 1.928884e+06, meanI 244198, curgop 1515182, curI 306267 - rtmpquic.go:283
2026/03/12 14:38:03.767936 [22;36m INFO[0m UNKEYBEHIND 51,limit:0 - rtmpquic.go:284
2026/03/12 14:38:03.767940 [22;34mDEBUG[0m 51 p frame 77788 - rtmpquic.go:294
2026/03/12 14:38:03.767982 [22;34mDEBUG[0m 
chunk:1613 chunk-dur:32ms, timestamp:53734 - rtmpquic.go:220
2026/03/12 14:38:03.803072 [22;34mDEBUG[0m Return monitor from  scheduler : , bw flag : false, limit : 0 - rtmpquic.go:249
2026/03/12 14:38:03.803100 [22;36m INFO[0m IframeComing false, resideSizeInGOP 390012, meanGOP 1.928884e+06, meanI 244198, curgop 1538872, curI 306267 - rtmpquic.go:283
2026/03/12 14:38:03.803105 [22;36m INFO[0m UNKEYBEHIND 52,limit:0 - rtmpquic.go:284
2026/03/12 14:38:03.803110 [22;34mDEBUG[0m 52 p frame 23690 - rtmpquic.go:294
2026/03/12 14:38:03.803124 [22;34mDEBUG[0m 
chunk:1614 chunk-dur:36ms, timestamp:53767 - rtmpquic.go:220
2026/03/12 14:38:03.834932 [22;34mDEBUG[0m Return monitor from  scheduler : , bw flag : false, limit : 0 - rtmpquic.go:249
2026/03/12 14:38:03.834962 [22;36m INFO[0m IframeComing false, resideSizeInGOP 382593, meanGOP 1.928884e+06, meanI 244198, curgop 1546291, curI 306267 - rtmpquic.go:283
2026/03/12 14:38:03.834966 [22;36m INFO[0m UNKEYBEHIND 53,limit:0 - rtmpquic.go:284
2026/03/12 14:38:03.834970 [22;34mDEBUG[0m 53 p frame 7419 - rtmpquic.go:294
2026/03/12 14:38:03.835083 [22;34mDEBUG[0m 
chunk:1615 chunk-dur:32ms, timestamp:53800 - rtmpquic.go:220
2026/03/12 14:38:03.867912 [22;34mDEBUG[0m Return monitor from  scheduler : , bw flag : false, limit : 0 - rtmpquic.go:249
2026/03/12 14:38:03.867944 [22;36m INFO[0m IframeComing false, resideSizeInGOP 356398, meanGOP 1.928884e+06, meanI 244198, curgop 1572486, curI 306267 - rtmpquic.go:283
2026/03/12 14:38:03.867948 [22;36m INFO[0m UNKEYBEHIND 54,limit:0 - rtmpquic.go:284
2026/03/12 14:38:03.867952 [22;34mDEBUG[0m 54 p frame 26195 - rtmpquic.go:294
2026/03/12 14:38:03.868127 [22;34mDEBUG[0m 
chunk:1616 chunk-dur:33ms, timestamp:53834 - rtmpquic.go:220
2026/03/12 14:38:03.901761 [22;34mDEBUG[0m Return monitor from  scheduler : , bw flag : false, limit : 0 - rtmpquic.go:249
2026/03/12 14:38:03.901783 [22;36m INFO[0m IframeComing false, resideSizeInGOP 308849, meanGOP 1.928884e+06, meanI 244198, curgop 1620035, curI 306267 - rtmpquic.go:283
2026/03/12 14:38:03.901788 [22;36m INFO[0m UNKEYBEHIND 55,limit:0 - rtmpquic.go:284
2026/03/12 14:38:03.901818 [22;34mDEBUG[0m 55 p frame 47549 - rtmpquic.go:294
2026/03/12 14:38:03.901844 [22;34mDEBUG[0m 
chunk:1617 chunk-dur:33ms, timestamp:53867 - rtmpquic.go:220
2026/03/12 14:38:03.935168 [22;34mDEBUG[0m Return monitor from  scheduler : , bw flag : false, limit : 0 - rtmpquic.go:249
2026/03/12 14:38:03.935194 [22;36m INFO[0m IframeComing false, resideSizeInGOP 289112, meanGOP 1.928884e+06, meanI 244198, curgop 1639772, curI 306267 - rtmpquic.go:283
2026/03/12 14:38:03.935199 [22;36m INFO[0m UNKEYBEHIND 56,limit:0 - rtmpquic.go:284
2026/03/12 14:38:03.935202 [22;34mDEBUG[0m 56 p frame 19737 - rtmpquic.go:294
2026/03/12 14:38:03.935225 [22;34mDEBUG[0m 
chunk:1618 chunk-dur:34ms, timestamp:53900 - rtmpquic.go:220
2026/03/12 14:38:03.967661 [22;34mDEBUG[0m Return monitor from  scheduler : , bw flag : false, limit : 0 - rtmpquic.go:249
2026/03/12 14:38:03.967687 [22;36m INFO[0m IframeComing false, resideSizeInGOP 282326, meanGOP 1.928884e+06, meanI 244198, curgop 1646558, curI 306267 - rtmpquic.go:283
2026/03/12 14:38:03.967692 [22;36m INFO[0m UNKEYBEHIND 57,limit:0 - rtmpquic.go:284
2026/03/12 14:38:03.967695 [22;34mDEBUG[0m 57 p frame 6786 - rtmpquic.go:294
2026/03/12 14:38:03.967761 [22;34mDEBUG[0m 
chunk:1619 chunk-dur:32ms, timestamp:53934 - rtmpquic.go:220
2026/03/12 14:38:04.003365 [22;34mDEBUG[0m Return monitor from  scheduler : , bw flag : false, limit : 0 - rtmpquic.go:249
2026/03/12 14:38:04.003388 [22;36m INFO[0m IframeComing false, resideSizeInGOP 273348, meanGOP 1.928884e+06, meanI 244198, curgop 1655536, curI 306267 - rtmpquic.go:283
2026/03/12 14:38:04.003408 [22;36m INFO[0m UNKEYBEHIND 58,limit:0 - rtmpquic.go:284
2026/03/12 14:38:04.003412 [22;34mDEBUG[0m 58 p frame 8978 - rtmpquic.go:294
2026/03/12 14:38:04.003469 [22;34mDEBUG[0m 
chunk:1620 chunk-dur:36ms, timestamp:53967 - rtmpquic.go:220
2026/03/12 14:38:04.034998 [22;34mDEBUG[0m Return monitor from  scheduler : , bw flag : false, limit : 0 - rtmpquic.go:249
2026/03/12 14:38:04.035019 [22;36m INFO[0m IframeComing false, resideSizeInGOP 247286, meanGOP 1.928884e+06, meanI 244198, curgop 1681598, curI 306267 - rtmpquic.go:283
2026/03/12 14:38:04.035023 [22;36m INFO[0m UNKEYBEHIND 59,limit:0 - rtmpquic.go:284
2026/03/12 14:38:04.035026 [22;34mDEBUG[0m 59 p frame 26062 - rtmpquic.go:294
2026/03/12 14:38:04.035153 [22;34mDEBUG[0m 
chunk:1621 chunk-dur:32ms, timestamp:54000 - rtmpquic.go:220
2026/03/12 14:38:04.067410 [22;34mDEBUG[0m Return monitor from  scheduler : , bw flag : false, limit : 0 - rtmpquic.go:249
key tag 119707
2026/03/12 14:38:04.067444 [22;34mDEBUG[0m 28 I frame 119707 - rtmpquic.go:275
2026/03/12 14:38:04.067534 [22;34mDEBUG[0m 
chunk:1622 chunk-dur:32ms, timestamp:54034 - rtmpquic.go:220
2026/03/12 14:38:04.102377 [22;34mDEBUG[0m Return monitor from  scheduler : , bw flag : false, limit : 0 - rtmpquic.go:249
2026/03/12 14:38:04.102405 [22;36m INFO[0m IframeComing false, resideSizeInGOP 1.699271e+06, meanGOP 1.919726e+06, meanI 246497, curgop 220455, curI 119707 - rtmpquic.go:283
2026/03/12 14:38:04.102410 [22;36m INFO[0m UNKEYBEHIND 1,limit:0 - rtmpquic.go:284
2026/03/12 14:38:04.102430 [22;34mDEBUG[0m 1 p frame 100748 - rtmpquic.go:294
2026/03/12 14:38:04.102510 [22;34mDEBUG[0m 
chunk:1623 chunk-dur:35ms, timestamp:54067 - rtmpquic.go:220
2026/03/12 14:38:04.135064 [22;34mDEBUG[0m Return monitor from  scheduler : , bw flag : false, limit : 0 - rtmpquic.go:249
2026/03/12 14:38:04.135095 [22;36m INFO[0m IframeComing false, resideSizeInGOP 1.669518e+06, meanGOP 1.919726e+06, meanI 246497, curgop 250208, curI 119707 - rtmpquic.go:283
2026/03/12 14:38:04.135100 [22;36m INFO[0m UNKEYBEHIND 2,limit:0 - rtmpquic.go:284
2026/03/12 14:38:04.135103 [22;34mDEBUG[0m 2 p frame 29753 - rtmpquic.go:294
2026/03/12 14:38:04.135159 [22;34mDEBUG[0m 
chunk:1624 chunk-dur:33ms, timestamp:54100 - rtmpquic.go:220
2026/03/12 14:38:04.159792 [22;34mDEBUG[0m bitrate:6.531691 Mbps - client_session.go:438
2026/03/12 14:38:04.168289 [22;34mDEBUG[0m Return monitor from  scheduler : , bw flag : false, limit : 0 - rtmpquic.go:249
2026/03/12 14:38:04.168378 [22;36m INFO[0m IframeComing false, resideSizeInGOP 1.644213e+06, meanGOP 1.919726e+06, meanI 246497, curgop 275513, curI 119707 - rtmpquic.go:283
2026/03/12 14:38:04.168393 [22;36m INFO[0m UNKEYBEHIND 3,limit:0 - rtmpquic.go:284
2026/03/12 14:38:04.168403 [22;34mDEBUG[0m 3 p frame 25305 - rtmpquic.go:294
2026/03/12 14:38:04.168622 [22;34mDEBUG[0m 
chunk:1625 chunk-dur:33ms, timestamp:54134 - rtmpquic.go:220
2026/03/12 14:38:04.202710 [22;34mDEBUG[0m Return monitor from  scheduler : , bw flag : false, limit : 0 - rtmpquic.go:249
2026/03/12 14:38:04.202739 [22;36m INFO[0m IframeComing false, resideSizeInGOP 1.628408e+06, meanGOP 1.919726e+06, meanI 246497, curgop 291318, curI 119707 - rtmpquic.go:283
2026/03/12 14:38:04.202744 [22;36m INFO[0m UNKEYBEHIND 4,limit:0 - rtmpquic.go:284
2026/03/12 14:38:04.202747 [22;34mDEBUG[0m 4 p frame 15805 - rtmpquic.go:294
2026/03/12 14:38:04.202859 [22;34mDEBUG[0m 
chunk:1626 chunk-dur:34ms, timestamp:54167 - rtmpquic.go:220
2026/03/12 14:38:04.237029 [22;34mDEBUG[0m Return monitor from  scheduler : , bw flag : false, limit : 0 - rtmpquic.go:249
2026/03/12 14:38:04.237162 [22;36m INFO[0m IframeComing false, resideSizeInGOP 1.534011e+06, meanGOP 1.919726e+06, meanI 246497, curgop 385715, curI 119707 - rtmpquic.go:283
2026/03/12 14:38:04.237169 [22;36m INFO[0m UNKEYBEHIND 5,limit:0 - rtmpquic.go:284
2026/03/12 14:38:04.237173 [22;34mDEBUG[0m 5 p frame 94397 - rtmpquic.go:294
2026/03/12 14:38:04.237199 [22;34mDEBUG[0m 
chunk:1627 chunk-dur:35ms, timestamp:54200 - rtmpquic.go:220
2026/03/12 14:38:04.268211 [22;34mDEBUG[0m Return monitor from  scheduler : , bw flag : false, limit : 0 - rtmpquic.go:249
2026/03/12 14:38:04.268252 [22;36m INFO[0m IframeComing false, resideSizeInGOP 1.515753e+06, meanGOP 1.919726e+06, meanI 246497, curgop 403973, curI 119707 - rtmpquic.go:283
2026/03/12 14:38:04.268260 [22;36m INFO[0m UNKEYBEHIND 6,limit:0 - rtmpquic.go:284
2026/03/12 14:38:04.268264 [22;34mDEBUG[0m 6 p frame 18258 - rtmpquic.go:294
2026/03/12 14:38:04.268289 [22;34mDEBUG[0m 
chunk:1628 chunk-dur:31ms, timestamp:54234 - rtmpquic.go:220
2026/03/12 14:38:04.301656 [22;34mDEBUG[0m Return monitor from  scheduler : , bw flag : false, limit : 0 - rtmpquic.go:249
2026/03/12 14:38:04.301682 [22;36m INFO[0m IframeComing false, resideSizeInGOP 1.500281e+06, meanGOP 1.919726e+06, meanI 246497, curgop 419445, curI 119707 - rtmpquic.go:283
2026/03/12 14:38:04.301687 [22;36m INFO[0m UNKEYBEHIND 7,limit:0 - rtmpquic.go:284
2026/03/12 14:38:04.301690 [22;34mDEBUG[0m 7 p frame 15472 - rtmpquic.go:294
2026/03/12 14:38:04.301710 [22;34mDEBUG[0m 
chunk:1629 chunk-dur:33ms, timestamp:54267 - rtmpquic.go:220
2026/03/12 14:38:04.335615 [22;34mDEBUG[0m Return monitor from  scheduler : , bw flag : false, limit : 0 - rtmpquic.go:249
2026/03/12 14:38:04.335633 [22;36m INFO[0m IframeComing false, resideSizeInGOP 1.492436e+06, meanGOP 1.919726e+06, meanI 246497, curgop 427290, curI 119707 - rtmpquic.go:283
2026/03/12 14:38:04.335637 [22;36m INFO[0m UNKEYBEHIND 8,limit:0 - rtmpquic.go:284
2026/03/12 14:38:04.335641 [22;34mDEBUG[0m 8 p frame 7845 - rtmpquic.go:294
2026/03/12 14:38:04.335742 [22;34mDEBUG[0m 
chunk:1630 chunk-dur:34ms, timestamp:54300 - rtmpquic.go:220
2026/03/12 14:38:04.368853 [22;34mDEBUG[0m Return monitor from  scheduler : , bw flag : false, limit : 0 - rtmpquic.go:249
2026/03/12 14:38:04.368909 [22;36m INFO[0m IframeComing false, resideSizeInGOP 1.43684e+06, meanGOP 1.919726e+06, meanI 246497, curgop 482886, curI 119707 - rtmpquic.go:283
2026/03/12 14:38:04.368916 [22;36m INFO[0m UNKEYBEHIND 9,limit:0 - rtmpquic.go:284
2026/03/12 14:38:04.368920 [22;34mDEBUG[0m 9 p frame 55596 - rtmpquic.go:294
2026/03/12 14:38:04.368955 [22;34mDEBUG[0m 
chunk:1631 chunk-dur:33ms, timestamp:54334 - rtmpquic.go:220
2026/03/12 14:38:04.402064 [22;34mDEBUG[0m Return monitor from  scheduler : , bw flag : false, limit : 0 - rtmpquic.go:249
2026/03/12 14:38:04.402091 [22;36m INFO[0m IframeComing false, resideSizeInGOP 1.424365e+06, meanGOP 1.919726e+06, meanI 246497, curgop 495361, curI 119707 - rtmpquic.go:283
2026/03/12 14:38:04.402097 [22;36m INFO[0m UNKEYBEHIND 10,limit:0 - rtmpquic.go:284
2026/03/12 14:38:04.402102 [22;34mDEBUG[0m 10 p frame 12475 - rtmpquic.go:294
2026/03/12 14:38:04.402110 [22;34mDEBUG[0m 
chunk:1632 chunk-dur:34ms, timestamp:54367 - rtmpquic.go:220
2026/03/12 14:38:04.434240 [22;34mDEBUG[0m Return monitor from  scheduler : , bw flag : false, limit : 0 - rtmpquic.go:249
2026/03/12 14:38:04.434266 [22;36m INFO[0m IframeComing false, resideSizeInGOP 1.419525e+06, meanGOP 1.919726e+06, meanI 246497, curgop 500201, curI 119707 - rtmpquic.go:283
2026/03/12 14:38:04.434271 [22;36m INFO[0m UNKEYBEHIND 11,limit:0 - rtmpquic.go:284
2026/03/12 14:38:04.434286 [22;34mDEBUG[0m 11 p frame 4840 - rtmpquic.go:294
2026/03/12 14:38:04.434314 [22;34mDEBUG[0m 
chunk:1633 chunk-dur:32ms, timestamp:54400 - rtmpquic.go:220
2026/03/12 14:38:04.467914 [22;34mDEBUG[0m Return monitor from  scheduler : , bw flag : false, limit : 0 - rtmpquic.go:249
2026/03/12 14:38:04.467941 [22;36m INFO[0m IframeComing false, resideSizeInGOP 1.413654e+06, meanGOP 1.919726e+06, meanI 246497, curgop 506072, curI 119707 - rtmpquic.go:283
2026/03/12 14:38:04.467946 [22;36m INFO[0m UNKEYBEHIND 12,limit:0 - rtmpquic.go:284
2026/03/12 14:38:04.467949 [22;34mDEBUG[0m 12 p frame 5871 - rtmpquic.go:294
2026/03/12 14:38:04.467995 [22;34mDEBUG[0m 
chunk:1634 chunk-dur:33ms, timestamp:54434 - rtmpquic.go:220
2026/03/12 14:38:04.503496 [22;34mDEBUG[0m Return monitor from  scheduler : , bw flag : false, limit : 0 - rtmpquic.go:249
2026/03/12 14:38:04.503521 [22;36m INFO[0m IframeComing false, resideSizeInGOP 1.368719e+06, meanGOP 1.919726e+06, meanI 246497, curgop 551007, curI 119707 - rtmpquic.go:283
2026/03/12 14:38:04.503526 [22;36m INFO[0m UNKEYBEHIND 13,limit:0 - rtmpquic.go:284
2026/03/12 14:38:04.503530 [22;34mDEBUG[0m 13 p frame 44935 - rtmpquic.go:294
2026/03/12 14:38:04.503538 [22;34mDEBUG[0m 
chunk:1635 chunk-dur:36ms, timestamp:54467 - rtmpquic.go:220
2026/03/12 14:38:04.535940 [22;34mDEBUG[0m Return monitor from  scheduler : , bw flag : false, limit : 0 - rtmpquic.go:249
2026/03/12 14:38:04.535973 [22;36m INFO[0m IframeComing false, resideSizeInGOP 1.360684e+06, meanGOP 1.919726e+06, meanI 246497, curgop 559042, curI 119707 - rtmpquic.go:283
2026/03/12 14:38:04.535978 [22;36m INFO[0m UNKEYBEHIND 14,limit:0 - rtmpquic.go:284
2026/03/12 14:38:04.535981 [22;34mDEBUG[0m 14 p frame 8035 - rtmpquic.go:294
2026/03/12 14:38:04.535990 [22;34mDEBUG[0m 
chunk:1636 chunk-dur:32ms, timestamp:54500 - rtmpquic.go:220
2026/03/12 14:38:04.568955 [22;34mDEBUG[0m Return monitor from  scheduler : , bw flag : false, limit : 0 - rtmpquic.go:249
2026/03/12 14:38:04.569011 [22;36m INFO[0m IframeComing false, resideSizeInGOP 1.354143e+06, meanGOP 1.919726e+06, meanI 246497, curgop 565583, curI 119707 - rtmpquic.go:283
2026/03/12 14:38:04.569020 [22;36m INFO[0m UNKEYBEHIND 15,limit:0 - rtmpquic.go:284
2026/03/12 14:38:04.569029 [22;34mDEBUG[0m 15 p frame 6541 - rtmpquic.go:294
2026/03/12 14:38:04.569095 [22;34mDEBUG[0m 
chunk:1637 chunk-dur:34ms, timestamp:54534 - rtmpquic.go:220
2026/03/12 14:38:04.602378 [22;34mDEBUG[0m Return monitor from  scheduler : , bw flag : false, limit : 0 - rtmpquic.go:249
2026/03/12 14:38:04.602405 [22;36m INFO[0m IframeComing false, resideSizeInGOP 1.313583e+06, meanGOP 1.919726e+06, meanI 246497, curgop 606143, curI 119707 - rtmpquic.go:283
2026/03/12 14:38:04.602410 [22;36m INFO[0m UNKEYBEHIND 16,limit:0 - rtmpquic.go:284
2026/03/12 14:38:04.602414 [22;34mDEBUG[0m 16 p frame 40560 - rtmpquic.go:294
2026/03/12 14:38:04.602471 [22;34mDEBUG[0m 
chunk:1638 chunk-dur:33ms, timestamp:54567 - rtmpquic.go:220
2026/03/12 14:38:04.635979 [22;34mDEBUG[0m Return monitor from  scheduler : , bw flag : false, limit : 0 - rtmpquic.go:249
2026/03/12 14:38:04.636007 [22;36m INFO[0m IframeComing false, resideSizeInGOP 1.258534e+06, meanGOP 1.919726e+06, meanI 246497, curgop 661192, curI 119707 - rtmpquic.go:283
2026/03/12 14:38:04.636012 [22;36m INFO[0m UNKEYBEHIND 17,limit:0 - rtmpquic.go:284
2026/03/12 14:38:04.636016 [22;34mDEBUG[0m 17 p frame 55049 - rtmpquic.go:294
2026/03/12 14:38:04.636032 [22;34mDEBUG[0m 
chunk:1639 chunk-dur:34ms, timestamp:54600 - rtmpquic.go:220
2026/03/12 14:38:04.667519 [22;34mDEBUG[0m Return monitor from  scheduler : , bw flag : false, limit : 0 - rtmpquic.go:249
2026/03/12 14:38:04.667544 [22;36m INFO[0m IframeComing false, resideSizeInGOP 1.252019e+06, meanGOP 1.919726e+06, meanI 246497, curgop 667707, curI 119707 - rtmpquic.go:283
2026/03/12 14:38:04.667550 [22;36m INFO[0m UNKEYBEHIND 18,limit:0 - rtmpquic.go:284
2026/03/12 14:38:04.667553 [22;34mDEBUG[0m 18 p frame 6515 - rtmpquic.go:294
2026/03/12 14:38:04.667620 [22;34mDEBUG[0m 
chunk:1640 chunk-dur:31ms, timestamp:54634 - rtmpquic.go:220
2026/03/12 14:38:04.702991 [22;34mDEBUG[0m Return monitor from  scheduler : , bw flag : false, limit : 0 - rtmpquic.go:249
2026/03/12 14:38:04.703019 [22;36m INFO[0m IframeComing false, resideSizeInGOP 1.193599e+06, meanGOP 1.919726e+06, meanI 246497, curgop 726127, curI 119707 - rtmpquic.go:283
2026/03/12 14:38:04.703024 [22;36m INFO[0m UNKEYBEHIND 19,limit:0 - rtmpquic.go:284
2026/03/12 14:38:04.703027 [22;34mDEBUG[0m 19 p frame 58420 - rtmpquic.go:294
2026/03/12 14:38:04.703042 [22;34mDEBUG[0m 
chunk:1641 chunk-dur:36ms, timestamp:54667 - rtmpquic.go:220
2026/03/12 14:38:04.734475 [22;34mDEBUG[0m Return monitor from  scheduler : , bw flag : false, limit : 0 - rtmpquic.go:249
2026/03/12 14:38:04.734527 [22;36m INFO[0m IframeComing false, resideSizeInGOP 1.186322e+06, meanGOP 1.919726e+06, meanI 246497, curgop 733404, curI 119707 - rtmpquic.go:283
2026/03/12 14:38:04.734533 [22;36m INFO[0m UNKEYBEHIND 20,limit:0 - rtmpquic.go:284
2026/03/12 14:38:04.734536 [22;34mDEBUG[0m 20 p frame 7277 - rtmpquic.go:294
2026/03/12 14:38:04.734551 [22;34mDEBUG[0m 
chunk:1642 chunk-dur:31ms, timestamp:54700 - rtmpquic.go:220
2026/03/12 14:38:04.768523 [22;34mDEBUG[0m Return monitor from  scheduler : , bw flag : false, limit : 0 - rtmpquic.go:249
2026/03/12 14:38:04.768584 [22;36m INFO[0m IframeComing false, resideSizeInGOP 1.178818e+06, meanGOP 1.919726e+06, meanI 246497, curgop 740908, curI 119707 - rtmpquic.go:283
2026/03/12 14:38:04.768592 [22;36m INFO[0m UNKEYBEHIND 21,limit:0 - rtmpquic.go:284
2026/03/12 14:38:04.768596 [22;34mDEBUG[0m 21 p frame 7504 - rtmpquic.go:294
2026/03/12 14:38:04.769119 [22;34mDEBUG[0m 
chunk:1643 chunk-dur:35ms, timestamp:54734 - rtmpquic.go:220
2026/03/12 14:38:04.802706 [22;34mDEBUG[0m Return monitor from  scheduler : , bw flag : false, limit : 0 - rtmpquic.go:249
2026/03/12 14:38:04.802742 [22;36m INFO[0m IframeComing false, resideSizeInGOP 1.108797e+06, meanGOP 1.919726e+06, meanI 246497, curgop 810929, curI 119707 - rtmpquic.go:283
2026/03/12 14:38:04.802747 [22;36m INFO[0m UNKEYBEHIND 22,limit:0 - rtmpquic.go:284
2026/03/12 14:38:04.802750 [22;34mDEBUG[0m 22 p frame 70021 - rtmpquic.go:294
2026/03/12 14:38:04.802785 [22;34mDEBUG[0m 
chunk:1644 chunk-dur:33ms, timestamp:54767 - rtmpquic.go:220
2026/03/12 14:38:04.835180 [22;34mDEBUG[0m Return monitor from  scheduler : , bw flag : false, limit : 0 - rtmpquic.go:249
2026/03/12 14:38:04.835215 [22;36m INFO[0m IframeComing false, resideSizeInGOP 1.095904e+06, meanGOP 1.919726e+06, meanI 246497, curgop 823822, curI 119707 - rtmpquic.go:283
2026/03/12 14:38:04.835223 [22;36m INFO[0m UNKEYBEHIND 23,limit:0 - rtmpquic.go:284
2026/03/12 14:38:04.835226 [22;34mDEBUG[0m 23 p frame 12893 - rtmpquic.go:294
2026/03/12 14:38:04.835276 [22;34mDEBUG[0m 
chunk:1645 chunk-dur:33ms, timestamp:54800 - rtmpquic.go:220
2026/03/12 14:38:04.868049 [22;34mDEBUG[0m Return monitor from  scheduler : , bw flag : false, limit : 0 - rtmpquic.go:249
2026/03/12 14:38:04.868219 [22;36m INFO[0m IframeComing false, resideSizeInGOP 1.091442e+06, meanGOP 1.919726e+06, meanI 246497, curgop 828284, curI 119707 - rtmpquic.go:283
2026/03/12 14:38:04.868246 [22;36m INFO[0m UNKEYBEHIND 24,limit:0 - rtmpquic.go:284
2026/03/12 14:38:04.868256 [22;34mDEBUG[0m 24 p frame 4462 - rtmpquic.go:294
2026/03/12 14:38:04.869752 [22;34mDEBUG[0m 
chunk:1646 chunk-dur:34ms, timestamp:54834 - rtmpquic.go:220
2026/03/12 14:38:04.902064 [22;34mDEBUG[0m Return monitor from  scheduler : , bw flag : false, limit : 0 - rtmpquic.go:249
2026/03/12 14:38:04.902137 [22;36m INFO[0m IframeComing false, resideSizeInGOP 1.057968e+06, meanGOP 1.919726e+06, meanI 246497, curgop 861758, curI 119707 - rtmpquic.go:283
2026/03/12 14:38:04.902146 [22;36m INFO[0m UNKEYBEHIND 25,limit:0 - rtmpquic.go:284
2026/03/12 14:38:04.902150 [22;34mDEBUG[0m 25 p frame 33474 - rtmpquic.go:294
2026/03/12 14:38:04.902232 [22;34mDEBUG[0m 
chunk:1647 chunk-dur:33ms, timestamp:54867 - rtmpquic.go:220
2026/03/12 14:38:04.935190 [22;34mDEBUG[0m Return monitor from  scheduler : , bw flag : false, limit : 0 - rtmpquic.go:249
2026/03/12 14:38:04.935223 [22;36m INFO[0m IframeComing false, resideSizeInGOP 1.008612e+06, meanGOP 1.919726e+06, meanI 246497, curgop 911114, curI 119707 - rtmpquic.go:283
2026/03/12 14:38:04.935227 [22;36m INFO[0m UNKEYBEHIND 26,limit:0 - rtmpquic.go:284
2026/03/12 14:38:04.935231 [22;34mDEBUG[0m 26 p frame 49356 - rtmpquic.go:294
2026/03/12 14:38:04.935268 [22;34mDEBUG[0m 
chunk:1648 chunk-dur:33ms, timestamp:54900 - rtmpquic.go:220
2026/03/12 14:38:04.969037 [22;34mDEBUG[0m Return monitor from  scheduler : , bw flag : false, limit : 0 - rtmpquic.go:249
2026/03/12 14:38:04.969067 [22;36m INFO[0m IframeComing false, resideSizeInGOP 1.002891e+06, meanGOP 1.919726e+06, meanI 246497, curgop 916835, curI 119707 - rtmpquic.go:283
2026/03/12 14:38:04.969072 [22;36m INFO[0m UNKEYBEHIND 27,limit:0 - rtmpquic.go:284
2026/03/12 14:38:04.969075 [22;34mDEBUG[0m 27 p frame 5721 - rtmpquic.go:294
2026/03/12 14:38:04.969132 [22;34mDEBUG[0m 
chunk:1649 chunk-dur:34ms, timestamp:54934 - rtmpquic.go:220
2026/03/12 14:38:05.002520 [22;34mDEBUG[0m Return monitor from  scheduler : , bw flag : false, limit : 0 - rtmpquic.go:249
2026/03/12 14:38:05.002550 [22;36m INFO[0m IframeComing false, resideSizeInGOP 964419, meanGOP 1.919726e+06, meanI 246497, curgop 955307, curI 119707 - rtmpquic.go:283
2026/03/12 14:38:05.002554 [22;36m INFO[0m UNKEYBEHIND 28,limit:0 - rtmpquic.go:284
2026/03/12 14:38:05.002558 [22;34mDEBUG[0m 28 p frame 38472 - rtmpquic.go:294
2026/03/12 14:38:05.002622 [22;34mDEBUG[0m 
chunk:1650 chunk-dur:33ms, timestamp:54967 - rtmpquic.go:220
2026/03/12 14:38:05.034777 [22;34mDEBUG[0m Return monitor from  scheduler : , bw flag : false, limit : 0 - rtmpquic.go:249
2026/03/12 14:38:05.034801 [22;36m INFO[0m IframeComing false, resideSizeInGOP 915392, meanGOP 1.919726e+06, meanI 246497, curgop 1004334, curI 119707 - rtmpquic.go:283
2026/03/12 14:38:05.034831 [22;36m INFO[0m UNKEYBEHIND 29,limit:0 - rtmpquic.go:284
2026/03/12 14:38:05.034836 [22;34mDEBUG[0m 29 p frame 49027 - rtmpquic.go:294
2026/03/12 14:38:05.034998 [22;34mDEBUG[0m 
chunk:1651 chunk-dur:32ms, timestamp:55000 - rtmpquic.go:220
2026/03/12 14:38:05.068919 [22;34mDEBUG[0m Return monitor from  scheduler : , bw flag : false, limit : 0 - rtmpquic.go:249
2026/03/12 14:38:05.068938 [22;36m INFO[0m IframeComing false, resideSizeInGOP 909058, meanGOP 1.919726e+06, meanI 246497, curgop 1010668, curI 119707 - rtmpquic.go:283
2026/03/12 14:38:05.068943 [22;36m INFO[0m UNKEYBEHIND 30,limit:0 - rtmpquic.go:284
2026/03/12 14:38:05.068956 [22;34mDEBUG[0m 30 p frame 6334 - rtmpquic.go:294
2026/03/12 14:38:05.068998 [22;34mDEBUG[0m 
chunk:1652 chunk-dur:34ms, timestamp:55034 - rtmpquic.go:220
2026/03/12 14:38:05.103098 [22;34mDEBUG[0m Return monitor from  scheduler : , bw flag : false, limit : 0 - rtmpquic.go:249
2026/03/12 14:38:05.103134 [22;36m INFO[0m IframeComing false, resideSizeInGOP 873047, meanGOP 1.919726e+06, meanI 246497, curgop 1046679, curI 119707 - rtmpquic.go:283
2026/03/12 14:38:05.103139 [22;36m INFO[0m UNKEYBEHIND 31,limit:0 - rtmpquic.go:284
2026/03/12 14:38:05.103142 [22;34mDEBUG[0m 31 p frame 36011 - rtmpquic.go:294
2026/03/12 14:38:05.103189 [22;34mDEBUG[0m 
chunk:1653 chunk-dur:35ms, timestamp:55067 - rtmpquic.go:220
2026/03/12 14:38:05.135088 [22;34mDEBUG[0m Return monitor from  scheduler : , bw flag : false, limit : 0 - rtmpquic.go:249
2026/03/12 14:38:05.135115 [22;36m INFO[0m IframeComing false, resideSizeInGOP 842100, meanGOP 1.919726e+06, meanI 246497, curgop 1077626, curI 119707 - rtmpquic.go:283
2026/03/12 14:38:05.135120 [22;36m INFO[0m UNKEYBEHIND 32,limit:0 - rtmpquic.go:284
2026/03/12 14:38:05.135123 [22;34mDEBUG[0m 32 p frame 30947 - rtmpquic.go:294
2026/03/12 14:38:05.135181 [22;34mDEBUG[0m 
chunk:1654 chunk-dur:32ms, timestamp:55100 - rtmpquic.go:220
2026/03/12 14:38:05.161837 [22;34mDEBUG[0m bitrate:6.299831 Mbps - client_session.go:438
2026/03/12 14:38:05.168255 [22;34mDEBUG[0m Return monitor from  scheduler : , bw flag : false, limit : 0 - rtmpquic.go:249
2026/03/12 14:38:05.168302 [22;36m INFO[0m IframeComing false, resideSizeInGOP 819664, meanGOP 1.919726e+06, meanI 246497, curgop 1100062, curI 119707 - rtmpquic.go:283
2026/03/12 14:38:05.168310 [22;36m INFO[0m UNKEYBEHIND 33,limit:0 - rtmpquic.go:284
2026/03/12 14:38:05.168313 [22;34mDEBUG[0m 33 p frame 22436 - rtmpquic.go:294
2026/03/12 14:38:05.168371 [22;34mDEBUG[0m 
chunk:1655 chunk-dur:33ms, timestamp:55134 - rtmpquic.go:220
2026/03/12 14:38:05.202908 [22;34mDEBUG[0m Return monitor from  scheduler : , bw flag : false, limit : 0 - rtmpquic.go:249
2026/03/12 14:38:05.202932 [22;36m INFO[0m IframeComing false, resideSizeInGOP 773340, meanGOP 1.919726e+06, meanI 246497, curgop 1146386, curI 119707 - rtmpquic.go:283
2026/03/12 14:38:05.202937 [22;36m INFO[0m UNKEYBEHIND 34,limit:0 - rtmpquic.go:284
2026/03/12 14:38:05.202940 [22;34mDEBUG[0m 34 p frame 46324 - rtmpquic.go:294
2026/03/12 14:38:05.202986 [22;34mDEBUG[0m 
chunk:1656 chunk-dur:34ms, timestamp:55167 - rtmpquic.go:220
2026/03/12 14:38:05.235043 [22;34mDEBUG[0m Return monitor from  scheduler : , bw flag : false, limit : 0 - rtmpquic.go:249
2026/03/12 14:38:05.235152 [22;36m INFO[0m IframeComing false, resideSizeInGOP 729853, meanGOP 1.919726e+06, meanI 246497, curgop 1189873, curI 119707 - rtmpquic.go:283
2026/03/12 14:38:05.235194 [22;36m INFO[0m UNKEYBEHIND 35,limit:0 - rtmpquic.go:284
2026/03/12 14:38:05.235200 [22;34mDEBUG[0m 35 p frame 43487 - rtmpquic.go:294
2026/03/12 14:38:05.235210 [22;34mDEBUG[0m 
chunk:1657 chunk-dur:33ms, timestamp:55200 - rtmpquic.go:220
2026/03/12 14:38:05.267437 [22;34mDEBUG[0m Return monitor from  scheduler : , bw flag : false, limit : 0 - rtmpquic.go:249
2026/03/12 14:38:05.267471 [22;36m INFO[0m IframeComing false, resideSizeInGOP 725167, meanGOP 1.919726e+06, meanI 246497, curgop 1194559, curI 119707 - rtmpquic.go:283
2026/03/12 14:38:05.267475 [22;36m INFO[0m UNKEYBEHIND 36,limit:0 - rtmpquic.go:284
2026/03/12 14:38:05.267479 [22;34mDEBUG[0m 36 p frame 4686 - rtmpquic.go:294
2026/03/12 14:38:05.267621 [22;34mDEBUG[0m 
chunk:1658 chunk-dur:32ms, timestamp:55234 - rtmpquic.go:220
2026/03/12 14:38:05.302067 [22;34mDEBUG[0m Return monitor from  scheduler : , bw flag : false, limit : 0 - rtmpquic.go:249
2026/03/12 14:38:05.302096 [22;36m INFO[0m IframeComing false, resideSizeInGOP 695707, meanGOP 1.919726e+06, meanI 246497, curgop 1224019, curI 119707 - rtmpquic.go:283
2026/03/12 14:38:05.302104 [22;36m INFO[0m UNKEYBEHIND 37,limit:0 - rtmpquic.go:284
2026/03/12 14:38:05.302108 [22;34mDEBUG[0m 37 p frame 29460 - rtmpquic.go:294
2026/03/12 14:38:05.302119 [22;34mDEBUG[0m 
chunk:1659 chunk-dur:35ms, timestamp:55267 - rtmpquic.go:220
2026/03/12 14:38:05.334802 [22;34mDEBUG[0m Return monitor from  scheduler : , bw flag : false, limit : 0 - rtmpquic.go:249
2026/03/12 14:38:05.334844 [22;36m INFO[0m IframeComing false, resideSizeInGOP 691409, meanGOP 1.919726e+06, meanI 246497, curgop 1228317, curI 119707 - rtmpquic.go:283
2026/03/12 14:38:05.334849 [22;36m INFO[0m UNKEYBEHIND 38,limit:0 - rtmpquic.go:284
2026/03/12 14:38:05.334852 [22;34mDEBUG[0m 38 p frame 4298 - rtmpquic.go:294
2026/03/12 14:38:05.335156 [22;34mDEBUG[0m 
chunk:1660 chunk-dur:33ms, timestamp:55300 - rtmpquic.go:220
2026/03/12 14:38:05.367990 [22;34mDEBUG[0m Return monitor from  scheduler : , bw flag : false, limit : 0 - rtmpquic.go:249
2026/03/12 14:38:05.368019 [22;36m INFO[0m IframeComing false, resideSizeInGOP 622810, meanGOP 1.919726e+06, meanI 246497, curgop 1296916, curI 119707 - rtmpquic.go:283
2026/03/12 14:38:05.368024 [22;36m INFO[0m UNKEYBEHIND 39,limit:0 - rtmpquic.go:284
2026/03/12 14:38:05.368028 [22;34mDEBUG[0m 39 p frame 68599 - rtmpquic.go:294
2026/03/12 14:38:05.368198 [22;34mDEBUG[0m 
chunk:1661 chunk-dur:33ms, timestamp:55334 - rtmpquic.go:220
2026/03/12 14:38:05.403317 [22;34mDEBUG[0m Return monitor from  scheduler : , bw flag : false, limit : 0 - rtmpquic.go:249
2026/03/12 14:38:05.403339 [22;36m INFO[0m IframeComing false, resideSizeInGOP 596460, meanGOP 1.919726e+06, meanI 246497, curgop 1323266, curI 119707 - rtmpquic.go:283
2026/03/12 14:38:05.403343 [22;36m INFO[0m UNKEYBEHIND 40,limit:0 - rtmpquic.go:284
2026/03/12 14:38:05.403346 [22;34mDEBUG[0m 40 p frame 26350 - rtmpquic.go:294
2026/03/12 14:38:05.403409 [22;34mDEBUG[0m 
chunk:1662 chunk-dur:35ms, timestamp:55367 - rtmpquic.go:220
2026/03/12 14:38:05.434766 [22;34mDEBUG[0m Return monitor from  scheduler : , bw flag : false, limit : 0 - rtmpquic.go:249
2026/03/12 14:38:05.434795 [22;36m INFO[0m IframeComing false, resideSizeInGOP 546615, meanGOP 1.919726e+06, meanI 246497, curgop 1373111, curI 119707 - rtmpquic.go:283
2026/03/12 14:38:05.434800 [22;36m INFO[0m UNKEYBEHIND 41,limit:0 - rtmpquic.go:284
2026/03/12 14:38:05.434803 [22;34mDEBUG[0m 41 p frame 49845 - rtmpquic.go:294
2026/03/12 14:38:05.434851 [22;34mDEBUG[0m 
chunk:1663 chunk-dur:31ms, timestamp:55400 - rtmpquic.go:220
2026/03/12 14:38:05.480861 [22;34mDEBUG[0m Return monitor from  scheduler : , bw flag : false, limit : 0 - rtmpquic.go:249
2026/03/12 14:38:05.481079 [22;36m INFO[0m IframeComing false, resideSizeInGOP 536290, meanGOP 1.919726e+06, meanI 246497, curgop 1383436, curI 119707 - rtmpquic.go:283
2026/03/12 14:38:05.481087 [22;36m INFO[0m UNKEYBEHIND 42,limit:0 - rtmpquic.go:284
2026/03/12 14:38:05.481091 [22;34mDEBUG[0m 42 p frame 10325 - rtmpquic.go:294
2026/03/12 14:38:05.481183 [22;34mDEBUG[0m 
chunk:1664 chunk-dur:47ms, timestamp:55434 - rtmpquic.go:220
2026/03/12 14:38:05.517180 [22;34mDEBUG[0m Return monitor from  scheduler : , bw flag : false, limit : 0 - rtmpquic.go:249
2026/03/12 14:38:05.517205 [22;36m INFO[0m IframeComing false, resideSizeInGOP 509184, meanGOP 1.919726e+06, meanI 246497, curgop 1410542, curI 119707 - rtmpquic.go:283
2026/03/12 14:38:05.517210 [22;36m INFO[0m UNKEYBEHIND 43,limit:0 - rtmpquic.go:284
2026/03/12 14:38:05.517214 [22;34mDEBUG[0m 43 p frame 27106 - rtmpquic.go:294
2026/03/12 14:38:05.517286 [22;34mDEBUG[0m 
chunk:1665 chunk-dur:36ms, timestamp:55467 - rtmpquic.go:220
2026/03/12 14:38:05.536163 [22;34mDEBUG[0m Return monitor from  scheduler : , bw flag : false, limit : 0 - rtmpquic.go:249
2026/03/12 14:38:05.536239 [22;36m INFO[0m IframeComing false, resideSizeInGOP 461352, meanGOP 1.919726e+06, meanI 246497, curgop 1458374, curI 119707 - rtmpquic.go:283
2026/03/12 14:38:05.536251 [22;36m INFO[0m UNKEYBEHIND 44,limit:0 - rtmpquic.go:284
2026/03/12 14:38:05.536260 [22;34mDEBUG[0m 44 p frame 47832 - rtmpquic.go:294
2026/03/12 14:38:05.536386 [22;34mDEBUG[0m 
chunk:1666 chunk-dur:19ms, timestamp:55500 - rtmpquic.go:220
2026/03/12 14:38:05.567623 [22;34mDEBUG[0m Return monitor from  scheduler : , bw flag : false, limit : 0 - rtmpquic.go:249
2026/03/12 14:38:05.567656 [22;36m INFO[0m IframeComing false, resideSizeInGOP 415141, meanGOP 1.919726e+06, meanI 246497, curgop 1504585, curI 119707 - rtmpquic.go:283
2026/03/12 14:38:05.567661 [22;36m INFO[0m UNKEYBEHIND 45,limit:0 - rtmpquic.go:284
2026/03/12 14:38:05.567664 [22;34mDEBUG[0m 45 p frame 46211 - rtmpquic.go:294
2026/03/12 14:38:05.567985 [22;34mDEBUG[0m 
chunk:1667 chunk-dur:31ms, timestamp:55534 - rtmpquic.go:220
2026/03/12 14:38:05.602798 [22;34mDEBUG[0m Return monitor from  scheduler : , bw flag : false, limit : 0 - rtmpquic.go:249
2026/03/12 14:38:05.602831 [22;36m INFO[0m IframeComing false, resideSizeInGOP 352600, meanGOP 1.919726e+06, meanI 246497, curgop 1567126, curI 119707 - rtmpquic.go:283
2026/03/12 14:38:05.602836 [22;36m INFO[0m UNKEYBEHIND 46,limit:0 - rtmpquic.go:284
2026/03/12 14:38:05.602840 [22;34mDEBUG[0m 46 p frame 62541 - rtmpquic.go:294
2026/03/12 14:38:05.602858 [22;34mDEBUG[0m 
chunk:1668 chunk-dur:35ms, timestamp:55567 - rtmpquic.go:220
2026/03/12 14:38:05.635687 [22;34mDEBUG[0m Return monitor from  scheduler : , bw flag : false, limit : 0 - rtmpquic.go:249
2026/03/12 14:38:05.635729 [22;36m INFO[0m IframeComing false, resideSizeInGOP 346626, meanGOP 1.919726e+06, meanI 246497, curgop 1573100, curI 119707 - rtmpquic.go:283
2026/03/12 14:38:05.635734 [22;36m INFO[0m UNKEYBEHIND 47,limit:0 - rtmpquic.go:284
2026/03/12 14:38:05.635738 [22;34mDEBUG[0m 47 p frame 5974 - rtmpquic.go:294
2026/03/12 14:38:05.635857 [22;34mDEBUG[0m 
chunk:1669 chunk-dur:33ms, timestamp:55600 - rtmpquic.go:220
2026/03/12 14:38:05.668578 [22;34mDEBUG[0m Return monitor from  scheduler : , bw flag : false, limit : 0 - rtmpquic.go:249
2026/03/12 14:38:05.668612 [22;36m INFO[0m IframeComing false, resideSizeInGOP 268437, meanGOP 1.919726e+06, meanI 246497, curgop 1651289, curI 119707 - rtmpquic.go:283
2026/03/12 14:38:05.668616 [22;36m INFO[0m UNKEYBEHIND 48,limit:0 - rtmpquic.go:284
2026/03/12 14:38:05.668620 [22;34mDEBUG[0m 48 p frame 78189 - rtmpquic.go:294
2026/03/12 14:38:05.668639 [22;34mDEBUG[0m 
chunk:1670 chunk-dur:33ms, timestamp:55634 - rtmpquic.go:220
2026/03/12 14:38:05.703218 [22;34mDEBUG[0m Return monitor from  scheduler : , bw flag : false, limit : 0 - rtmpquic.go:249
2026/03/12 14:38:05.703294 [22;36m INFO[0m IframeComing false, resideSizeInGOP 259087, meanGOP 1.919726e+06, meanI 246497, curgop 1660639, curI 119707 - rtmpquic.go:283
2026/03/12 14:38:05.703299 [22;36m INFO[0m UNKEYBEHIND 49,limit:0 - rtmpquic.go:284
2026/03/12 14:38:05.703302 [22;34mDEBUG[0m 49 p frame 9350 - rtmpquic.go:294
2026/03/12 14:38:05.703311 [22;34mDEBUG[0m 
chunk:1671 chunk-dur:35ms, timestamp:55667 - rtmpquic.go:220
2026/03/12 14:38:05.735178 [22;34mDEBUG[0m Return monitor from  scheduler : , bw flag : false, limit : 0 - rtmpquic.go:249
2026/03/12 14:38:05.735196 [22;36m INFO[0m IframeComing false, resideSizeInGOP 251664, meanGOP 1.919726e+06, meanI 246497, curgop 1668062, curI 119707 - rtmpquic.go:283
2026/03/12 14:38:05.735199 [22;36m INFO[0m UNKEYBEHIND 50,limit:0 - rtmpquic.go:284
2026/03/12 14:38:05.735202 [22;34mDEBUG[0m 50 p frame 7423 - rtmpquic.go:294
2026/03/12 14:38:05.735267 [22;34mDEBUG[0m 
chunk:1672 chunk-dur:32ms, timestamp:55700 - rtmpquic.go:220
2026/03/12 14:38:05.768413 [22;34mDEBUG[0m Return monitor from  scheduler : , bw flag : false, limit : 0 - rtmpquic.go:249
2026/03/12 14:38:05.768612 [22;36m INFO[0m IframeComing false, resideSizeInGOP 207198, meanGOP 1.919726e+06, meanI 246497, curgop 1712528, curI 119707 - rtmpquic.go:283
2026/03/12 14:38:05.768620 [22;36m INFO[0m UNKEYBEHIND 51,limit:0 - rtmpquic.go:284
2026/03/12 14:38:05.768624 [22;34mDEBUG[0m 51 p frame 44466 - rtmpquic.go:294
2026/03/12 14:38:05.768701 [22;34mDEBUG[0m 
chunk:1673 chunk-dur:33ms, timestamp:55734 - rtmpquic.go:220
2026/03/12 14:38:05.803623 [22;34mDEBUG[0m Return monitor from  scheduler : , bw flag : false, limit : 0 - rtmpquic.go:249
2026/03/12 14:38:05.803663 [22;36m INFO[0m IframeComing false, resideSizeInGOP 201167, meanGOP 1.919726e+06, meanI 246497, curgop 1718559, curI 119707 - rtmpquic.go:283
2026/03/12 14:38:05.803671 [22;36m INFO[0m UNKEYBEHIND 52,limit:0 - rtmpquic.go:284
2026/03/12 14:38:05.803677 [22;34mDEBUG[0m 52 p frame 6031 - rtmpquic.go:294
2026/03/12 14:38:05.803746 [22;34mDEBUG[0m 
chunk:1674 chunk-dur:35ms, timestamp:55767 - rtmpquic.go:220
2026/03/12 14:38:05.834985 [22;34mDEBUG[0m Return monitor from  scheduler : , bw flag : false, limit : 0 - rtmpquic.go:249
2026/03/12 14:38:05.835019 [22;36m INFO[0m IframeComing false, resideSizeInGOP 145490, meanGOP 1.919726e+06, meanI 246497, curgop 1774236, curI 119707 - rtmpquic.go:283
2026/03/12 14:38:05.835025 [22;36m INFO[0m UNKEYBEHIND 53,limit:0 - rtmpquic.go:284
2026/03/12 14:38:05.835028 [22;34mDEBUG[0m 53 p frame 55677 - rtmpquic.go:294
2026/03/12 14:38:05.835052 [22;34mDEBUG[0m 
chunk:1675 chunk-dur:32ms, timestamp:55800 - rtmpquic.go:220
2026/03/12 14:38:05.867908 [22;34mDEBUG[0m Return monitor from  scheduler : , bw flag : false, limit : 0 - rtmpquic.go:249
2026/03/12 14:38:05.867952 [22;36m INFO[0m IframeComing false, resideSizeInGOP 138624, meanGOP 1.919726e+06, meanI 246497, curgop 1781102, curI 119707 - rtmpquic.go:283
2026/03/12 14:38:05.867957 [22;36m INFO[0m UNKEYBEHIND 54,limit:0 - rtmpquic.go:284
2026/03/12 14:38:05.867961 [22;34mDEBUG[0m 54 p frame 6866 - rtmpquic.go:294
2026/03/12 14:38:05.868082 [22;34mDEBUG[0m 
chunk:1676 chunk-dur:33ms, timestamp:55834 - rtmpquic.go:220
2026/03/12 14:38:05.902852 [22;34mDEBUG[0m Return monitor from  scheduler : , bw flag : false, limit : 0 - rtmpquic.go:249
2026/03/12 14:38:05.903016 [22;36m INFO[0m IframeComing true, resideSizeInGOP 90986, meanGOP 1.919726e+06, meanI 246497, curgop 1828740, curI 119707 - rtmpquic.go:283
2026/03/12 14:38:05.903036 [22;36m INFO[0m UNKEYBEHIND 55,limit:0 - rtmpquic.go:284
2026/03/12 14:38:05.903044 [22;34mDEBUG[0m 55 p frame 47638 - rtmpquic.go:294
2026/03/12 14:38:05.903082 [22;34mDEBUG[0m 
chunk:1677 chunk-dur:35ms, timestamp:55867 - rtmpquic.go:220
2026/03/12 14:38:05.934499 [22;34mDEBUG[0m Return monitor from  scheduler : , bw flag : false, limit : 0 - rtmpquic.go:249
2026/03/12 14:38:05.934522 [22;36m INFO[0m IframeComing true, resideSizeInGOP 82631, meanGOP 1.919726e+06, meanI 246497, curgop 1837095, curI 119707 - rtmpquic.go:283
2026/03/12 14:38:05.934526 [22;36m INFO[0m UNKEYBEHIND 56,limit:0 - rtmpquic.go:284
2026/03/12 14:38:05.934530 [22;34mDEBUG[0m 56 p frame 8355 - rtmpquic.go:294
2026/03/12 14:38:05.934595 [22;34mDEBUG[0m 
chunk:1678 chunk-dur:31ms, timestamp:55900 - rtmpquic.go:220
2026/03/12 14:38:05.968428 [22;34mDEBUG[0m Return monitor from  scheduler : , bw flag : false, limit : 0 - rtmpquic.go:249
2026/03/12 14:38:05.968536 [22;36m INFO[0m IframeComing true, resideSizeInGOP 30107, meanGOP 1.919726e+06, meanI 246497, curgop 1889619, curI 119707 - rtmpquic.go:283
2026/03/12 14:38:05.968554 [22;36m INFO[0m UNKEYBEHIND 57,limit:0 - rtmpquic.go:284
2026/03/12 14:38:05.968585 [22;34mDEBUG[0m 57 p frame 52524 - rtmpquic.go:294
2026/03/12 14:38:05.968808 [22;34mDEBUG[0m 
chunk:1679 chunk-dur:34ms, timestamp:55934 - rtmpquic.go:220
2026/03/12 14:38:06.002699 [22;34mDEBUG[0m Return monitor from  scheduler : , bw flag : false, limit : 0 - rtmpquic.go:249
2026/03/12 14:38:06.002766 [22;36m INFO[0m IframeComing true, resideSizeInGOP 20254, meanGOP 1.919726e+06, meanI 246497, curgop 1899472, curI 119707 - rtmpquic.go:283
2026/03/12 14:38:06.002775 [22;36m INFO[0m UNKEYBEHIND 58,limit:0 - rtmpquic.go:284
2026/03/12 14:38:06.002783 [22;34mDEBUG[0m 58 p frame 9853 - rtmpquic.go:294
2026/03/12 14:38:06.002977 [22;34mDEBUG[0m 
chunk:1680 chunk-dur:34ms, timestamp:55967 - rtmpquic.go:220
2026/03/12 14:38:06.036059 [22;34mDEBUG[0m Return monitor from  scheduler : , bw flag : false, limit : 0 - rtmpquic.go:249
2026/03/12 14:38:06.036083 [22;36m INFO[0m IframeComing true, resideSizeInGOP -11120, meanGOP 1.919726e+06, meanI 246497, curgop 1930846, curI 119707 - rtmpquic.go:283
2026/03/12 14:38:06.036088 [22;36m INFO[0m UNKEYBEHIND 59,limit:0 - rtmpquic.go:284
2026/03/12 14:38:06.036092 [22;34mDEBUG[0m 59 p frame 31374 - rtmpquic.go:294
2026/03/12 14:38:06.036301 [22;34mDEBUG[0m 
chunk:1681 chunk-dur:34ms, timestamp:56000 - rtmpquic.go:220
2026/03/12 14:38:06.067374 [22;34mDEBUG[0m Return monitor from  scheduler : , bw flag : false, limit : 0 - rtmpquic.go:249
key tag 214748
2026/03/12 14:38:06.067397 [22;34mDEBUG[0m 29 I frame 214748 - rtmpquic.go:275
2026/03/12 14:38:06.067453 [22;34mDEBUG[0m 
chunk:1682 chunk-dur:31ms, timestamp:56034 - rtmpquic.go:220
2026/03/12 14:38:06.102016 [22;34mDEBUG[0m Return monitor from  scheduler : , bw flag : false, limit : 0 - rtmpquic.go:249
2026/03/12 14:38:06.102036 [22;36m INFO[0m IframeComing false, resideSizeInGOP 1.655215e+06, meanGOP 1.920123e+06, meanI 241969, curgop 264908, curI 214748 - rtmpquic.go:283
2026/03/12 14:38:06.102046 [22;36m INFO[0m UNKEYBEHIND 1,limit:0 - rtmpquic.go:284
2026/03/12 14:38:06.102052 [22;34mDEBUG[0m 1 p frame 50160 - rtmpquic.go:294
2026/03/12 14:38:06.102102 [22;34mDEBUG[0m 
chunk:1683 chunk-dur:35ms, timestamp:56067 - rtmpquic.go:220
2026/03/12 14:38:06.134821 [22;34mDEBUG[0m Return monitor from  scheduler : , bw flag : false, limit : 0 - rtmpquic.go:249
2026/03/12 14:38:06.134852 [22;36m INFO[0m IframeComing false, resideSizeInGOP 1.648884e+06, meanGOP 1.920123e+06, meanI 241969, curgop 271239, curI 214748 - rtmpquic.go:283
2026/03/12 14:38:06.134858 [22;36m INFO[0m UNKEYBEHIND 2,limit:0 - rtmpquic.go:284
2026/03/12 14:38:06.134861 [22;34mDEBUG[0m 2 p frame 6331 - rtmpquic.go:294
2026/03/12 14:38:06.134965 [22;34mDEBUG[0m 
chunk:1684 chunk-dur:32ms, timestamp:56100 - rtmpquic.go:220
2026/03/12 14:38:06.162677 [22;34mDEBUG[0m bitrate:8.571741 Mbps - client_session.go:438
2026/03/12 14:38:06.168912 [22;34mDEBUG[0m Return monitor from  scheduler : , bw flag : false, limit : 0 - rtmpquic.go:249
2026/03/12 14:38:06.168938 [22;36m INFO[0m IframeComing false, resideSizeInGOP 1.591265e+06, meanGOP 1.920123e+06, meanI 241969, curgop 328858, curI 214748 - rtmpquic.go:283
2026/03/12 14:38:06.168943 [22;36m INFO[0m UNKEYBEHIND 3,limit:0 - rtmpquic.go:284
2026/03/12 14:38:06.168946 [22;34mDEBUG[0m 3 p frame 57619 - rtmpquic.go:294
2026/03/12 14:38:06.170161 [22;34mDEBUG[0m 
chunk:1685 chunk-dur:35ms, timestamp:56134 - rtmpquic.go:220
2026/03/12 14:38:06.203205 [22;34mDEBUG[0m Return monitor from  scheduler : , bw flag : false, limit : 0 - rtmpquic.go:249
2026/03/12 14:38:06.203227 [22;36m INFO[0m IframeComing false, resideSizeInGOP 1.528242e+06, meanGOP 1.920123e+06, meanI 241969, curgop 391881, curI 214748 - rtmpquic.go:283
2026/03/12 14:38:06.203243 [22;36m INFO[0m UNKEYBEHIND 4,limit:0 - rtmpquic.go:284
2026/03/12 14:38:06.203246 [22;34mDEBUG[0m 4 p frame 63023 - rtmpquic.go:294
2026/03/12 14:38:06.203281 [22;34mDEBUG[0m 
chunk:1686 chunk-dur:34ms, timestamp:56167 - rtmpquic.go:220
2026/03/12 14:38:06.234836 [22;34mDEBUG[0m Return monitor from  scheduler : , bw flag : false, limit : 0 - rtmpquic.go:249
2026/03/12 14:38:06.234865 [22;36m INFO[0m IframeComing false, resideSizeInGOP 1.521882e+06, meanGOP 1.920123e+06, meanI 241969, curgop 398241, curI 214748 - rtmpquic.go:283
2026/03/12 14:38:06.234897 [22;36m INFO[0m UNKEYBEHIND 5,limit:0 - rtmpquic.go:284
2026/03/12 14:38:06.234901 [22;34mDEBUG[0m 5 p frame 6360 - rtmpquic.go:294
2026/03/12 14:38:06.235151 [22;34mDEBUG[0m 
chunk:1687 chunk-dur:31ms, timestamp:56200 - rtmpquic.go:220
2026/03/12 14:38:06.268485 [22;34mDEBUG[0m Return monitor from  scheduler : , bw flag : false, limit : 0 - rtmpquic.go:249
2026/03/12 14:38:06.268502 [22;36m INFO[0m IframeComing false, resideSizeInGOP 1.451781e+06, meanGOP 1.920123e+06, meanI 241969, curgop 468342, curI 214748 - rtmpquic.go:283
2026/03/12 14:38:06.268506 [22;36m INFO[0m UNKEYBEHIND 6,limit:0 - rtmpquic.go:284
2026/03/12 14:38:06.268510 [22;34mDEBUG[0m 6 p frame 70101 - rtmpquic.go:294
2026/03/12 14:38:06.268541 [22;34mDEBUG[0m 
chunk:1688 chunk-dur:34ms, timestamp:56234 - rtmpquic.go:220
2026/03/12 14:38:06.302630 [22;34mDEBUG[0m Return monitor from  scheduler : , bw flag : false, limit : 0 - rtmpquic.go:249
2026/03/12 14:38:06.302649 [22;36m INFO[0m IframeComing false, resideSizeInGOP 1.436533e+06, meanGOP 1.920123e+06, meanI 241969, curgop 483590, curI 214748 - rtmpquic.go:283
2026/03/12 14:38:06.302653 [22;36m INFO[0m UNKEYBEHIND 7,limit:0 - rtmpquic.go:284
2026/03/12 14:38:06.302656 [22;34mDEBUG[0m 7 p frame 15248 - rtmpquic.go:294
2026/03/12 14:38:06.302664 [22;34mDEBUG[0m 
chunk:1689 chunk-dur:34ms, timestamp:56267 - rtmpquic.go:220
2026/03/12 14:38:06.334962 [22;34mDEBUG[0m Return monitor from  scheduler : , bw flag : false, limit : 0 - rtmpquic.go:249
2026/03/12 14:38:06.334994 [22;36m INFO[0m IframeComing false, resideSizeInGOP 1.43015e+06, meanGOP 1.920123e+06, meanI 241969, curgop 489973, curI 214748 - rtmpquic.go:283
2026/03/12 14:38:06.335000 [22;36m INFO[0m UNKEYBEHIND 8,limit:0 - rtmpquic.go:284
2026/03/12 14:38:06.335004 [22;34mDEBUG[0m 8 p frame 6383 - rtmpquic.go:294
2026/03/12 14:38:06.335040 [22;34mDEBUG[0m 
chunk:1690 chunk-dur:33ms, timestamp:56300 - rtmpquic.go:220
2026/03/12 14:38:06.368307 [22;34mDEBUG[0m Return monitor from  scheduler : , bw flag : false, limit : 0 - rtmpquic.go:249
2026/03/12 14:38:06.368348 [22;36m INFO[0m IframeComing false, resideSizeInGOP 1.424359e+06, meanGOP 1.920123e+06, meanI 241969, curgop 495764, curI 214748 - rtmpquic.go:283
2026/03/12 14:38:06.368353 [22;36m INFO[0m UNKEYBEHIND 9,limit:0 - rtmpquic.go:284
2026/03/12 14:38:06.368356 [22;34mDEBUG[0m 9 p frame 5791 - rtmpquic.go:294
2026/03/12 14:38:06.368445 [22;34mDEBUG[0m 
chunk:1691 chunk-dur:33ms, timestamp:56334 - rtmpquic.go:220
2026/03/12 14:38:06.402206 [22;34mDEBUG[0m Return monitor from  scheduler : , bw flag : false, limit : 0 - rtmpquic.go:249
2026/03/12 14:38:06.402235 [22;36m INFO[0m IframeComing false, resideSizeInGOP 1.376451e+06, meanGOP 1.920123e+06, meanI 241969, curgop 543672, curI 214748 - rtmpquic.go:283
2026/03/12 14:38:06.402240 [22;36m INFO[0m UNKEYBEHIND 10,limit:0 - rtmpquic.go:284
2026/03/12 14:38:06.402244 [22;34mDEBUG[0m 10 p frame 47908 - rtmpquic.go:294
2026/03/12 14:38:06.402259 [22;34mDEBUG[0m 
chunk:1692 chunk-dur:34ms, timestamp:56367 - rtmpquic.go:220
2026/03/12 14:38:06.434627 [22;34mDEBUG[0m Return monitor from  scheduler : , bw flag : false, limit : 0 - rtmpquic.go:249
2026/03/12 14:38:06.434658 [22;36m INFO[0m IframeComing false, resideSizeInGOP 1.371665e+06, meanGOP 1.920123e+06, meanI 241969, curgop 548458, curI 214748 - rtmpquic.go:283
2026/03/12 14:38:06.434662 [22;36m INFO[0m UNKEYBEHIND 11,limit:0 - rtmpquic.go:284
2026/03/12 14:38:06.434666 [22;34mDEBUG[0m 11 p frame 4786 - rtmpquic.go:294
2026/03/12 14:38:06.434772 [22;34mDEBUG[0m 
chunk:1693 chunk-dur:32ms, timestamp:56400 - rtmpquic.go:220
2026/03/12 14:38:06.471235 [22;34mDEBUG[0m Return monitor from  scheduler : , bw flag : false, limit : 0 - rtmpquic.go:249
2026/03/12 14:38:06.471263 [22;36m INFO[0m IframeComing false, resideSizeInGOP 1.317771e+06, meanGOP 1.920123e+06, meanI 241969, curgop 602352, curI 214748 - rtmpquic.go:283
2026/03/12 14:38:06.471268 [22;36m INFO[0m UNKEYBEHIND 12,limit:0 - rtmpquic.go:284
2026/03/12 14:38:06.471272 [22;34mDEBUG[0m 12 p frame 53894 - rtmpquic.go:294
2026/03/12 14:38:06.471301 [22;34mDEBUG[0m 
chunk:1694 chunk-dur:37ms, timestamp:56434 - rtmpquic.go:220
2026/03/12 14:38:06.502323 [22;34mDEBUG[0m Return monitor from  scheduler : , bw flag : false, limit : 0 - rtmpquic.go:249
2026/03/12 14:38:06.502348 [22;36m INFO[0m IframeComing false, resideSizeInGOP 1.309105e+06, meanGOP 1.920123e+06, meanI 241969, curgop 611018, curI 214748 - rtmpquic.go:283
2026/03/12 14:38:06.502353 [22;36m INFO[0m UNKEYBEHIND 13,limit:0 - rtmpquic.go:284
2026/03/12 14:38:06.502357 [22;34mDEBUG[0m 13 p frame 8666 - rtmpquic.go:294
2026/03/12 14:38:06.502401 [22;34mDEBUG[0m 
chunk:1695 chunk-dur:31ms, timestamp:56467 - rtmpquic.go:220
2026/03/12 14:38:06.534932 [22;34mDEBUG[0m Return monitor from  scheduler : , bw flag : false, limit : 0 - rtmpquic.go:249
2026/03/12 14:38:06.534956 [22;36m INFO[0m IframeComing false, resideSizeInGOP 1.303739e+06, meanGOP 1.920123e+06, meanI 241969, curgop 616384, curI 214748 - rtmpquic.go:283
2026/03/12 14:38:06.534960 [22;36m INFO[0m UNKEYBEHIND 14,limit:0 - rtmpquic.go:284
2026/03/12 14:38:06.534964 [22;34mDEBUG[0m 14 p frame 5366 - rtmpquic.go:294
2026/03/12 14:38:06.535022 [22;34mDEBUG[0m 
chunk:1696 chunk-dur:33ms, timestamp:56500 - rtmpquic.go:220
2026/03/12 14:38:06.567516 [22;34mDEBUG[0m Return monitor from  scheduler : , bw flag : false, limit : 0 - rtmpquic.go:249
2026/03/12 14:38:06.567534 [22;36m INFO[0m IframeComing false, resideSizeInGOP 1.2528e+06, meanGOP 1.920123e+06, meanI 241969, curgop 667323, curI 214748 - rtmpquic.go:283
2026/03/12 14:38:06.567539 [22;36m INFO[0m UNKEYBEHIND 15,limit:0 - rtmpquic.go:284
2026/03/12 14:38:06.567542 [22;34mDEBUG[0m 15 p frame 50939 - rtmpquic.go:294
2026/03/12 14:38:06.567588 [22;34mDEBUG[0m 
chunk:1697 chunk-dur:32ms, timestamp:56534 - rtmpquic.go:220
2026/03/12 14:38:06.602173 [22;34mDEBUG[0m Return monitor from  scheduler : , bw flag : false, limit : 0 - rtmpquic.go:249
2026/03/12 14:38:06.602193 [22;36m INFO[0m IframeComing false, resideSizeInGOP 1.245099e+06, meanGOP 1.920123e+06, meanI 241969, curgop 675024, curI 214748 - rtmpquic.go:283
2026/03/12 14:38:06.602198 [22;36m INFO[0m UNKEYBEHIND 16,limit:0 - rtmpquic.go:284
2026/03/12 14:38:06.602202 [22;34mDEBUG[0m 16 p frame 7701 - rtmpquic.go:294
2026/03/12 14:38:06.602209 [22;34mDEBUG[0m 
chunk:1698 chunk-dur:35ms, timestamp:56567 - rtmpquic.go:220
2026/03/12 14:38:06.635212 [22;34mDEBUG[0m Return monitor from  scheduler : , bw flag : false, limit : 0 - rtmpquic.go:249
2026/03/12 14:38:06.635262 [22;36m INFO[0m IframeComing false, resideSizeInGOP 1.239703e+06, meanGOP 1.920123e+06, meanI 241969, curgop 680420, curI 214748 - rtmpquic.go:283
2026/03/12 14:38:06.635270 [22;36m INFO[0m UNKEYBEHIND 17,limit:0 - rtmpquic.go:284
2026/03/12 14:38:06.635274 [22;34mDEBUG[0m 17 p frame 5396 - rtmpquic.go:294
2026/03/12 14:38:06.635332 [22;34mDEBUG[0m 
chunk:1699 chunk-dur:33ms, timestamp:56600 - rtmpquic.go:220
2026/03/12 14:38:06.667537 [22;34mDEBUG[0m Return monitor from  scheduler : , bw flag : false, limit : 0 - rtmpquic.go:249
2026/03/12 14:38:06.667561 [22;36m INFO[0m IframeComing false, resideSizeInGOP 1.192288e+06, meanGOP 1.920123e+06, meanI 241969, curgop 727835, curI 214748 - rtmpquic.go:283
2026/03/12 14:38:06.667565 [22;36m INFO[0m UNKEYBEHIND 18,limit:0 - rtmpquic.go:284
2026/03/12 14:38:06.667568 [22;34mDEBUG[0m 18 p frame 47415 - rtmpquic.go:294
2026/03/12 14:38:06.667621 [22;34mDEBUG[0m 
chunk:1700 chunk-dur:32ms, timestamp:56634 - rtmpquic.go:220
2026/03/12 14:38:06.702141 [22;34mDEBUG[0m Return monitor from  scheduler : , bw flag : false, limit : 0 - rtmpquic.go:249
2026/03/12 14:38:06.702162 [22;36m INFO[0m IframeComing false, resideSizeInGOP 1.186928e+06, meanGOP 1.920123e+06, meanI 241969, curgop 733195, curI 214748 - rtmpquic.go:283
2026/03/12 14:38:06.702167 [22;36m INFO[0m UNKEYBEHIND 19,limit:0 - rtmpquic.go:284
2026/03/12 14:38:06.702170 [22;34mDEBUG[0m 19 p frame 5360 - rtmpquic.go:294
2026/03/12 14:38:06.702233 [22;34mDEBUG[0m 
chunk:1701 chunk-dur:35ms, timestamp:56667 - rtmpquic.go:220
2026/03/12 14:38:06.735187 [22;34mDEBUG[0m Return monitor from  scheduler : , bw flag : false, limit : 0 - rtmpquic.go:249
2026/03/12 14:38:06.735222 [22;36m INFO[0m IframeComing false, resideSizeInGOP 1.144451e+06, meanGOP 1.920123e+06, meanI 241969, curgop 775672, curI 214748 - rtmpquic.go:283
2026/03/12 14:38:06.735227 [22;36m INFO[0m UNKEYBEHIND 20,limit:0 - rtmpquic.go:284
2026/03/12 14:38:06.735231 [22;34mDEBUG[0m 20 p frame 42477 - rtmpquic.go:294
2026/03/12 14:38:06.735240 [22;34mDEBUG[0m 
chunk:1702 chunk-dur:33ms, timestamp:56700 - rtmpquic.go:220
2026/03/12 14:38:06.768343 [22;34mDEBUG[0m Return monitor from  scheduler : , bw flag : false, limit : 0 - rtmpquic.go:249
2026/03/12 14:38:06.768370 [22;36m INFO[0m IframeComing false, resideSizeInGOP 1.139368e+06, meanGOP 1.920123e+06, meanI 241969, curgop 780755, curI 214748 - rtmpquic.go:283
2026/03/12 14:38:06.768374 [22;36m INFO[0m UNKEYBEHIND 21,limit:0 - rtmpquic.go:284
2026/03/12 14:38:06.768378 [22;34mDEBUG[0m 21 p frame 5083 - rtmpquic.go:294
2026/03/12 14:38:06.768433 [22;34mDEBUG[0m 
chunk:1703 chunk-dur:33ms, timestamp:56734 - rtmpquic.go:220
2026/03/12 14:38:06.803704 [22;34mDEBUG[0m Return monitor from  scheduler : , bw flag : false, limit : 0 - rtmpquic.go:249
2026/03/12 14:38:06.803731 [22;36m INFO[0m IframeComing false, resideSizeInGOP 1.100552e+06, meanGOP 1.920123e+06, meanI 241969, curgop 819571, curI 214748 - rtmpquic.go:283
2026/03/12 14:38:06.803735 [22;36m INFO[0m UNKEYBEHIND 22,limit:0 - rtmpquic.go:284
2026/03/12 14:38:06.803739 [22;34mDEBUG[0m 22 p frame 38816 - rtmpquic.go:294
2026/03/12 14:38:06.803762 [22;34mDEBUG[0m 
chunk:1704 chunk-dur:35ms, timestamp:56767 - rtmpquic.go:220
2026/03/12 14:38:06.835142 [22;34mDEBUG[0m Return monitor from  scheduler : , bw flag : false, limit : 0 - rtmpquic.go:249
2026/03/12 14:38:06.835171 [22;36m INFO[0m IframeComing false, resideSizeInGOP 1.093755e+06, meanGOP 1.920123e+06, meanI 241969, curgop 826368, curI 214748 - rtmpquic.go:283
2026/03/12 14:38:06.835176 [22;36m INFO[0m UNKEYBEHIND 23,limit:0 - rtmpquic.go:284
2026/03/12 14:38:06.835179 [22;34mDEBUG[0m 23 p frame 6797 - rtmpquic.go:294
2026/03/12 14:38:06.835230 [22;34mDEBUG[0m 
chunk:1705 chunk-dur:32ms, timestamp:56800 - rtmpquic.go:220
2026/03/12 14:38:06.868011 [22;34mDEBUG[0m Return monitor from  scheduler : , bw flag : false, limit : 0 - rtmpquic.go:249
2026/03/12 14:38:06.868047 [22;36m INFO[0m IframeComing false, resideSizeInGOP 1.063127e+06, meanGOP 1.920123e+06, meanI 241969, curgop 856996, curI 214748 - rtmpquic.go:283
2026/03/12 14:38:06.868052 [22;36m INFO[0m UNKEYBEHIND 24,limit:0 - rtmpquic.go:284
2026/03/12 14:38:06.868056 [22;34mDEBUG[0m 24 p frame 30628 - rtmpquic.go:294
2026/03/12 14:38:06.868096 [22;34mDEBUG[0m 
chunk:1706 chunk-dur:33ms, timestamp:56834 - rtmpquic.go:220
2026/03/12 14:38:06.902833 [22;34mDEBUG[0m Return monitor from  scheduler : , bw flag : false, limit : 0 - rtmpquic.go:249
2026/03/12 14:38:06.902863 [22;36m INFO[0m IframeComing false, resideSizeInGOP 1.021704e+06, meanGOP 1.920123e+06, meanI 241969, curgop 898419, curI 214748 - rtmpquic.go:283
2026/03/12 14:38:06.902963 [22;36m INFO[0m UNKEYBEHIND 25,limit:0 - rtmpquic.go:284
2026/03/12 14:38:06.902969 [22;34mDEBUG[0m 25 p frame 41423 - rtmpquic.go:294
2026/03/12 14:38:06.903047 [22;34mDEBUG[0m 
chunk:1707 chunk-dur:35ms, timestamp:56867 - rtmpquic.go:220
2026/03/12 14:38:06.934995 [22;34mDEBUG[0m Return monitor from  scheduler : , bw flag : false, limit : 0 - rtmpquic.go:249
2026/03/12 14:38:06.935088 [22;36m INFO[0m IframeComing false, resideSizeInGOP 973856, meanGOP 1.920123e+06, meanI 241969, curgop 946267, curI 214748 - rtmpquic.go:283
2026/03/12 14:38:06.935096 [22;36m INFO[0m UNKEYBEHIND 26,limit:0 - rtmpquic.go:284
2026/03/12 14:38:06.935100 [22;34mDEBUG[0m 26 p frame 47848 - rtmpquic.go:294
2026/03/12 14:38:06.935149 [22;34mDEBUG[0m 
chunk:1708 chunk-dur:32ms, timestamp:56900 - rtmpquic.go:220
2026/03/12 14:38:06.967861 [22;34mDEBUG[0m Return monitor from  scheduler : , bw flag : false, limit : 0 - rtmpquic.go:249
2026/03/12 14:38:06.967942 [22;36m INFO[0m IframeComing false, resideSizeInGOP 967961, meanGOP 1.920123e+06, meanI 241969, curgop 952162, curI 214748 - rtmpquic.go:283
2026/03/12 14:38:06.967949 [22;36m INFO[0m UNKEYBEHIND 27,limit:0 - rtmpquic.go:284
2026/03/12 14:38:06.967986 [22;34mDEBUG[0m 27 p frame 5895 - rtmpquic.go:294
2026/03/12 14:38:06.968040 [22;34mDEBUG[0m 
chunk:1709 chunk-dur:33ms, timestamp:56934 - rtmpquic.go:220
2026/03/12 14:38:07.001993 [22;34mDEBUG[0m Return monitor from  scheduler : , bw flag : false, limit : 0 - rtmpquic.go:249
2026/03/12 14:38:07.002033 [22;36m INFO[0m IframeComing false, resideSizeInGOP 930872, meanGOP 1.920123e+06, meanI 241969, curgop 989251, curI 214748 - rtmpquic.go:283
2026/03/12 14:38:07.002038 [22;36m INFO[0m UNKEYBEHIND 28,limit:0 - rtmpquic.go:284
2026/03/12 14:38:07.002042 [22;34mDEBUG[0m 28 p frame 37089 - rtmpquic.go:294
2026/03/12 14:38:07.002053 [22;34mDEBUG[0m 
chunk:1710 chunk-dur:34ms, timestamp:56967 - rtmpquic.go:220
2026/03/12 14:38:07.034899 [22;34mDEBUG[0m Return monitor from  scheduler : , bw flag : false, limit : 0 - rtmpquic.go:249
2026/03/12 14:38:07.034921 [22;36m INFO[0m IframeComing false, resideSizeInGOP 925631, meanGOP 1.920123e+06, meanI 241969, curgop 994492, curI 214748 - rtmpquic.go:283
2026/03/12 14:38:07.034925 [22;36m INFO[0m UNKEYBEHIND 29,limit:0 - rtmpquic.go:284
2026/03/12 14:38:07.034929 [22;34mDEBUG[0m 29 p frame 5241 - rtmpquic.go:294
2026/03/12 14:38:07.035002 [22;34mDEBUG[0m 
chunk:1711 chunk-dur:33ms, timestamp:57000 - rtmpquic.go:220
2026/03/12 14:38:07.067218 [22;34mDEBUG[0m Return monitor from  scheduler : , bw flag : false, limit : 0 - rtmpquic.go:249
2026/03/12 14:38:07.067242 [22;36m INFO[0m IframeComing false, resideSizeInGOP 841084, meanGOP 1.920123e+06, meanI 241969, curgop 1079039, curI 214748 - rtmpquic.go:283
2026/03/12 14:38:07.067246 [22;36m INFO[0m UNKEYBEHIND 30,limit:0 - rtmpquic.go:284
2026/03/12 14:38:07.067249 [22;34mDEBUG[0m 30 p frame 84547 - rtmpquic.go:294
2026/03/12 14:38:07.067296 [22;34mDEBUG[0m 
chunk:1712 chunk-dur:32ms, timestamp:57034 - rtmpquic.go:220
2026/03/12 14:38:07.101502 [22;34mDEBUG[0m Return monitor from  scheduler : , bw flag : false, limit : 0 - rtmpquic.go:249
2026/03/12 14:38:07.101521 [22;36m INFO[0m IframeComing false, resideSizeInGOP 822970, meanGOP 1.920123e+06, meanI 241969, curgop 1097153, curI 214748 - rtmpquic.go:283
2026/03/12 14:38:07.101525 [22;36m INFO[0m UNKEYBEHIND 31,limit:0 - rtmpquic.go:284
2026/03/12 14:38:07.101529 [22;34mDEBUG[0m 31 p frame 18114 - rtmpquic.go:294
2026/03/12 14:38:07.101538 [22;34mDEBUG[0m 
chunk:1713 chunk-dur:34ms, timestamp:57067 - rtmpquic.go:220
2026/03/12 14:38:07.134605 [22;34mDEBUG[0m Return monitor from  scheduler : , bw flag : false, limit : 0 - rtmpquic.go:249
2026/03/12 14:38:07.134629 [22;36m INFO[0m IframeComing false, resideSizeInGOP 817599, meanGOP 1.920123e+06, meanI 241969, curgop 1102524, curI 214748 - rtmpquic.go:283
2026/03/12 14:38:07.134633 [22;36m INFO[0m UNKEYBEHIND 32,limit:0 - rtmpquic.go:284
2026/03/12 14:38:07.134637 [22;34mDEBUG[0m 32 p frame 5371 - rtmpquic.go:294
2026/03/12 14:38:07.134769 [22;34mDEBUG[0m 
chunk:1714 chunk-dur:33ms, timestamp:57100 - rtmpquic.go:220
2026/03/12 14:38:07.163276 [22;34mDEBUG[0m bitrate:6.338399 Mbps - client_session.go:438
2026/03/12 14:38:07.168486 [22;34mDEBUG[0m Return monitor from  scheduler : , bw flag : false, limit : 0 - rtmpquic.go:249
2026/03/12 14:38:07.168501 [22;36m INFO[0m IframeComing false, resideSizeInGOP 813474, meanGOP 1.920123e+06, meanI 241969, curgop 1106649, curI 214748 - rtmpquic.go:283
2026/03/12 14:38:07.168505 [22;36m INFO[0m UNKEYBEHIND 33,limit:0 - rtmpquic.go:284
2026/03/12 14:38:07.168508 [22;34mDEBUG[0m 33 p frame 4125 - rtmpquic.go:294
2026/03/12 14:38:07.168633 [22;34mDEBUG[0m 
chunk:1715 chunk-dur:34ms, timestamp:57134 - rtmpquic.go:220
2026/03/12 14:38:07.202933 [22;34mDEBUG[0m Return monitor from  scheduler : , bw flag : false, limit : 0 - rtmpquic.go:249
2026/03/12 14:38:07.202971 [22;36m INFO[0m IframeComing false, resideSizeInGOP 773673, meanGOP 1.920123e+06, meanI 241969, curgop 1146450, curI 214748 - rtmpquic.go:283
2026/03/12 14:38:07.202976 [22;36m INFO[0m UNKEYBEHIND 34,limit:0 - rtmpquic.go:284
2026/03/12 14:38:07.202980 [22;34mDEBUG[0m 34 p frame 39801 - rtmpquic.go:294
2026/03/12 14:38:07.203006 [22;34mDEBUG[0m 
chunk:1716 chunk-dur:35ms, timestamp:57167 - rtmpquic.go:220
2026/03/12 14:38:07.234779 [22;34mDEBUG[0m Return monitor from  scheduler : , bw flag : false, limit : 0 - rtmpquic.go:249
2026/03/12 14:38:07.234808 [22;36m INFO[0m IframeComing false, resideSizeInGOP 770059, meanGOP 1.920123e+06, meanI 241969, curgop 1150064, curI 214748 - rtmpquic.go:283
2026/03/12 14:38:07.234837 [22;36m INFO[0m UNKEYBEHIND 35,limit:0 - rtmpquic.go:284
2026/03/12 14:38:07.234841 [22;34mDEBUG[0m 35 p frame 3614 - rtmpquic.go:294
2026/03/12 14:38:07.234979 [22;34mDEBUG[0m 
chunk:1717 chunk-dur:31ms, timestamp:57200 - rtmpquic.go:220
2026/03/12 14:38:07.271709 [22;34mDEBUG[0m Return monitor from  scheduler : , bw flag : false, limit : 0 - rtmpquic.go:249
2026/03/12 14:38:07.271756 [22;36m INFO[0m IframeComing false, resideSizeInGOP 728250, meanGOP 1.920123e+06, meanI 241969, curgop 1191873, curI 214748 - rtmpquic.go:283
2026/03/12 14:38:07.271776 [22;36m INFO[0m UNKEYBEHIND 36,limit:0 - rtmpquic.go:284
2026/03/12 14:38:07.271780 [22;34mDEBUG[0m 36 p frame 41809 - rtmpquic.go:294
2026/03/12 14:38:07.271805 [22;34mDEBUG[0m 
chunk:1718 chunk-dur:37ms, timestamp:57234 - rtmpquic.go:220
2026/03/12 14:38:07.302368 [22;34mDEBUG[0m Return monitor from  scheduler : , bw flag : false, limit : 0 - rtmpquic.go:249
2026/03/12 14:38:07.302394 [22;36m INFO[0m IframeComing false, resideSizeInGOP 723840, meanGOP 1.920123e+06, meanI 241969, curgop 1196283, curI 214748 - rtmpquic.go:283
2026/03/12 14:38:07.302398 [22;36m INFO[0m UNKEYBEHIND 37,limit:0 - rtmpquic.go:284
2026/03/12 14:38:07.302401 [22;34mDEBUG[0m 37 p frame 4410 - rtmpquic.go:294
2026/03/12 14:38:07.302468 [22;34mDEBUG[0m 
chunk:1719 chunk-dur:31ms, timestamp:57267 - rtmpquic.go:220
2026/03/12 14:38:07.336052 [22;34mDEBUG[0m Return monitor from  scheduler : , bw flag : false, limit : 0 - rtmpquic.go:249
2026/03/12 14:38:07.336080 [22;36m INFO[0m IframeComing false, resideSizeInGOP 676267, meanGOP 1.920123e+06, meanI 241969, curgop 1243856, curI 214748 - rtmpquic.go:283
2026/03/12 14:38:07.336089 [22;36m INFO[0m UNKEYBEHIND 38,limit:0 - rtmpquic.go:284
2026/03/12 14:38:07.336093 [22;34mDEBUG[0m 38 p frame 47573 - rtmpquic.go:294
2026/03/12 14:38:07.336100 [22;34mDEBUG[0m 
chunk:1720 chunk-dur:34ms, timestamp:57300 - rtmpquic.go:220
2026/03/12 14:38:07.368150 [22;34mDEBUG[0m Return monitor from  scheduler : , bw flag : false, limit : 0 - rtmpquic.go:249
2026/03/12 14:38:07.368238 [22;36m INFO[0m IframeComing false, resideSizeInGOP 671092, meanGOP 1.920123e+06, meanI 241969, curgop 1249031, curI 214748 - rtmpquic.go:283
2026/03/12 14:38:07.368246 [22;36m INFO[0m UNKEYBEHIND 39,limit:0 - rtmpquic.go:284
2026/03/12 14:38:07.368250 [22;34mDEBUG[0m 39 p frame 5175 - rtmpquic.go:294
2026/03/12 14:38:07.368290 [22;34mDEBUG[0m 
chunk:1721 chunk-dur:32ms, timestamp:57334 - rtmpquic.go:220
2026/03/12 14:38:07.401936 [22;34mDEBUG[0m Return monitor from  scheduler : , bw flag : false, limit : 0 - rtmpquic.go:249
2026/03/12 14:38:07.401967 [22;36m INFO[0m IframeComing false, resideSizeInGOP 629568, meanGOP 1.920123e+06, meanI 241969, curgop 1290555, curI 214748 - rtmpquic.go:283
2026/03/12 14:38:07.401971 [22;36m INFO[0m UNKEYBEHIND 40,limit:0 - rtmpquic.go:284
2026/03/12 14:38:07.401975 [22;34mDEBUG[0m 40 p frame 41524 - rtmpquic.go:294
2026/03/12 14:38:07.401994 [22;34mDEBUG[0m 
chunk:1722 chunk-dur:33ms, timestamp:57367 - rtmpquic.go:220
2026/03/12 14:38:07.436054 [22;34mDEBUG[0m Return monitor from  scheduler : , bw flag : false, limit : 0 - rtmpquic.go:249
2026/03/12 14:38:07.436075 [22;36m INFO[0m IframeComing false, resideSizeInGOP 624598, meanGOP 1.920123e+06, meanI 241969, curgop 1295525, curI 214748 - rtmpquic.go:283
2026/03/12 14:38:07.436080 [22;36m INFO[0m UNKEYBEHIND 41,limit:0 - rtmpquic.go:284
2026/03/12 14:38:07.436083 [22;34mDEBUG[0m 41 p frame 4970 - rtmpquic.go:294
2026/03/12 14:38:07.436128 [22;34mDEBUG[0m 
chunk:1723 chunk-dur:35ms, timestamp:57400 - rtmpquic.go:220
2026/03/12 14:38:07.467154 [22;34mDEBUG[0m Return monitor from  scheduler : , bw flag : false, limit : 0 - rtmpquic.go:249
2026/03/12 14:38:07.467240 [22;36m INFO[0m IframeComing false, resideSizeInGOP 574403, meanGOP 1.920123e+06, meanI 241969, curgop 1345720, curI 214748 - rtmpquic.go:283
2026/03/12 14:38:07.467245 [22;36m INFO[0m UNKEYBEHIND 42,limit:0 - rtmpquic.go:284
2026/03/12 14:38:07.467249 [22;34mDEBUG[0m 42 p frame 50195 - rtmpquic.go:294
2026/03/12 14:38:07.467538 [22;34mDEBUG[0m 
chunk:1724 chunk-dur:31ms, timestamp:57434 - rtmpquic.go:220
2026/03/12 14:38:07.502038 [22;34mDEBUG[0m Return monitor from  scheduler : , bw flag : false, limit : 0 - rtmpquic.go:249
2026/03/12 14:38:07.502065 [22;36m INFO[0m IframeComing false, resideSizeInGOP 569889, meanGOP 1.920123e+06, meanI 241969, curgop 1350234, curI 214748 - rtmpquic.go:283
2026/03/12 14:38:07.502070 [22;36m INFO[0m UNKEYBEHIND 43,limit:0 - rtmpquic.go:284
2026/03/12 14:38:07.502073 [22;34mDEBUG[0m 43 p frame 4514 - rtmpquic.go:294
2026/03/12 14:38:07.502136 [22;34mDEBUG[0m 
chunk:1725 chunk-dur:35ms, timestamp:57467 - rtmpquic.go:220
2026/03/12 14:38:07.535173 [22;34mDEBUG[0m Return monitor from  scheduler : , bw flag : false, limit : 0 - rtmpquic.go:249
2026/03/12 14:38:07.535199 [22;36m INFO[0m IframeComing false, resideSizeInGOP 490016, meanGOP 1.920123e+06, meanI 241969, curgop 1430107, curI 214748 - rtmpquic.go:283
2026/03/12 14:38:07.535204 [22;36m INFO[0m UNKEYBEHIND 44,limit:0 - rtmpquic.go:284
2026/03/12 14:38:07.535208 [22;34mDEBUG[0m 44 p frame 79873 - rtmpquic.go:294
2026/03/12 14:38:07.535259 [22;34mDEBUG[0m 
chunk:1726 chunk-dur:33ms, timestamp:57500 - rtmpquic.go:220
2026/03/12 14:38:07.568070 [22;34mDEBUG[0m Return monitor from  scheduler : , bw flag : false, limit : 0 - rtmpquic.go:249
2026/03/12 14:38:07.568090 [22;36m INFO[0m IframeComing false, resideSizeInGOP 473639, meanGOP 1.920123e+06, meanI 241969, curgop 1446484, curI 214748 - rtmpquic.go:283
2026/03/12 14:38:07.568094 [22;36m INFO[0m UNKEYBEHIND 45,limit:0 - rtmpquic.go:284
2026/03/12 14:38:07.568099 [22;34mDEBUG[0m 45 p frame 16377 - rtmpquic.go:294
2026/03/12 14:38:07.568106 [22;34mDEBUG[0m 
chunk:1727 chunk-dur:33ms, timestamp:57534 - rtmpquic.go:220
2026/03/12 14:38:07.601732 [22;34mDEBUG[0m Return monitor from  scheduler : , bw flag : false, limit : 0 - rtmpquic.go:249
2026/03/12 14:38:07.601755 [22;36m INFO[0m IframeComing false, resideSizeInGOP 467942, meanGOP 1.920123e+06, meanI 241969, curgop 1452181, curI 214748 - rtmpquic.go:283
2026/03/12 14:38:07.601760 [22;36m INFO[0m UNKEYBEHIND 46,limit:0 - rtmpquic.go:284
2026/03/12 14:38:07.601763 [22;34mDEBUG[0m 46 p frame 5697 - rtmpquic.go:294
2026/03/12 14:38:07.601771 [22;34mDEBUG[0m 
chunk:1728 chunk-dur:33ms, timestamp:57567 - rtmpquic.go:220
2026/03/12 14:38:07.635856 [22;34mDEBUG[0m Return monitor from  scheduler : , bw flag : false, limit : 0 - rtmpquic.go:249
2026/03/12 14:38:07.636198 [22;36m INFO[0m IframeComing false, resideSizeInGOP 463113, meanGOP 1.920123e+06, meanI 241969, curgop 1457010, curI 214748 - rtmpquic.go:283
2026/03/12 14:38:07.636210 [22;36m INFO[0m UNKEYBEHIND 47,limit:0 - rtmpquic.go:284
2026/03/12 14:38:07.636214 [22;34mDEBUG[0m 47 p frame 4829 - rtmpquic.go:294
2026/03/12 14:38:07.636330 [22;34mDEBUG[0m 
chunk:1729 chunk-dur:35ms, timestamp:57600 - rtmpquic.go:220
2026/03/12 14:38:07.667680 [22;34mDEBUG[0m Return monitor from  scheduler : , bw flag : false, limit : 0 - rtmpquic.go:249
2026/03/12 14:38:07.667709 [22;36m INFO[0m IframeComing false, resideSizeInGOP 424147, meanGOP 1.920123e+06, meanI 241969, curgop 1495976, curI 214748 - rtmpquic.go:283
2026/03/12 14:38:07.667714 [22;36m INFO[0m UNKEYBEHIND 48,limit:0 - rtmpquic.go:284
2026/03/12 14:38:07.667718 [22;34mDEBUG[0m 48 p frame 38966 - rtmpquic.go:294
2026/03/12 14:38:07.667758 [22;34mDEBUG[0m 
chunk:1730 chunk-dur:31ms, timestamp:57634 - rtmpquic.go:220
2026/03/12 14:38:07.702249 [22;34mDEBUG[0m Return monitor from  scheduler : , bw flag : false, limit : 0 - rtmpquic.go:249
2026/03/12 14:38:07.702271 [22;36m INFO[0m IframeComing false, resideSizeInGOP 407338, meanGOP 1.920123e+06, meanI 241969, curgop 1512785, curI 214748 - rtmpquic.go:283
2026/03/12 14:38:07.702275 [22;36m INFO[0m UNKEYBEHIND 49,limit:0 - rtmpquic.go:284
2026/03/12 14:38:07.702279 [22;34mDEBUG[0m 49 p frame 16809 - rtmpquic.go:294
2026/03/12 14:38:07.702304 [22;34mDEBUG[0m 
chunk:1731 chunk-dur:35ms, timestamp:57667 - rtmpquic.go:220
2026/03/12 14:38:07.734996 [22;34mDEBUG[0m Return monitor from  scheduler : , bw flag : false, limit : 0 - rtmpquic.go:249
2026/03/12 14:38:07.735020 [22;36m INFO[0m IframeComing false, resideSizeInGOP 401866, meanGOP 1.920123e+06, meanI 241969, curgop 1518257, curI 214748 - rtmpquic.go:283
2026/03/12 14:38:07.735024 [22;36m INFO[0m UNKEYBEHIND 50,limit:0 - rtmpquic.go:284
2026/03/12 14:38:07.735028 [22;34mDEBUG[0m 50 p frame 5472 - rtmpquic.go:294
2026/03/12 14:38:07.735057 [22;34mDEBUG[0m 
chunk:1732 chunk-dur:33ms, timestamp:57700 - rtmpquic.go:220
2026/03/12 14:38:07.767663 [22;34mDEBUG[0m Return monitor from  scheduler : , bw flag : false, limit : 0 - rtmpquic.go:249
2026/03/12 14:38:07.767686 [22;36m INFO[0m IframeComing false, resideSizeInGOP 395201, meanGOP 1.920123e+06, meanI 241969, curgop 1524922, curI 214748 - rtmpquic.go:283
2026/03/12 14:38:07.767691 [22;36m INFO[0m UNKEYBEHIND 51,limit:0 - rtmpquic.go:284
2026/03/12 14:38:07.767694 [22;34mDEBUG[0m 51 p frame 6665 - rtmpquic.go:294
2026/03/12 14:38:07.767749 [22;34mDEBUG[0m 
chunk:1733 chunk-dur:32ms, timestamp:57734 - rtmpquic.go:220
2026/03/12 14:38:07.801840 [22;34mDEBUG[0m Return monitor from  scheduler : , bw flag : false, limit : 0 - rtmpquic.go:249
2026/03/12 14:38:07.801930 [22;36m INFO[0m IframeComing false, resideSizeInGOP 379431, meanGOP 1.920123e+06, meanI 241969, curgop 1540692, curI 214748 - rtmpquic.go:283
2026/03/12 14:38:07.801938 [22;36m INFO[0m UNKEYBEHIND 52,limit:0 - rtmpquic.go:284
2026/03/12 14:38:07.801942 [22;34mDEBUG[0m 52 p frame 15770 - rtmpquic.go:294
2026/03/12 14:38:07.801957 [22;34mDEBUG[0m 
chunk:1734 chunk-dur:34ms, timestamp:57767 - rtmpquic.go:220
2026/03/12 14:38:07.835199 [22;34mDEBUG[0m Return monitor from  scheduler : , bw flag : false, limit : 0 - rtmpquic.go:249
2026/03/12 14:38:07.835227 [22;36m INFO[0m IframeComing false, resideSizeInGOP 372049, meanGOP 1.920123e+06, meanI 241969, curgop 1548074, curI 214748 - rtmpquic.go:283
2026/03/12 14:38:07.835232 [22;36m INFO[0m UNKEYBEHIND 53,limit:0 - rtmpquic.go:284
2026/03/12 14:38:07.835235 [22;34mDEBUG[0m 53 p frame 7382 - rtmpquic.go:294
2026/03/12 14:38:07.835257 [22;34mDEBUG[0m 
chunk:1735 chunk-dur:34ms, timestamp:57767 - rtmpquic.go:220
2026/03/12 14:38:07.835260 [22;34mDEBUG[0m Return monitor from  scheduler : , bw flag : false, limit : 0 - rtmpquic.go:249
2026/03/12 14:38:07.835263 [22;36m INFO[0m IframeComing false, resideSizeInGOP 372032, meanGOP 1.920123e+06, meanI 241969, curgop 1548091, curI 214748 - rtmpquic.go:283
2026/03/12 14:38:07.835266 [22;36m INFO[0m UNKEYBEHIND 54,limit:0 - rtmpquic.go:284
2026/03/12 14:38:07.835269 [22;34mDEBUG[0m 54 p frame 17 - rtmpquic.go:294
2026/03/12 14:38:07.835275 [22;36m INFO[0m mean key frame size : 241030, num: 29 
 mean p frame size : 28307 , num : 1707
 - rtmpquic.go:372
2026/03/12 14:38:08.164330 [22;34mDEBUG[0m bitrate:3.395841 Mbps - client_session.go:438
2026/03/12 14:38:09.165365 [22;34mDEBUG[0m bitrate:0.000000 Mbps - client_session.go:438
2026/03/12 14:38:10.166366 [22;36m INFO[0m mean write bitrate:7.019623 Mbps - client_session.go:447
2026/03/12 14:38:10.166639 [22;34mDEBUG[0m bitrate:0.000000 Mbps - client_session.go:438
2026/03/12 14:38:11.170492 [22;34mDEBUG[0m bitrate:0.000000 Mbps - client_session.go:438
2026/03/12 14:38:12.172592 [22;34mDEBUG[0m bitrate:0.000000 Mbps - client_session.go:438
2026/03/12 14:38:13.173765 [22;34mDEBUG[0m bitrate:0.000000 Mbps - client_session.go:438
2026/03/12 14:38:14.175067 [22;34mDEBUG[0m bitrate:0.000000 Mbps - client_session.go:438
2026/03/12 14:38:15.178676 [22;34mDEBUG[0m bitrate:0.000000 Mbps - client_session.go:438
2026/03/12 14:38:16.180995 [22;34mDEBUG[0m bitrate:0.000000 Mbps - client_session.go:438
2026/03/12 14:38:17.181920 [22;34mDEBUG[0m bitrate:0.000000 Mbps - client_session.go:438
2026/03/12 14:38:18.182287 [22;34mDEBUG[0m bitrate:0.000000 Mbps - client_session.go:438
2026/03/12 14:38:19.184604 [22;34mDEBUG[0m bitrate:0.000000 Mbps - client_session.go:438
2026/03/12 14:38:20.187070 [22;36m INFO[0m mean write bitrate:6.016819 Mbps - client_session.go:447
2026/03/12 14:38:20.187123 [22;34mDEBUG[0m bitrate:0.000000 Mbps - client_session.go:438
