true dispatch /home/mininet/Videos/pulled_test.flv true false false
2026/03/12 14:37:16.928510 [22;34mDEBUG[0m protocol = quic - rtmpquic.go:36

2026/03/12 14:37:16.928653 [22;34mDEBUG[0m [monitor]sess :<nil> - rtmpquic.go:44
2026/03/12 14:37:16.929160 [22;36m INFO[0m [RTMPPULL1] lifecycle new rtmp ClientSession. session=0x4000114240 - client_session.go:135
2026/03/12 14:37:16.929168 [22;34mDEBUG[0m [RTMPPULL1] Do. url=rtmp://127.0.0.1/live/test - client_session.go:141
2026/03/12 14:37:16.929210 [22;36m INFO[0m [RTMPPULL1] > tcp connect. protocol:quic - client_session.go:354
&{[512 39 38 37] false 10s 30s <nil> 16777216 25165824 false false true dispatch false false}2026/03/12 14:37:16.947348 [22;34mDEBUG[0m [NAZACONN1] lifecycle new connection. net.Conn=0x40001e4000, naza.Connection=0x40001e6000 - connection.go:158
2026/03/12 14:37:16.947375 [22;36m INFO[0m [RTMPPULL1] > W Handshake C0+C1. - client_session.go:388
2026/03/12 14:37:16.948384 [22;36m INFO[0m [RTMPPULL1] < R Handshake S0+S1. - client_session.go:396
2026/03/12 14:37:16.948389 [22;36m INFO[0m [RTMPPULL1] > W Handshake C2. - client_session.go:398
2026/03/12 14:37:16.948427 [22;36m INFO[0m [RTMPPULL1] < R Handshake S2. - client_session.go:406
2026/03/12 14:37:16.948431 [22;36m INFO[0m [RTMPPULL1] > W SetChunkSize 4096. - client_session.go:294
2026/03/12 14:37:16.948439 [22;36m INFO[0m [RTMPPULL1] > W connect('live'). tcUrl=rtmp://127.0.0.1/live - client_session.go:300
2026/03/12 14:37:16.948484 [22;34mDEBUG[0m bitrate:0.000000 Mbps - client_session.go:438
2026/03/12 14:37:16.948693 [22;36m INFO[0m [RTMPPULL1] < R Window Acknowledgement Size: 5000000 - client_session.go:627
2026/03/12 14:37:16.948704 [22;34mDEBUG[0m chunk:1,chunk-dur:0, timestamp:0, od:0 - chunk_composer.go:299
2026/03/12 14:37:16.948727 [22;33m WARN[0m [RTMPPULL1] < R Set Peer Bandwidth. ignore. - client_session.go:630
2026/03/12 14:37:16.948733 [22;34mDEBUG[0m chunk:2,chunk-dur:0, timestamp:0, od:0 - chunk_composer.go:299
2026/03/12 14:37:16.948746 [22;36m INFO[0m [RTMPPULL1] < R Set Chunk Size 4096. - client_session.go:633
2026/03/12 14:37:16.948752 [22;34mDEBUG[0m chunk:3,chunk-dur:0, timestamp:0, od:0 - chunk_composer.go:299
2026/03/12 14:37:16.948848 [22;36m INFO[0m [RTMPPULL1] < R _result("NetConnection.Connect.Success"). - client_session.go:583
2026/03/12 14:37:16.948857 [22;36m INFO[0m [RTMPPULL1] > W createStream(). - client_session.go:584
2026/03/12 14:37:16.948973 [22;34mDEBUG[0m chunk:4,chunk-dur:0, timestamp:0, od:0 - chunk_composer.go:299
2026/03/12 14:37:16.949134 [22;36m INFO[0m [RTMPPULL1] < R _result(). - client_session.go:600
2026/03/12 14:37:16.949161 [22;36m INFO[0m [RTMPPULL1] > W play('test'). - client_session.go:603
2026/03/12 14:37:16.949187 [22;34mDEBUG[0m chunk:5,chunk-dur:1, timestamp:0, od:0 - chunk_composer.go:299
2026/03/12 14:37:16.949377 [22;33m WARN[0m [RTMPPULL1] read user control message, ignore. buf=00000000  00 04 00 00 00 01                                 |......|
 - client_session.go:471
2026/03/12 14:37:16.949384 [22;34mDEBUG[0m chunk:6,chunk-dur:0, timestamp:0, od:0 - chunk_composer.go:299
2026/03/12 14:37:16.949390 [22;33m WARN[0m [RTMPPULL1] read user control message, ignore. buf=00000000  00 00 00 00 00 01                                 |......|
 - client_session.go:471
2026/03/12 14:37:16.949391 [22;34mDEBUG[0m chunk:7,chunk-dur:0, timestamp:0, od:0 - chunk_composer.go:299
2026/03/12 14:37:16.949397 [22;36m INFO[0m [RTMPPULL1] < R onStatus('NetStream.Play.Start'). - client_session.go:556
2026/03/12 14:37:16.949531 [22;34mDEBUG[0m chunk:8,chunk-dur:0, timestamp:0, od:0 - chunk_composer.go:299
2026/03/12 14:37:16.971187 [22;34mDEBUG[0m chunk:9,chunk-dur:22, timestamp:0, od:1 - chunk_composer.go:299
2026/03/12 14:37:16.971206 [22;34mDEBUG[0m chunk:10,chunk-dur:0, timestamp:0, od:1 - chunk_composer.go:299
2026/03/12 14:37:16.971225 [22;34mDEBUG[0m chunk:11,chunk-dur:0, timestamp:6867, od:1 - chunk_composer.go:299
2026/03/12 14:37:17.003264 [22;34mDEBUG[0m chunk:12,chunk-dur:32, timestamp:6900, od:2 - chunk_composer.go:299
2026/03/12 14:37:17.006006 [22;34mDEBUG[0m reserve. newLen=69632(0, 0), need=(54508 -> 65536), cap=(4096 -> 69632) - stream.go:75
2026/03/12 14:37:17.007552 [22;34mDEBUG[0m chunk:13,chunk-dur:4, timestamp:6934, od:2 - chunk_composer.go:299
2026/03/12 14:37:17.037077 [22;34mDEBUG[0m chunk:14,chunk-dur:30, timestamp:6967, od:3 - chunk_composer.go:299
2026/03/12 14:37:17.102919 [22;34mDEBUG[0m chunk:15,chunk-dur:65, timestamp:7000, od:4 - chunk_composer.go:299
2026/03/12 14:37:17.138235 [22;34mDEBUG[0m chunk:16,chunk-dur:36, timestamp:7034, od:5 - chunk_composer.go:299
2026/03/12 14:37:17.139532 [22;34mDEBUG[0m chunk:17,chunk-dur:1, timestamp:7067, od:5 - chunk_composer.go:299
2026/03/12 14:37:17.169617 [22;34mDEBUG[0m chunk:18,chunk-dur:30, timestamp:7100, od:6 - chunk_composer.go:299
2026/03/12 14:37:17.235530 [22;34mDEBUG[0m chunk:19,chunk-dur:66, timestamp:7134, od:7 - chunk_composer.go:299
2026/03/12 14:37:17.269308 [22;34mDEBUG[0m chunk:20,chunk-dur:34, timestamp:7167, od:8 - chunk_composer.go:299
2026/03/12 14:37:17.272092 [22;34mDEBUG[0m chunk:21,chunk-dur:3, timestamp:7200, od:8 - chunk_composer.go:299
2026/03/12 14:37:17.303353 [22;34mDEBUG[0m chunk:22,chunk-dur:31, timestamp:7234, od:9 - chunk_composer.go:299
2026/03/12 14:37:17.369223 [22;34mDEBUG[0m chunk:23,chunk-dur:66, timestamp:7267, od:10 - chunk_composer.go:299
2026/03/12 14:37:17.403477 [22;34mDEBUG[0m chunk:24,chunk-dur:34, timestamp:7300, od:11 - chunk_composer.go:299
2026/03/12 14:37:17.404849 [22;34mDEBUG[0m chunk:25,chunk-dur:1, timestamp:7334, od:11 - chunk_composer.go:299
2026/03/12 14:37:17.437113 [22;34mDEBUG[0m chunk:26,chunk-dur:33, timestamp:7367, od:12 - chunk_composer.go:299
2026/03/12 14:37:17.503801 [22;34mDEBUG[0m chunk:27,chunk-dur:66, timestamp:7400, od:13 - chunk_composer.go:299
2026/03/12 14:37:17.536703 [22;34mDEBUG[0m chunk:28,chunk-dur:33, timestamp:7434, od:14 - chunk_composer.go:299
2026/03/12 14:37:17.537967 [22;34mDEBUG[0m chunk:29,chunk-dur:1, timestamp:7467, od:14 - chunk_composer.go:299
2026/03/12 14:37:17.569311 [22;34mDEBUG[0m chunk:30,chunk-dur:32, timestamp:7500, od:15 - chunk_composer.go:299
2026/03/12 14:37:17.602847 [22;34mDEBUG[0m chunk:31,chunk-dur:33, timestamp:7534, od:16 - chunk_composer.go:299
2026/03/12 14:37:17.669461 [22;34mDEBUG[0m chunk:32,chunk-dur:67, timestamp:7567, od:17 - chunk_composer.go:299
2026/03/12 14:37:17.672458 [22;34mDEBUG[0m chunk:33,chunk-dur:3, timestamp:7600, od:17 - chunk_composer.go:299
2026/03/12 14:37:17.703081 [22;34mDEBUG[0m chunk:34,chunk-dur:31, timestamp:7634, od:18 - chunk_composer.go:299
2026/03/12 14:37:17.769776 [22;34mDEBUG[0m chunk:35,chunk-dur:66, timestamp:7667, od:19 - chunk_composer.go:299
2026/03/12 14:37:17.804400 [22;34mDEBUG[0m chunk:36,chunk-dur:35, timestamp:7700, od:20 - chunk_composer.go:299
2026/03/12 14:37:17.809757 [22;34mDEBUG[0m chunk:37,chunk-dur:5, timestamp:7734, od:20 - chunk_composer.go:299
2026/03/12 14:37:17.836327 [22;34mDEBUG[0m chunk:38,chunk-dur:27, timestamp:7767, od:21 - chunk_composer.go:299
2026/03/12 14:37:17.906759 [22;34mDEBUG[0m chunk:39,chunk-dur:70, timestamp:7800, od:22 - chunk_composer.go:299
2026/03/12 14:37:17.939215 [22;34mDEBUG[0m chunk:40,chunk-dur:33, timestamp:7834, od:23 - chunk_composer.go:299
2026/03/12 14:37:17.940202 [22;34mDEBUG[0m chunk:41,chunk-dur:1, timestamp:7867, od:23 - chunk_composer.go:299
2026/03/12 14:37:17.949046 [22;34mDEBUG[0m bitrate:4.372931 Mbps - client_session.go:438
2026/03/12 14:37:17.969454 [22;34mDEBUG[0m chunk:42,chunk-dur:29, timestamp:7900, od:24 - chunk_composer.go:299
2026/03/12 14:37:18.035387 [22;34mDEBUG[0m chunk:43,chunk-dur:66, timestamp:7934, od:25 - chunk_composer.go:299
2026/03/12 14:37:18.071120 [22;34mDEBUG[0m chunk:44,chunk-dur:36, timestamp:7967, od:26 - chunk_composer.go:299
2026/03/12 14:37:18.080149 [22;34mDEBUG[0m reserve. newLen=626688(0, 0), need=(278876 -> 557056), cap=(69632 -> 626688) - stream.go:75
2026/03/12 14:37:18.085232 [22;34mDEBUG[0m chunk:45,chunk-dur:14, timestamp:8000, od:26 - chunk_composer.go:299
2026/03/12 14:37:18.104420 [22;34mDEBUG[0m chunk:46,chunk-dur:19, timestamp:8034, od:27 - chunk_composer.go:299
2026/03/12 14:37:18.136246 [22;34mDEBUG[0m chunk:47,chunk-dur:32, timestamp:8067, od:28 - chunk_composer.go:299
2026/03/12 14:37:18.169050 [22;34mDEBUG[0m chunk:48,chunk-dur:33, timestamp:8100, od:29 - chunk_composer.go:299
2026/03/12 14:37:18.202400 [22;34mDEBUG[0m chunk:49,chunk-dur:33, timestamp:8134, od:30 - chunk_composer.go:299
2026/03/12 14:37:18.238367 [22;34mDEBUG[0m chunk:50,chunk-dur:36, timestamp:8167, od:31 - chunk_composer.go:299
2026/03/12 14:37:18.269960 [22;34mDEBUG[0m chunk:51,chunk-dur:31, timestamp:8200, od:32 - chunk_composer.go:299
2026/03/12 14:37:18.302750 [22;34mDEBUG[0m chunk:52,chunk-dur:33, timestamp:8234, od:33 - chunk_composer.go:299
2026/03/12 14:37:18.335483 [22;34mDEBUG[0m chunk:53,chunk-dur:33, timestamp:8267, od:34 - chunk_composer.go:299
2026/03/12 14:37:18.371268 [22;34mDEBUG[0m chunk:54,chunk-dur:36, timestamp:8300, od:35 - chunk_composer.go:299
2026/03/12 14:37:18.403354 [22;34mDEBUG[0m chunk:55,chunk-dur:32, timestamp:8334, od:36 - chunk_composer.go:299
2026/03/12 14:37:18.436110 [22;34mDEBUG[0m chunk:56,chunk-dur:33, timestamp:8367, od:37 - chunk_composer.go:299
2026/03/12 14:37:18.473635 [22;34mDEBUG[0m chunk:57,chunk-dur:37, timestamp:8400, od:38 - chunk_composer.go:299
2026/03/12 14:37:18.503596 [22;34mDEBUG[0m chunk:58,chunk-dur:30, timestamp:8434, od:39 - chunk_composer.go:299
2026/03/12 14:37:18.536266 [22;34mDEBUG[0m chunk:59,chunk-dur:33, timestamp:8467, od:40 - chunk_composer.go:299
2026/03/12 14:37:18.569096 [22;34mDEBUG[0m chunk:60,chunk-dur:33, timestamp:8500, od:41 - chunk_composer.go:299
2026/03/12 14:37:18.604240 [22;34mDEBUG[0m chunk:61,chunk-dur:35, timestamp:8534, od:42 - chunk_composer.go:299
2026/03/12 14:37:18.635610 [22;34mDEBUG[0m chunk:62,chunk-dur:31, timestamp:8567, od:43 - chunk_composer.go:299
2026/03/12 14:37:18.669061 [22;34mDEBUG[0m chunk:63,chunk-dur:34, timestamp:8600, od:44 - chunk_composer.go:299
2026/03/12 14:37:18.706068 [22;34mDEBUG[0m chunk:64,chunk-dur:37, timestamp:8634, od:45 - chunk_composer.go:299
2026/03/12 14:37:18.736512 [22;34mDEBUG[0m chunk:65,chunk-dur:30, timestamp:8667, od:46 - chunk_composer.go:299
2026/03/12 14:37:18.771408 [22;34mDEBUG[0m chunk:66,chunk-dur:35, timestamp:8700, od:47 - chunk_composer.go:299
2026/03/12 14:37:18.805479 [22;34mDEBUG[0m chunk:67,chunk-dur:34, timestamp:8734, od:48 - chunk_composer.go:299
2026/03/12 14:37:18.839613 [22;34mDEBUG[0m chunk:68,chunk-dur:34, timestamp:8767, od:49 - chunk_composer.go:299
2026/03/12 14:37:18.868825 [22;34mDEBUG[0m chunk:69,chunk-dur:29, timestamp:8800, od:50 - chunk_composer.go:299
2026/03/12 14:37:18.902638 [22;34mDEBUG[0m chunk:70,chunk-dur:34, timestamp:8834, od:51 - chunk_composer.go:299
2026/03/12 14:37:18.935345 [22;34mDEBUG[0m chunk:71,chunk-dur:33, timestamp:8867, od:52 - chunk_composer.go:299
2026/03/12 14:37:18.949989 [22;34mDEBUG[0m bitrate:6.650223 Mbps - client_session.go:438
2026/03/12 14:37:18.971464 [22;34mDEBUG[0m chunk:72,chunk-dur:36, timestamp:8900, od:53 - chunk_composer.go:299
2026/03/12 14:37:19.003518 [22;34mDEBUG[0m chunk:73,chunk-dur:32, timestamp:8934, od:54 - chunk_composer.go:299
2026/03/12 14:37:19.037112 [22;34mDEBUG[0m chunk:74,chunk-dur:34, timestamp:8967, od:55 - chunk_composer.go:299
2026/03/12 14:37:19.070985 [22;34mDEBUG[0m chunk:75,chunk-dur:33, timestamp:9000, od:56 - chunk_composer.go:299
2026/03/12 14:37:19.104204 [22;34mDEBUG[0m chunk:76,chunk-dur:34, timestamp:9034, od:57 - chunk_composer.go:299
2026/03/12 14:37:19.135018 [22;34mDEBUG[0m chunk:77,chunk-dur:31, timestamp:9067, od:58 - chunk_composer.go:299
2026/03/12 14:37:19.168663 [22;34mDEBUG[0m chunk:78,chunk-dur:33, timestamp:9100, od:59 - chunk_composer.go:299
2026/03/12 14:37:19.204967 [22;34mDEBUG[0m chunk:79,chunk-dur:36, timestamp:9134, od:60 - chunk_composer.go:299
2026/03/12 14:37:19.236014 [22;34mDEBUG[0m chunk:80,chunk-dur:32, timestamp:9167, od:61 - chunk_composer.go:299
2026/03/12 14:37:19.269693 [22;34mDEBUG[0m chunk:81,chunk-dur:33, timestamp:9200, od:62 - chunk_composer.go:299
2026/03/12 14:37:19.303290 [22;34mDEBUG[0m chunk:82,chunk-dur:34, timestamp:9234, od:63 - chunk_composer.go:299
2026/03/12 14:37:19.338761 [22;34mDEBUG[0m chunk:83,chunk-dur:35, timestamp:9267, od:64 - chunk_composer.go:299
2026/03/12 14:37:19.368461 [22;34mDEBUG[0m chunk:84,chunk-dur:30, timestamp:9300, od:65 - chunk_composer.go:299
2026/03/12 14:37:19.405471 [22;34mDEBUG[0m chunk:85,chunk-dur:37, timestamp:9334, od:66 - chunk_composer.go:299
2026/03/12 14:37:19.436047 [22;34mDEBUG[0m chunk:86,chunk-dur:31, timestamp:9367, od:67 - chunk_composer.go:299
2026/03/12 14:37:19.472694 [22;34mDEBUG[0m chunk:87,chunk-dur:36, timestamp:9400, od:68 - chunk_composer.go:299
2026/03/12 14:37:19.502434 [22;34mDEBUG[0m chunk:88,chunk-dur:30, timestamp:9434, od:69 - chunk_composer.go:299
2026/03/12 14:37:19.536040 [22;34mDEBUG[0m chunk:89,chunk-dur:34, timestamp:9467, od:70 - chunk_composer.go:299
2026/03/12 14:37:19.570115 [22;34mDEBUG[0m chunk:90,chunk-dur:34, timestamp:9500, od:71 - chunk_composer.go:299
2026/03/12 14:37:19.604320 [22;34mDEBUG[0m chunk:91,chunk-dur:34, timestamp:9534, od:72 - chunk_composer.go:299
2026/03/12 14:37:19.636246 [22;34mDEBUG[0m chunk:92,chunk-dur:32, timestamp:9567, od:73 - chunk_composer.go:299
2026/03/12 14:37:19.669046 [22;34mDEBUG[0m chunk:93,chunk-dur:33, timestamp:9600, od:74 - chunk_composer.go:299
2026/03/12 14:37:19.705016 [22;34mDEBUG[0m chunk:94,chunk-dur:36, timestamp:9634, od:75 - chunk_composer.go:299
2026/03/12 14:37:19.735731 [22;34mDEBUG[0m chunk:95,chunk-dur:30, timestamp:9667, od:76 - chunk_composer.go:299
2026/03/12 14:37:19.769643 [22;34mDEBUG[0m chunk:96,chunk-dur:34, timestamp:9700, od:77 - chunk_composer.go:299
2026/03/12 14:37:19.804198 [22;34mDEBUG[0m chunk:97,chunk-dur:35, timestamp:9734, od:78 - chunk_composer.go:299
2026/03/12 14:37:19.835822 [22;34mDEBUG[0m chunk:98,chunk-dur:31, timestamp:9767, od:79 - chunk_composer.go:299
2026/03/12 14:37:19.872479 [22;34mDEBUG[0m chunk:99,chunk-dur:37, timestamp:9800, od:80 - chunk_composer.go:299
2026/03/12 14:37:19.902148 [22;34mDEBUG[0m chunk:100,chunk-dur:30, timestamp:9834, od:81 - chunk_composer.go:299
2026/03/12 14:37:19.936110 [22;34mDEBUG[0m chunk:101,chunk-dur:34, timestamp:9867, od:82 - chunk_composer.go:299
2026/03/12 14:37:19.950342 [22;34mDEBUG[0m bitrate:4.780947 Mbps - client_session.go:438
2026/03/12 14:37:19.968863 [22;34mDEBUG[0m chunk:102,chunk-dur:32, timestamp:9900, od:83 - chunk_composer.go:299
2026/03/12 14:37:20.003066 [22;34mDEBUG[0m chunk:103,chunk-dur:35, timestamp:9934, od:84 - chunk_composer.go:299
2026/03/12 14:37:20.037298 [22;34mDEBUG[0m chunk:104,chunk-dur:34, timestamp:9967, od:85 - chunk_composer.go:299
2026/03/12 14:37:20.081994 [22;34mDEBUG[0m chunk:105,chunk-dur:44, timestamp:10000, od:86 - chunk_composer.go:299
2026/03/12 14:37:20.105249 [22;34mDEBUG[0m chunk:106,chunk-dur:24, timestamp:10034, od:87 - chunk_composer.go:299
2026/03/12 14:37:20.135840 [22;34mDEBUG[0m chunk:107,chunk-dur:30, timestamp:10067, od:88 - chunk_composer.go:299
2026/03/12 14:37:20.168589 [22;34mDEBUG[0m chunk:108,chunk-dur:33, timestamp:10100, od:89 - chunk_composer.go:299
2026/03/12 14:37:20.202255 [22;34mDEBUG[0m chunk:109,chunk-dur:34, timestamp:10134, od:90 - chunk_composer.go:299
2026/03/12 14:37:20.239216 [22;34mDEBUG[0m chunk:110,chunk-dur:37, timestamp:10167, od:91 - chunk_composer.go:299
2026/03/12 14:37:20.269835 [22;34mDEBUG[0m chunk:111,chunk-dur:30, timestamp:10200, od:92 - chunk_composer.go:299
2026/03/12 14:37:20.302856 [22;34mDEBUG[0m chunk:112,chunk-dur:33, timestamp:10234, od:93 - chunk_composer.go:299
2026/03/12 14:37:20.336822 [22;34mDEBUG[0m chunk:113,chunk-dur:34, timestamp:10267, od:94 - chunk_composer.go:299
2026/03/12 14:37:20.371100 [22;34mDEBUG[0m chunk:114,chunk-dur:35, timestamp:10300, od:95 - chunk_composer.go:299
2026/03/12 14:37:20.403272 [22;34mDEBUG[0m chunk:115,chunk-dur:32, timestamp:10334, od:96 - chunk_composer.go:299
2026/03/12 14:37:20.436308 [22;34mDEBUG[0m chunk:116,chunk-dur:33, timestamp:10367, od:97 - chunk_composer.go:299
2026/03/12 14:37:20.469642 [22;34mDEBUG[0m chunk:117,chunk-dur:33, timestamp:10400, od:98 - chunk_composer.go:299
2026/03/12 14:37:20.505401 [22;34mDEBUG[0m chunk:118,chunk-dur:36, timestamp:10434, od:99 - chunk_composer.go:299
2026/03/12 14:37:20.536122 [22;34mDEBUG[0m chunk:119,chunk-dur:31, timestamp:10467, od:100 - chunk_composer.go:299
2026/03/12 14:37:20.568661 [22;34mDEBUG[0m chunk:120,chunk-dur:32, timestamp:10500, od:101 - chunk_composer.go:299
2026/03/12 14:37:20.605029 [22;34mDEBUG[0m chunk:121,chunk-dur:37, timestamp:10534, od:102 - chunk_composer.go:299
2026/03/12 14:37:20.638382 [22;34mDEBUG[0m chunk:122,chunk-dur:33, timestamp:10567, od:103 - chunk_composer.go:299
2026/03/12 14:37:20.668802 [22;34mDEBUG[0m chunk:123,chunk-dur:30, timestamp:10600, od:104 - chunk_composer.go:299
2026/03/12 14:37:20.702136 [22;34mDEBUG[0m chunk:124,chunk-dur:34, timestamp:10634, od:105 - chunk_composer.go:299
2026/03/12 14:37:20.738724 [22;34mDEBUG[0m chunk:125,chunk-dur:36, timestamp:10667, od:106 - chunk_composer.go:299
2026/03/12 14:37:20.769949 [22;34mDEBUG[0m chunk:126,chunk-dur:31, timestamp:10700, od:107 - chunk_composer.go:299
2026/03/12 14:37:20.802666 [22;34mDEBUG[0m chunk:127,chunk-dur:33, timestamp:10734, od:108 - chunk_composer.go:299
2026/03/12 14:37:20.836716 [22;34mDEBUG[0m chunk:128,chunk-dur:34, timestamp:10767, od:109 - chunk_composer.go:299
2026/03/12 14:37:20.870706 [22;34mDEBUG[0m chunk:129,chunk-dur:34, timestamp:10800, od:110 - chunk_composer.go:299
2026/03/12 14:37:20.903816 [22;34mDEBUG[0m chunk:130,chunk-dur:33, timestamp:10834, od:111 - chunk_composer.go:299
2026/03/12 14:37:20.936460 [22;34mDEBUG[0m chunk:131,chunk-dur:33, timestamp:10867, od:112 - chunk_composer.go:299
2026/03/12 14:37:20.951005 [22;34mDEBUG[0m bitrate:6.379673 Mbps - client_session.go:438
2026/03/12 14:37:20.969486 [22;34mDEBUG[0m chunk:132,chunk-dur:33, timestamp:10900, od:113 - chunk_composer.go:299
2026/03/12 14:37:21.005420 [22;34mDEBUG[0m chunk:133,chunk-dur:36, timestamp:10934, od:114 - chunk_composer.go:299
2026/03/12 14:37:21.036089 [22;34mDEBUG[0m chunk:134,chunk-dur:31, timestamp:10967, od:115 - chunk_composer.go:299
2026/03/12 14:37:21.068697 [22;34mDEBUG[0m chunk:135,chunk-dur:32, timestamp:11000, od:116 - chunk_composer.go:299
2026/03/12 14:37:21.103682 [22;34mDEBUG[0m chunk:136,chunk-dur:35, timestamp:11034, od:117 - chunk_composer.go:299
2026/03/12 14:37:21.137462 [22;34mDEBUG[0m chunk:137,chunk-dur:34, timestamp:11067, od:118 - chunk_composer.go:299
2026/03/12 14:37:21.169577 [22;34mDEBUG[0m chunk:138,chunk-dur:32, timestamp:11100, od:119 - chunk_composer.go:299
2026/03/12 14:37:21.203262 [22;34mDEBUG[0m chunk:139,chunk-dur:34, timestamp:11134, od:120 - chunk_composer.go:299
2026/03/12 14:37:21.236588 [22;34mDEBUG[0m chunk:140,chunk-dur:33, timestamp:11167, od:121 - chunk_composer.go:299
2026/03/12 14:37:21.271342 [22;34mDEBUG[0m chunk:141,chunk-dur:35, timestamp:11200, od:122 - chunk_composer.go:299
2026/03/12 14:37:21.303056 [22;34mDEBUG[0m chunk:142,chunk-dur:32, timestamp:11234, od:123 - chunk_composer.go:299
2026/03/12 14:37:21.337686 [22;34mDEBUG[0m chunk:143,chunk-dur:34, timestamp:11267, od:124 - chunk_composer.go:299
2026/03/12 14:37:21.371092 [22;34mDEBUG[0m chunk:144,chunk-dur:34, timestamp:11300, od:125 - chunk_composer.go:299
2026/03/12 14:37:21.403942 [22;34mDEBUG[0m chunk:145,chunk-dur:32, timestamp:11334, od:126 - chunk_composer.go:299
2026/03/12 14:37:21.435715 [22;34mDEBUG[0m chunk:146,chunk-dur:32, timestamp:11367, od:127 - chunk_composer.go:299
2026/03/12 14:37:21.468305 [22;34mDEBUG[0m chunk:147,chunk-dur:33, timestamp:11400, od:128 - chunk_composer.go:299
2026/03/12 14:37:21.504126 [22;34mDEBUG[0m chunk:148,chunk-dur:36, timestamp:11434, od:129 - chunk_composer.go:299
2026/03/12 14:37:21.537731 [22;34mDEBUG[0m chunk:149,chunk-dur:33, timestamp:11467, od:130 - chunk_composer.go:299
2026/03/12 14:37:21.568988 [22;34mDEBUG[0m chunk:150,chunk-dur:31, timestamp:11500, od:131 - chunk_composer.go:299
2026/03/12 14:37:21.602705 [22;34mDEBUG[0m chunk:151,chunk-dur:34, timestamp:11534, od:132 - chunk_composer.go:299
2026/03/12 14:37:21.637384 [22;34mDEBUG[0m chunk:152,chunk-dur:35, timestamp:11567, od:133 - chunk_composer.go:299
2026/03/12 14:37:21.675555 [22;34mDEBUG[0m chunk:153,chunk-dur:38, timestamp:11600, od:134 - chunk_composer.go:299
2026/03/12 14:37:21.702829 [22;34mDEBUG[0m chunk:154,chunk-dur:27, timestamp:11634, od:135 - chunk_composer.go:299
2026/03/12 14:37:21.736521 [22;34mDEBUG[0m chunk:155,chunk-dur:34, timestamp:11667, od:136 - chunk_composer.go:299
2026/03/12 14:37:21.768851 [22;34mDEBUG[0m chunk:156,chunk-dur:32, timestamp:11700, od:137 - chunk_composer.go:299
2026/03/12 14:37:21.807037 [22;34mDEBUG[0m chunk:157,chunk-dur:39, timestamp:11734, od:138 - chunk_composer.go:299
2026/03/12 14:37:21.836368 [22;34mDEBUG[0m chunk:158,chunk-dur:29, timestamp:11767, od:139 - chunk_composer.go:299
2026/03/12 14:37:21.869504 [22;34mDEBUG[0m chunk:159,chunk-dur:33, timestamp:11800, od:140 - chunk_composer.go:299
2026/03/12 14:37:21.903475 [22;34mDEBUG[0m chunk:160,chunk-dur:34, timestamp:11834, od:141 - chunk_composer.go:299
2026/03/12 14:37:21.938402 [22;34mDEBUG[0m chunk:161,chunk-dur:35, timestamp:11867, od:142 - chunk_composer.go:299
2026/03/12 14:37:21.953088 [22;34mDEBUG[0m bitrate:4.442460 Mbps - client_session.go:438
2026/03/12 14:37:21.968733 [22;34mDEBUG[0m chunk:162,chunk-dur:30, timestamp:11900, od:143 - chunk_composer.go:299
2026/03/12 14:37:22.002733 [22;34mDEBUG[0m chunk:163,chunk-dur:34, timestamp:11934, od:144 - chunk_composer.go:299
2026/03/12 14:37:22.069474 [22;34mDEBUG[0m chunk:164,chunk-dur:67, timestamp:11967, od:145 - chunk_composer.go:299
2026/03/12 14:37:22.092552 [22;34mDEBUG[0m chunk:165,chunk-dur:23, timestamp:12000, od:146 - chunk_composer.go:299
2026/03/12 14:37:22.105344 [22;34mDEBUG[0m chunk:166,chunk-dur:13, timestamp:12034, od:146 - chunk_composer.go:299
2026/03/12 14:37:22.136261 [22;34mDEBUG[0m chunk:167,chunk-dur:31, timestamp:12067, od:147 - chunk_composer.go:299
2026/03/12 14:37:22.202719 [22;34mDEBUG[0m chunk:168,chunk-dur:66, timestamp:12100, od:148 - chunk_composer.go:299
2026/03/12 14:37:22.237206 [22;34mDEBUG[0m chunk:169,chunk-dur:35, timestamp:12134, od:149 - chunk_composer.go:299
2026/03/12 14:37:22.238048 [22;34mDEBUG[0m chunk:170,chunk-dur:1, timestamp:12167, od:149 - chunk_composer.go:299
2026/03/12 14:37:22.268851 [22;34mDEBUG[0m chunk:171,chunk-dur:30, timestamp:12200, od:150 - chunk_composer.go:299
2026/03/12 14:37:22.337518 [22;34mDEBUG[0m chunk:172,chunk-dur:69, timestamp:12234, od:151 - chunk_composer.go:299
2026/03/12 14:37:22.370845 [22;34mDEBUG[0m chunk:173,chunk-dur:33, timestamp:12267, od:152 - chunk_composer.go:299
2026/03/12 14:37:22.370924 [22;34mDEBUG[0m chunk:174,chunk-dur:0, timestamp:12300, od:152 - chunk_composer.go:299
2026/03/12 14:37:22.403707 [22;34mDEBUG[0m chunk:175,chunk-dur:33, timestamp:12334, od:153 - chunk_composer.go:299
2026/03/12 14:37:22.436502 [22;34mDEBUG[0m chunk:176,chunk-dur:33, timestamp:12367, od:154 - chunk_composer.go:299
2026/03/12 14:37:22.504808 [22;34mDEBUG[0m chunk:177,chunk-dur:68, timestamp:12400, od:155 - chunk_composer.go:299
2026/03/12 14:37:22.506361 [22;34mDEBUG[0m chunk:178,chunk-dur:2, timestamp:12434, od:155 - chunk_composer.go:299
2026/03/12 14:37:22.536395 [22;34mDEBUG[0m chunk:179,chunk-dur:30, timestamp:12467, od:156 - chunk_composer.go:299
2026/03/12 14:37:22.569963 [22;34mDEBUG[0m chunk:180,chunk-dur:33, timestamp:12500, od:157 - chunk_composer.go:299
2026/03/12 14:37:22.605388 [22;34mDEBUG[0m chunk:181,chunk-dur:36, timestamp:12534, od:158 - chunk_composer.go:299
2026/03/12 14:37:22.638778 [22;34mDEBUG[0m chunk:182,chunk-dur:33, timestamp:12567, od:159 - chunk_composer.go:299
2026/03/12 14:37:22.669750 [22;34mDEBUG[0m chunk:183,chunk-dur:31, timestamp:12600, od:160 - chunk_composer.go:299
2026/03/12 14:37:22.703129 [22;34mDEBUG[0m chunk:184,chunk-dur:34, timestamp:12634, od:161 - chunk_composer.go:299
2026/03/12 14:37:22.735486 [22;34mDEBUG[0m chunk:185,chunk-dur:32, timestamp:12667, od:162 - chunk_composer.go:299
2026/03/12 14:37:22.770907 [22;34mDEBUG[0m chunk:186,chunk-dur:35, timestamp:12700, od:163 - chunk_composer.go:299
2026/03/12 14:37:22.802626 [22;34mDEBUG[0m chunk:187,chunk-dur:32, timestamp:12734, od:164 - chunk_composer.go:299
2026/03/12 14:37:22.837428 [22;34mDEBUG[0m chunk:188,chunk-dur:35, timestamp:12767, od:165 - chunk_composer.go:299
2026/03/12 14:37:22.872520 [22;34mDEBUG[0m chunk:189,chunk-dur:35, timestamp:12800, od:166 - chunk_composer.go:299
2026/03/12 14:37:22.903598 [22;34mDEBUG[0m chunk:190,chunk-dur:31, timestamp:12834, od:167 - chunk_composer.go:299
2026/03/12 14:37:22.936969 [22;34mDEBUG[0m chunk:191,chunk-dur:33, timestamp:12867, od:168 - chunk_composer.go:299
2026/03/12 14:37:22.953354 [22;34mDEBUG[0m bitrate:5.833250 Mbps - client_session.go:438
2026/03/12 14:37:22.969468 [22;34mDEBUG[0m chunk:192,chunk-dur:33, timestamp:12900, od:169 - chunk_composer.go:299
2026/03/12 14:37:23.004231 [22;34mDEBUG[0m chunk:193,chunk-dur:35, timestamp:12934, od:170 - chunk_composer.go:299
2026/03/12 14:37:23.038188 [22;34mDEBUG[0m chunk:194,chunk-dur:34, timestamp:12967, od:171 - chunk_composer.go:299
2026/03/12 14:37:23.070303 [22;34mDEBUG[0m chunk:195,chunk-dur:32, timestamp:13000, od:172 - chunk_composer.go:299
2026/03/12 14:37:23.102381 [22;34mDEBUG[0m chunk:196,chunk-dur:32, timestamp:13034, od:173 - chunk_composer.go:299
2026/03/12 14:37:23.168852 [22;34mDEBUG[0m chunk:197,chunk-dur:66, timestamp:13067, od:174 - chunk_composer.go:299
2026/03/12 14:37:23.171726 [22;34mDEBUG[0m chunk:198,chunk-dur:3, timestamp:13100, od:174 - chunk_composer.go:299
2026/03/12 14:37:23.202638 [22;34mDEBUG[0m chunk:199,chunk-dur:31, timestamp:13134, od:175 - chunk_composer.go:299
2026/03/12 14:37:23.236755 [22;34mDEBUG[0m chunk:200,chunk-dur:34, timestamp:13167, od:176 - chunk_composer.go:299
2026/03/12 14:37:23.268566 [22;34mDEBUG[0m chunk:201,chunk-dur:32, timestamp:13200, od:177 - chunk_composer.go:299
2026/03/12 14:37:23.305540 [22;34mDEBUG[0m chunk:202,chunk-dur:37, timestamp:13234, od:178 - chunk_composer.go:299
2026/03/12 14:37:23.335328 [22;34mDEBUG[0m chunk:203,chunk-dur:30, timestamp:13267, od:179 - chunk_composer.go:299
2026/03/12 14:37:23.402741 [22;34mDEBUG[0m chunk:204,chunk-dur:67, timestamp:13300, od:180 - chunk_composer.go:299
2026/03/12 14:37:23.402762 [22;34mDEBUG[0m chunk:205,chunk-dur:0, timestamp:13334, od:180 - chunk_composer.go:299
2026/03/12 14:37:23.437091 [22;34mDEBUG[0m chunk:206,chunk-dur:35, timestamp:13367, od:181 - chunk_composer.go:299
2026/03/12 14:37:23.470133 [22;34mDEBUG[0m chunk:207,chunk-dur:33, timestamp:13400, od:182 - chunk_composer.go:299
2026/03/12 14:37:23.502800 [22;34mDEBUG[0m chunk:208,chunk-dur:32, timestamp:13434, od:183 - chunk_composer.go:299
2026/03/12 14:37:23.535807 [22;34mDEBUG[0m chunk:209,chunk-dur:33, timestamp:13467, od:184 - chunk_composer.go:299
2026/03/12 14:37:23.574014 [22;34mDEBUG[0m chunk:210,chunk-dur:39, timestamp:13500, od:185 - chunk_composer.go:299
2026/03/12 14:37:23.603583 [22;34mDEBUG[0m chunk:211,chunk-dur:29, timestamp:13534, od:186 - chunk_composer.go:299
2026/03/12 14:37:23.636086 [22;34mDEBUG[0m chunk:212,chunk-dur:33, timestamp:13567, od:187 - chunk_composer.go:299
2026/03/12 14:37:23.704616 [22;34mDEBUG[0m chunk:213,chunk-dur:68, timestamp:13600, od:188 - chunk_composer.go:299
2026/03/12 14:37:23.705448 [22;34mDEBUG[0m chunk:214,chunk-dur:1, timestamp:13634, od:188 - chunk_composer.go:299
2026/03/12 14:37:23.752580 [22;34mDEBUG[0m chunk:215,chunk-dur:47, timestamp:13667, od:189 - chunk_composer.go:299
2026/03/12 14:37:23.840771 [22;34mDEBUG[0m chunk:216,chunk-dur:88, timestamp:13700, od:190 - chunk_composer.go:299
2026/03/12 14:37:23.845193 [22;34mDEBUG[0m chunk:217,chunk-dur:5, timestamp:13734, od:190 - chunk_composer.go:299
2026/03/12 14:37:23.848277 [22;34mDEBUG[0m chunk:218,chunk-dur:3, timestamp:13767, od:190 - chunk_composer.go:299
2026/03/12 14:37:23.870625 [22;34mDEBUG[0m chunk:219,chunk-dur:22, timestamp:13800, od:191 - chunk_composer.go:299
2026/03/12 14:37:23.935850 [22;34mDEBUG[0m chunk:220,chunk-dur:65, timestamp:13834, od:192 - chunk_composer.go:299
2026/03/12 14:37:23.954619 [22;34mDEBUG[0m bitrate:3.710772 Mbps - client_session.go:438
2026/03/12 14:37:23.968379 [22;34mDEBUG[0m chunk:221,chunk-dur:33, timestamp:13867, od:193 - chunk_composer.go:299
2026/03/12 14:37:23.968907 [22;34mDEBUG[0m chunk:222,chunk-dur:0, timestamp:13900, od:193 - chunk_composer.go:299
2026/03/12 14:37:24.003287 [22;34mDEBUG[0m chunk:223,chunk-dur:35, timestamp:13934, od:194 - chunk_composer.go:299
2026/03/12 14:37:24.035566 [22;34mDEBUG[0m chunk:224,chunk-dur:32, timestamp:13967, od:195 - chunk_composer.go:299
2026/03/12 14:37:24.080777 [22;34mDEBUG[0m chunk:225,chunk-dur:45, timestamp:14000, od:196 - chunk_composer.go:299
2026/03/12 14:37:24.105837 [22;34mDEBUG[0m chunk:226,chunk-dur:25, timestamp:14034, od:197 - chunk_composer.go:299
2026/03/12 14:37:24.138328 [22;34mDEBUG[0m chunk:227,chunk-dur:33, timestamp:14067, od:198 - chunk_composer.go:299
2026/03/12 14:37:24.202552 [22;34mDEBUG[0m chunk:228,chunk-dur:64, timestamp:14100, od:199 - chunk_composer.go:299
2026/03/12 14:37:24.235774 [22;34mDEBUG[0m chunk:229,chunk-dur:33, timestamp:14134, od:200 - chunk_composer.go:299
2026/03/12 14:37:24.238124 [22;34mDEBUG[0m chunk:230,chunk-dur:3, timestamp:14167, od:200 - chunk_composer.go:299
2026/03/12 14:37:24.269544 [22;34mDEBUG[0m chunk:231,chunk-dur:31, timestamp:14200, od:201 - chunk_composer.go:299
2026/03/12 14:37:24.335089 [22;34mDEBUG[0m chunk:232,chunk-dur:66, timestamp:14234, od:202 - chunk_composer.go:299
2026/03/12 14:37:24.335311 [22;34mDEBUG[0m chunk:233,chunk-dur:0, timestamp:14267, od:202 - chunk_composer.go:299
2026/03/12 14:37:24.371793 [22;34mDEBUG[0m chunk:234,chunk-dur:36, timestamp:14300, od:203 - chunk_composer.go:299
2026/03/12 14:37:24.403716 [22;34mDEBUG[0m chunk:235,chunk-dur:32, timestamp:14334, od:204 - chunk_composer.go:299
2026/03/12 14:37:24.436488 [22;34mDEBUG[0m chunk:236,chunk-dur:33, timestamp:14367, od:205 - chunk_composer.go:299
2026/03/12 14:37:24.469436 [22;34mDEBUG[0m chunk:237,chunk-dur:33, timestamp:14400, od:206 - chunk_composer.go:299
2026/03/12 14:37:24.505856 [22;34mDEBUG[0m chunk:238,chunk-dur:36, timestamp:14434, od:207 - chunk_composer.go:299
2026/03/12 14:37:24.536080 [22;34mDEBUG[0m chunk:239,chunk-dur:31, timestamp:14467, od:208 - chunk_composer.go:299
2026/03/12 14:37:24.569106 [22;34mDEBUG[0m chunk:240,chunk-dur:33, timestamp:14500, od:209 - chunk_composer.go:299
2026/03/12 14:37:24.602940 [22;34mDEBUG[0m chunk:241,chunk-dur:33, timestamp:14534, od:210 - chunk_composer.go:299
2026/03/12 14:37:24.638005 [22;34mDEBUG[0m chunk:242,chunk-dur:36, timestamp:14567, od:211 - chunk_composer.go:299
2026/03/12 14:37:24.669933 [22;34mDEBUG[0m chunk:243,chunk-dur:31, timestamp:14600, od:212 - chunk_composer.go:299
2026/03/12 14:37:24.703240 [22;34mDEBUG[0m chunk:244,chunk-dur:34, timestamp:14634, od:213 - chunk_composer.go:299
2026/03/12 14:37:24.738671 [22;34mDEBUG[0m chunk:245,chunk-dur:35, timestamp:14667, od:214 - chunk_composer.go:299
2026/03/12 14:37:24.769335 [22;34mDEBUG[0m chunk:246,chunk-dur:31, timestamp:14700, od:215 - chunk_composer.go:299
2026/03/12 14:37:24.809975 [22;34mDEBUG[0m chunk:247,chunk-dur:40, timestamp:14734, od:216 - chunk_composer.go:299
2026/03/12 14:37:24.836183 [22;34mDEBUG[0m chunk:248,chunk-dur:27, timestamp:14767, od:217 - chunk_composer.go:299
2026/03/12 14:37:24.870402 [22;34mDEBUG[0m chunk:249,chunk-dur:34, timestamp:14800, od:218 - chunk_composer.go:299
2026/03/12 14:37:24.904098 [22;34mDEBUG[0m chunk:250,chunk-dur:34, timestamp:14834, od:219 - chunk_composer.go:299
2026/03/12 14:37:24.938352 [22;34mDEBUG[0m chunk:251,chunk-dur:34, timestamp:14867, od:220 - chunk_composer.go:299
2026/03/12 14:37:24.954655 [22;34mDEBUG[0m bitrate:7.270558 Mbps - client_session.go:438
2026/03/12 14:37:24.969129 [22;34mDEBUG[0m chunk:252,chunk-dur:31, timestamp:14900, od:221 - chunk_composer.go:299
2026/03/12 14:37:25.011387 [22;34mDEBUG[0m chunk:253,chunk-dur:42, timestamp:14934, od:222 - chunk_composer.go:299
2026/03/12 14:37:25.036558 [22;34mDEBUG[0m chunk:254,chunk-dur:25, timestamp:14967, od:223 - chunk_composer.go:299
2026/03/12 14:37:25.069107 [22;34mDEBUG[0m chunk:255,chunk-dur:33, timestamp:15000, od:224 - chunk_composer.go:299
2026/03/12 14:37:25.103734 [22;34mDEBUG[0m chunk:256,chunk-dur:34, timestamp:15034, od:225 - chunk_composer.go:299
2026/03/12 14:37:25.138134 [22;34mDEBUG[0m chunk:257,chunk-dur:35, timestamp:15067, od:226 - chunk_composer.go:299
2026/03/12 14:37:25.169715 [22;34mDEBUG[0m chunk:258,chunk-dur:31, timestamp:15100, od:227 - chunk_composer.go:299
2026/03/12 14:37:25.203053 [22;34mDEBUG[0m chunk:259,chunk-dur:34, timestamp:15134, od:228 - chunk_composer.go:299
2026/03/12 14:37:25.236480 [22;34mDEBUG[0m chunk:260,chunk-dur:33, timestamp:15167, od:229 - chunk_composer.go:299
2026/03/12 14:37:25.269160 [22;34mDEBUG[0m chunk:261,chunk-dur:33, timestamp:15200, od:230 - chunk_composer.go:299
2026/03/12 14:37:25.306615 [22;34mDEBUG[0m chunk:262,chunk-dur:37, timestamp:15234, od:231 - chunk_composer.go:299
2026/03/12 14:37:25.336501 [22;34mDEBUG[0m chunk:263,chunk-dur:30, timestamp:15267, od:232 - chunk_composer.go:299
2026/03/12 14:37:25.370747 [22;34mDEBUG[0m chunk:264,chunk-dur:34, timestamp:15300, od:233 - chunk_composer.go:299
2026/03/12 14:37:25.403443 [22;34mDEBUG[0m chunk:265,chunk-dur:33, timestamp:15334, od:234 - chunk_composer.go:299
2026/03/12 14:37:25.436788 [22;34mDEBUG[0m chunk:266,chunk-dur:33, timestamp:15367, od:235 - chunk_composer.go:299
2026/03/12 14:37:25.469074 [22;34mDEBUG[0m chunk:267,chunk-dur:33, timestamp:15400, od:236 - chunk_composer.go:299
2026/03/12 14:37:25.504250 [22;34mDEBUG[0m chunk:268,chunk-dur:35, timestamp:15434, od:237 - chunk_composer.go:299
2026/03/12 14:37:25.535288 [22;34mDEBUG[0m chunk:269,chunk-dur:31, timestamp:15467, od:238 - chunk_composer.go:299
2026/03/12 14:37:25.571534 [22;34mDEBUG[0m chunk:270,chunk-dur:36, timestamp:15500, od:239 - chunk_composer.go:299
2026/03/12 14:37:25.603736 [22;34mDEBUG[0m chunk:271,chunk-dur:32, timestamp:15534, od:240 - chunk_composer.go:299
2026/03/12 14:37:25.637046 [22;34mDEBUG[0m chunk:272,chunk-dur:34, timestamp:15567, od:241 - chunk_composer.go:299
2026/03/12 14:37:25.671598 [22;34mDEBUG[0m chunk:273,chunk-dur:34, timestamp:15600, od:242 - chunk_composer.go:299
2026/03/12 14:37:25.701783 [22;34mDEBUG[0m chunk:274,chunk-dur:30, timestamp:15634, od:243 - chunk_composer.go:299
2026/03/12 14:37:25.738829 [22;34mDEBUG[0m chunk:275,chunk-dur:37, timestamp:15667, od:244 - chunk_composer.go:299
2026/03/12 14:37:25.769439 [22;34mDEBUG[0m chunk:276,chunk-dur:31, timestamp:15700, od:245 - chunk_composer.go:299
2026/03/12 14:37:25.804745 [22;34mDEBUG[0m chunk:277,chunk-dur:35, timestamp:15734, od:246 - chunk_composer.go:299
2026/03/12 14:37:25.836494 [22;34mDEBUG[0m chunk:278,chunk-dur:32, timestamp:15767, od:247 - chunk_composer.go:299
2026/03/12 14:37:25.869379 [22;34mDEBUG[0m chunk:279,chunk-dur:33, timestamp:15800, od:248 - chunk_composer.go:299
2026/03/12 14:37:25.905690 [22;34mDEBUG[0m chunk:280,chunk-dur:36, timestamp:15834, od:249 - chunk_composer.go:299
2026/03/12 14:37:25.935635 [22;34mDEBUG[0m chunk:281,chunk-dur:30, timestamp:15867, od:250 - chunk_composer.go:299
2026/03/12 14:37:25.957615 [22;34mDEBUG[0m bitrate:6.281271 Mbps - client_session.go:438
2026/03/12 14:37:25.970889 [22;34mDEBUG[0m chunk:282,chunk-dur:35, timestamp:15900, od:251 - chunk_composer.go:299
2026/03/12 14:37:26.004458 [22;34mDEBUG[0m chunk:283,chunk-dur:34, timestamp:15934, od:252 - chunk_composer.go:299
2026/03/12 14:37:26.036067 [22;34mDEBUG[0m chunk:284,chunk-dur:32, timestamp:15967, od:253 - chunk_composer.go:299
2026/03/12 14:37:26.079545 [22;34mDEBUG[0m chunk:285,chunk-dur:43, timestamp:16000, od:254 - chunk_composer.go:299
2026/03/12 14:37:26.104845 [22;34mDEBUG[0m chunk:286,chunk-dur:25, timestamp:16034, od:255 - chunk_composer.go:299
2026/03/12 14:37:26.135289 [22;34mDEBUG[0m chunk:287,chunk-dur:31, timestamp:16067, od:256 - chunk_composer.go:299
2026/03/12 14:37:26.168855 [22;34mDEBUG[0m chunk:288,chunk-dur:33, timestamp:16100, od:257 - chunk_composer.go:299
2026/03/12 14:37:26.203488 [22;34mDEBUG[0m chunk:289,chunk-dur:35, timestamp:16134, od:258 - chunk_composer.go:299
2026/03/12 14:37:26.237765 [22;34mDEBUG[0m chunk:290,chunk-dur:34, timestamp:16167, od:259 - chunk_composer.go:299
2026/03/12 14:37:26.269426 [22;34mDEBUG[0m chunk:291,chunk-dur:32, timestamp:16200, od:260 - chunk_composer.go:299
2026/03/12 14:37:26.302726 [22;34mDEBUG[0m chunk:292,chunk-dur:33, timestamp:16234, od:261 - chunk_composer.go:299
2026/03/12 14:37:26.340519 [22;34mDEBUG[0m chunk:293,chunk-dur:38, timestamp:16267, od:262 - chunk_composer.go:299
2026/03/12 14:37:26.371114 [22;34mDEBUG[0m chunk:294,chunk-dur:31, timestamp:16300, od:263 - chunk_composer.go:299
2026/03/12 14:37:26.402299 [22;34mDEBUG[0m chunk:295,chunk-dur:31, timestamp:16334, od:264 - chunk_composer.go:299
2026/03/12 14:37:26.435441 [22;34mDEBUG[0m chunk:296,chunk-dur:33, timestamp:16367, od:265 - chunk_composer.go:299
2026/03/12 14:37:26.472128 [22;34mDEBUG[0m chunk:297,chunk-dur:37, timestamp:16400, od:266 - chunk_composer.go:299
2026/03/12 14:37:26.503948 [22;34mDEBUG[0m chunk:298,chunk-dur:31, timestamp:16434, od:267 - chunk_composer.go:299
2026/03/12 14:37:26.536352 [22;34mDEBUG[0m chunk:299,chunk-dur:33, timestamp:16467, od:268 - chunk_composer.go:299
2026/03/12 14:37:26.569014 [22;34mDEBUG[0m chunk:300,chunk-dur:33, timestamp:16500, od:269 - chunk_composer.go:299
2026/03/12 14:37:26.605113 [22;34mDEBUG[0m chunk:301,chunk-dur:36, timestamp:16534, od:270 - chunk_composer.go:299
2026/03/12 14:37:26.636255 [22;34mDEBUG[0m chunk:302,chunk-dur:31, timestamp:16567, od:271 - chunk_composer.go:299
2026/03/12 14:37:26.669229 [22;34mDEBUG[0m chunk:303,chunk-dur:33, timestamp:16600, od:272 - chunk_composer.go:299
2026/03/12 14:37:26.703589 [22;34mDEBUG[0m chunk:304,chunk-dur:34, timestamp:16634, od:273 - chunk_composer.go:299
2026/03/12 14:37:26.737495 [22;34mDEBUG[0m chunk:305,chunk-dur:34, timestamp:16667, od:274 - chunk_composer.go:299
2026/03/12 14:37:26.769742 [22;34mDEBUG[0m chunk:306,chunk-dur:32, timestamp:16700, od:275 - chunk_composer.go:299
2026/03/12 14:37:26.803304 [22;34mDEBUG[0m chunk:307,chunk-dur:34, timestamp:16734, od:276 - chunk_composer.go:299
2026/03/12 14:37:26.837973 [22;34mDEBUG[0m chunk:308,chunk-dur:34, timestamp:16767, od:277 - chunk_composer.go:299
2026/03/12 14:37:26.870360 [22;34mDEBUG[0m chunk:309,chunk-dur:33, timestamp:16800, od:278 - chunk_composer.go:299
2026/03/12 14:37:26.904173 [22;34mDEBUG[0m chunk:310,chunk-dur:34, timestamp:16834, od:279 - chunk_composer.go:299
2026/03/12 14:37:26.937361 [22;34mDEBUG[0m chunk:311,chunk-dur:33, timestamp:16867, od:280 - chunk_composer.go:299
2026/03/12 14:37:26.958103 [22;36m INFO[0m mean write bitrate:4.972209 Mbps - client_session.go:447
2026/03/12 14:37:26.958130 [22;34mDEBUG[0m bitrate:7.831485 Mbps - client_session.go:438
2026/03/12 14:37:26.970761 [22;34mDEBUG[0m chunk:312,chunk-dur:33, timestamp:16900, od:281 - chunk_composer.go:299
2026/03/12 14:37:27.005718 [22;34mDEBUG[0m chunk:313,chunk-dur:35, timestamp:16934, od:282 - chunk_composer.go:299
2026/03/12 14:37:27.038840 [22;34mDEBUG[0m chunk:314,chunk-dur:33, timestamp:16967, od:283 - chunk_composer.go:299
2026/03/12 14:37:27.069859 [22;34mDEBUG[0m chunk:315,chunk-dur:31, timestamp:17000, od:284 - chunk_composer.go:299
2026/03/12 14:37:27.108489 [22;34mDEBUG[0m chunk:316,chunk-dur:39, timestamp:17034, od:285 - chunk_composer.go:299
2026/03/12 14:37:27.136374 [22;34mDEBUG[0m chunk:317,chunk-dur:28, timestamp:17067, od:286 - chunk_composer.go:299
2026/03/12 14:37:27.169601 [22;34mDEBUG[0m chunk:318,chunk-dur:33, timestamp:17100, od:287 - chunk_composer.go:299
2026/03/12 14:37:27.206411 [22;34mDEBUG[0m chunk:319,chunk-dur:37, timestamp:17134, od:288 - chunk_composer.go:299
2026/03/12 14:37:27.235953 [22;34mDEBUG[0m chunk:320,chunk-dur:29, timestamp:17167, od:289 - chunk_composer.go:299
2026/03/12 14:37:27.270128 [22;34mDEBUG[0m chunk:321,chunk-dur:35, timestamp:17200, od:290 - chunk_composer.go:299
2026/03/12 14:37:27.303485 [22;34mDEBUG[0m chunk:322,chunk-dur:33, timestamp:17234, od:291 - chunk_composer.go:299
2026/03/12 14:37:27.339755 [22;34mDEBUG[0m chunk:323,chunk-dur:36, timestamp:17267, od:292 - chunk_composer.go:299
2026/03/12 14:37:27.368699 [22;34mDEBUG[0m chunk:324,chunk-dur:29, timestamp:17300, od:293 - chunk_composer.go:299
2026/03/12 14:37:27.403382 [22;34mDEBUG[0m chunk:325,chunk-dur:35, timestamp:17334, od:294 - chunk_composer.go:299
2026/03/12 14:37:27.438705 [22;34mDEBUG[0m chunk:326,chunk-dur:35, timestamp:17367, od:295 - chunk_composer.go:299
2026/03/12 14:37:27.470132 [22;34mDEBUG[0m chunk:327,chunk-dur:32, timestamp:17400, od:296 - chunk_composer.go:299
2026/03/12 14:37:27.503717 [22;34mDEBUG[0m chunk:328,chunk-dur:33, timestamp:17434, od:297 - chunk_composer.go:299
2026/03/12 14:37:27.536218 [22;34mDEBUG[0m chunk:329,chunk-dur:33, timestamp:17467, od:298 - chunk_composer.go:299
2026/03/12 14:37:27.570013 [22;34mDEBUG[0m chunk:330,chunk-dur:34, timestamp:17500, od:299 - chunk_composer.go:299
2026/03/12 14:37:27.604294 [22;34mDEBUG[0m chunk:331,chunk-dur:34, timestamp:17534, od:300 - chunk_composer.go:299
2026/03/12 14:37:27.636754 [22;34mDEBUG[0m chunk:332,chunk-dur:32, timestamp:17567, od:301 - chunk_composer.go:299
2026/03/12 14:37:27.674360 [22;34mDEBUG[0m chunk:333,chunk-dur:38, timestamp:17600, od:302 - chunk_composer.go:299
2026/03/12 14:37:27.704034 [22;34mDEBUG[0m chunk:334,chunk-dur:30, timestamp:17634, od:303 - chunk_composer.go:299
2026/03/12 14:37:27.735999 [22;34mDEBUG[0m chunk:335,chunk-dur:31, timestamp:17667, od:304 - chunk_composer.go:299
2026/03/12 14:37:27.770985 [22;34mDEBUG[0m chunk:336,chunk-dur:35, timestamp:17700, od:305 - chunk_composer.go:299
2026/03/12 14:37:27.804005 [22;34mDEBUG[0m chunk:337,chunk-dur:33, timestamp:17734, od:306 - chunk_composer.go:299
2026/03/12 14:37:27.837563 [22;34mDEBUG[0m chunk:338,chunk-dur:34, timestamp:17767, od:307 - chunk_composer.go:299
2026/03/12 14:37:27.870701 [22;34mDEBUG[0m chunk:339,chunk-dur:33, timestamp:17800, od:308 - chunk_composer.go:299
2026/03/12 14:37:27.906191 [22;34mDEBUG[0m chunk:340,chunk-dur:36, timestamp:17834, od:309 - chunk_composer.go:299
2026/03/12 14:37:27.937749 [22;34mDEBUG[0m chunk:341,chunk-dur:31, timestamp:17867, od:310 - chunk_composer.go:299
2026/03/12 14:37:27.958736 [22;34mDEBUG[0m bitrate:7.372348 Mbps - client_session.go:438
2026/03/12 14:37:27.969107 [22;34mDEBUG[0m chunk:342,chunk-dur:32, timestamp:17900, od:311 - chunk_composer.go:299
2026/03/12 14:37:28.004550 [22;34mDEBUG[0m chunk:343,chunk-dur:35, timestamp:17934, od:312 - chunk_composer.go:299
2026/03/12 14:37:28.036715 [22;34mDEBUG[0m chunk:344,chunk-dur:32, timestamp:17967, od:313 - chunk_composer.go:299
2026/03/12 14:37:28.082241 [22;34mDEBUG[0m chunk:345,chunk-dur:46, timestamp:18000, od:314 - chunk_composer.go:299
2026/03/12 14:37:28.104727 [22;34mDEBUG[0m chunk:346,chunk-dur:22, timestamp:18034, od:315 - chunk_composer.go:299
2026/03/12 14:37:28.136600 [22;34mDEBUG[0m chunk:347,chunk-dur:32, timestamp:18067, od:316 - chunk_composer.go:299
2026/03/12 14:37:28.169021 [22;34mDEBUG[0m chunk:348,chunk-dur:33, timestamp:18100, od:317 - chunk_composer.go:299
2026/03/12 14:37:28.206347 [22;34mDEBUG[0m chunk:349,chunk-dur:37, timestamp:18134, od:318 - chunk_composer.go:299
2026/03/12 14:37:28.237384 [22;34mDEBUG[0m chunk:350,chunk-dur:31, timestamp:18167, od:319 - chunk_composer.go:299
2026/03/12 14:37:28.268437 [22;34mDEBUG[0m chunk:351,chunk-dur:31, timestamp:18200, od:320 - chunk_composer.go:299
2026/03/12 14:37:28.303533 [22;34mDEBUG[0m chunk:352,chunk-dur:35, timestamp:18234, od:321 - chunk_composer.go:299
2026/03/12 14:37:28.339794 [22;34mDEBUG[0m chunk:353,chunk-dur:36, timestamp:18267, od:322 - chunk_composer.go:299
2026/03/12 14:37:28.370305 [22;34mDEBUG[0m chunk:354,chunk-dur:31, timestamp:18300, od:323 - chunk_composer.go:299
2026/03/12 14:37:28.402547 [22;34mDEBUG[0m chunk:355,chunk-dur:32, timestamp:18334, od:324 - chunk_composer.go:299
2026/03/12 14:37:28.435689 [22;34mDEBUG[0m chunk:356,chunk-dur:33, timestamp:18367, od:325 - chunk_composer.go:299
2026/03/12 14:37:28.471249 [22;34mDEBUG[0m chunk:357,chunk-dur:36, timestamp:18400, od:326 - chunk_composer.go:299
2026/03/12 14:37:28.504454 [22;34mDEBUG[0m chunk:358,chunk-dur:33, timestamp:18434, od:327 - chunk_composer.go:299
2026/03/12 14:37:28.535460 [22;34mDEBUG[0m chunk:359,chunk-dur:31, timestamp:18467, od:328 - chunk_composer.go:299
2026/03/12 14:37:28.569432 [22;34mDEBUG[0m chunk:360,chunk-dur:34, timestamp:18500, od:329 - chunk_composer.go:299
2026/03/12 14:37:28.607281 [22;34mDEBUG[0m chunk:361,chunk-dur:38, timestamp:18534, od:330 - chunk_composer.go:299
2026/03/12 14:37:28.636411 [22;34mDEBUG[0m chunk:362,chunk-dur:29, timestamp:18567, od:331 - chunk_composer.go:299
2026/03/12 14:37:28.668783 [22;34mDEBUG[0m chunk:363,chunk-dur:32, timestamp:18600, od:332 - chunk_composer.go:299
2026/03/12 14:37:28.703597 [22;34mDEBUG[0m chunk:364,chunk-dur:35, timestamp:18634, od:333 - chunk_composer.go:299
2026/03/12 14:37:28.741740 [22;34mDEBUG[0m chunk:365,chunk-dur:38, timestamp:18667, od:334 - chunk_composer.go:299
2026/03/12 14:37:28.769667 [22;34mDEBUG[0m chunk:366,chunk-dur:28, timestamp:18700, od:335 - chunk_composer.go:299
2026/03/12 14:37:28.803330 [22;34mDEBUG[0m chunk:367,chunk-dur:34, timestamp:18734, od:336 - chunk_composer.go:299
2026/03/12 14:37:28.836437 [22;34mDEBUG[0m chunk:368,chunk-dur:33, timestamp:18767, od:337 - chunk_composer.go:299
2026/03/12 14:37:28.872552 [22;34mDEBUG[0m chunk:369,chunk-dur:36, timestamp:18800, od:338 - chunk_composer.go:299
2026/03/12 14:37:28.904087 [22;34mDEBUG[0m chunk:370,chunk-dur:32, timestamp:18834, od:339 - chunk_composer.go:299
2026/03/12 14:37:28.936784 [22;34mDEBUG[0m chunk:371,chunk-dur:32, timestamp:18867, od:340 - chunk_composer.go:299
2026/03/12 14:37:28.960606 [22;34mDEBUG[0m bitrate:8.542756 Mbps - client_session.go:438
2026/03/12 14:37:28.969007 [22;34mDEBUG[0m chunk:372,chunk-dur:33, timestamp:18900, od:341 - chunk_composer.go:299
2026/03/12 14:37:29.005704 [22;34mDEBUG[0m chunk:373,chunk-dur:36, timestamp:18934, od:342 - chunk_composer.go:299
2026/03/12 14:37:29.037986 [22;34mDEBUG[0m chunk:374,chunk-dur:32, timestamp:18967, od:343 - chunk_composer.go:299
2026/03/12 14:37:29.069503 [22;34mDEBUG[0m chunk:375,chunk-dur:32, timestamp:19000, od:344 - chunk_composer.go:299
2026/03/12 14:37:29.103495 [22;34mDEBUG[0m chunk:376,chunk-dur:34, timestamp:19034, od:345 - chunk_composer.go:299
2026/03/12 14:37:29.138343 [22;34mDEBUG[0m chunk:377,chunk-dur:35, timestamp:19067, od:346 - chunk_composer.go:299
2026/03/12 14:37:29.169701 [22;34mDEBUG[0m chunk:378,chunk-dur:31, timestamp:19100, od:347 - chunk_composer.go:299
2026/03/12 14:37:29.203068 [22;34mDEBUG[0m chunk:379,chunk-dur:34, timestamp:19134, od:348 - chunk_composer.go:299
2026/03/12 14:37:29.236561 [22;34mDEBUG[0m chunk:380,chunk-dur:33, timestamp:19167, od:349 - chunk_composer.go:299
2026/03/12 14:37:29.273923 [22;34mDEBUG[0m chunk:381,chunk-dur:37, timestamp:19200, od:350 - chunk_composer.go:299
2026/03/12 14:37:29.302700 [22;34mDEBUG[0m chunk:382,chunk-dur:29, timestamp:19234, od:351 - chunk_composer.go:299
2026/03/12 14:37:29.336285 [22;34mDEBUG[0m chunk:383,chunk-dur:34, timestamp:19267, od:352 - chunk_composer.go:299
2026/03/12 14:37:29.369430 [22;34mDEBUG[0m chunk:384,chunk-dur:33, timestamp:19300, od:353 - chunk_composer.go:299
2026/03/12 14:37:29.406949 [22;34mDEBUG[0m chunk:385,chunk-dur:37, timestamp:19334, od:354 - chunk_composer.go:299
2026/03/12 14:37:29.436556 [22;34mDEBUG[0m chunk:386,chunk-dur:30, timestamp:19367, od:355 - chunk_composer.go:299
2026/03/12 14:37:29.470191 [22;34mDEBUG[0m chunk:387,chunk-dur:34, timestamp:19400, od:356 - chunk_composer.go:299
2026/03/12 14:37:29.507108 [22;34mDEBUG[0m chunk:388,chunk-dur:37, timestamp:19434, od:357 - chunk_composer.go:299
2026/03/12 14:37:29.580200 [22;34mDEBUG[0m chunk:389,chunk-dur:73, timestamp:19467, od:358 - chunk_composer.go:299
2026/03/12 14:37:29.611743 [22;34mDEBUG[0m chunk:390,chunk-dur:31, timestamp:19500, od:359 - chunk_composer.go:299
2026/03/12 14:37:29.619077 [22;34mDEBUG[0m chunk:391,chunk-dur:8, timestamp:19534, od:359 - chunk_composer.go:299
2026/03/12 14:37:29.641446 [22;34mDEBUG[0m chunk:392,chunk-dur:22, timestamp:19567, od:360 - chunk_composer.go:299
2026/03/12 14:37:29.676847 [22;34mDEBUG[0m chunk:393,chunk-dur:35, timestamp:19600, od:361 - chunk_composer.go:299
2026/03/12 14:37:29.704149 [22;34mDEBUG[0m chunk:394,chunk-dur:28, timestamp:19634, od:362 - chunk_composer.go:299
2026/03/12 14:37:29.735666 [22;34mDEBUG[0m chunk:395,chunk-dur:31, timestamp:19667, od:363 - chunk_composer.go:299
2026/03/12 14:37:29.773150 [22;34mDEBUG[0m chunk:396,chunk-dur:38, timestamp:19700, od:364 - chunk_composer.go:299
2026/03/12 14:37:29.803550 [22;34mDEBUG[0m chunk:397,chunk-dur:30, timestamp:19734, od:365 - chunk_composer.go:299
2026/03/12 14:37:29.836315 [22;34mDEBUG[0m chunk:398,chunk-dur:33, timestamp:19767, od:366 - chunk_composer.go:299
2026/03/12 14:37:29.868590 [22;34mDEBUG[0m chunk:399,chunk-dur:32, timestamp:19800, od:367 - chunk_composer.go:299
2026/03/12 14:37:29.908640 [22;34mDEBUG[0m chunk:400,chunk-dur:40, timestamp:19834, od:368 - chunk_composer.go:299
2026/03/12 14:37:29.936838 [22;34mDEBUG[0m chunk:401,chunk-dur:28, timestamp:19867, od:369 - chunk_composer.go:299
2026/03/12 14:37:29.961589 [22;34mDEBUG[0m bitrate:8.197138 Mbps - client_session.go:438
2026/03/12 14:37:29.968774 [22;34mDEBUG[0m chunk:402,chunk-dur:32, timestamp:19900, od:370 - chunk_composer.go:299
2026/03/12 14:37:30.003370 [22;34mDEBUG[0m chunk:403,chunk-dur:35, timestamp:19934, od:371 - chunk_composer.go:299
2026/03/12 14:37:30.036142 [22;34mDEBUG[0m chunk:404,chunk-dur:33, timestamp:19967, od:372 - chunk_composer.go:299
2026/03/12 14:37:30.083927 [22;34mDEBUG[0m chunk:405,chunk-dur:47, timestamp:20000, od:373 - chunk_composer.go:299
2026/03/12 14:37:30.105523 [22;34mDEBUG[0m chunk:406,chunk-dur:22, timestamp:20034, od:374 - chunk_composer.go:299
2026/03/12 14:37:30.136779 [22;34mDEBUG[0m chunk:407,chunk-dur:31, timestamp:20067, od:375 - chunk_composer.go:299
2026/03/12 14:37:30.169648 [22;34mDEBUG[0m chunk:408,chunk-dur:33, timestamp:20100, od:376 - chunk_composer.go:299
2026/03/12 14:37:30.202411 [22;34mDEBUG[0m chunk:409,chunk-dur:33, timestamp:20134, od:377 - chunk_composer.go:299
2026/03/12 14:37:30.238417 [22;34mDEBUG[0m chunk:410,chunk-dur:36, timestamp:20167, od:378 - chunk_composer.go:299
2026/03/12 14:37:30.269579 [22;34mDEBUG[0m chunk:411,chunk-dur:31, timestamp:20200, od:379 - chunk_composer.go:299
2026/03/12 14:37:30.303943 [22;34mDEBUG[0m chunk:412,chunk-dur:34, timestamp:20234, od:380 - chunk_composer.go:299
2026/03/12 14:37:30.337579 [22;34mDEBUG[0m chunk:413,chunk-dur:34, timestamp:20267, od:381 - chunk_composer.go:299
2026/03/12 14:37:30.370112 [22;34mDEBUG[0m chunk:414,chunk-dur:33, timestamp:20300, od:382 - chunk_composer.go:299
2026/03/12 14:37:30.402399 [22;34mDEBUG[0m chunk:415,chunk-dur:32, timestamp:20334, od:383 - chunk_composer.go:299
2026/03/12 14:37:30.441093 [22;34mDEBUG[0m chunk:416,chunk-dur:39, timestamp:20367, od:384 - chunk_composer.go:299
2026/03/12 14:37:30.469142 [22;34mDEBUG[0m chunk:417,chunk-dur:28, timestamp:20400, od:385 - chunk_composer.go:299
2026/03/12 14:37:30.505853 [22;34mDEBUG[0m chunk:418,chunk-dur:36, timestamp:20434, od:386 - chunk_composer.go:299
2026/03/12 14:37:30.537016 [22;34mDEBUG[0m chunk:419,chunk-dur:32, timestamp:20467, od:387 - chunk_composer.go:299
2026/03/12 14:37:30.569132 [22;34mDEBUG[0m chunk:420,chunk-dur:32, timestamp:20500, od:388 - chunk_composer.go:299
2026/03/12 14:37:30.602929 [22;34mDEBUG[0m chunk:421,chunk-dur:33, timestamp:20534, od:389 - chunk_composer.go:299
2026/03/12 14:37:30.641133 [22;34mDEBUG[0m chunk:422,chunk-dur:39, timestamp:20567, od:390 - chunk_composer.go:299
2026/03/12 14:37:30.668916 [22;34mDEBUG[0m chunk:423,chunk-dur:27, timestamp:20600, od:391 - chunk_composer.go:299
2026/03/12 14:37:30.703142 [22;34mDEBUG[0m chunk:424,chunk-dur:35, timestamp:20634, od:392 - chunk_composer.go:299
2026/03/12 14:37:30.736660 [22;34mDEBUG[0m chunk:425,chunk-dur:33, timestamp:20667, od:393 - chunk_composer.go:299
2026/03/12 14:37:30.772131 [22;34mDEBUG[0m chunk:426,chunk-dur:36, timestamp:20700, od:394 - chunk_composer.go:299
2026/03/12 14:37:30.803410 [22;34mDEBUG[0m chunk:427,chunk-dur:31, timestamp:20734, od:395 - chunk_composer.go:299
2026/03/12 14:37:30.840316 [22;34mDEBUG[0m chunk:428,chunk-dur:37, timestamp:20767, od:396 - chunk_composer.go:299
2026/03/12 14:37:30.871333 [22;34mDEBUG[0m chunk:429,chunk-dur:31, timestamp:20800, od:397 - chunk_composer.go:299
2026/03/12 14:37:30.910578 [22;34mDEBUG[0m chunk:430,chunk-dur:39, timestamp:20834, od:398 - chunk_composer.go:299
2026/03/12 14:37:30.937180 [22;34mDEBUG[0m chunk:431,chunk-dur:27, timestamp:20867, od:399 - chunk_composer.go:299
2026/03/12 14:37:30.961810 [22;34mDEBUG[0m bitrate:8.961917 Mbps - client_session.go:438
2026/03/12 14:37:30.969311 [22;34mDEBUG[0m chunk:432,chunk-dur:32, timestamp:20900, od:400 - chunk_composer.go:299
2026/03/12 14:37:31.003227 [22;34mDEBUG[0m chunk:433,chunk-dur:34, timestamp:20934, od:401 - chunk_composer.go:299
2026/03/12 14:37:31.040049 [22;34mDEBUG[0m chunk:434,chunk-dur:37, timestamp:20967, od:402 - chunk_composer.go:299
2026/03/12 14:37:31.070215 [22;34mDEBUG[0m chunk:435,chunk-dur:30, timestamp:21000, od:403 - chunk_composer.go:299
2026/03/12 14:37:31.104714 [22;34mDEBUG[0m chunk:436,chunk-dur:34, timestamp:21034, od:404 - chunk_composer.go:299
2026/03/12 14:37:31.136418 [22;34mDEBUG[0m chunk:437,chunk-dur:32, timestamp:21067, od:405 - chunk_composer.go:299
2026/03/12 14:37:31.170677 [22;34mDEBUG[0m chunk:438,chunk-dur:34, timestamp:21100, od:406 - chunk_composer.go:299
2026/03/12 14:37:31.203434 [22;34mDEBUG[0m chunk:439,chunk-dur:33, timestamp:21134, od:407 - chunk_composer.go:299
2026/03/12 14:37:31.236087 [22;34mDEBUG[0m chunk:440,chunk-dur:33, timestamp:21167, od:408 - chunk_composer.go:299
2026/03/12 14:37:31.268373 [22;34mDEBUG[0m chunk:441,chunk-dur:32, timestamp:21200, od:409 - chunk_composer.go:299
2026/03/12 14:37:31.306034 [22;34mDEBUG[0m chunk:442,chunk-dur:38, timestamp:21234, od:410 - chunk_composer.go:299
2026/03/12 14:37:31.337846 [22;34mDEBUG[0m chunk:443,chunk-dur:31, timestamp:21267, od:411 - chunk_composer.go:299
2026/03/12 14:37:31.370657 [22;34mDEBUG[0m chunk:444,chunk-dur:33, timestamp:21300, od:412 - chunk_composer.go:299
2026/03/12 14:37:31.403824 [22;34mDEBUG[0m chunk:445,chunk-dur:33, timestamp:21334, od:413 - chunk_composer.go:299
2026/03/12 14:37:31.443439 [22;34mDEBUG[0m chunk:446,chunk-dur:40, timestamp:21367, od:414 - chunk_composer.go:299
2026/03/12 14:37:31.469329 [22;34mDEBUG[0m chunk:447,chunk-dur:26, timestamp:21400, od:415 - chunk_composer.go:299
2026/03/12 14:37:31.502787 [22;34mDEBUG[0m chunk:448,chunk-dur:33, timestamp:21434, od:416 - chunk_composer.go:299
2026/03/12 14:37:31.536577 [22;34mDEBUG[0m chunk:449,chunk-dur:34, timestamp:21467, od:417 - chunk_composer.go:299
2026/03/12 14:37:31.574519 [22;34mDEBUG[0m chunk:450,chunk-dur:38, timestamp:21500, od:418 - chunk_composer.go:299
2026/03/12 14:37:31.603267 [22;34mDEBUG[0m chunk:451,chunk-dur:29, timestamp:21534, od:419 - chunk_composer.go:299
2026/03/12 14:37:31.636431 [22;34mDEBUG[0m chunk:452,chunk-dur:33, timestamp:21567, od:420 - chunk_composer.go:299
2026/03/12 14:37:31.668531 [22;34mDEBUG[0m chunk:453,chunk-dur:32, timestamp:21600, od:421 - chunk_composer.go:299
2026/03/12 14:37:31.705527 [22;34mDEBUG[0m chunk:454,chunk-dur:37, timestamp:21634, od:422 - chunk_composer.go:299
2026/03/12 14:37:31.736827 [22;34mDEBUG[0m chunk:455,chunk-dur:31, timestamp:21667, od:423 - chunk_composer.go:299
2026/03/12 14:37:31.769000 [22;34mDEBUG[0m chunk:456,chunk-dur:32, timestamp:21700, od:424 - chunk_composer.go:299
2026/03/12 14:37:31.802701 [22;34mDEBUG[0m chunk:457,chunk-dur:34, timestamp:21734, od:425 - chunk_composer.go:299
2026/03/12 14:37:31.842529 [22;34mDEBUG[0m chunk:458,chunk-dur:40, timestamp:21767, od:426 - chunk_composer.go:299
2026/03/12 14:37:31.869221 [22;34mDEBUG[0m chunk:459,chunk-dur:27, timestamp:21800, od:427 - chunk_composer.go:299
2026/03/12 14:37:31.903217 [22;34mDEBUG[0m chunk:460,chunk-dur:34, timestamp:21834, od:428 - chunk_composer.go:299
2026/03/12 14:37:31.936061 [22;34mDEBUG[0m chunk:461,chunk-dur:33, timestamp:21867, od:429 - chunk_composer.go:299
2026/03/12 14:37:31.962044 [22;34mDEBUG[0m bitrate:6.902102 Mbps - client_session.go:438
2026/03/12 14:37:31.974306 [22;34mDEBUG[0m chunk:462,chunk-dur:38, timestamp:21900, od:430 - chunk_composer.go:299
2026/03/12 14:37:32.003126 [22;34mDEBUG[0m chunk:463,chunk-dur:29, timestamp:21934, od:431 - chunk_composer.go:299
2026/03/12 14:37:32.035978 [22;34mDEBUG[0m chunk:464,chunk-dur:32, timestamp:21967, od:432 - chunk_composer.go:299
2026/03/12 14:37:32.082432 [22;34mDEBUG[0m chunk:465,chunk-dur:47, timestamp:22000, od:433 - chunk_composer.go:299
2026/03/12 14:37:32.105769 [22;34mDEBUG[0m chunk:466,chunk-dur:23, timestamp:22034, od:434 - chunk_composer.go:299
2026/03/12 14:37:32.136035 [22;34mDEBUG[0m chunk:467,chunk-dur:31, timestamp:22067, od:435 - chunk_composer.go:299
2026/03/12 14:37:32.170658 [22;34mDEBUG[0m chunk:468,chunk-dur:34, timestamp:22100, od:436 - chunk_composer.go:299
2026/03/12 14:37:32.204940 [22;34mDEBUG[0m chunk:469,chunk-dur:34, timestamp:22134, od:437 - chunk_composer.go:299
2026/03/12 14:37:32.239210 [22;34mDEBUG[0m chunk:470,chunk-dur:35, timestamp:22167, od:438 - chunk_composer.go:299
2026/03/12 14:37:32.269237 [22;34mDEBUG[0m chunk:471,chunk-dur:30, timestamp:22200, od:439 - chunk_composer.go:299
2026/03/12 14:37:32.302949 [22;34mDEBUG[0m chunk:472,chunk-dur:33, timestamp:22234, od:440 - chunk_composer.go:299
2026/03/12 14:37:32.336068 [22;34mDEBUG[0m chunk:473,chunk-dur:34, timestamp:22267, od:441 - chunk_composer.go:299
2026/03/12 14:37:32.374385 [22;34mDEBUG[0m chunk:474,chunk-dur:38, timestamp:22300, od:442 - chunk_composer.go:299
2026/03/12 14:37:32.405308 [22;34mDEBUG[0m chunk:475,chunk-dur:31, timestamp:22334, od:443 - chunk_composer.go:299
2026/03/12 14:37:32.436251 [22;34mDEBUG[0m chunk:476,chunk-dur:31, timestamp:22367, od:444 - chunk_composer.go:299
2026/03/12 14:37:32.468933 [22;34mDEBUG[0m chunk:477,chunk-dur:32, timestamp:22400, od:445 - chunk_composer.go:299
2026/03/12 14:37:32.507185 [22;34mDEBUG[0m chunk:478,chunk-dur:39, timestamp:22434, od:446 - chunk_composer.go:299
2026/03/12 14:37:32.537728 [22;34mDEBUG[0m chunk:479,chunk-dur:30, timestamp:22467, od:447 - chunk_composer.go:299
2026/03/12 14:37:32.568783 [22;34mDEBUG[0m chunk:480,chunk-dur:31, timestamp:22500, od:448 - chunk_composer.go:299
2026/03/12 14:37:32.602844 [22;34mDEBUG[0m chunk:481,chunk-dur:34, timestamp:22534, od:449 - chunk_composer.go:299
2026/03/12 14:37:32.638857 [22;34mDEBUG[0m chunk:482,chunk-dur:36, timestamp:22567, od:450 - chunk_composer.go:299
2026/03/12 14:37:32.670010 [22;34mDEBUG[0m chunk:483,chunk-dur:32, timestamp:22600, od:451 - chunk_composer.go:299
2026/03/12 14:37:32.702580 [22;34mDEBUG[0m chunk:484,chunk-dur:32, timestamp:22634, od:452 - chunk_composer.go:299
2026/03/12 14:37:32.736144 [22;34mDEBUG[0m chunk:485,chunk-dur:34, timestamp:22667, od:453 - chunk_composer.go:299
2026/03/12 14:37:32.772621 [22;34mDEBUG[0m chunk:486,chunk-dur:36, timestamp:22700, od:454 - chunk_composer.go:299
2026/03/12 14:37:32.804177 [22;34mDEBUG[0m chunk:487,chunk-dur:32, timestamp:22734, od:455 - chunk_composer.go:299
2026/03/12 14:37:32.836364 [22;34mDEBUG[0m chunk:488,chunk-dur:32, timestamp:22767, od:456 - chunk_composer.go:299
2026/03/12 14:37:32.869663 [22;34mDEBUG[0m chunk:489,chunk-dur:33, timestamp:22800, od:457 - chunk_composer.go:299
2026/03/12 14:37:32.906180 [22;34mDEBUG[0m chunk:490,chunk-dur:37, timestamp:22834, od:458 - chunk_composer.go:299
2026/03/12 14:37:32.939089 [22;34mDEBUG[0m chunk:491,chunk-dur:33, timestamp:22867, od:459 - chunk_composer.go:299
2026/03/12 14:37:32.962493 [22;34mDEBUG[0m bitrate:9.099416 Mbps - client_session.go:438
2026/03/12 14:37:32.968494 [22;34mDEBUG[0m chunk:492,chunk-dur:29, timestamp:22900, od:460 - chunk_composer.go:299
2026/03/12 14:37:33.003571 [22;34mDEBUG[0m chunk:493,chunk-dur:35, timestamp:22934, od:461 - chunk_composer.go:299
2026/03/12 14:37:33.039690 [22;34mDEBUG[0m chunk:494,chunk-dur:36, timestamp:22967, od:462 - chunk_composer.go:299
2026/03/12 14:37:33.070368 [22;34mDEBUG[0m chunk:495,chunk-dur:31, timestamp:23000, od:463 - chunk_composer.go:299
2026/03/12 14:37:33.103057 [22;34mDEBUG[0m chunk:496,chunk-dur:33, timestamp:23034, od:464 - chunk_composer.go:299
2026/03/12 14:37:33.136154 [22;34mDEBUG[0m chunk:497,chunk-dur:33, timestamp:23067, od:465 - chunk_composer.go:299
2026/03/12 14:37:33.171754 [22;34mDEBUG[0m chunk:498,chunk-dur:35, timestamp:23100, od:466 - chunk_composer.go:299
2026/03/12 14:37:33.204354 [22;34mDEBUG[0m chunk:499,chunk-dur:33, timestamp:23134, od:467 - chunk_composer.go:299
2026/03/12 14:37:33.235991 [22;34mDEBUG[0m chunk:500,chunk-dur:31, timestamp:23167, od:468 - chunk_composer.go:299
2026/03/12 14:37:33.269865 [22;34mDEBUG[0m chunk:501,chunk-dur:34, timestamp:23200, od:469 - chunk_composer.go:299
2026/03/12 14:37:33.306427 [22;34mDEBUG[0m chunk:502,chunk-dur:37, timestamp:23234, od:470 - chunk_composer.go:299
2026/03/12 14:37:33.336208 [22;34mDEBUG[0m chunk:503,chunk-dur:30, timestamp:23267, od:471 - chunk_composer.go:299
2026/03/12 14:37:33.369068 [22;34mDEBUG[0m chunk:504,chunk-dur:33, timestamp:23300, od:472 - chunk_composer.go:299
2026/03/12 14:37:33.403767 [22;34mDEBUG[0m chunk:505,chunk-dur:34, timestamp:23334, od:473 - chunk_composer.go:299
2026/03/12 14:37:33.439533 [22;34mDEBUG[0m chunk:506,chunk-dur:36, timestamp:23367, od:474 - chunk_composer.go:299
2026/03/12 14:37:33.470071 [22;34mDEBUG[0m chunk:507,chunk-dur:31, timestamp:23400, od:475 - chunk_composer.go:299
2026/03/12 14:37:33.504208 [22;34mDEBUG[0m chunk:508,chunk-dur:34, timestamp:23434, od:476 - chunk_composer.go:299
2026/03/12 14:37:33.536102 [22;34mDEBUG[0m chunk:509,chunk-dur:32, timestamp:23467, od:477 - chunk_composer.go:299
2026/03/12 14:37:33.572487 [22;34mDEBUG[0m chunk:510,chunk-dur:36, timestamp:23500, od:478 - chunk_composer.go:299
2026/03/12 14:37:33.603005 [22;34mDEBUG[0m chunk:511,chunk-dur:31, timestamp:23534, od:479 - chunk_composer.go:299
2026/03/12 14:37:33.636497 [22;34mDEBUG[0m chunk:512,chunk-dur:33, timestamp:23567, od:480 - chunk_composer.go:299
2026/03/12 14:37:33.669090 [22;34mDEBUG[0m chunk:513,chunk-dur:33, timestamp:23600, od:481 - chunk_composer.go:299
2026/03/12 14:37:33.708118 [22;34mDEBUG[0m chunk:514,chunk-dur:39, timestamp:23634, od:482 - chunk_composer.go:299
2026/03/12 14:37:33.737330 [22;34mDEBUG[0m chunk:515,chunk-dur:29, timestamp:23667, od:483 - chunk_composer.go:299
2026/03/12 14:37:33.768389 [22;34mDEBUG[0m chunk:516,chunk-dur:31, timestamp:23700, od:484 - chunk_composer.go:299
2026/03/12 14:37:33.802437 [22;34mDEBUG[0m chunk:517,chunk-dur:34, timestamp:23734, od:485 - chunk_composer.go:299
2026/03/12 14:37:33.839804 [22;34mDEBUG[0m chunk:518,chunk-dur:37, timestamp:23767, od:486 - chunk_composer.go:299
2026/03/12 14:37:33.868488 [22;34mDEBUG[0m chunk:519,chunk-dur:29, timestamp:23800, od:487 - chunk_composer.go:299
2026/03/12 14:37:33.906374 [22;34mDEBUG[0m chunk:520,chunk-dur:38, timestamp:23834, od:488 - chunk_composer.go:299
2026/03/12 14:37:33.937425 [22;34mDEBUG[0m chunk:521,chunk-dur:31, timestamp:23867, od:489 - chunk_composer.go:299
2026/03/12 14:37:33.963043 [22;34mDEBUG[0m bitrate:8.093310 Mbps - client_session.go:438
2026/03/12 14:37:33.968621 [22;34mDEBUG[0m chunk:522,chunk-dur:31, timestamp:23900, od:490 - chunk_composer.go:299
2026/03/12 14:37:34.003342 [22;34mDEBUG[0m chunk:523,chunk-dur:35, timestamp:23934, od:491 - chunk_composer.go:299
2026/03/12 14:37:34.036955 [22;34mDEBUG[0m chunk:524,chunk-dur:33, timestamp:23967, od:492 - chunk_composer.go:299
2026/03/12 14:37:34.084046 [22;34mDEBUG[0m chunk:525,chunk-dur:48, timestamp:24000, od:493 - chunk_composer.go:299
2026/03/12 14:37:34.105514 [22;34mDEBUG[0m chunk:526,chunk-dur:21, timestamp:24034, od:494 - chunk_composer.go:299
2026/03/12 14:37:34.136538 [22;34mDEBUG[0m chunk:527,chunk-dur:31, timestamp:24067, od:495 - chunk_composer.go:299
2026/03/12 14:37:34.168171 [22;34mDEBUG[0m chunk:528,chunk-dur:32, timestamp:24100, od:496 - chunk_composer.go:299
2026/03/12 14:37:34.203183 [22;34mDEBUG[0m chunk:529,chunk-dur:35, timestamp:24134, od:497 - chunk_composer.go:299
2026/03/12 14:37:34.247013 [22;34mDEBUG[0m chunk:530,chunk-dur:44, timestamp:24167, od:498 - chunk_composer.go:299
2026/03/12 14:37:34.270431 [22;34mDEBUG[0m chunk:531,chunk-dur:23, timestamp:24200, od:499 - chunk_composer.go:299
2026/03/12 14:37:34.308181 [22;34mDEBUG[0m chunk:532,chunk-dur:38, timestamp:24234, od:500 - chunk_composer.go:299
2026/03/12 14:37:34.426174 [22;34mDEBUG[0m chunk:533,chunk-dur:117, timestamp:24267, od:501 - chunk_composer.go:299
2026/03/12 14:37:34.448114 [22;34mDEBUG[0m chunk:534,chunk-dur:23, timestamp:24300, od:502 - chunk_composer.go:299
2026/03/12 14:37:34.456386 [22;34mDEBUG[0m chunk:535,chunk-dur:8, timestamp:24334, od:502 - chunk_composer.go:299
2026/03/12 14:37:34.462502 [22;34mDEBUG[0m chunk:536,chunk-dur:6, timestamp:24367, od:502 - chunk_composer.go:299
2026/03/12 14:37:34.481805 [22;34mDEBUG[0m chunk:537,chunk-dur:19, timestamp:24400, od:503 - chunk_composer.go:299
2026/03/12 14:37:34.509561 [22;34mDEBUG[0m chunk:538,chunk-dur:28, timestamp:24434, od:504 - chunk_composer.go:299
2026/03/12 14:37:34.538814 [22;34mDEBUG[0m chunk:539,chunk-dur:29, timestamp:24467, od:505 - chunk_composer.go:299
2026/03/12 14:37:34.569462 [22;34mDEBUG[0m chunk:540,chunk-dur:31, timestamp:24500, od:506 - chunk_composer.go:299
2026/03/12 14:37:34.603603 [22;34mDEBUG[0m chunk:541,chunk-dur:34, timestamp:24534, od:507 - chunk_composer.go:299
2026/03/12 14:37:34.643738 [22;34mDEBUG[0m chunk:542,chunk-dur:40, timestamp:24567, od:508 - chunk_composer.go:299
2026/03/12 14:37:34.671338 [22;34mDEBUG[0m chunk:543,chunk-dur:28, timestamp:24600, od:509 - chunk_composer.go:299
2026/03/12 14:37:34.704637 [22;34mDEBUG[0m chunk:544,chunk-dur:33, timestamp:24634, od:510 - chunk_composer.go:299
2026/03/12 14:37:34.738453 [22;34mDEBUG[0m chunk:545,chunk-dur:34, timestamp:24667, od:511 - chunk_composer.go:299
2026/03/12 14:37:34.783461 [22;34mDEBUG[0m chunk:546,chunk-dur:45, timestamp:24700, od:512 - chunk_composer.go:299
2026/03/12 14:37:34.804274 [22;34mDEBUG[0m chunk:547,chunk-dur:21, timestamp:24734, od:513 - chunk_composer.go:299
2026/03/12 14:37:34.836537 [22;34mDEBUG[0m chunk:548,chunk-dur:32, timestamp:24767, od:514 - chunk_composer.go:299
2026/03/12 14:37:34.870647 [22;34mDEBUG[0m chunk:549,chunk-dur:34, timestamp:24800, od:515 - chunk_composer.go:299
2026/03/12 14:37:34.907941 [22;34mDEBUG[0m chunk:550,chunk-dur:37, timestamp:24834, od:516 - chunk_composer.go:299
2026/03/12 14:37:34.941667 [22;34mDEBUG[0m chunk:551,chunk-dur:34, timestamp:24867, od:517 - chunk_composer.go:299
2026/03/12 14:37:34.964014 [22;34mDEBUG[0m bitrate:9.947440 Mbps - client_session.go:438
2026/03/12 14:37:34.969126 [22;34mDEBUG[0m chunk:552,chunk-dur:28, timestamp:24900, od:518 - chunk_composer.go:299
2026/03/12 14:37:35.004113 [22;34mDEBUG[0m chunk:553,chunk-dur:35, timestamp:24934, od:519 - chunk_composer.go:299
2026/03/12 14:37:35.042656 [22;34mDEBUG[0m chunk:554,chunk-dur:38, timestamp:24967, od:520 - chunk_composer.go:299
2026/03/12 14:37:35.070386 [22;34mDEBUG[0m chunk:555,chunk-dur:28, timestamp:25000, od:521 - chunk_composer.go:299
2026/03/12 14:37:35.102967 [22;34mDEBUG[0m chunk:556,chunk-dur:32, timestamp:25034, od:522 - chunk_composer.go:299
2026/03/12 14:37:35.137136 [22;34mDEBUG[0m chunk:557,chunk-dur:35, timestamp:25067, od:523 - chunk_composer.go:299
2026/03/12 14:37:35.172509 [22;34mDEBUG[0m chunk:558,chunk-dur:35, timestamp:25100, od:524 - chunk_composer.go:299
2026/03/12 14:37:35.204989 [22;34mDEBUG[0m chunk:559,chunk-dur:32, timestamp:25134, od:525 - chunk_composer.go:299
2026/03/12 14:37:35.237008 [22;34mDEBUG[0m chunk:560,chunk-dur:32, timestamp:25167, od:526 - chunk_composer.go:299
2026/03/12 14:37:35.364815 [22;34mDEBUG[0m chunk:561,chunk-dur:128, timestamp:25200, od:527 - chunk_composer.go:299
2026/03/12 14:37:35.446310 [22;34mDEBUG[0m chunk:562,chunk-dur:82, timestamp:25234, od:528 - chunk_composer.go:299
2026/03/12 14:37:35.465653 [22;34mDEBUG[0m chunk:563,chunk-dur:19, timestamp:25267, od:529 - chunk_composer.go:299
2026/03/12 14:37:35.472103 [22;34mDEBUG[0m chunk:564,chunk-dur:7, timestamp:25300, od:529 - chunk_composer.go:299
2026/03/12 14:37:35.472143 [22;34mDEBUG[0m chunk:565,chunk-dur:0, timestamp:25334, od:529 - chunk_composer.go:299
2026/03/12 14:37:35.473615 [22;34mDEBUG[0m chunk:566,chunk-dur:1, timestamp:25367, od:529 - chunk_composer.go:299
2026/03/12 14:37:35.474103 [22;34mDEBUG[0m chunk:567,chunk-dur:1, timestamp:25400, od:529 - chunk_composer.go:299
2026/03/12 14:37:35.504157 [22;34mDEBUG[0m chunk:568,chunk-dur:30, timestamp:25434, od:530 - chunk_composer.go:299
2026/03/12 14:37:35.537110 [22;34mDEBUG[0m chunk:569,chunk-dur:33, timestamp:25467, od:531 - chunk_composer.go:299
2026/03/12 14:37:35.573045 [22;34mDEBUG[0m chunk:570,chunk-dur:36, timestamp:25500, od:532 - chunk_composer.go:299
2026/03/12 14:37:35.603433 [22;34mDEBUG[0m chunk:571,chunk-dur:30, timestamp:25534, od:533 - chunk_composer.go:299
2026/03/12 14:37:35.636447 [22;34mDEBUG[0m chunk:572,chunk-dur:33, timestamp:25567, od:534 - chunk_composer.go:299
2026/03/12 14:37:35.669532 [22;34mDEBUG[0m chunk:573,chunk-dur:33, timestamp:25600, od:535 - chunk_composer.go:299
2026/03/12 14:37:35.707267 [22;34mDEBUG[0m chunk:574,chunk-dur:38, timestamp:25634, od:536 - chunk_composer.go:299
2026/03/12 14:37:35.737866 [22;34mDEBUG[0m chunk:575,chunk-dur:30, timestamp:25667, od:537 - chunk_composer.go:299
2026/03/12 14:37:35.769291 [22;34mDEBUG[0m chunk:576,chunk-dur:32, timestamp:25700, od:538 - chunk_composer.go:299
2026/03/12 14:37:35.805151 [22;34mDEBUG[0m chunk:577,chunk-dur:36, timestamp:25734, od:539 - chunk_composer.go:299
2026/03/12 14:37:35.841748 [22;34mDEBUG[0m chunk:578,chunk-dur:36, timestamp:25767, od:540 - chunk_composer.go:299
2026/03/12 14:37:35.868763 [22;34mDEBUG[0m chunk:579,chunk-dur:27, timestamp:25800, od:541 - chunk_composer.go:299
2026/03/12 14:37:35.904754 [22;34mDEBUG[0m chunk:580,chunk-dur:36, timestamp:25834, od:542 - chunk_composer.go:299
2026/03/12 14:37:35.935711 [22;34mDEBUG[0m chunk:581,chunk-dur:31, timestamp:25867, od:543 - chunk_composer.go:299
2026/03/12 14:37:35.964071 [22;34mDEBUG[0m bitrate:8.721119 Mbps - client_session.go:438
2026/03/12 14:37:35.972652 [22;34mDEBUG[0m chunk:582,chunk-dur:37, timestamp:25900, od:544 - chunk_composer.go:299
2026/03/12 14:37:36.003225 [22;34mDEBUG[0m chunk:583,chunk-dur:31, timestamp:25934, od:545 - chunk_composer.go:299
2026/03/12 14:37:36.036864 [22;34mDEBUG[0m chunk:584,chunk-dur:33, timestamp:25967, od:546 - chunk_composer.go:299
2026/03/12 14:37:36.083769 [22;34mDEBUG[0m chunk:585,chunk-dur:47, timestamp:26000, od:547 - chunk_composer.go:299
2026/03/12 14:37:36.107116 [22;34mDEBUG[0m chunk:586,chunk-dur:24, timestamp:26034, od:548 - chunk_composer.go:299
2026/03/12 14:37:36.137059 [22;34mDEBUG[0m chunk:587,chunk-dur:30, timestamp:26067, od:549 - chunk_composer.go:299
2026/03/12 14:37:36.168222 [22;34mDEBUG[0m chunk:588,chunk-dur:31, timestamp:26100, od:550 - chunk_composer.go:299
2026/03/12 14:37:36.203119 [22;34mDEBUG[0m chunk:589,chunk-dur:35, timestamp:26134, od:551 - chunk_composer.go:299
2026/03/12 14:37:36.237828 [22;34mDEBUG[0m chunk:590,chunk-dur:34, timestamp:26167, od:552 - chunk_composer.go:299
2026/03/12 14:37:36.272929 [22;34mDEBUG[0m chunk:591,chunk-dur:35, timestamp:26200, od:553 - chunk_composer.go:299
2026/03/12 14:37:36.305614 [22;34mDEBUG[0m chunk:592,chunk-dur:33, timestamp:26234, od:554 - chunk_composer.go:299
2026/03/12 14:37:36.337387 [22;34mDEBUG[0m chunk:593,chunk-dur:32, timestamp:26267, od:555 - chunk_composer.go:299
2026/03/12 14:37:36.368848 [22;34mDEBUG[0m chunk:594,chunk-dur:31, timestamp:26300, od:556 - chunk_composer.go:299
2026/03/12 14:37:36.406480 [22;34mDEBUG[0m chunk:595,chunk-dur:38, timestamp:26334, od:557 - chunk_composer.go:299
2026/03/12 14:37:36.438751 [22;34mDEBUG[0m chunk:596,chunk-dur:32, timestamp:26367, od:558 - chunk_composer.go:299
2026/03/12 14:37:36.470288 [22;34mDEBUG[0m chunk:597,chunk-dur:32, timestamp:26400, od:559 - chunk_composer.go:299
2026/03/12 14:37:36.504740 [22;34mDEBUG[0m chunk:598,chunk-dur:34, timestamp:26434, od:560 - chunk_composer.go:299
2026/03/12 14:37:36.543272 [22;34mDEBUG[0m chunk:599,chunk-dur:39, timestamp:26467, od:561 - chunk_composer.go:299
2026/03/12 14:37:36.572697 [22;34mDEBUG[0m chunk:600,chunk-dur:29, timestamp:26500, od:562 - chunk_composer.go:299
2026/03/12 14:37:36.605541 [22;34mDEBUG[0m chunk:601,chunk-dur:33, timestamp:26534, od:563 - chunk_composer.go:299
2026/03/12 14:37:36.638342 [22;34mDEBUG[0m chunk:602,chunk-dur:33, timestamp:26567, od:564 - chunk_composer.go:299
2026/03/12 14:37:36.670504 [22;34mDEBUG[0m chunk:603,chunk-dur:32, timestamp:26600, od:565 - chunk_composer.go:299
2026/03/12 14:37:36.703176 [22;34mDEBUG[0m chunk:604,chunk-dur:33, timestamp:26634, od:566 - chunk_composer.go:299
2026/03/12 14:37:36.742103 [22;34mDEBUG[0m chunk:605,chunk-dur:39, timestamp:26667, od:567 - chunk_composer.go:299
2026/03/12 14:37:36.772059 [22;34mDEBUG[0m chunk:606,chunk-dur:30, timestamp:26700, od:568 - chunk_composer.go:299
2026/03/12 14:37:36.803009 [22;34mDEBUG[0m chunk:607,chunk-dur:31, timestamp:26734, od:569 - chunk_composer.go:299
2026/03/12 14:37:36.836947 [22;34mDEBUG[0m chunk:608,chunk-dur:33, timestamp:26767, od:570 - chunk_composer.go:299
2026/03/12 14:37:36.871112 [22;34mDEBUG[0m chunk:609,chunk-dur:35, timestamp:26800, od:571 - chunk_composer.go:299
2026/03/12 14:37:36.904185 [22;34mDEBUG[0m chunk:610,chunk-dur:33, timestamp:26834, od:572 - chunk_composer.go:299
2026/03/12 14:37:36.937803 [22;34mDEBUG[0m chunk:611,chunk-dur:33, timestamp:26867, od:573 - chunk_composer.go:299
2026/03/12 14:37:36.964239 [22;36m INFO[0m mean write bitrate:6.669556 Mbps - client_session.go:447
2026/03/12 14:37:36.964261 [22;34mDEBUG[0m bitrate:10.660836 Mbps - client_session.go:438
2026/03/12 14:37:36.970614 [22;34mDEBUG[0m chunk:612,chunk-dur:33, timestamp:26900, od:574 - chunk_composer.go:299
2026/03/12 14:37:37.010066 [22;34mDEBUG[0m chunk:613,chunk-dur:40, timestamp:26934, od:575 - chunk_composer.go:299
2026/03/12 14:37:37.038670 [22;34mDEBUG[0m chunk:614,chunk-dur:28, timestamp:26967, od:576 - chunk_composer.go:299
2026/03/12 14:37:37.071356 [22;34mDEBUG[0m chunk:615,chunk-dur:33, timestamp:27000, od:577 - chunk_composer.go:299
2026/03/12 14:37:37.103740 [22;34mDEBUG[0m chunk:616,chunk-dur:32, timestamp:27034, od:578 - chunk_composer.go:299
2026/03/12 14:37:37.143961 [22;34mDEBUG[0m chunk:617,chunk-dur:40, timestamp:27067, od:579 - chunk_composer.go:299
2026/03/12 14:37:37.172971 [22;34mDEBUG[0m chunk:618,chunk-dur:29, timestamp:27100, od:580 - chunk_composer.go:299
2026/03/12 14:37:37.203644 [22;34mDEBUG[0m chunk:619,chunk-dur:31, timestamp:27134, od:581 - chunk_composer.go:299
2026/03/12 14:37:37.236952 [22;34mDEBUG[0m chunk:620,chunk-dur:33, timestamp:27167, od:582 - chunk_composer.go:299
2026/03/12 14:37:37.270829 [22;34mDEBUG[0m chunk:621,chunk-dur:34, timestamp:27200, od:583 - chunk_composer.go:299
2026/03/12 14:37:37.305416 [22;34mDEBUG[0m chunk:622,chunk-dur:35, timestamp:27234, od:584 - chunk_composer.go:299
2026/03/12 14:37:37.336072 [22;34mDEBUG[0m chunk:623,chunk-dur:31, timestamp:27267, od:585 - chunk_composer.go:299
2026/03/12 14:37:37.369833 [22;34mDEBUG[0m chunk:624,chunk-dur:33, timestamp:27300, od:586 - chunk_composer.go:299
2026/03/12 14:37:37.405107 [22;34mDEBUG[0m chunk:625,chunk-dur:36, timestamp:27334, od:587 - chunk_composer.go:299
2026/03/12 14:37:37.439408 [22;34mDEBUG[0m chunk:626,chunk-dur:34, timestamp:27367, od:588 - chunk_composer.go:299
2026/03/12 14:37:37.476462 [22;34mDEBUG[0m chunk:627,chunk-dur:37, timestamp:27400, od:589 - chunk_composer.go:299
2026/03/12 14:37:37.506277 [22;34mDEBUG[0m chunk:628,chunk-dur:30, timestamp:27434, od:590 - chunk_composer.go:299
2026/03/12 14:37:37.536201 [22;34mDEBUG[0m chunk:629,chunk-dur:30, timestamp:27467, od:591 - chunk_composer.go:299
2026/03/12 14:37:37.570174 [22;34mDEBUG[0m chunk:630,chunk-dur:34, timestamp:27500, od:592 - chunk_composer.go:299
2026/03/12 14:37:37.613384 [22;34mDEBUG[0m chunk:631,chunk-dur:42, timestamp:27534, od:593 - chunk_composer.go:299
2026/03/12 14:37:37.638931 [22;34mDEBUG[0m chunk:632,chunk-dur:26, timestamp:27567, od:594 - chunk_composer.go:299
2026/03/12 14:37:37.673814 [22;34mDEBUG[0m chunk:633,chunk-dur:35, timestamp:27600, od:595 - chunk_composer.go:299
2026/03/12 14:37:37.703865 [22;34mDEBUG[0m chunk:634,chunk-dur:30, timestamp:27634, od:596 - chunk_composer.go:299
2026/03/12 14:37:37.735982 [22;34mDEBUG[0m chunk:635,chunk-dur:32, timestamp:27667, od:597 - chunk_composer.go:299
2026/03/12 14:37:37.769178 [22;34mDEBUG[0m chunk:636,chunk-dur:34, timestamp:27700, od:598 - chunk_composer.go:299
2026/03/12 14:37:37.806584 [22;34mDEBUG[0m chunk:637,chunk-dur:37, timestamp:27734, od:599 - chunk_composer.go:299
2026/03/12 14:37:37.837668 [22;34mDEBUG[0m chunk:638,chunk-dur:31, timestamp:27767, od:600 - chunk_composer.go:299
2026/03/12 14:37:37.869773 [22;34mDEBUG[0m chunk:639,chunk-dur:32, timestamp:27800, od:601 - chunk_composer.go:299
2026/03/12 14:37:37.905324 [22;34mDEBUG[0m chunk:640,chunk-dur:36, timestamp:27834, od:602 - chunk_composer.go:299
2026/03/12 14:37:37.951144 [22;34mDEBUG[0m chunk:641,chunk-dur:46, timestamp:27867, od:603 - chunk_composer.go:299
2026/03/12 14:37:37.964410 [22;34mDEBUG[0m bitrate:9.409875 Mbps - client_session.go:438
2026/03/12 14:37:37.972346 [22;34mDEBUG[0m chunk:642,chunk-dur:21, timestamp:27900, od:604 - chunk_composer.go:299
2026/03/12 14:37:38.005416 [22;34mDEBUG[0m chunk:643,chunk-dur:33, timestamp:27934, od:605 - chunk_composer.go:299
2026/03/12 14:37:38.037608 [22;34mDEBUG[0m chunk:644,chunk-dur:32, timestamp:27967, od:606 - chunk_composer.go:299
2026/03/12 14:37:38.081842 [22;34mDEBUG[0m chunk:645,chunk-dur:44, timestamp:28000, od:607 - chunk_composer.go:299
2026/03/12 14:37:38.108407 [22;34mDEBUG[0m chunk:646,chunk-dur:27, timestamp:28034, od:608 - chunk_composer.go:299
2026/03/12 14:37:38.137852 [22;34mDEBUG[0m chunk:647,chunk-dur:29, timestamp:28067, od:609 - chunk_composer.go:299
2026/03/12 14:37:38.170233 [22;34mDEBUG[0m chunk:648,chunk-dur:33, timestamp:28100, od:610 - chunk_composer.go:299
2026/03/12 14:37:38.206849 [22;34mDEBUG[0m chunk:649,chunk-dur:36, timestamp:28134, od:611 - chunk_composer.go:299
2026/03/12 14:37:38.254569 [22;34mDEBUG[0m chunk:650,chunk-dur:48, timestamp:28167, od:612 - chunk_composer.go:299
2026/03/12 14:37:38.277829 [22;34mDEBUG[0m chunk:651,chunk-dur:23, timestamp:28200, od:613 - chunk_composer.go:299
2026/03/12 14:37:38.304743 [22;34mDEBUG[0m chunk:652,chunk-dur:27, timestamp:28234, od:614 - chunk_composer.go:299
2026/03/12 14:37:38.336316 [22;34mDEBUG[0m chunk:653,chunk-dur:32, timestamp:28267, od:615 - chunk_composer.go:299
2026/03/12 14:37:38.373983 [22;34mDEBUG[0m chunk:654,chunk-dur:37, timestamp:28300, od:616 - chunk_composer.go:299
2026/03/12 14:37:38.404188 [22;34mDEBUG[0m chunk:655,chunk-dur:31, timestamp:28334, od:617 - chunk_composer.go:299
2026/03/12 14:37:38.435481 [22;34mDEBUG[0m chunk:656,chunk-dur:31, timestamp:28367, od:618 - chunk_composer.go:299
2026/03/12 14:37:38.470116 [22;34mDEBUG[0m chunk:657,chunk-dur:35, timestamp:28400, od:619 - chunk_composer.go:299
2026/03/12 14:37:38.506673 [22;34mDEBUG[0m chunk:658,chunk-dur:36, timestamp:28434, od:620 - chunk_composer.go:299
2026/03/12 14:37:38.537969 [22;34mDEBUG[0m chunk:659,chunk-dur:31, timestamp:28467, od:621 - chunk_composer.go:299
2026/03/12 14:37:38.569599 [22;34mDEBUG[0m chunk:660,chunk-dur:32, timestamp:28500, od:622 - chunk_composer.go:299
2026/03/12 14:37:38.603792 [22;34mDEBUG[0m chunk:661,chunk-dur:34, timestamp:28534, od:623 - chunk_composer.go:299
2026/03/12 14:37:38.638561 [22;34mDEBUG[0m chunk:662,chunk-dur:35, timestamp:28567, od:624 - chunk_composer.go:299
2026/03/12 14:37:38.670546 [22;34mDEBUG[0m chunk:663,chunk-dur:32, timestamp:28600, od:625 - chunk_composer.go:299
2026/03/12 14:37:38.704228 [22;34mDEBUG[0m chunk:664,chunk-dur:34, timestamp:28634, od:626 - chunk_composer.go:299
2026/03/12 14:37:38.737363 [22;34mDEBUG[0m chunk:665,chunk-dur:33, timestamp:28667, od:627 - chunk_composer.go:299
2026/03/12 14:37:38.773601 [22;34mDEBUG[0m chunk:666,chunk-dur:36, timestamp:28700, od:628 - chunk_composer.go:299
2026/03/12 14:37:38.808759 [22;34mDEBUG[0m chunk:667,chunk-dur:35, timestamp:28734, od:629 - chunk_composer.go:299
2026/03/12 14:37:38.836268 [22;34mDEBUG[0m chunk:668,chunk-dur:28, timestamp:28767, od:630 - chunk_composer.go:299
2026/03/12 14:37:38.870557 [22;34mDEBUG[0m chunk:669,chunk-dur:34, timestamp:28800, od:631 - chunk_composer.go:299
2026/03/12 14:37:38.907213 [22;34mDEBUG[0m chunk:670,chunk-dur:37, timestamp:28834, od:632 - chunk_composer.go:299
2026/03/12 14:37:38.939939 [22;34mDEBUG[0m chunk:671,chunk-dur:32, timestamp:28867, od:633 - chunk_composer.go:299
2026/03/12 14:37:38.964973 [22;34mDEBUG[0m bitrate:10.462616 Mbps - client_session.go:438
2026/03/12 14:37:38.976366 [22;34mDEBUG[0m chunk:672,chunk-dur:37, timestamp:28900, od:634 - chunk_composer.go:299
2026/03/12 14:37:39.003606 [22;34mDEBUG[0m chunk:673,chunk-dur:27, timestamp:28934, od:635 - chunk_composer.go:299
2026/03/12 14:37:39.042648 [22;34mDEBUG[0m chunk:674,chunk-dur:39, timestamp:28967, od:636 - chunk_composer.go:299
2026/03/12 14:37:39.069465 [22;34mDEBUG[0m chunk:675,chunk-dur:27, timestamp:29000, od:637 - chunk_composer.go:299
2026/03/12 14:37:39.104277 [22;34mDEBUG[0m chunk:676,chunk-dur:35, timestamp:29034, od:638 - chunk_composer.go:299
2026/03/12 14:37:39.139728 [22;34mDEBUG[0m chunk:677,chunk-dur:35, timestamp:29067, od:639 - chunk_composer.go:299
2026/03/12 14:37:39.173865 [22;34mDEBUG[0m chunk:678,chunk-dur:34, timestamp:29100, od:640 - chunk_composer.go:299
2026/03/12 14:37:39.203569 [22;34mDEBUG[0m chunk:679,chunk-dur:30, timestamp:29134, od:641 - chunk_composer.go:299
2026/03/12 14:37:39.236114 [22;34mDEBUG[0m chunk:680,chunk-dur:33, timestamp:29167, od:642 - chunk_composer.go:299
2026/03/12 14:37:39.275302 [22;34mDEBUG[0m chunk:681,chunk-dur:39, timestamp:29200, od:643 - chunk_composer.go:299
2026/03/12 14:37:39.304350 [22;34mDEBUG[0m chunk:682,chunk-dur:29, timestamp:29234, od:644 - chunk_composer.go:299
2026/03/12 14:37:39.336724 [22;34mDEBUG[0m chunk:683,chunk-dur:32, timestamp:29267, od:645 - chunk_composer.go:299
2026/03/12 14:37:39.369856 [22;34mDEBUG[0m chunk:684,chunk-dur:33, timestamp:29300, od:646 - chunk_composer.go:299
2026/03/12 14:37:39.407214 [22;34mDEBUG[0m chunk:685,chunk-dur:38, timestamp:29334, od:647 - chunk_composer.go:299
2026/03/12 14:37:39.438974 [22;34mDEBUG[0m chunk:686,chunk-dur:31, timestamp:29367, od:648 - chunk_composer.go:299
2026/03/12 14:37:39.468860 [22;34mDEBUG[0m chunk:687,chunk-dur:30, timestamp:29400, od:649 - chunk_composer.go:299
2026/03/12 14:37:39.505755 [22;34mDEBUG[0m chunk:688,chunk-dur:37, timestamp:29434, od:650 - chunk_composer.go:299
2026/03/12 14:37:39.538757 [22;34mDEBUG[0m chunk:689,chunk-dur:33, timestamp:29467, od:651 - chunk_composer.go:299
2026/03/12 14:37:39.569237 [22;34mDEBUG[0m chunk:690,chunk-dur:31, timestamp:29500, od:652 - chunk_composer.go:299
2026/03/12 14:37:39.604479 [22;34mDEBUG[0m chunk:691,chunk-dur:35, timestamp:29534, od:653 - chunk_composer.go:299
2026/03/12 14:37:39.640290 [22;34mDEBUG[0m chunk:692,chunk-dur:36, timestamp:29567, od:654 - chunk_composer.go:299
2026/03/12 14:37:39.670767 [22;34mDEBUG[0m chunk:693,chunk-dur:30, timestamp:29600, od:655 - chunk_composer.go:299
2026/03/12 14:37:39.705836 [22;34mDEBUG[0m chunk:694,chunk-dur:35, timestamp:29634, od:656 - chunk_composer.go:299
2026/03/12 14:37:39.736718 [22;34mDEBUG[0m chunk:695,chunk-dur:31, timestamp:29667, od:657 - chunk_composer.go:299
2026/03/12 14:37:39.769314 [22;34mDEBUG[0m chunk:696,chunk-dur:33, timestamp:29700, od:658 - chunk_composer.go:299
2026/03/12 14:37:39.805764 [22;34mDEBUG[0m chunk:697,chunk-dur:36, timestamp:29734, od:659 - chunk_composer.go:299
2026/03/12 14:37:39.840520 [22;34mDEBUG[0m chunk:698,chunk-dur:35, timestamp:29767, od:660 - chunk_composer.go:299
2026/03/12 14:37:39.870786 [22;34mDEBUG[0m chunk:699,chunk-dur:30, timestamp:29800, od:661 - chunk_composer.go:299
2026/03/12 14:37:39.907050 [22;34mDEBUG[0m chunk:700,chunk-dur:37, timestamp:29834, od:662 - chunk_composer.go:299
2026/03/12 14:37:39.937382 [22;34mDEBUG[0m chunk:701,chunk-dur:30, timestamp:29867, od:663 - chunk_composer.go:299
2026/03/12 14:37:39.965280 [22;34mDEBUG[0m bitrate:8.503105 Mbps - client_session.go:438
2026/03/12 14:37:39.972404 [22;34mDEBUG[0m chunk:702,chunk-dur:35, timestamp:29900, od:664 - chunk_composer.go:299
2026/03/12 14:37:40.005398 [22;34mDEBUG[0m chunk:703,chunk-dur:33, timestamp:29934, od:665 - chunk_composer.go:299
2026/03/12 14:37:40.035859 [22;34mDEBUG[0m chunk:704,chunk-dur:30, timestamp:29967, od:666 - chunk_composer.go:299
2026/03/12 14:37:40.073516 [22;34mDEBUG[0m chunk:705,chunk-dur:38, timestamp:30000, od:667 - chunk_composer.go:299
2026/03/12 14:37:40.108104 [22;34mDEBUG[0m chunk:706,chunk-dur:35, timestamp:30034, od:668 - chunk_composer.go:299
2026/03/12 14:37:40.137488 [22;34mDEBUG[0m chunk:707,chunk-dur:29, timestamp:30067, od:669 - chunk_composer.go:299
2026/03/12 14:37:40.171104 [22;34mDEBUG[0m chunk:708,chunk-dur:34, timestamp:30100, od:670 - chunk_composer.go:299
2026/03/12 14:37:40.204211 [22;34mDEBUG[0m chunk:709,chunk-dur:33, timestamp:30134, od:671 - chunk_composer.go:299
2026/03/12 14:37:40.240188 [22;34mDEBUG[0m chunk:710,chunk-dur:36, timestamp:30167, od:672 - chunk_composer.go:299
2026/03/12 14:37:40.270199 [22;34mDEBUG[0m chunk:711,chunk-dur:30, timestamp:30200, od:673 - chunk_composer.go:299
2026/03/12 14:37:40.302804 [22;34mDEBUG[0m chunk:712,chunk-dur:32, timestamp:30234, od:674 - chunk_composer.go:299
2026/03/12 14:37:40.335773 [22;34mDEBUG[0m chunk:713,chunk-dur:33, timestamp:30267, od:675 - chunk_composer.go:299
2026/03/12 14:37:40.371559 [22;34mDEBUG[0m chunk:714,chunk-dur:36, timestamp:30300, od:676 - chunk_composer.go:299
2026/03/12 14:37:40.405703 [22;34mDEBUG[0m chunk:715,chunk-dur:34, timestamp:30334, od:677 - chunk_composer.go:299
2026/03/12 14:37:40.439386 [22;34mDEBUG[0m chunk:716,chunk-dur:34, timestamp:30367, od:678 - chunk_composer.go:299
2026/03/12 14:37:40.471938 [22;34mDEBUG[0m chunk:717,chunk-dur:32, timestamp:30400, od:679 - chunk_composer.go:299
2026/03/12 14:37:40.506127 [22;34mDEBUG[0m chunk:718,chunk-dur:35, timestamp:30434, od:680 - chunk_composer.go:299
2026/03/12 14:37:40.536518 [22;34mDEBUG[0m chunk:719,chunk-dur:30, timestamp:30467, od:681 - chunk_composer.go:299
2026/03/12 14:37:40.568844 [22;34mDEBUG[0m chunk:720,chunk-dur:32, timestamp:30500, od:682 - chunk_composer.go:299
2026/03/12 14:37:40.606319 [22;34mDEBUG[0m chunk:721,chunk-dur:38, timestamp:30534, od:683 - chunk_composer.go:299
2026/03/12 14:37:40.636635 [22;34mDEBUG[0m chunk:722,chunk-dur:30, timestamp:30567, od:684 - chunk_composer.go:299
2026/03/12 14:37:40.669400 [22;34mDEBUG[0m chunk:723,chunk-dur:33, timestamp:30600, od:685 - chunk_composer.go:299
2026/03/12 14:37:40.705617 [22;34mDEBUG[0m chunk:724,chunk-dur:36, timestamp:30634, od:686 - chunk_composer.go:299
2026/03/12 14:37:40.742685 [22;34mDEBUG[0m chunk:725,chunk-dur:37, timestamp:30667, od:687 - chunk_composer.go:299
2026/03/12 14:37:40.771114 [22;34mDEBUG[0m chunk:726,chunk-dur:29, timestamp:30700, od:688 - chunk_composer.go:299
2026/03/12 14:37:40.803260 [22;34mDEBUG[0m chunk:727,chunk-dur:32, timestamp:30734, od:689 - chunk_composer.go:299
2026/03/12 14:37:40.836150 [22;34mDEBUG[0m chunk:728,chunk-dur:33, timestamp:30767, od:690 - chunk_composer.go:299
2026/03/12 14:37:40.872422 [22;34mDEBUG[0m chunk:729,chunk-dur:36, timestamp:30800, od:691 - chunk_composer.go:299
2026/03/12 14:37:40.906096 [22;34mDEBUG[0m chunk:730,chunk-dur:34, timestamp:30834, od:692 - chunk_composer.go:299
2026/03/12 14:37:40.936865 [22;34mDEBUG[0m chunk:731,chunk-dur:30, timestamp:30867, od:693 - chunk_composer.go:299
2026/03/12 14:37:40.965924 [22;34mDEBUG[0m bitrate:10.225636 Mbps - client_session.go:438
2026/03/12 14:37:40.972005 [22;34mDEBUG[0m chunk:732,chunk-dur:36, timestamp:30900, od:694 - chunk_composer.go:299
2026/03/12 14:37:41.007385 [22;34mDEBUG[0m chunk:733,chunk-dur:35, timestamp:30934, od:695 - chunk_composer.go:299
2026/03/12 14:37:41.037341 [22;34mDEBUG[0m chunk:734,chunk-dur:30, timestamp:30967, od:696 - chunk_composer.go:299
2026/03/12 14:37:41.069981 [22;34mDEBUG[0m chunk:735,chunk-dur:32, timestamp:31000, od:697 - chunk_composer.go:299
2026/03/12 14:37:41.105736 [22;34mDEBUG[0m chunk:736,chunk-dur:36, timestamp:31034, od:698 - chunk_composer.go:299
2026/03/12 14:37:41.138596 [22;34mDEBUG[0m chunk:737,chunk-dur:33, timestamp:31067, od:699 - chunk_composer.go:299
2026/03/12 14:37:41.170500 [22;34mDEBUG[0m chunk:738,chunk-dur:32, timestamp:31100, od:700 - chunk_composer.go:299
2026/03/12 14:37:41.202994 [22;34mDEBUG[0m chunk:739,chunk-dur:32, timestamp:31134, od:701 - chunk_composer.go:299
2026/03/12 14:37:41.241731 [22;34mDEBUG[0m chunk:740,chunk-dur:39, timestamp:31167, od:702 - chunk_composer.go:299
2026/03/12 14:37:41.272292 [22;34mDEBUG[0m chunk:741,chunk-dur:31, timestamp:31200, od:703 - chunk_composer.go:299
2026/03/12 14:37:41.303342 [22;34mDEBUG[0m chunk:742,chunk-dur:31, timestamp:31234, od:704 - chunk_composer.go:299
2026/03/12 14:37:41.338555 [22;34mDEBUG[0m chunk:743,chunk-dur:35, timestamp:31267, od:705 - chunk_composer.go:299
2026/03/12 14:37:41.370612 [22;34mDEBUG[0m chunk:744,chunk-dur:32, timestamp:31300, od:706 - chunk_composer.go:299
2026/03/12 14:37:41.405570 [22;34mDEBUG[0m chunk:745,chunk-dur:35, timestamp:31334, od:707 - chunk_composer.go:299
2026/03/12 14:37:41.437826 [22;34mDEBUG[0m chunk:746,chunk-dur:32, timestamp:31367, od:708 - chunk_composer.go:299
2026/03/12 14:37:41.468981 [22;34mDEBUG[0m chunk:747,chunk-dur:31, timestamp:31400, od:709 - chunk_composer.go:299
2026/03/12 14:37:41.504621 [22;34mDEBUG[0m chunk:748,chunk-dur:36, timestamp:31434, od:710 - chunk_composer.go:299
2026/03/12 14:37:41.535053 [22;34mDEBUG[0m chunk:749,chunk-dur:31, timestamp:31467, od:711 - chunk_composer.go:299
2026/03/12 14:37:41.573071 [22;34mDEBUG[0m chunk:750,chunk-dur:38, timestamp:31500, od:712 - chunk_composer.go:299
2026/03/12 14:37:41.603211 [22;34mDEBUG[0m chunk:751,chunk-dur:30, timestamp:31534, od:713 - chunk_composer.go:299
2026/03/12 14:37:41.637944 [22;34mDEBUG[0m chunk:752,chunk-dur:34, timestamp:31567, od:714 - chunk_composer.go:299
2026/03/12 14:37:41.668438 [22;34mDEBUG[0m chunk:753,chunk-dur:31, timestamp:31600, od:715 - chunk_composer.go:299
2026/03/12 14:37:41.706859 [22;34mDEBUG[0m chunk:754,chunk-dur:38, timestamp:31634, od:716 - chunk_composer.go:299
2026/03/12 14:37:41.738325 [22;34mDEBUG[0m chunk:755,chunk-dur:32, timestamp:31667, od:717 - chunk_composer.go:299
2026/03/12 14:37:41.768394 [22;34mDEBUG[0m chunk:756,chunk-dur:30, timestamp:31700, od:718 - chunk_composer.go:299
2026/03/12 14:37:41.803595 [22;34mDEBUG[0m chunk:757,chunk-dur:35, timestamp:31734, od:719 - chunk_composer.go:299
2026/03/12 14:37:41.839273 [22;34mDEBUG[0m chunk:758,chunk-dur:36, timestamp:31767, od:720 - chunk_composer.go:299
2026/03/12 14:37:41.869807 [22;34mDEBUG[0m chunk:759,chunk-dur:30, timestamp:31800, od:721 - chunk_composer.go:299
2026/03/12 14:37:41.903259 [22;34mDEBUG[0m chunk:760,chunk-dur:34, timestamp:31834, od:722 - chunk_composer.go:299
2026/03/12 14:37:41.936973 [22;34mDEBUG[0m chunk:761,chunk-dur:33, timestamp:31867, od:723 - chunk_composer.go:299
2026/03/12 14:37:41.966967 [22;34mDEBUG[0m bitrate:9.612461 Mbps - client_session.go:438
2026/03/12 14:37:41.973729 [22;34mDEBUG[0m chunk:762,chunk-dur:37, timestamp:31900, od:724 - chunk_composer.go:299
2026/03/12 14:37:42.003125 [22;34mDEBUG[0m chunk:763,chunk-dur:30, timestamp:31934, od:725 - chunk_composer.go:299
2026/03/12 14:37:42.036439 [22;34mDEBUG[0m chunk:764,chunk-dur:33, timestamp:31967, od:726 - chunk_composer.go:299
2026/03/12 14:37:42.108375 [22;34mDEBUG[0m chunk:765,chunk-dur:72, timestamp:32000, od:727 - chunk_composer.go:299
2026/03/12 14:37:42.108449 [22;34mDEBUG[0m chunk:766,chunk-dur:0, timestamp:32034, od:727 - chunk_composer.go:299
2026/03/12 14:37:42.137158 [22;34mDEBUG[0m chunk:767,chunk-dur:29, timestamp:32067, od:728 - chunk_composer.go:299
2026/03/12 14:37:42.169670 [22;34mDEBUG[0m chunk:768,chunk-dur:32, timestamp:32100, od:729 - chunk_composer.go:299
2026/03/12 14:37:42.202341 [22;34mDEBUG[0m chunk:769,chunk-dur:33, timestamp:32134, od:730 - chunk_composer.go:299
2026/03/12 14:37:42.236449 [22;34mDEBUG[0m chunk:770,chunk-dur:34, timestamp:32167, od:731 - chunk_composer.go:299
2026/03/12 14:37:42.271346 [22;34mDEBUG[0m chunk:771,chunk-dur:35, timestamp:32200, od:732 - chunk_composer.go:299
2026/03/12 14:37:42.304223 [22;34mDEBUG[0m chunk:772,chunk-dur:33, timestamp:32234, od:733 - chunk_composer.go:299
2026/03/12 14:37:42.339676 [22;34mDEBUG[0m chunk:773,chunk-dur:35, timestamp:32267, od:734 - chunk_composer.go:299
2026/03/12 14:37:42.372535 [22;34mDEBUG[0m chunk:774,chunk-dur:33, timestamp:32300, od:735 - chunk_composer.go:299
2026/03/12 14:37:42.405369 [22;34mDEBUG[0m chunk:775,chunk-dur:33, timestamp:32334, od:736 - chunk_composer.go:299
2026/03/12 14:37:42.436973 [22;34mDEBUG[0m chunk:776,chunk-dur:31, timestamp:32367, od:737 - chunk_composer.go:299
2026/03/12 14:37:42.468831 [22;34mDEBUG[0m chunk:777,chunk-dur:32, timestamp:32400, od:738 - chunk_composer.go:299
2026/03/12 14:37:42.509658 [22;34mDEBUG[0m chunk:778,chunk-dur:41, timestamp:32434, od:739 - chunk_composer.go:299
2026/03/12 14:37:42.537272 [22;34mDEBUG[0m chunk:779,chunk-dur:28, timestamp:32467, od:740 - chunk_composer.go:299
2026/03/12 14:37:42.569270 [22;34mDEBUG[0m chunk:780,chunk-dur:32, timestamp:32500, od:741 - chunk_composer.go:299
2026/03/12 14:37:42.602759 [22;34mDEBUG[0m chunk:781,chunk-dur:33, timestamp:32534, od:742 - chunk_composer.go:299
2026/03/12 14:37:42.642336 [22;34mDEBUG[0m chunk:782,chunk-dur:40, timestamp:32567, od:743 - chunk_composer.go:299
2026/03/12 14:37:42.669321 [22;34mDEBUG[0m chunk:783,chunk-dur:27, timestamp:32600, od:744 - chunk_composer.go:299
2026/03/12 14:37:42.703279 [22;34mDEBUG[0m chunk:784,chunk-dur:34, timestamp:32634, od:745 - chunk_composer.go:299
2026/03/12 14:37:42.736205 [22;34mDEBUG[0m chunk:785,chunk-dur:33, timestamp:32667, od:746 - chunk_composer.go:299
2026/03/12 14:37:42.771855 [22;34mDEBUG[0m chunk:786,chunk-dur:35, timestamp:32700, od:747 - chunk_composer.go:299
2026/03/12 14:37:42.804106 [22;34mDEBUG[0m chunk:787,chunk-dur:33, timestamp:32734, od:748 - chunk_composer.go:299
2026/03/12 14:37:42.835722 [22;34mDEBUG[0m chunk:788,chunk-dur:31, timestamp:32767, od:749 - chunk_composer.go:299
2026/03/12 14:37:42.870747 [22;34mDEBUG[0m chunk:789,chunk-dur:35, timestamp:32800, od:750 - chunk_composer.go:299
2026/03/12 14:37:42.903365 [22;34mDEBUG[0m chunk:790,chunk-dur:33, timestamp:32834, od:751 - chunk_composer.go:299
2026/03/12 14:37:42.935331 [22;34mDEBUG[0m chunk:791,chunk-dur:32, timestamp:32867, od:752 - chunk_composer.go:299
2026/03/12 14:37:42.968835 [22;34mDEBUG[0m bitrate:9.052980 Mbps - client_session.go:438
2026/03/12 14:37:42.969811 [22;34mDEBUG[0m chunk:792,chunk-dur:34, timestamp:32900, od:753 - chunk_composer.go:299
2026/03/12 14:37:43.008595 [22;34mDEBUG[0m chunk:793,chunk-dur:39, timestamp:32934, od:754 - chunk_composer.go:299
2026/03/12 14:37:43.036794 [22;34mDEBUG[0m chunk:794,chunk-dur:28, timestamp:32967, od:755 - chunk_composer.go:299
2026/03/12 14:37:43.068748 [22;34mDEBUG[0m chunk:795,chunk-dur:32, timestamp:33000, od:756 - chunk_composer.go:299
2026/03/12 14:37:43.104085 [22;34mDEBUG[0m chunk:796,chunk-dur:36, timestamp:33034, od:757 - chunk_composer.go:299
2026/03/12 14:37:43.138081 [22;34mDEBUG[0m chunk:797,chunk-dur:34, timestamp:33067, od:758 - chunk_composer.go:299
2026/03/12 14:37:43.169044 [22;34mDEBUG[0m chunk:798,chunk-dur:31, timestamp:33100, od:759 - chunk_composer.go:299
2026/03/12 14:37:43.205084 [22;34mDEBUG[0m chunk:799,chunk-dur:36, timestamp:33134, od:760 - chunk_composer.go:299
2026/03/12 14:37:43.235207 [22;34mDEBUG[0m chunk:800,chunk-dur:30, timestamp:33167, od:761 - chunk_composer.go:299
2026/03/12 14:37:43.271181 [22;34mDEBUG[0m chunk:801,chunk-dur:36, timestamp:33200, od:762 - chunk_composer.go:299
2026/03/12 14:37:43.305104 [22;34mDEBUG[0m chunk:802,chunk-dur:34, timestamp:33234, od:763 - chunk_composer.go:299
2026/03/12 14:37:43.337680 [22;34mDEBUG[0m chunk:803,chunk-dur:32, timestamp:33267, od:764 - chunk_composer.go:299
2026/03/12 14:37:43.372278 [22;34mDEBUG[0m chunk:804,chunk-dur:35, timestamp:33300, od:765 - chunk_composer.go:299
2026/03/12 14:37:43.404272 [22;34mDEBUG[0m chunk:805,chunk-dur:32, timestamp:33334, od:766 - chunk_composer.go:299
2026/03/12 14:37:43.436127 [22;34mDEBUG[0m chunk:806,chunk-dur:32, timestamp:33367, od:767 - chunk_composer.go:299
2026/03/12 14:37:43.468775 [22;34mDEBUG[0m chunk:807,chunk-dur:32, timestamp:33400, od:768 - chunk_composer.go:299
2026/03/12 14:37:43.506495 [22;34mDEBUG[0m chunk:808,chunk-dur:38, timestamp:33434, od:769 - chunk_composer.go:299
2026/03/12 14:37:43.536042 [22;34mDEBUG[0m chunk:809,chunk-dur:30, timestamp:33467, od:770 - chunk_composer.go:299
2026/03/12 14:37:43.568626 [22;34mDEBUG[0m chunk:810,chunk-dur:32, timestamp:33500, od:771 - chunk_composer.go:299
2026/03/12 14:37:43.603683 [22;34mDEBUG[0m chunk:811,chunk-dur:35, timestamp:33534, od:772 - chunk_composer.go:299
2026/03/12 14:37:43.636669 [22;34mDEBUG[0m chunk:812,chunk-dur:33, timestamp:33567, od:773 - chunk_composer.go:299
2026/03/12 14:37:43.669130 [22;34mDEBUG[0m chunk:813,chunk-dur:33, timestamp:33600, od:774 - chunk_composer.go:299
2026/03/12 14:37:43.704758 [22;34mDEBUG[0m chunk:814,chunk-dur:35, timestamp:33634, od:775 - chunk_composer.go:299
2026/03/12 14:37:43.740385 [22;34mDEBUG[0m chunk:815,chunk-dur:36, timestamp:33667, od:776 - chunk_composer.go:299
2026/03/12 14:37:43.769987 [22;34mDEBUG[0m chunk:816,chunk-dur:29, timestamp:33700, od:777 - chunk_composer.go:299
2026/03/12 14:37:43.803621 [22;34mDEBUG[0m chunk:817,chunk-dur:34, timestamp:33734, od:778 - chunk_composer.go:299
2026/03/12 14:37:43.837723 [22;34mDEBUG[0m chunk:818,chunk-dur:34, timestamp:33767, od:779 - chunk_composer.go:299
2026/03/12 14:37:43.871970 [22;34mDEBUG[0m chunk:819,chunk-dur:34, timestamp:33800, od:780 - chunk_composer.go:299
2026/03/12 14:37:43.906260 [22;34mDEBUG[0m chunk:820,chunk-dur:35, timestamp:33834, od:781 - chunk_composer.go:299
2026/03/12 14:37:43.937098 [22;34mDEBUG[0m chunk:821,chunk-dur:31, timestamp:33867, od:782 - chunk_composer.go:299
2026/03/12 14:37:43.968945 [22;34mDEBUG[0m bitrate:7.977861 Mbps - client_session.go:438
2026/03/12 14:37:43.968960 [22;34mDEBUG[0m chunk:822,chunk-dur:31, timestamp:33900, od:783 - chunk_composer.go:299
2026/03/12 14:37:44.005319 [22;34mDEBUG[0m chunk:823,chunk-dur:37, timestamp:33934, od:784 - chunk_composer.go:299
2026/03/12 14:37:44.037178 [22;34mDEBUG[0m chunk:824,chunk-dur:32, timestamp:33967, od:785 - chunk_composer.go:299
2026/03/12 14:37:44.080832 [22;34mDEBUG[0m chunk:825,chunk-dur:43, timestamp:34000, od:786 - chunk_composer.go:299
2026/03/12 14:37:44.106293 [22;34mDEBUG[0m chunk:826,chunk-dur:26, timestamp:34034, od:787 - chunk_composer.go:299
2026/03/12 14:37:44.137590 [22;34mDEBUG[0m chunk:827,chunk-dur:31, timestamp:34067, od:788 - chunk_composer.go:299
2026/03/12 14:37:44.167962 [22;34mDEBUG[0m chunk:828,chunk-dur:30, timestamp:34100, od:789 - chunk_composer.go:299
2026/03/12 14:37:44.202597 [22;34mDEBUG[0m chunk:829,chunk-dur:35, timestamp:34134, od:790 - chunk_composer.go:299
2026/03/12 14:37:44.240599 [22;34mDEBUG[0m chunk:830,chunk-dur:38, timestamp:34167, od:791 - chunk_composer.go:299
2026/03/12 14:37:44.269470 [22;34mDEBUG[0m chunk:831,chunk-dur:29, timestamp:34200, od:792 - chunk_composer.go:299
2026/03/12 14:37:44.302815 [22;34mDEBUG[0m chunk:832,chunk-dur:33, timestamp:34234, od:793 - chunk_composer.go:299
2026/03/12 14:37:44.335986 [22;34mDEBUG[0m chunk:833,chunk-dur:33, timestamp:34267, od:794 - chunk_composer.go:299
2026/03/12 14:37:44.373104 [22;34mDEBUG[0m chunk:834,chunk-dur:38, timestamp:34300, od:795 - chunk_composer.go:299
2026/03/12 14:37:44.404273 [22;34mDEBUG[0m chunk:835,chunk-dur:31, timestamp:34334, od:796 - chunk_composer.go:299
2026/03/12 14:37:44.435613 [22;34mDEBUG[0m chunk:836,chunk-dur:31, timestamp:34367, od:797 - chunk_composer.go:299
2026/03/12 14:37:44.468853 [22;34mDEBUG[0m chunk:837,chunk-dur:33, timestamp:34400, od:798 - chunk_composer.go:299
2026/03/12 14:37:44.506171 [22;34mDEBUG[0m chunk:838,chunk-dur:38, timestamp:34434, od:799 - chunk_composer.go:299
2026/03/12 14:37:44.537014 [22;34mDEBUG[0m chunk:839,chunk-dur:31, timestamp:34467, od:800 - chunk_composer.go:299
2026/03/12 14:37:44.604169 [22;34mDEBUG[0m chunk:840,chunk-dur:67, timestamp:34500, od:801 - chunk_composer.go:299
2026/03/12 14:37:44.604228 [22;34mDEBUG[0m chunk:841,chunk-dur:0, timestamp:34534, od:801 - chunk_composer.go:299
2026/03/12 14:37:44.642489 [22;34mDEBUG[0m chunk:842,chunk-dur:38, timestamp:34567, od:802 - chunk_composer.go:299
2026/03/12 14:37:44.670131 [22;34mDEBUG[0m chunk:843,chunk-dur:28, timestamp:34600, od:803 - chunk_composer.go:299
2026/03/12 14:37:44.703624 [22;34mDEBUG[0m chunk:844,chunk-dur:33, timestamp:34634, od:804 - chunk_composer.go:299
2026/03/12 14:37:44.735964 [22;34mDEBUG[0m chunk:845,chunk-dur:32, timestamp:34667, od:805 - chunk_composer.go:299
2026/03/12 14:37:44.770398 [22;34mDEBUG[0m chunk:846,chunk-dur:35, timestamp:34700, od:806 - chunk_composer.go:299
2026/03/12 14:37:44.803698 [22;34mDEBUG[0m chunk:847,chunk-dur:33, timestamp:34734, od:807 - chunk_composer.go:299
2026/03/12 14:37:44.837511 [22;34mDEBUG[0m chunk:848,chunk-dur:34, timestamp:34767, od:808 - chunk_composer.go:299
2026/03/12 14:37:44.873736 [22;34mDEBUG[0m chunk:849,chunk-dur:36, timestamp:34800, od:809 - chunk_composer.go:299
2026/03/12 14:37:44.909807 [22;34mDEBUG[0m chunk:850,chunk-dur:36, timestamp:34834, od:810 - chunk_composer.go:299
2026/03/12 14:37:44.935678 [22;34mDEBUG[0m chunk:851,chunk-dur:26, timestamp:34867, od:811 - chunk_composer.go:299
2026/03/12 14:37:44.969938 [22;34mDEBUG[0m bitrate:7.542211 Mbps - client_session.go:438
2026/03/12 14:37:44.971576 [22;34mDEBUG[0m chunk:852,chunk-dur:36, timestamp:34900, od:812 - chunk_composer.go:299
2026/03/12 14:37:45.002631 [22;34mDEBUG[0m chunk:853,chunk-dur:31, timestamp:34934, od:813 - chunk_composer.go:299
2026/03/12 14:37:45.038565 [22;34mDEBUG[0m chunk:854,chunk-dur:36, timestamp:34967, od:814 - chunk_composer.go:299
2026/03/12 14:37:45.068979 [22;34mDEBUG[0m chunk:855,chunk-dur:30, timestamp:35000, od:815 - chunk_composer.go:299
2026/03/12 14:37:45.102598 [22;34mDEBUG[0m chunk:856,chunk-dur:34, timestamp:35034, od:816 - chunk_composer.go:299
2026/03/12 14:37:45.136138 [22;34mDEBUG[0m chunk:857,chunk-dur:34, timestamp:35067, od:817 - chunk_composer.go:299
2026/03/12 14:37:45.171602 [22;34mDEBUG[0m chunk:858,chunk-dur:35, timestamp:35100, od:818 - chunk_composer.go:299
2026/03/12 14:37:45.203572 [22;34mDEBUG[0m chunk:859,chunk-dur:32, timestamp:35134, od:819 - chunk_composer.go:299
2026/03/12 14:37:45.236231 [22;34mDEBUG[0m chunk:860,chunk-dur:33, timestamp:35167, od:820 - chunk_composer.go:299
2026/03/12 14:37:45.269316 [22;34mDEBUG[0m chunk:861,chunk-dur:33, timestamp:35200, od:821 - chunk_composer.go:299
2026/03/12 14:37:45.307277 [22;34mDEBUG[0m chunk:862,chunk-dur:38, timestamp:35234, od:822 - chunk_composer.go:299
2026/03/12 14:37:45.336940 [22;34mDEBUG[0m chunk:863,chunk-dur:29, timestamp:35267, od:823 - chunk_composer.go:299
2026/03/12 14:37:45.369004 [22;34mDEBUG[0m chunk:864,chunk-dur:33, timestamp:35300, od:824 - chunk_composer.go:299
2026/03/12 14:37:45.403063 [22;34mDEBUG[0m chunk:865,chunk-dur:34, timestamp:35334, od:825 - chunk_composer.go:299
2026/03/12 14:37:45.440738 [22;34mDEBUG[0m chunk:866,chunk-dur:37, timestamp:35367, od:826 - chunk_composer.go:299
2026/03/12 14:37:45.472515 [22;34mDEBUG[0m chunk:867,chunk-dur:32, timestamp:35400, od:827 - chunk_composer.go:299
2026/03/12 14:37:45.503693 [22;34mDEBUG[0m chunk:868,chunk-dur:31, timestamp:35434, od:828 - chunk_composer.go:299
2026/03/12 14:37:45.537149 [22;34mDEBUG[0m chunk:869,chunk-dur:34, timestamp:35467, od:829 - chunk_composer.go:299
2026/03/12 14:37:45.574409 [22;34mDEBUG[0m chunk:870,chunk-dur:37, timestamp:35500, od:830 - chunk_composer.go:299
2026/03/12 14:37:45.603522 [22;34mDEBUG[0m chunk:871,chunk-dur:29, timestamp:35534, od:831 - chunk_composer.go:299
2026/03/12 14:37:45.639274 [22;34mDEBUG[0m chunk:872,chunk-dur:36, timestamp:35567, od:832 - chunk_composer.go:299
2026/03/12 14:37:45.672174 [22;34mDEBUG[0m chunk:873,chunk-dur:33, timestamp:35600, od:833 - chunk_composer.go:299
2026/03/12 14:37:45.703500 [22;34mDEBUG[0m chunk:874,chunk-dur:31, timestamp:35634, od:834 - chunk_composer.go:299
2026/03/12 14:37:45.735727 [22;34mDEBUG[0m chunk:875,chunk-dur:32, timestamp:35667, od:835 - chunk_composer.go:299
2026/03/12 14:37:45.768437 [22;34mDEBUG[0m chunk:876,chunk-dur:33, timestamp:35700, od:836 - chunk_composer.go:299
2026/03/12 14:37:45.807532 [22;34mDEBUG[0m chunk:877,chunk-dur:39, timestamp:35734, od:837 - chunk_composer.go:299
2026/03/12 14:37:45.836472 [22;34mDEBUG[0m chunk:878,chunk-dur:29, timestamp:35767, od:838 - chunk_composer.go:299
2026/03/12 14:37:45.869371 [22;34mDEBUG[0m chunk:879,chunk-dur:33, timestamp:35800, od:839 - chunk_composer.go:299
2026/03/12 14:37:45.904924 [22;34mDEBUG[0m chunk:880,chunk-dur:35, timestamp:35834, od:840 - chunk_composer.go:299
2026/03/12 14:37:46.029821 [22;34mDEBUG[0m bitrate:6.588492 Mbps - client_session.go:438
2026/03/12 14:37:46.065305 [22;34mDEBUG[0m chunk:881,chunk-dur:161, timestamp:35867, od:841 - chunk_composer.go:299
2026/03/12 14:37:46.065377 [22;34mDEBUG[0m chunk:882,chunk-dur:0, timestamp:35900, od:841 - chunk_composer.go:299
2026/03/12 14:37:46.065405 [22;34mDEBUG[0m chunk:883,chunk-dur:0, timestamp:35934, od:841 - chunk_composer.go:299
2026/03/12 14:37:46.065426 [22;34mDEBUG[0m chunk:884,chunk-dur:0, timestamp:35967, od:841 - chunk_composer.go:299
2026/03/12 14:37:46.113838 [22;34mDEBUG[0m chunk:885,chunk-dur:48, timestamp:36000, od:842 - chunk_composer.go:299
2026/03/12 14:37:46.115076 [22;34mDEBUG[0m chunk:886,chunk-dur:2, timestamp:36034, od:842 - chunk_composer.go:299
2026/03/12 14:37:46.137352 [22;34mDEBUG[0m chunk:887,chunk-dur:22, timestamp:36067, od:843 - chunk_composer.go:299
2026/03/12 14:37:46.169342 [22;34mDEBUG[0m chunk:888,chunk-dur:32, timestamp:36100, od:844 - chunk_composer.go:299
2026/03/12 14:37:46.202801 [22;34mDEBUG[0m chunk:889,chunk-dur:33, timestamp:36134, od:845 - chunk_composer.go:299
2026/03/12 14:37:46.238048 [22;34mDEBUG[0m chunk:890,chunk-dur:36, timestamp:36167, od:846 - chunk_composer.go:299
2026/03/12 14:37:46.269208 [22;34mDEBUG[0m chunk:891,chunk-dur:31, timestamp:36200, od:847 - chunk_composer.go:299
2026/03/12 14:37:46.302668 [22;34mDEBUG[0m chunk:892,chunk-dur:33, timestamp:36234, od:848 - chunk_composer.go:299
2026/03/12 14:37:46.336359 [22;34mDEBUG[0m chunk:893,chunk-dur:34, timestamp:36267, od:849 - chunk_composer.go:299
2026/03/12 14:37:46.371446 [22;34mDEBUG[0m chunk:894,chunk-dur:35, timestamp:36300, od:850 - chunk_composer.go:299
2026/03/12 14:37:46.403177 [22;34mDEBUG[0m chunk:895,chunk-dur:32, timestamp:36334, od:851 - chunk_composer.go:299
2026/03/12 14:37:46.435929 [22;34mDEBUG[0m chunk:896,chunk-dur:32, timestamp:36367, od:852 - chunk_composer.go:299
2026/03/12 14:37:46.476355 [22;34mDEBUG[0m chunk:897,chunk-dur:41, timestamp:36400, od:853 - chunk_composer.go:299
2026/03/12 14:37:46.503693 [22;34mDEBUG[0m chunk:898,chunk-dur:27, timestamp:36434, od:854 - chunk_composer.go:299
2026/03/12 14:37:46.536261 [22;34mDEBUG[0m chunk:899,chunk-dur:33, timestamp:36467, od:855 - chunk_composer.go:299
2026/03/12 14:37:46.569976 [22;34mDEBUG[0m chunk:900,chunk-dur:33, timestamp:36500, od:856 - chunk_composer.go:299
2026/03/12 14:37:46.604038 [22;34mDEBUG[0m chunk:901,chunk-dur:35, timestamp:36534, od:857 - chunk_composer.go:299
2026/03/12 14:37:46.636509 [22;34mDEBUG[0m chunk:902,chunk-dur:32, timestamp:36567, od:858 - chunk_composer.go:299
2026/03/12 14:37:46.673213 [22;34mDEBUG[0m chunk:903,chunk-dur:37, timestamp:36600, od:859 - chunk_composer.go:299
2026/03/12 14:37:46.704208 [22;34mDEBUG[0m chunk:904,chunk-dur:31, timestamp:36634, od:860 - chunk_composer.go:299
2026/03/12 14:37:46.736016 [22;34mDEBUG[0m chunk:905,chunk-dur:32, timestamp:36667, od:861 - chunk_composer.go:299
2026/03/12 14:37:46.770344 [22;34mDEBUG[0m chunk:906,chunk-dur:34, timestamp:36700, od:862 - chunk_composer.go:299
2026/03/12 14:37:46.807530 [22;34mDEBUG[0m chunk:907,chunk-dur:37, timestamp:36734, od:863 - chunk_composer.go:299
2026/03/12 14:37:46.836426 [22;34mDEBUG[0m chunk:908,chunk-dur:29, timestamp:36767, od:864 - chunk_composer.go:299
2026/03/12 14:37:46.868365 [22;34mDEBUG[0m chunk:909,chunk-dur:32, timestamp:36800, od:865 - chunk_composer.go:299
2026/03/12 14:37:46.903548 [22;34mDEBUG[0m chunk:910,chunk-dur:35, timestamp:36834, od:866 - chunk_composer.go:299
2026/03/12 14:37:46.939693 [22;34mDEBUG[0m chunk:911,chunk-dur:36, timestamp:36867, od:867 - chunk_composer.go:299
2026/03/12 14:37:46.969863 [22;34mDEBUG[0m chunk:912,chunk-dur:30, timestamp:36900, od:868 - chunk_composer.go:299
2026/03/12 14:37:47.002995 [22;34mDEBUG[0m chunk:913,chunk-dur:33, timestamp:36934, od:869 - chunk_composer.go:299
2026/03/12 14:37:47.030360 [22;36m INFO[0m mean write bitrate:7.447573 Mbps - client_session.go:447
2026/03/12 14:37:47.030382 [22;34mDEBUG[0m bitrate:10.385738 Mbps - client_session.go:438
2026/03/12 14:37:47.035396 [22;34mDEBUG[0m chunk:914,chunk-dur:33, timestamp:36967, od:870 - chunk_composer.go:299
2026/03/12 14:37:47.074531 [22;34mDEBUG[0m chunk:915,chunk-dur:39, timestamp:37000, od:871 - chunk_composer.go:299
2026/03/12 14:37:47.102616 [22;34mDEBUG[0m chunk:916,chunk-dur:28, timestamp:37034, od:872 - chunk_composer.go:299
2026/03/12 14:37:47.135643 [22;34mDEBUG[0m chunk:917,chunk-dur:33, timestamp:37067, od:873 - chunk_composer.go:299
2026/03/12 14:37:47.169944 [22;34mDEBUG[0m chunk:918,chunk-dur:34, timestamp:37100, od:874 - chunk_composer.go:299
2026/03/12 14:37:47.206852 [22;34mDEBUG[0m chunk:919,chunk-dur:37, timestamp:37134, od:875 - chunk_composer.go:299
2026/03/12 14:37:47.236428 [22;34mDEBUG[0m chunk:920,chunk-dur:30, timestamp:37167, od:876 - chunk_composer.go:299
2026/03/12 14:37:47.268061 [22;34mDEBUG[0m chunk:921,chunk-dur:32, timestamp:37200, od:877 - chunk_composer.go:299
2026/03/12 14:37:47.303319 [22;34mDEBUG[0m chunk:922,chunk-dur:35, timestamp:37234, od:878 - chunk_composer.go:299
2026/03/12 14:37:47.340020 [22;34mDEBUG[0m chunk:923,chunk-dur:37, timestamp:37267, od:879 - chunk_composer.go:299
2026/03/12 14:37:47.369727 [22;34mDEBUG[0m chunk:924,chunk-dur:29, timestamp:37300, od:880 - chunk_composer.go:299
2026/03/12 14:37:47.402616 [22;34mDEBUG[0m chunk:925,chunk-dur:33, timestamp:37334, od:881 - chunk_composer.go:299
2026/03/12 14:37:47.436405 [22;34mDEBUG[0m chunk:926,chunk-dur:34, timestamp:37367, od:882 - chunk_composer.go:299
2026/03/12 14:37:47.471685 [22;34mDEBUG[0m chunk:927,chunk-dur:35, timestamp:37400, od:883 - chunk_composer.go:299
2026/03/12 14:37:47.502994 [22;34mDEBUG[0m chunk:928,chunk-dur:31, timestamp:37434, od:884 - chunk_composer.go:299
2026/03/12 14:37:47.536815 [22;34mDEBUG[0m chunk:929,chunk-dur:34, timestamp:37467, od:885 - chunk_composer.go:299
2026/03/12 14:37:47.570926 [22;34mDEBUG[0m chunk:930,chunk-dur:34, timestamp:37500, od:886 - chunk_composer.go:299
2026/03/12 14:37:47.603621 [22;34mDEBUG[0m chunk:931,chunk-dur:33, timestamp:37534, od:887 - chunk_composer.go:299
2026/03/12 14:37:47.636664 [22;34mDEBUG[0m chunk:932,chunk-dur:33, timestamp:37567, od:888 - chunk_composer.go:299
2026/03/12 14:37:47.671729 [22;34mDEBUG[0m chunk:933,chunk-dur:35, timestamp:37600, od:889 - chunk_composer.go:299
2026/03/12 14:37:47.704031 [22;34mDEBUG[0m chunk:934,chunk-dur:33, timestamp:37634, od:890 - chunk_composer.go:299
2026/03/12 14:37:47.736673 [22;34mDEBUG[0m chunk:935,chunk-dur:32, timestamp:37667, od:891 - chunk_composer.go:299
2026/03/12 14:37:47.769493 [22;34mDEBUG[0m chunk:936,chunk-dur:33, timestamp:37700, od:892 - chunk_composer.go:299
2026/03/12 14:37:47.809612 [22;34mDEBUG[0m chunk:937,chunk-dur:40, timestamp:37734, od:893 - chunk_composer.go:299
2026/03/12 14:37:47.836530 [22;34mDEBUG[0m chunk:938,chunk-dur:27, timestamp:37767, od:894 - chunk_composer.go:299
2026/03/12 14:37:47.869533 [22;34mDEBUG[0m chunk:939,chunk-dur:33, timestamp:37800, od:895 - chunk_composer.go:299
2026/03/12 14:37:47.906542 [22;34mDEBUG[0m chunk:940,chunk-dur:37, timestamp:37834, od:896 - chunk_composer.go:299
2026/03/12 14:37:47.936664 [22;34mDEBUG[0m chunk:941,chunk-dur:30, timestamp:37867, od:897 - chunk_composer.go:299
2026/03/12 14:37:47.968361 [22;34mDEBUG[0m chunk:942,chunk-dur:32, timestamp:37900, od:898 - chunk_composer.go:299
2026/03/12 14:37:48.004098 [22;34mDEBUG[0m chunk:943,chunk-dur:36, timestamp:37934, od:899 - chunk_composer.go:299
2026/03/12 14:37:48.031011 [22;34mDEBUG[0m bitrate:7.040057 Mbps - client_session.go:438
2026/03/12 14:37:48.040985 [22;34mDEBUG[0m chunk:944,chunk-dur:36, timestamp:37967, od:900 - chunk_composer.go:299
2026/03/12 14:37:48.086237 [22;34mDEBUG[0m chunk:945,chunk-dur:46, timestamp:38000, od:901 - chunk_composer.go:299
2026/03/12 14:37:48.104955 [22;34mDEBUG[0m chunk:946,chunk-dur:18, timestamp:38034, od:902 - chunk_composer.go:299
2026/03/12 14:37:48.136294 [22;34mDEBUG[0m chunk:947,chunk-dur:32, timestamp:38067, od:903 - chunk_composer.go:299
2026/03/12 14:37:48.169353 [22;34mDEBUG[0m chunk:948,chunk-dur:33, timestamp:38100, od:904 - chunk_composer.go:299
2026/03/12 14:37:48.203419 [22;34mDEBUG[0m chunk:949,chunk-dur:34, timestamp:38134, od:905 - chunk_composer.go:299
2026/03/12 14:37:48.241724 [22;34mDEBUG[0m chunk:950,chunk-dur:38, timestamp:38167, od:906 - chunk_composer.go:299
2026/03/12 14:37:48.269375 [22;34mDEBUG[0m chunk:951,chunk-dur:28, timestamp:38200, od:907 - chunk_composer.go:299
2026/03/12 14:37:48.304995 [22;34mDEBUG[0m chunk:952,chunk-dur:35, timestamp:38234, od:908 - chunk_composer.go:299
2026/03/12 14:37:48.342234 [22;34mDEBUG[0m chunk:953,chunk-dur:38, timestamp:38267, od:909 - chunk_composer.go:299
2026/03/12 14:37:48.381058 [22;34mDEBUG[0m chunk:954,chunk-dur:39, timestamp:38300, od:910 - chunk_composer.go:299
2026/03/12 14:37:48.403233 [22;34mDEBUG[0m chunk:955,chunk-dur:22, timestamp:38334, od:911 - chunk_composer.go:299
2026/03/12 14:37:48.436070 [22;34mDEBUG[0m chunk:956,chunk-dur:33, timestamp:38367, od:912 - chunk_composer.go:299
2026/03/12 14:37:48.468951 [22;34mDEBUG[0m chunk:957,chunk-dur:32, timestamp:38400, od:913 - chunk_composer.go:299
2026/03/12 14:37:48.507303 [22;34mDEBUG[0m chunk:958,chunk-dur:39, timestamp:38434, od:914 - chunk_composer.go:299
2026/03/12 14:37:48.537431 [22;34mDEBUG[0m chunk:959,chunk-dur:30, timestamp:38467, od:915 - chunk_composer.go:299
2026/03/12 14:37:48.568975 [22;34mDEBUG[0m chunk:960,chunk-dur:31, timestamp:38500, od:916 - chunk_composer.go:299
2026/03/12 14:37:48.602856 [22;34mDEBUG[0m chunk:961,chunk-dur:34, timestamp:38534, od:917 - chunk_composer.go:299
2026/03/12 14:37:48.638045 [22;34mDEBUG[0m chunk:962,chunk-dur:36, timestamp:38567, od:918 - chunk_composer.go:299
2026/03/12 14:37:48.668976 [22;34mDEBUG[0m chunk:963,chunk-dur:30, timestamp:38600, od:919 - chunk_composer.go:299
2026/03/12 14:37:48.702804 [22;34mDEBUG[0m chunk:964,chunk-dur:34, timestamp:38634, od:920 - chunk_composer.go:299
2026/03/12 14:37:48.738436 [22;34mDEBUG[0m chunk:965,chunk-dur:36, timestamp:38667, od:921 - chunk_composer.go:299
2026/03/12 14:37:48.773371 [22;34mDEBUG[0m chunk:966,chunk-dur:35, timestamp:38700, od:922 - chunk_composer.go:299
2026/03/12 14:37:48.805977 [22;34mDEBUG[0m chunk:967,chunk-dur:32, timestamp:38734, od:923 - chunk_composer.go:299
2026/03/12 14:37:48.836527 [22;34mDEBUG[0m chunk:968,chunk-dur:31, timestamp:38767, od:924 - chunk_composer.go:299
2026/03/12 14:37:48.869104 [22;34mDEBUG[0m chunk:969,chunk-dur:33, timestamp:38800, od:925 - chunk_composer.go:299
2026/03/12 14:37:48.909111 [22;34mDEBUG[0m chunk:970,chunk-dur:40, timestamp:38834, od:926 - chunk_composer.go:299
2026/03/12 14:37:48.936595 [22;34mDEBUG[0m chunk:971,chunk-dur:27, timestamp:38867, od:927 - chunk_composer.go:299
2026/03/12 14:37:48.969985 [22;34mDEBUG[0m chunk:972,chunk-dur:33, timestamp:38900, od:928 - chunk_composer.go:299
2026/03/12 14:37:49.006246 [22;34mDEBUG[0m chunk:973,chunk-dur:37, timestamp:38934, od:929 - chunk_composer.go:299
2026/03/12 14:37:49.032023 [22;34mDEBUG[0m bitrate:8.483533 Mbps - client_session.go:438
2026/03/12 14:37:49.038725 [22;34mDEBUG[0m chunk:974,chunk-dur:32, timestamp:38967, od:930 - chunk_composer.go:299
2026/03/12 14:37:49.069166 [22;34mDEBUG[0m chunk:975,chunk-dur:31, timestamp:39000, od:931 - chunk_composer.go:299
2026/03/12 14:37:49.107989 [22;34mDEBUG[0m chunk:976,chunk-dur:38, timestamp:39034, od:932 - chunk_composer.go:299
2026/03/12 14:37:49.137053 [22;34mDEBUG[0m chunk:977,chunk-dur:30, timestamp:39067, od:933 - chunk_composer.go:299
2026/03/12 14:37:49.172568 [22;34mDEBUG[0m chunk:978,chunk-dur:35, timestamp:39100, od:934 - chunk_composer.go:299
2026/03/12 14:37:49.208739 [22;34mDEBUG[0m chunk:979,chunk-dur:36, timestamp:39134, od:935 - chunk_composer.go:299
2026/03/12 14:37:49.238465 [22;34mDEBUG[0m chunk:980,chunk-dur:30, timestamp:39167, od:936 - chunk_composer.go:299
2026/03/12 14:37:49.269507 [22;34mDEBUG[0m chunk:981,chunk-dur:31, timestamp:39200, od:937 - chunk_composer.go:299
2026/03/12 14:37:49.303820 [22;34mDEBUG[0m chunk:982,chunk-dur:34, timestamp:39234, od:938 - chunk_composer.go:299
2026/03/12 14:37:49.339637 [22;34mDEBUG[0m chunk:983,chunk-dur:36, timestamp:39267, od:939 - chunk_composer.go:299
2026/03/12 14:37:49.368575 [22;34mDEBUG[0m chunk:984,chunk-dur:29, timestamp:39300, od:940 - chunk_composer.go:299
2026/03/12 14:37:49.405730 [22;34mDEBUG[0m chunk:985,chunk-dur:37, timestamp:39334, od:941 - chunk_composer.go:299
2026/03/12 14:37:49.436333 [22;34mDEBUG[0m chunk:986,chunk-dur:31, timestamp:39367, od:942 - chunk_composer.go:299
2026/03/12 14:37:49.469156 [22;34mDEBUG[0m chunk:987,chunk-dur:33, timestamp:39400, od:943 - chunk_composer.go:299
2026/03/12 14:37:49.503658 [22;34mDEBUG[0m chunk:988,chunk-dur:34, timestamp:39434, od:944 - chunk_composer.go:299
2026/03/12 14:37:49.538617 [22;34mDEBUG[0m chunk:989,chunk-dur:35, timestamp:39467, od:945 - chunk_composer.go:299
2026/03/12 14:37:49.570462 [22;34mDEBUG[0m chunk:990,chunk-dur:32, timestamp:39500, od:946 - chunk_composer.go:299
2026/03/12 14:37:49.602126 [22;34mDEBUG[0m chunk:991,chunk-dur:32, timestamp:39534, od:947 - chunk_composer.go:299
2026/03/12 14:37:49.636622 [22;34mDEBUG[0m chunk:992,chunk-dur:34, timestamp:39567, od:948 - chunk_composer.go:299
2026/03/12 14:37:49.672728 [22;34mDEBUG[0m chunk:993,chunk-dur:36, timestamp:39600, od:949 - chunk_composer.go:299
2026/03/12 14:37:49.703122 [22;34mDEBUG[0m chunk:994,chunk-dur:31, timestamp:39634, od:950 - chunk_composer.go:299
2026/03/12 14:37:49.736492 [22;34mDEBUG[0m chunk:995,chunk-dur:33, timestamp:39667, od:951 - chunk_composer.go:299
2026/03/12 14:37:49.768734 [22;34mDEBUG[0m chunk:996,chunk-dur:32, timestamp:39700, od:952 - chunk_composer.go:299
2026/03/12 14:37:49.805154 [22;34mDEBUG[0m chunk:997,chunk-dur:37, timestamp:39734, od:953 - chunk_composer.go:299
2026/03/12 14:37:49.836802 [22;34mDEBUG[0m chunk:998,chunk-dur:31, timestamp:39767, od:954 - chunk_composer.go:299
2026/03/12 14:37:49.868955 [22;34mDEBUG[0m chunk:999,chunk-dur:32, timestamp:39800, od:955 - chunk_composer.go:299
2026/03/12 14:37:49.903047 [22;34mDEBUG[0m chunk:1000,chunk-dur:35, timestamp:39834, od:956 - chunk_composer.go:299
2026/03/12 14:37:49.942633 [22;34mDEBUG[0m chunk:1001,chunk-dur:39, timestamp:39867, od:957 - chunk_composer.go:299
2026/03/12 14:37:49.969834 [22;34mDEBUG[0m chunk:1002,chunk-dur:27, timestamp:39900, od:958 - chunk_composer.go:299
2026/03/12 14:37:50.003266 [22;34mDEBUG[0m chunk:1003,chunk-dur:34, timestamp:39934, od:959 - chunk_composer.go:299
2026/03/12 14:37:50.032589 [22;34mDEBUG[0m bitrate:7.003458 Mbps - client_session.go:438
2026/03/12 14:37:50.035731 [22;34mDEBUG[0m chunk:1004,chunk-dur:32, timestamp:39967, od:960 - chunk_composer.go:299
2026/03/12 14:37:50.090733 [22;34mDEBUG[0m chunk:1005,chunk-dur:55, timestamp:40000, od:961 - chunk_composer.go:299
2026/03/12 14:37:50.103859 [22;34mDEBUG[0m chunk:1006,chunk-dur:13, timestamp:40034, od:961 - chunk_composer.go:299
2026/03/12 14:37:50.136260 [22;34mDEBUG[0m chunk:1007,chunk-dur:33, timestamp:40067, od:962 - chunk_composer.go:299
2026/03/12 14:37:50.168613 [22;34mDEBUG[0m chunk:1008,chunk-dur:32, timestamp:40100, od:963 - chunk_composer.go:299
2026/03/12 14:37:50.205623 [22;34mDEBUG[0m chunk:1009,chunk-dur:37, timestamp:40134, od:964 - chunk_composer.go:299
2026/03/12 14:37:50.235513 [22;34mDEBUG[0m chunk:1010,chunk-dur:30, timestamp:40167, od:965 - chunk_composer.go:299
2026/03/12 14:37:50.272547 [22;34mDEBUG[0m chunk:1011,chunk-dur:37, timestamp:40200, od:966 - chunk_composer.go:299
2026/03/12 14:37:50.303097 [22;34mDEBUG[0m chunk:1012,chunk-dur:31, timestamp:40234, od:967 - chunk_composer.go:299
2026/03/12 14:37:50.335498 [22;34mDEBUG[0m chunk:1013,chunk-dur:32, timestamp:40267, od:968 - chunk_composer.go:299
2026/03/12 14:37:50.369624 [22;34mDEBUG[0m chunk:1014,chunk-dur:34, timestamp:40300, od:969 - chunk_composer.go:299
2026/03/12 14:37:50.407961 [22;34mDEBUG[0m chunk:1015,chunk-dur:38, timestamp:40334, od:970 - chunk_composer.go:299
2026/03/12 14:37:50.436268 [22;34mDEBUG[0m chunk:1016,chunk-dur:29, timestamp:40367, od:971 - chunk_composer.go:299
2026/03/12 14:37:50.469181 [22;34mDEBUG[0m chunk:1017,chunk-dur:33, timestamp:40400, od:972 - chunk_composer.go:299
2026/03/12 14:37:50.502312 [22;34mDEBUG[0m chunk:1018,chunk-dur:33, timestamp:40434, od:973 - chunk_composer.go:299
2026/03/12 14:37:50.539951 [22;34mDEBUG[0m chunk:1019,chunk-dur:37, timestamp:40467, od:974 - chunk_composer.go:299
2026/03/12 14:37:50.569612 [22;34mDEBUG[0m chunk:1020,chunk-dur:30, timestamp:40500, od:975 - chunk_composer.go:299
2026/03/12 14:37:50.603187 [22;34mDEBUG[0m chunk:1021,chunk-dur:34, timestamp:40534, od:976 - chunk_composer.go:299
2026/03/12 14:37:50.636072 [22;34mDEBUG[0m chunk:1022,chunk-dur:33, timestamp:40567, od:977 - chunk_composer.go:299
2026/03/12 14:37:50.671735 [22;34mDEBUG[0m chunk:1023,chunk-dur:35, timestamp:40600, od:978 - chunk_composer.go:299
2026/03/12 14:37:50.702502 [22;34mDEBUG[0m chunk:1024,chunk-dur:31, timestamp:40634, od:979 - chunk_composer.go:299
2026/03/12 14:37:50.736034 [22;34mDEBUG[0m chunk:1025,chunk-dur:34, timestamp:40667, od:980 - chunk_composer.go:299
2026/03/12 14:37:50.768409 [22;34mDEBUG[0m chunk:1026,chunk-dur:32, timestamp:40700, od:981 - chunk_composer.go:299
2026/03/12 14:37:50.807006 [22;34mDEBUG[0m chunk:1027,chunk-dur:39, timestamp:40734, od:982 - chunk_composer.go:299
2026/03/12 14:37:50.836947 [22;34mDEBUG[0m chunk:1028,chunk-dur:29, timestamp:40767, od:983 - chunk_composer.go:299
2026/03/12 14:37:50.870751 [22;34mDEBUG[0m chunk:1029,chunk-dur:34, timestamp:40800, od:984 - chunk_composer.go:299
2026/03/12 14:37:50.903088 [22;34mDEBUG[0m chunk:1030,chunk-dur:33, timestamp:40834, od:985 - chunk_composer.go:299
2026/03/12 14:37:50.940741 [22;34mDEBUG[0m chunk:1031,chunk-dur:37, timestamp:40867, od:986 - chunk_composer.go:299
2026/03/12 14:37:50.970318 [22;34mDEBUG[0m chunk:1032,chunk-dur:30, timestamp:40900, od:987 - chunk_composer.go:299
2026/03/12 14:37:51.003349 [22;34mDEBUG[0m chunk:1033,chunk-dur:33, timestamp:40934, od:988 - chunk_composer.go:299
2026/03/12 14:37:51.033043 [22;34mDEBUG[0m bitrate:7.391911 Mbps - client_session.go:438
2026/03/12 14:37:51.035976 [22;34mDEBUG[0m chunk:1034,chunk-dur:32, timestamp:40967, od:989 - chunk_composer.go:299
2026/03/12 14:37:51.073201 [22;34mDEBUG[0m chunk:1035,chunk-dur:38, timestamp:41000, od:990 - chunk_composer.go:299
2026/03/12 14:37:51.104651 [22;34mDEBUG[0m chunk:1036,chunk-dur:31, timestamp:41034, od:991 - chunk_composer.go:299
2026/03/12 14:37:51.138783 [22;34mDEBUG[0m chunk:1037,chunk-dur:34, timestamp:41067, od:992 - chunk_composer.go:299
2026/03/12 14:37:51.171223 [22;34mDEBUG[0m chunk:1038,chunk-dur:33, timestamp:41100, od:993 - chunk_composer.go:299
2026/03/12 14:37:51.210979 [22;34mDEBUG[0m chunk:1039,chunk-dur:39, timestamp:41134, od:994 - chunk_composer.go:299
2026/03/12 14:37:51.236944 [22;34mDEBUG[0m chunk:1040,chunk-dur:26, timestamp:41167, od:995 - chunk_composer.go:299
2026/03/12 14:37:51.272209 [22;34mDEBUG[0m chunk:1041,chunk-dur:36, timestamp:41200, od:996 - chunk_composer.go:299
2026/03/12 14:37:51.303436 [22;34mDEBUG[0m chunk:1042,chunk-dur:31, timestamp:41234, od:997 - chunk_composer.go:299
2026/03/12 14:37:51.335635 [22;34mDEBUG[0m chunk:1043,chunk-dur:32, timestamp:41267, od:998 - chunk_composer.go:299
2026/03/12 14:37:51.373056 [22;34mDEBUG[0m chunk:1044,chunk-dur:38, timestamp:41300, od:999 - chunk_composer.go:299
2026/03/12 14:37:51.403393 [22;34mDEBUG[0m chunk:1045,chunk-dur:30, timestamp:41334, od:1000 - chunk_composer.go:299
2026/03/12 14:37:51.438217 [22;34mDEBUG[0m chunk:1046,chunk-dur:35, timestamp:41367, od:1001 - chunk_composer.go:299
2026/03/12 14:37:51.472634 [22;34mDEBUG[0m chunk:1047,chunk-dur:34, timestamp:41400, od:1002 - chunk_composer.go:299
2026/03/12 14:37:51.506003 [22;34mDEBUG[0m chunk:1048,chunk-dur:33, timestamp:41434, od:1003 - chunk_composer.go:299
2026/03/12 14:37:51.537163 [22;34mDEBUG[0m chunk:1049,chunk-dur:32, timestamp:41467, od:1004 - chunk_composer.go:299
2026/03/12 14:37:51.572686 [22;34mDEBUG[0m chunk:1050,chunk-dur:35, timestamp:41500, od:1005 - chunk_composer.go:299
2026/03/12 14:37:51.604553 [22;34mDEBUG[0m chunk:1051,chunk-dur:32, timestamp:41534, od:1006 - chunk_composer.go:299
2026/03/12 14:37:51.638535 [22;34mDEBUG[0m chunk:1052,chunk-dur:34, timestamp:41567, od:1007 - chunk_composer.go:299
2026/03/12 14:37:51.669792 [22;34mDEBUG[0m chunk:1053,chunk-dur:31, timestamp:41600, od:1008 - chunk_composer.go:299
2026/03/12 14:37:51.707210 [22;34mDEBUG[0m chunk:1054,chunk-dur:38, timestamp:41634, od:1009 - chunk_composer.go:299
2026/03/12 14:37:51.736525 [22;34mDEBUG[0m chunk:1055,chunk-dur:29, timestamp:41667, od:1010 - chunk_composer.go:299
2026/03/12 14:37:51.772314 [22;34mDEBUG[0m chunk:1056,chunk-dur:36, timestamp:41700, od:1011 - chunk_composer.go:299
2026/03/12 14:37:51.805700 [22;34mDEBUG[0m chunk:1057,chunk-dur:33, timestamp:41734, od:1012 - chunk_composer.go:299
2026/03/12 14:37:51.837565 [22;34mDEBUG[0m chunk:1058,chunk-dur:32, timestamp:41767, od:1013 - chunk_composer.go:299
2026/03/12 14:37:51.871836 [22;34mDEBUG[0m chunk:1059,chunk-dur:34, timestamp:41800, od:1014 - chunk_composer.go:299
2026/03/12 14:37:51.902847 [22;34mDEBUG[0m chunk:1060,chunk-dur:31, timestamp:41834, od:1015 - chunk_composer.go:299
2026/03/12 14:37:51.938065 [22;34mDEBUG[0m chunk:1061,chunk-dur:36, timestamp:41867, od:1016 - chunk_composer.go:299
2026/03/12 14:37:51.969830 [22;34mDEBUG[0m chunk:1062,chunk-dur:31, timestamp:41900, od:1017 - chunk_composer.go:299
2026/03/12 14:37:52.004355 [22;34mDEBUG[0m chunk:1063,chunk-dur:35, timestamp:41934, od:1018 - chunk_composer.go:299
2026/03/12 14:37:52.033703 [22;34mDEBUG[0m bitrate:7.639716 Mbps - client_session.go:438
2026/03/12 14:37:52.037495 [22;34mDEBUG[0m chunk:1064,chunk-dur:33, timestamp:41967, od:1019 - chunk_composer.go:299
2026/03/12 14:37:52.075256 [22;34mDEBUG[0m chunk:1065,chunk-dur:38, timestamp:42000, od:1020 - chunk_composer.go:299
2026/03/12 14:37:52.105027 [22;34mDEBUG[0m chunk:1066,chunk-dur:30, timestamp:42034, od:1021 - chunk_composer.go:299
2026/03/12 14:37:52.141179 [22;34mDEBUG[0m chunk:1067,chunk-dur:36, timestamp:42067, od:1022 - chunk_composer.go:299
2026/03/12 14:37:52.168983 [22;34mDEBUG[0m chunk:1068,chunk-dur:27, timestamp:42100, od:1023 - chunk_composer.go:299
2026/03/12 14:37:52.204211 [22;34mDEBUG[0m chunk:1069,chunk-dur:36, timestamp:42134, od:1024 - chunk_composer.go:299
2026/03/12 14:37:52.237535 [22;34mDEBUG[0m chunk:1070,chunk-dur:33, timestamp:42167, od:1025 - chunk_composer.go:299
2026/03/12 14:37:52.270066 [22;34mDEBUG[0m chunk:1071,chunk-dur:33, timestamp:42200, od:1026 - chunk_composer.go:299
2026/03/12 14:37:52.304140 [22;34mDEBUG[0m chunk:1072,chunk-dur:34, timestamp:42234, od:1027 - chunk_composer.go:299
2026/03/12 14:37:52.335989 [22;34mDEBUG[0m chunk:1073,chunk-dur:31, timestamp:42267, od:1028 - chunk_composer.go:299
2026/03/12 14:37:52.372673 [22;34mDEBUG[0m chunk:1074,chunk-dur:37, timestamp:42300, od:1029 - chunk_composer.go:299
2026/03/12 14:37:52.404538 [22;34mDEBUG[0m chunk:1075,chunk-dur:32, timestamp:42334, od:1030 - chunk_composer.go:299
2026/03/12 14:37:52.441170 [22;34mDEBUG[0m chunk:1076,chunk-dur:37, timestamp:42367, od:1031 - chunk_composer.go:299
2026/03/12 14:37:52.469971 [22;34mDEBUG[0m chunk:1077,chunk-dur:28, timestamp:42400, od:1032 - chunk_composer.go:299
2026/03/12 14:37:52.504715 [22;34mDEBUG[0m chunk:1078,chunk-dur:35, timestamp:42434, od:1033 - chunk_composer.go:299
2026/03/12 14:37:52.537765 [22;34mDEBUG[0m chunk:1079,chunk-dur:33, timestamp:42467, od:1034 - chunk_composer.go:299
2026/03/12 14:37:52.572310 [22;34mDEBUG[0m chunk:1080,chunk-dur:35, timestamp:42500, od:1035 - chunk_composer.go:299
2026/03/12 14:37:52.606330 [22;34mDEBUG[0m chunk:1081,chunk-dur:34, timestamp:42534, od:1036 - chunk_composer.go:299
2026/03/12 14:37:52.637069 [22;34mDEBUG[0m chunk:1082,chunk-dur:31, timestamp:42567, od:1037 - chunk_composer.go:299
2026/03/12 14:37:52.674625 [22;34mDEBUG[0m chunk:1083,chunk-dur:37, timestamp:42600, od:1038 - chunk_composer.go:299
2026/03/12 14:37:52.704780 [22;34mDEBUG[0m chunk:1084,chunk-dur:30, timestamp:42634, od:1039 - chunk_composer.go:299
2026/03/12 14:37:52.736165 [22;34mDEBUG[0m chunk:1085,chunk-dur:32, timestamp:42667, od:1040 - chunk_composer.go:299
2026/03/12 14:37:52.777758 [22;34mDEBUG[0m chunk:1086,chunk-dur:41, timestamp:42700, od:1041 - chunk_composer.go:299
2026/03/12 14:37:52.804401 [22;34mDEBUG[0m chunk:1087,chunk-dur:27, timestamp:42734, od:1042 - chunk_composer.go:299
2026/03/12 14:37:52.836806 [22;34mDEBUG[0m chunk:1088,chunk-dur:32, timestamp:42767, od:1043 - chunk_composer.go:299
2026/03/12 14:37:52.872193 [22;34mDEBUG[0m chunk:1089,chunk-dur:36, timestamp:42800, od:1044 - chunk_composer.go:299
2026/03/12 14:37:52.903923 [22;34mDEBUG[0m chunk:1090,chunk-dur:31, timestamp:42834, od:1045 - chunk_composer.go:299
2026/03/12 14:37:52.940337 [22;34mDEBUG[0m chunk:1091,chunk-dur:37, timestamp:42867, od:1046 - chunk_composer.go:299
2026/03/12 14:37:52.970413 [22;34mDEBUG[0m chunk:1092,chunk-dur:30, timestamp:42900, od:1047 - chunk_composer.go:299
2026/03/12 14:37:53.003742 [22;34mDEBUG[0m chunk:1093,chunk-dur:33, timestamp:42934, od:1048 - chunk_composer.go:299
2026/03/12 14:37:53.034211 [22;34mDEBUG[0m bitrate:9.435414 Mbps - client_session.go:438
2026/03/12 14:37:53.038305 [22;34mDEBUG[0m chunk:1094,chunk-dur:35, timestamp:42967, od:1049 - chunk_composer.go:299
2026/03/12 14:37:53.069087 [22;34mDEBUG[0m chunk:1095,chunk-dur:31, timestamp:43000, od:1050 - chunk_composer.go:299
2026/03/12 14:37:53.102914 [22;34mDEBUG[0m chunk:1096,chunk-dur:33, timestamp:43034, od:1051 - chunk_composer.go:299
2026/03/12 14:37:53.139766 [22;34mDEBUG[0m chunk:1097,chunk-dur:37, timestamp:43067, od:1052 - chunk_composer.go:299
2026/03/12 14:37:53.170816 [22;34mDEBUG[0m chunk:1098,chunk-dur:31, timestamp:43100, od:1053 - chunk_composer.go:299
2026/03/12 14:37:53.204253 [22;34mDEBUG[0m chunk:1099,chunk-dur:34, timestamp:43134, od:1054 - chunk_composer.go:299
2026/03/12 14:37:53.236182 [22;34mDEBUG[0m chunk:1100,chunk-dur:32, timestamp:43167, od:1055 - chunk_composer.go:299
2026/03/12 14:37:53.270669 [22;34mDEBUG[0m chunk:1101,chunk-dur:34, timestamp:43200, od:1056 - chunk_composer.go:299
2026/03/12 14:37:53.302995 [22;34mDEBUG[0m chunk:1102,chunk-dur:32, timestamp:43234, od:1057 - chunk_composer.go:299
2026/03/12 14:37:53.337930 [22;34mDEBUG[0m chunk:1103,chunk-dur:35, timestamp:43267, od:1058 - chunk_composer.go:299
2026/03/12 14:37:53.369313 [22;34mDEBUG[0m chunk:1104,chunk-dur:32, timestamp:43300, od:1059 - chunk_composer.go:299
2026/03/12 14:37:53.403685 [22;34mDEBUG[0m chunk:1105,chunk-dur:34, timestamp:43334, od:1060 - chunk_composer.go:299
2026/03/12 14:37:53.438778 [22;34mDEBUG[0m chunk:1106,chunk-dur:35, timestamp:43367, od:1061 - chunk_composer.go:299
2026/03/12 14:37:53.473302 [22;34mDEBUG[0m chunk:1107,chunk-dur:35, timestamp:43400, od:1062 - chunk_composer.go:299
2026/03/12 14:37:53.503076 [22;34mDEBUG[0m chunk:1108,chunk-dur:30, timestamp:43434, od:1063 - chunk_composer.go:299
2026/03/12 14:37:53.542068 [22;34mDEBUG[0m chunk:1109,chunk-dur:39, timestamp:43467, od:1064 - chunk_composer.go:299
2026/03/12 14:37:53.570805 [22;34mDEBUG[0m chunk:1110,chunk-dur:28, timestamp:43500, od:1065 - chunk_composer.go:299
2026/03/12 14:37:53.603098 [22;34mDEBUG[0m chunk:1111,chunk-dur:33, timestamp:43534, od:1066 - chunk_composer.go:299
2026/03/12 14:37:53.636279 [22;34mDEBUG[0m chunk:1112,chunk-dur:33, timestamp:43567, od:1067 - chunk_composer.go:299
2026/03/12 14:37:53.672987 [22;34mDEBUG[0m chunk:1113,chunk-dur:36, timestamp:43600, od:1068 - chunk_composer.go:299
2026/03/12 14:37:53.705183 [22;34mDEBUG[0m chunk:1114,chunk-dur:33, timestamp:43634, od:1069 - chunk_composer.go:299
2026/03/12 14:37:53.738441 [22;34mDEBUG[0m chunk:1115,chunk-dur:33, timestamp:43667, od:1070 - chunk_composer.go:299
2026/03/12 14:37:53.768509 [22;34mDEBUG[0m chunk:1116,chunk-dur:30, timestamp:43700, od:1071 - chunk_composer.go:299
2026/03/12 14:37:53.808342 [22;34mDEBUG[0m chunk:1117,chunk-dur:40, timestamp:43734, od:1072 - chunk_composer.go:299
2026/03/12 14:37:53.838525 [22;34mDEBUG[0m chunk:1118,chunk-dur:30, timestamp:43767, od:1073 - chunk_composer.go:299
2026/03/12 14:37:53.870010 [22;34mDEBUG[0m chunk:1119,chunk-dur:32, timestamp:43800, od:1074 - chunk_composer.go:299
2026/03/12 14:37:53.902689 [22;34mDEBUG[0m chunk:1120,chunk-dur:32, timestamp:43834, od:1075 - chunk_composer.go:299
2026/03/12 14:37:53.938548 [22;34mDEBUG[0m chunk:1121,chunk-dur:36, timestamp:43867, od:1076 - chunk_composer.go:299
2026/03/12 14:37:53.971591 [22;34mDEBUG[0m chunk:1122,chunk-dur:33, timestamp:43900, od:1077 - chunk_composer.go:299
2026/03/12 14:37:54.004967 [22;34mDEBUG[0m chunk:1123,chunk-dur:33, timestamp:43934, od:1078 - chunk_composer.go:299
2026/03/12 14:37:54.034819 [22;34mDEBUG[0m bitrate:8.056418 Mbps - client_session.go:438
2026/03/12 14:37:54.037257 [22;34mDEBUG[0m chunk:1124,chunk-dur:33, timestamp:43967, od:1079 - chunk_composer.go:299
2026/03/12 14:37:54.230206 [22;34mDEBUG[0m chunk:1125,chunk-dur:193, timestamp:44000, od:1080 - chunk_composer.go:299
2026/03/12 14:37:54.236958 [22;34mDEBUG[0m chunk:1126,chunk-dur:6, timestamp:44034, od:1080 - chunk_composer.go:299
2026/03/12 14:37:54.237029 [22;34mDEBUG[0m chunk:1127,chunk-dur:1, timestamp:44067, od:1080 - chunk_composer.go:299
2026/03/12 14:37:54.237055 [22;34mDEBUG[0m chunk:1128,chunk-dur:0, timestamp:44100, od:1080 - chunk_composer.go:299
2026/03/12 14:37:54.237066 [22;34mDEBUG[0m chunk:1129,chunk-dur:0, timestamp:44134, od:1080 - chunk_composer.go:299
2026/03/12 14:37:54.241239 [22;34mDEBUG[0m chunk:1130,chunk-dur:4, timestamp:44167, od:1080 - chunk_composer.go:299
2026/03/12 14:37:54.269624 [22;34mDEBUG[0m chunk:1131,chunk-dur:28, timestamp:44200, od:1081 - chunk_composer.go:299
2026/03/12 14:37:54.303213 [22;34mDEBUG[0m chunk:1132,chunk-dur:34, timestamp:44234, od:1082 - chunk_composer.go:299
2026/03/12 14:37:54.336055 [22;34mDEBUG[0m chunk:1133,chunk-dur:33, timestamp:44267, od:1083 - chunk_composer.go:299
2026/03/12 14:37:54.375319 [22;34mDEBUG[0m chunk:1134,chunk-dur:39, timestamp:44300, od:1084 - chunk_composer.go:299
2026/03/12 14:37:54.403980 [22;34mDEBUG[0m chunk:1135,chunk-dur:28, timestamp:44334, od:1085 - chunk_composer.go:299
2026/03/12 14:37:54.436013 [22;34mDEBUG[0m chunk:1136,chunk-dur:33, timestamp:44367, od:1086 - chunk_composer.go:299
2026/03/12 14:37:54.474166 [22;34mDEBUG[0m chunk:1137,chunk-dur:38, timestamp:44400, od:1087 - chunk_composer.go:299
2026/03/12 14:37:54.503199 [22;34mDEBUG[0m chunk:1138,chunk-dur:29, timestamp:44434, od:1088 - chunk_composer.go:299
2026/03/12 14:37:54.541174 [22;34mDEBUG[0m chunk:1139,chunk-dur:38, timestamp:44467, od:1089 - chunk_composer.go:299
2026/03/12 14:37:54.569404 [22;34mDEBUG[0m chunk:1140,chunk-dur:28, timestamp:44500, od:1090 - chunk_composer.go:299
2026/03/12 14:37:54.603050 [22;34mDEBUG[0m chunk:1141,chunk-dur:34, timestamp:44534, od:1091 - chunk_composer.go:299
2026/03/12 14:37:54.638122 [22;34mDEBUG[0m chunk:1142,chunk-dur:35, timestamp:44567, od:1092 - chunk_composer.go:299
2026/03/12 14:37:54.668416 [22;34mDEBUG[0m chunk:1143,chunk-dur:30, timestamp:44600, od:1093 - chunk_composer.go:299
2026/03/12 14:37:54.703187 [22;34mDEBUG[0m chunk:1144,chunk-dur:35, timestamp:44634, od:1094 - chunk_composer.go:299
2026/03/12 14:37:54.737981 [22;34mDEBUG[0m chunk:1145,chunk-dur:34, timestamp:44667, od:1095 - chunk_composer.go:299
2026/03/12 14:37:54.769567 [22;34mDEBUG[0m chunk:1146,chunk-dur:32, timestamp:44700, od:1096 - chunk_composer.go:299
2026/03/12 14:37:54.805537 [22;34mDEBUG[0m chunk:1147,chunk-dur:36, timestamp:44734, od:1097 - chunk_composer.go:299
2026/03/12 14:37:54.837995 [22;34mDEBUG[0m chunk:1148,chunk-dur:32, timestamp:44767, od:1098 - chunk_composer.go:299
2026/03/12 14:37:54.872104 [22;34mDEBUG[0m chunk:1149,chunk-dur:35, timestamp:44800, od:1099 - chunk_composer.go:299
2026/03/12 14:37:54.903057 [22;34mDEBUG[0m chunk:1150,chunk-dur:31, timestamp:44834, od:1100 - chunk_composer.go:299
2026/03/12 14:37:54.939582 [22;34mDEBUG[0m chunk:1151,chunk-dur:36, timestamp:44867, od:1101 - chunk_composer.go:299
2026/03/12 14:37:54.970186 [22;34mDEBUG[0m chunk:1152,chunk-dur:31, timestamp:44900, od:1102 - chunk_composer.go:299
2026/03/12 14:37:55.003523 [22;34mDEBUG[0m chunk:1153,chunk-dur:33, timestamp:44934, od:1103 - chunk_composer.go:299
2026/03/12 14:37:55.035833 [22;34mDEBUG[0m bitrate:8.268364 Mbps - client_session.go:438
2026/03/12 14:37:55.037198 [22;34mDEBUG[0m chunk:1154,chunk-dur:34, timestamp:44967, od:1104 - chunk_composer.go:299
2026/03/12 14:37:55.070221 [22;34mDEBUG[0m chunk:1155,chunk-dur:33, timestamp:45000, od:1105 - chunk_composer.go:299
2026/03/12 14:37:55.104288 [22;34mDEBUG[0m chunk:1156,chunk-dur:34, timestamp:45034, od:1106 - chunk_composer.go:299
2026/03/12 14:37:55.139424 [22;34mDEBUG[0m chunk:1157,chunk-dur:35, timestamp:45067, od:1107 - chunk_composer.go:299
2026/03/12 14:37:55.172835 [22;34mDEBUG[0m chunk:1158,chunk-dur:33, timestamp:45100, od:1108 - chunk_composer.go:299
2026/03/12 14:37:55.202679 [22;34mDEBUG[0m chunk:1159,chunk-dur:30, timestamp:45134, od:1109 - chunk_composer.go:299
2026/03/12 14:37:55.236663 [22;34mDEBUG[0m chunk:1160,chunk-dur:34, timestamp:45167, od:1110 - chunk_composer.go:299
2026/03/12 14:37:55.272492 [22;34mDEBUG[0m chunk:1161,chunk-dur:36, timestamp:45200, od:1111 - chunk_composer.go:299
2026/03/12 14:37:55.303758 [22;34mDEBUG[0m chunk:1162,chunk-dur:31, timestamp:45234, od:1112 - chunk_composer.go:299
2026/03/12 14:37:55.339258 [22;34mDEBUG[0m chunk:1163,chunk-dur:36, timestamp:45267, od:1113 - chunk_composer.go:299
2026/03/12 14:37:55.368749 [22;34mDEBUG[0m chunk:1164,chunk-dur:29, timestamp:45300, od:1114 - chunk_composer.go:299
2026/03/12 14:37:55.408051 [22;34mDEBUG[0m chunk:1165,chunk-dur:40, timestamp:45334, od:1115 - chunk_composer.go:299
2026/03/12 14:37:55.436390 [22;34mDEBUG[0m chunk:1166,chunk-dur:28, timestamp:45367, od:1116 - chunk_composer.go:299
2026/03/12 14:37:55.469616 [22;34mDEBUG[0m chunk:1167,chunk-dur:33, timestamp:45400, od:1117 - chunk_composer.go:299
2026/03/12 14:37:55.506559 [22;34mDEBUG[0m chunk:1168,chunk-dur:37, timestamp:45434, od:1118 - chunk_composer.go:299
2026/03/12 14:37:55.536551 [22;34mDEBUG[0m chunk:1169,chunk-dur:30, timestamp:45467, od:1119 - chunk_composer.go:299
2026/03/12 14:37:55.569842 [22;34mDEBUG[0m chunk:1170,chunk-dur:33, timestamp:45500, od:1120 - chunk_composer.go:299
2026/03/12 14:37:55.606128 [22;34mDEBUG[0m chunk:1171,chunk-dur:37, timestamp:45534, od:1121 - chunk_composer.go:299
2026/03/12 14:37:55.636384 [22;34mDEBUG[0m chunk:1172,chunk-dur:30, timestamp:45567, od:1122 - chunk_composer.go:299
2026/03/12 14:37:55.673081 [22;34mDEBUG[0m chunk:1173,chunk-dur:37, timestamp:45600, od:1123 - chunk_composer.go:299
2026/03/12 14:37:55.702834 [22;34mDEBUG[0m chunk:1174,chunk-dur:29, timestamp:45634, od:1124 - chunk_composer.go:299
2026/03/12 14:37:55.738835 [22;34mDEBUG[0m chunk:1175,chunk-dur:36, timestamp:45667, od:1125 - chunk_composer.go:299
2026/03/12 14:37:55.769526 [22;34mDEBUG[0m chunk:1176,chunk-dur:31, timestamp:45700, od:1126 - chunk_composer.go:299
2026/03/12 14:37:55.805128 [22;34mDEBUG[0m chunk:1177,chunk-dur:36, timestamp:45734, od:1127 - chunk_composer.go:299
2026/03/12 14:37:55.835655 [22;34mDEBUG[0m chunk:1178,chunk-dur:30, timestamp:45767, od:1128 - chunk_composer.go:299
2026/03/12 14:37:55.873678 [22;34mDEBUG[0m chunk:1179,chunk-dur:38, timestamp:45800, od:1129 - chunk_composer.go:299
2026/03/12 14:37:55.903814 [22;34mDEBUG[0m chunk:1180,chunk-dur:30, timestamp:45834, od:1130 - chunk_composer.go:299
2026/03/12 14:37:55.935464 [22;34mDEBUG[0m chunk:1181,chunk-dur:32, timestamp:45867, od:1131 - chunk_composer.go:299
2026/03/12 14:37:55.971859 [22;34mDEBUG[0m chunk:1182,chunk-dur:36, timestamp:45900, od:1132 - chunk_composer.go:299
2026/03/12 14:37:56.004407 [22;34mDEBUG[0m chunk:1183,chunk-dur:33, timestamp:45934, od:1133 - chunk_composer.go:299
2026/03/12 14:37:56.036006 [22;34mDEBUG[0m bitrate:7.224492 Mbps - client_session.go:438
2026/03/12 14:37:56.036034 [22;34mDEBUG[0m chunk:1184,chunk-dur:32, timestamp:45967, od:1134 - chunk_composer.go:299
2026/03/12 14:37:56.096207 [22;34mDEBUG[0m chunk:1185,chunk-dur:60, timestamp:46000, od:1135 - chunk_composer.go:299
2026/03/12 14:37:56.106852 [22;34mDEBUG[0m chunk:1186,chunk-dur:10, timestamp:46034, od:1135 - chunk_composer.go:299
2026/03/12 14:37:56.136989 [22;34mDEBUG[0m chunk:1187,chunk-dur:30, timestamp:46067, od:1136 - chunk_composer.go:299
2026/03/12 14:37:56.169850 [22;34mDEBUG[0m chunk:1188,chunk-dur:33, timestamp:46100, od:1137 - chunk_composer.go:299
2026/03/12 14:37:56.207012 [22;34mDEBUG[0m chunk:1189,chunk-dur:38, timestamp:46134, od:1138 - chunk_composer.go:299
2026/03/12 14:37:56.235416 [22;34mDEBUG[0m chunk:1190,chunk-dur:28, timestamp:46167, od:1139 - chunk_composer.go:299
2026/03/12 14:37:56.274421 [22;34mDEBUG[0m chunk:1191,chunk-dur:39, timestamp:46200, od:1140 - chunk_composer.go:299
2026/03/12 14:37:56.303254 [22;34mDEBUG[0m chunk:1192,chunk-dur:29, timestamp:46234, od:1141 - chunk_composer.go:299
2026/03/12 14:37:56.346715 [22;34mDEBUG[0m chunk:1193,chunk-dur:43, timestamp:46267, od:1142 - chunk_composer.go:299
2026/03/12 14:37:56.376667 [22;34mDEBUG[0m chunk:1194,chunk-dur:30, timestamp:46300, od:1143 - chunk_composer.go:299
2026/03/12 14:37:56.403400 [22;34mDEBUG[0m chunk:1195,chunk-dur:27, timestamp:46334, od:1144 - chunk_composer.go:299
2026/03/12 14:37:56.440101 [22;34mDEBUG[0m chunk:1196,chunk-dur:37, timestamp:46367, od:1145 - chunk_composer.go:299
2026/03/12 14:37:56.469372 [22;34mDEBUG[0m chunk:1197,chunk-dur:29, timestamp:46400, od:1146 - chunk_composer.go:299
2026/03/12 14:37:56.507183 [22;34mDEBUG[0m chunk:1198,chunk-dur:38, timestamp:46434, od:1147 - chunk_composer.go:299
2026/03/12 14:37:56.537261 [22;34mDEBUG[0m chunk:1199,chunk-dur:30, timestamp:46467, od:1148 - chunk_composer.go:299
2026/03/12 14:37:56.572925 [22;34mDEBUG[0m chunk:1200,chunk-dur:35, timestamp:46500, od:1149 - chunk_composer.go:299
2026/03/12 14:37:56.604386 [22;34mDEBUG[0m chunk:1201,chunk-dur:32, timestamp:46534, od:1150 - chunk_composer.go:299
2026/03/12 14:37:56.636961 [22;34mDEBUG[0m chunk:1202,chunk-dur:32, timestamp:46567, od:1151 - chunk_composer.go:299
2026/03/12 14:37:56.668560 [22;34mDEBUG[0m chunk:1203,chunk-dur:32, timestamp:46600, od:1152 - chunk_composer.go:299
2026/03/12 14:37:56.706367 [22;34mDEBUG[0m chunk:1204,chunk-dur:38, timestamp:46634, od:1153 - chunk_composer.go:299
2026/03/12 14:37:56.735949 [22;34mDEBUG[0m chunk:1205,chunk-dur:29, timestamp:46667, od:1154 - chunk_composer.go:299
2026/03/12 14:37:56.768133 [22;34mDEBUG[0m chunk:1206,chunk-dur:33, timestamp:46700, od:1155 - chunk_composer.go:299
2026/03/12 14:37:56.806706 [22;34mDEBUG[0m chunk:1207,chunk-dur:38, timestamp:46734, od:1156 - chunk_composer.go:299
2026/03/12 14:37:56.836663 [22;34mDEBUG[0m chunk:1208,chunk-dur:30, timestamp:46767, od:1157 - chunk_composer.go:299
2026/03/12 14:37:56.868842 [22;34mDEBUG[0m chunk:1209,chunk-dur:32, timestamp:46800, od:1158 - chunk_composer.go:299
2026/03/12 14:37:56.907274 [22;34mDEBUG[0m chunk:1210,chunk-dur:39, timestamp:46834, od:1159 - chunk_composer.go:299
2026/03/12 14:37:56.936270 [22;34mDEBUG[0m chunk:1211,chunk-dur:29, timestamp:46867, od:1160 - chunk_composer.go:299
2026/03/12 14:37:56.970306 [22;34mDEBUG[0m chunk:1212,chunk-dur:34, timestamp:46900, od:1161 - chunk_composer.go:299
2026/03/12 14:37:57.006028 [22;34mDEBUG[0m chunk:1213,chunk-dur:36, timestamp:46934, od:1162 - chunk_composer.go:299
2026/03/12 14:37:57.036060 [22;36m INFO[0m mean write bitrate:7.608907 Mbps - client_session.go:447
2026/03/12 14:37:57.036071 [22;34mDEBUG[0m bitrate:8.274117 Mbps - client_session.go:438
2026/03/12 14:37:57.036437 [22;34mDEBUG[0m chunk:1214,chunk-dur:30, timestamp:46967, od:1163 - chunk_composer.go:299
2026/03/12 14:37:57.069543 [22;34mDEBUG[0m chunk:1215,chunk-dur:33, timestamp:47000, od:1164 - chunk_composer.go:299
2026/03/12 14:37:57.104215 [22;34mDEBUG[0m chunk:1216,chunk-dur:35, timestamp:47034, od:1165 - chunk_composer.go:299
2026/03/12 14:37:57.137675 [22;34mDEBUG[0m chunk:1217,chunk-dur:33, timestamp:47067, od:1166 - chunk_composer.go:299
2026/03/12 14:37:57.168483 [22;34mDEBUG[0m chunk:1218,chunk-dur:31, timestamp:47100, od:1167 - chunk_composer.go:299
2026/03/12 14:37:57.203580 [22;34mDEBUG[0m chunk:1219,chunk-dur:35, timestamp:47134, od:1168 - chunk_composer.go:299
2026/03/12 14:37:57.240175 [22;34mDEBUG[0m chunk:1220,chunk-dur:37, timestamp:47167, od:1169 - chunk_composer.go:299
2026/03/12 14:37:57.268390 [22;34mDEBUG[0m chunk:1221,chunk-dur:28, timestamp:47200, od:1170 - chunk_composer.go:299
2026/03/12 14:37:57.307120 [22;34mDEBUG[0m chunk:1222,chunk-dur:39, timestamp:47234, od:1171 - chunk_composer.go:299
2026/03/12 14:37:57.336335 [22;34mDEBUG[0m chunk:1223,chunk-dur:29, timestamp:47267, od:1172 - chunk_composer.go:299
2026/03/12 14:37:57.373854 [22;34mDEBUG[0m chunk:1224,chunk-dur:37, timestamp:47300, od:1173 - chunk_composer.go:299
2026/03/12 14:37:57.403804 [22;34mDEBUG[0m chunk:1225,chunk-dur:30, timestamp:47334, od:1174 - chunk_composer.go:299
2026/03/12 14:37:57.436642 [22;34mDEBUG[0m chunk:1226,chunk-dur:33, timestamp:47367, od:1175 - chunk_composer.go:299
2026/03/12 14:37:57.469815 [22;34mDEBUG[0m chunk:1227,chunk-dur:33, timestamp:47400, od:1176 - chunk_composer.go:299
2026/03/12 14:37:57.506034 [22;34mDEBUG[0m chunk:1228,chunk-dur:37, timestamp:47434, od:1177 - chunk_composer.go:299
2026/03/12 14:37:57.536317 [22;34mDEBUG[0m chunk:1229,chunk-dur:30, timestamp:47467, od:1178 - chunk_composer.go:299
2026/03/12 14:37:57.569090 [22;34mDEBUG[0m chunk:1230,chunk-dur:33, timestamp:47500, od:1179 - chunk_composer.go:299
2026/03/12 14:37:57.603172 [22;34mDEBUG[0m chunk:1231,chunk-dur:34, timestamp:47534, od:1180 - chunk_composer.go:299
2026/03/12 14:37:57.642653 [22;34mDEBUG[0m chunk:1232,chunk-dur:39, timestamp:47567, od:1181 - chunk_composer.go:299
2026/03/12 14:37:57.670074 [22;34mDEBUG[0m chunk:1233,chunk-dur:28, timestamp:47600, od:1182 - chunk_composer.go:299
2026/03/12 14:37:57.703047 [22;34mDEBUG[0m chunk:1234,chunk-dur:33, timestamp:47634, od:1183 - chunk_composer.go:299
2026/03/12 14:37:57.737018 [22;34mDEBUG[0m chunk:1235,chunk-dur:34, timestamp:47667, od:1184 - chunk_composer.go:299
2026/03/12 14:37:57.772397 [22;34mDEBUG[0m chunk:1236,chunk-dur:35, timestamp:47700, od:1185 - chunk_composer.go:299
2026/03/12 14:37:57.804178 [22;34mDEBUG[0m chunk:1237,chunk-dur:32, timestamp:47734, od:1186 - chunk_composer.go:299
2026/03/12 14:37:57.836062 [22;34mDEBUG[0m chunk:1238,chunk-dur:32, timestamp:47767, od:1187 - chunk_composer.go:299
2026/03/12 14:37:57.869173 [22;34mDEBUG[0m chunk:1239,chunk-dur:33, timestamp:47800, od:1188 - chunk_composer.go:299
2026/03/12 14:37:57.905276 [22;34mDEBUG[0m chunk:1240,chunk-dur:36, timestamp:47834, od:1189 - chunk_composer.go:299
2026/03/12 14:37:57.937125 [22;34mDEBUG[0m chunk:1241,chunk-dur:32, timestamp:47867, od:1190 - chunk_composer.go:299
2026/03/12 14:37:57.969651 [22;34mDEBUG[0m chunk:1242,chunk-dur:32, timestamp:47900, od:1191 - chunk_composer.go:299
2026/03/12 14:37:58.006706 [22;34mDEBUG[0m chunk:1243,chunk-dur:37, timestamp:47934, od:1192 - chunk_composer.go:299
2026/03/12 14:37:58.036724 [22;34mDEBUG[0m chunk:1244,chunk-dur:30, timestamp:47967, od:1193 - chunk_composer.go:299
2026/03/12 14:37:58.036791 [22;34mDEBUG[0m bitrate:6.239640 Mbps - client_session.go:438
2026/03/12 14:37:58.087065 [22;34mDEBUG[0m chunk:1245,chunk-dur:51, timestamp:48000, od:1194 - chunk_composer.go:299
2026/03/12 14:37:58.109609 [22;34mDEBUG[0m chunk:1246,chunk-dur:22, timestamp:48034, od:1195 - chunk_composer.go:299
2026/03/12 14:37:58.136864 [22;34mDEBUG[0m chunk:1247,chunk-dur:27, timestamp:48067, od:1196 - chunk_composer.go:299
2026/03/12 14:37:58.168915 [22;34mDEBUG[0m chunk:1248,chunk-dur:32, timestamp:48100, od:1197 - chunk_composer.go:299
2026/03/12 14:37:58.202834 [22;34mDEBUG[0m chunk:1249,chunk-dur:34, timestamp:48134, od:1198 - chunk_composer.go:299
2026/03/12 14:37:58.240752 [22;34mDEBUG[0m chunk:1250,chunk-dur:38, timestamp:48167, od:1199 - chunk_composer.go:299
2026/03/12 14:37:58.270196 [22;34mDEBUG[0m chunk:1251,chunk-dur:30, timestamp:48200, od:1200 - chunk_composer.go:299
2026/03/12 14:37:58.304295 [22;34mDEBUG[0m chunk:1252,chunk-dur:33, timestamp:48234, od:1201 - chunk_composer.go:299
2026/03/12 14:37:58.338050 [22;34mDEBUG[0m chunk:1253,chunk-dur:35, timestamp:48267, od:1202 - chunk_composer.go:299
2026/03/12 14:37:58.375409 [22;34mDEBUG[0m chunk:1254,chunk-dur:37, timestamp:48300, od:1203 - chunk_composer.go:299
2026/03/12 14:37:58.403051 [22;34mDEBUG[0m chunk:1255,chunk-dur:28, timestamp:48334, od:1204 - chunk_composer.go:299
2026/03/12 14:37:58.441752 [22;34mDEBUG[0m chunk:1256,chunk-dur:38, timestamp:48367, od:1205 - chunk_composer.go:299
2026/03/12 14:37:58.469790 [22;34mDEBUG[0m chunk:1257,chunk-dur:28, timestamp:48400, od:1206 - chunk_composer.go:299
2026/03/12 14:37:58.506564 [22;34mDEBUG[0m chunk:1258,chunk-dur:37, timestamp:48434, od:1207 - chunk_composer.go:299
2026/03/12 14:37:58.535832 [22;34mDEBUG[0m chunk:1259,chunk-dur:29, timestamp:48467, od:1208 - chunk_composer.go:299
2026/03/12 14:37:58.576094 [22;34mDEBUG[0m chunk:1260,chunk-dur:41, timestamp:48500, od:1209 - chunk_composer.go:299
2026/03/12 14:37:58.693367 [22;34mDEBUG[0m chunk:1261,chunk-dur:117, timestamp:48534, od:1210 - chunk_composer.go:299
2026/03/12 14:37:58.703150 [22;34mDEBUG[0m chunk:1262,chunk-dur:10, timestamp:48567, od:1210 - chunk_composer.go:299
2026/03/12 14:37:58.725241 [22;34mDEBUG[0m chunk:1263,chunk-dur:22, timestamp:48600, od:1211 - chunk_composer.go:299
2026/03/12 14:37:58.744146 [22;34mDEBUG[0m chunk:1264,chunk-dur:19, timestamp:48634, od:1212 - chunk_composer.go:299
2026/03/12 14:37:58.744224 [22;34mDEBUG[0m chunk:1265,chunk-dur:0, timestamp:48667, od:1212 - chunk_composer.go:299
2026/03/12 14:37:58.769635 [22;34mDEBUG[0m chunk:1266,chunk-dur:25, timestamp:48700, od:1213 - chunk_composer.go:299
2026/03/12 14:37:58.803721 [22;34mDEBUG[0m chunk:1267,chunk-dur:34, timestamp:48734, od:1214 - chunk_composer.go:299
2026/03/12 14:37:58.839852 [22;34mDEBUG[0m chunk:1268,chunk-dur:36, timestamp:48767, od:1215 - chunk_composer.go:299
2026/03/12 14:37:58.869055 [22;34mDEBUG[0m chunk:1269,chunk-dur:30, timestamp:48800, od:1216 - chunk_composer.go:299
2026/03/12 14:37:58.904316 [22;34mDEBUG[0m chunk:1270,chunk-dur:35, timestamp:48834, od:1217 - chunk_composer.go:299
2026/03/12 14:37:58.936037 [22;34mDEBUG[0m chunk:1271,chunk-dur:32, timestamp:48867, od:1218 - chunk_composer.go:299
2026/03/12 14:37:58.971706 [22;34mDEBUG[0m chunk:1272,chunk-dur:35, timestamp:48900, od:1219 - chunk_composer.go:299
2026/03/12 14:37:59.004135 [22;34mDEBUG[0m chunk:1273,chunk-dur:33, timestamp:48934, od:1220 - chunk_composer.go:299
2026/03/12 14:37:59.037259 [22;34mDEBUG[0m bitrate:7.872713 Mbps - client_session.go:438
2026/03/12 14:37:59.038791 [22;34mDEBUG[0m chunk:1274,chunk-dur:34, timestamp:48967, od:1221 - chunk_composer.go:299
2026/03/12 14:37:59.069444 [22;34mDEBUG[0m chunk:1275,chunk-dur:31, timestamp:49000, od:1222 - chunk_composer.go:299
2026/03/12 14:37:59.113677 [22;34mDEBUG[0m chunk:1276,chunk-dur:44, timestamp:49034, od:1223 - chunk_composer.go:299
2026/03/12 14:37:59.136961 [22;34mDEBUG[0m chunk:1277,chunk-dur:23, timestamp:49067, od:1224 - chunk_composer.go:299
2026/03/12 14:37:59.170476 [22;34mDEBUG[0m chunk:1278,chunk-dur:34, timestamp:49100, od:1225 - chunk_composer.go:299
2026/03/12 14:37:59.203076 [22;34mDEBUG[0m chunk:1279,chunk-dur:33, timestamp:49134, od:1226 - chunk_composer.go:299
2026/03/12 14:37:59.239503 [22;34mDEBUG[0m chunk:1280,chunk-dur:36, timestamp:49167, od:1227 - chunk_composer.go:299
2026/03/12 14:37:59.270096 [22;34mDEBUG[0m chunk:1281,chunk-dur:31, timestamp:49200, od:1228 - chunk_composer.go:299
2026/03/12 14:37:59.304706 [22;34mDEBUG[0m chunk:1282,chunk-dur:34, timestamp:49234, od:1229 - chunk_composer.go:299
2026/03/12 14:37:59.336508 [22;34mDEBUG[0m chunk:1283,chunk-dur:32, timestamp:49267, od:1230 - chunk_composer.go:299
2026/03/12 14:37:59.380216 [22;34mDEBUG[0m chunk:1284,chunk-dur:44, timestamp:49300, od:1231 - chunk_composer.go:299
2026/03/12 14:37:59.405617 [22;34mDEBUG[0m chunk:1285,chunk-dur:25, timestamp:49334, od:1232 - chunk_composer.go:299
2026/03/12 14:37:59.436034 [22;34mDEBUG[0m chunk:1286,chunk-dur:31, timestamp:49367, od:1233 - chunk_composer.go:299
2026/03/12 14:37:59.469541 [22;34mDEBUG[0m chunk:1287,chunk-dur:33, timestamp:49400, od:1234 - chunk_composer.go:299
2026/03/12 14:37:59.509251 [22;34mDEBUG[0m chunk:1288,chunk-dur:40, timestamp:49434, od:1235 - chunk_composer.go:299
2026/03/12 14:37:59.536153 [22;34mDEBUG[0m chunk:1289,chunk-dur:27, timestamp:49467, od:1236 - chunk_composer.go:299
2026/03/12 14:37:59.569482 [22;34mDEBUG[0m chunk:1290,chunk-dur:33, timestamp:49500, od:1237 - chunk_composer.go:299
2026/03/12 14:37:59.604088 [22;34mDEBUG[0m chunk:1291,chunk-dur:35, timestamp:49534, od:1238 - chunk_composer.go:299
2026/03/12 14:37:59.639431 [22;34mDEBUG[0m chunk:1292,chunk-dur:35, timestamp:49567, od:1239 - chunk_composer.go:299
2026/03/12 14:37:59.668621 [22;34mDEBUG[0m chunk:1293,chunk-dur:29, timestamp:49600, od:1240 - chunk_composer.go:299
2026/03/12 14:37:59.703634 [22;34mDEBUG[0m chunk:1294,chunk-dur:35, timestamp:49634, od:1241 - chunk_composer.go:299
2026/03/12 14:37:59.737022 [22;34mDEBUG[0m chunk:1295,chunk-dur:34, timestamp:49667, od:1242 - chunk_composer.go:299
2026/03/12 14:37:59.773372 [22;34mDEBUG[0m chunk:1296,chunk-dur:36, timestamp:49700, od:1243 - chunk_composer.go:299
2026/03/12 14:37:59.803128 [22;34mDEBUG[0m chunk:1297,chunk-dur:30, timestamp:49734, od:1244 - chunk_composer.go:299
2026/03/12 14:37:59.841184 [22;34mDEBUG[0m chunk:1298,chunk-dur:38, timestamp:49767, od:1245 - chunk_composer.go:299
2026/03/12 14:37:59.870502 [22;34mDEBUG[0m chunk:1299,chunk-dur:29, timestamp:49800, od:1246 - chunk_composer.go:299
2026/03/12 14:37:59.902496 [22;34mDEBUG[0m chunk:1300,chunk-dur:32, timestamp:49834, od:1247 - chunk_composer.go:299
2026/03/12 14:37:59.935850 [22;34mDEBUG[0m chunk:1301,chunk-dur:33, timestamp:49867, od:1248 - chunk_composer.go:299
2026/03/12 14:37:59.970060 [22;34mDEBUG[0m chunk:1302,chunk-dur:35, timestamp:49900, od:1249 - chunk_composer.go:299
2026/03/12 14:38:00.003845 [22;34mDEBUG[0m chunk:1303,chunk-dur:33, timestamp:49934, od:1250 - chunk_composer.go:299
2026/03/12 14:38:00.037762 [22;34mDEBUG[0m bitrate:5.915088 Mbps - client_session.go:438
2026/03/12 14:38:00.039083 [22;34mDEBUG[0m chunk:1304,chunk-dur:36, timestamp:49967, od:1251 - chunk_composer.go:299
2026/03/12 14:38:00.105548 [22;34mDEBUG[0m chunk:1305,chunk-dur:66, timestamp:50000, od:1252 - chunk_composer.go:299
2026/03/12 14:38:00.110667 [22;34mDEBUG[0m chunk:1306,chunk-dur:5, timestamp:50034, od:1252 - chunk_composer.go:299
2026/03/12 14:38:00.137759 [22;34mDEBUG[0m chunk:1307,chunk-dur:27, timestamp:50067, od:1253 - chunk_composer.go:299
2026/03/12 14:38:00.168356 [22;34mDEBUG[0m chunk:1308,chunk-dur:31, timestamp:50100, od:1254 - chunk_composer.go:299
2026/03/12 14:38:00.202719 [22;34mDEBUG[0m chunk:1309,chunk-dur:34, timestamp:50134, od:1255 - chunk_composer.go:299
2026/03/12 14:38:00.240435 [22;34mDEBUG[0m chunk:1310,chunk-dur:38, timestamp:50167, od:1256 - chunk_composer.go:299
2026/03/12 14:38:00.268695 [22;34mDEBUG[0m chunk:1311,chunk-dur:28, timestamp:50200, od:1257 - chunk_composer.go:299
2026/03/12 14:38:00.303044 [22;34mDEBUG[0m chunk:1312,chunk-dur:35, timestamp:50234, od:1258 - chunk_composer.go:299
2026/03/12 14:38:00.335058 [22;34mDEBUG[0m chunk:1313,chunk-dur:32, timestamp:50267, od:1259 - chunk_composer.go:299
2026/03/12 14:38:00.375434 [22;34mDEBUG[0m chunk:1314,chunk-dur:40, timestamp:50300, od:1260 - chunk_composer.go:299
2026/03/12 14:38:00.402633 [22;34mDEBUG[0m chunk:1315,chunk-dur:27, timestamp:50334, od:1261 - chunk_composer.go:299
2026/03/12 14:38:00.436118 [22;34mDEBUG[0m chunk:1316,chunk-dur:34, timestamp:50367, od:1262 - chunk_composer.go:299
2026/03/12 14:38:00.468701 [22;34mDEBUG[0m chunk:1317,chunk-dur:32, timestamp:50400, od:1263 - chunk_composer.go:299
2026/03/12 14:38:00.507762 [22;34mDEBUG[0m chunk:1318,chunk-dur:39, timestamp:50434, od:1264 - chunk_composer.go:299
2026/03/12 14:38:00.536984 [22;34mDEBUG[0m chunk:1319,chunk-dur:29, timestamp:50467, od:1265 - chunk_composer.go:299
2026/03/12 14:38:00.568202 [22;34mDEBUG[0m chunk:1320,chunk-dur:32, timestamp:50500, od:1266 - chunk_composer.go:299
2026/03/12 14:38:00.603719 [22;34mDEBUG[0m chunk:1321,chunk-dur:35, timestamp:50534, od:1267 - chunk_composer.go:299
2026/03/12 14:38:00.638347 [22;34mDEBUG[0m chunk:1322,chunk-dur:35, timestamp:50567, od:1268 - chunk_composer.go:299
2026/03/12 14:38:00.670114 [22;34mDEBUG[0m chunk:1323,chunk-dur:32, timestamp:50600, od:1269 - chunk_composer.go:299
2026/03/12 14:38:00.705112 [22;34mDEBUG[0m chunk:1324,chunk-dur:35, timestamp:50634, od:1270 - chunk_composer.go:299
2026/03/12 14:38:00.736927 [22;34mDEBUG[0m chunk:1325,chunk-dur:31, timestamp:50667, od:1271 - chunk_composer.go:299
2026/03/12 14:38:00.773950 [22;34mDEBUG[0m chunk:1326,chunk-dur:37, timestamp:50700, od:1272 - chunk_composer.go:299
2026/03/12 14:38:00.803724 [22;34mDEBUG[0m chunk:1327,chunk-dur:30, timestamp:50734, od:1273 - chunk_composer.go:299
2026/03/12 14:38:00.836424 [22;34mDEBUG[0m chunk:1328,chunk-dur:33, timestamp:50767, od:1274 - chunk_composer.go:299
2026/03/12 14:38:00.869275 [22;34mDEBUG[0m chunk:1329,chunk-dur:33, timestamp:50800, od:1275 - chunk_composer.go:299
2026/03/12 14:38:00.905294 [22;34mDEBUG[0m chunk:1330,chunk-dur:36, timestamp:50834, od:1276 - chunk_composer.go:299
2026/03/12 14:38:00.937260 [22;34mDEBUG[0m chunk:1331,chunk-dur:32, timestamp:50867, od:1277 - chunk_composer.go:299
2026/03/12 14:38:00.968193 [22;34mDEBUG[0m chunk:1332,chunk-dur:31, timestamp:50900, od:1278 - chunk_composer.go:299
2026/03/12 14:38:01.004069 [22;34mDEBUG[0m chunk:1333,chunk-dur:36, timestamp:50934, od:1279 - chunk_composer.go:299
2026/03/12 14:38:01.038538 [22;34mDEBUG[0m bitrate:7.509251 Mbps - client_session.go:438
2026/03/12 14:38:01.041718 [22;34mDEBUG[0m chunk:1334,chunk-dur:37, timestamp:50967, od:1280 - chunk_composer.go:299
2026/03/12 14:38:01.070967 [22;34mDEBUG[0m chunk:1335,chunk-dur:29, timestamp:51000, od:1281 - chunk_composer.go:299
2026/03/12 14:38:01.102153 [22;34mDEBUG[0m chunk:1336,chunk-dur:32, timestamp:51034, od:1282 - chunk_composer.go:299
2026/03/12 14:38:01.135481 [22;34mDEBUG[0m chunk:1337,chunk-dur:33, timestamp:51067, od:1283 - chunk_composer.go:299
2026/03/12 14:38:01.171935 [22;34mDEBUG[0m chunk:1338,chunk-dur:36, timestamp:51100, od:1284 - chunk_composer.go:299
2026/03/12 14:38:01.203741 [22;34mDEBUG[0m chunk:1339,chunk-dur:32, timestamp:51134, od:1285 - chunk_composer.go:299
2026/03/12 14:38:01.236095 [22;34mDEBUG[0m chunk:1340,chunk-dur:33, timestamp:51167, od:1286 - chunk_composer.go:299
2026/03/12 14:38:01.268586 [22;34mDEBUG[0m chunk:1341,chunk-dur:32, timestamp:51200, od:1287 - chunk_composer.go:299
2026/03/12 14:38:01.303922 [22;34mDEBUG[0m chunk:1342,chunk-dur:35, timestamp:51234, od:1288 - chunk_composer.go:299
2026/03/12 14:38:01.335803 [22;34mDEBUG[0m chunk:1343,chunk-dur:32, timestamp:51267, od:1289 - chunk_composer.go:299
2026/03/12 14:38:01.368294 [22;34mDEBUG[0m chunk:1344,chunk-dur:33, timestamp:51300, od:1290 - chunk_composer.go:299
2026/03/12 14:38:01.404235 [22;34mDEBUG[0m chunk:1345,chunk-dur:36, timestamp:51334, od:1291 - chunk_composer.go:299
2026/03/12 14:38:01.438128 [22;34mDEBUG[0m chunk:1346,chunk-dur:34, timestamp:51367, od:1292 - chunk_composer.go:299
2026/03/12 14:38:01.468378 [22;34mDEBUG[0m chunk:1347,chunk-dur:30, timestamp:51400, od:1293 - chunk_composer.go:299
2026/03/12 14:38:01.506017 [22;34mDEBUG[0m chunk:1348,chunk-dur:38, timestamp:51434, od:1294 - chunk_composer.go:299
2026/03/12 14:38:01.536786 [22;34mDEBUG[0m chunk:1349,chunk-dur:30, timestamp:51467, od:1295 - chunk_composer.go:299
2026/03/12 14:38:01.573048 [22;34mDEBUG[0m chunk:1350,chunk-dur:37, timestamp:51500, od:1296 - chunk_composer.go:299
2026/03/12 14:38:01.602677 [22;34mDEBUG[0m chunk:1351,chunk-dur:29, timestamp:51534, od:1297 - chunk_composer.go:299
2026/03/12 14:38:01.640010 [22;34mDEBUG[0m chunk:1352,chunk-dur:38, timestamp:51567, od:1298 - chunk_composer.go:299
2026/03/12 14:38:01.702827 [22;34mDEBUG[0m chunk:1353,chunk-dur:62, timestamp:51600, od:1299 - chunk_composer.go:299
2026/03/12 14:38:01.707049 [22;34mDEBUG[0m chunk:1354,chunk-dur:5, timestamp:51634, od:1299 - chunk_composer.go:299
2026/03/12 14:38:01.736688 [22;34mDEBUG[0m chunk:1355,chunk-dur:29, timestamp:51667, od:1300 - chunk_composer.go:299
2026/03/12 14:38:01.768858 [22;34mDEBUG[0m chunk:1356,chunk-dur:32, timestamp:51700, od:1301 - chunk_composer.go:299
2026/03/12 14:38:01.837405 [22;34mDEBUG[0m chunk:1357,chunk-dur:69, timestamp:51734, od:1302 - chunk_composer.go:299
2026/03/12 14:38:01.840295 [22;34mDEBUG[0m chunk:1358,chunk-dur:3, timestamp:51767, od:1302 - chunk_composer.go:299
2026/03/12 14:38:01.916158 [22;34mDEBUG[0m chunk:1359,chunk-dur:76, timestamp:51800, od:1303 - chunk_composer.go:299
2026/03/12 14:38:01.948531 [22;34mDEBUG[0m chunk:1360,chunk-dur:32, timestamp:51834, od:1304 - chunk_composer.go:299
2026/03/12 14:38:01.976689 [22;34mDEBUG[0m chunk:1361,chunk-dur:28, timestamp:51867, od:1305 - chunk_composer.go:299
2026/03/12 14:38:01.977105 [22;34mDEBUG[0m chunk:1362,chunk-dur:1, timestamp:51900, od:1305 - chunk_composer.go:299
2026/03/12 14:38:02.004779 [22;34mDEBUG[0m chunk:1363,chunk-dur:27, timestamp:51934, od:1306 - chunk_composer.go:299
2026/03/12 14:38:02.039004 [22;34mDEBUG[0m bitrate:4.487224 Mbps - client_session.go:438
2026/03/12 14:38:02.071321 [22;34mDEBUG[0m chunk:1364,chunk-dur:67, timestamp:51967, od:1307 - chunk_composer.go:299
2026/03/12 14:38:02.129168 [22;34mDEBUG[0m chunk:1365,chunk-dur:58, timestamp:52000, od:1308 - chunk_composer.go:299
2026/03/12 14:38:02.129250 [22;34mDEBUG[0m chunk:1366,chunk-dur:0, timestamp:52034, od:1308 - chunk_composer.go:299
2026/03/12 14:38:02.170592 [22;34mDEBUG[0m chunk:1367,chunk-dur:41, timestamp:52067, od:1309 - chunk_composer.go:299
2026/03/12 14:38:02.175988 [22;34mDEBUG[0m chunk:1368,chunk-dur:5, timestamp:52100, od:1309 - chunk_composer.go:299
2026/03/12 14:38:02.206689 [22;34mDEBUG[0m chunk:1369,chunk-dur:31, timestamp:52134, od:1310 - chunk_composer.go:299
2026/03/12 14:38:02.236243 [22;34mDEBUG[0m chunk:1370,chunk-dur:30, timestamp:52167, od:1311 - chunk_composer.go:299
2026/03/12 14:38:02.269826 [22;34mDEBUG[0m chunk:1371,chunk-dur:33, timestamp:52200, od:1312 - chunk_composer.go:299
2026/03/12 14:38:02.306021 [22;34mDEBUG[0m chunk:1372,chunk-dur:37, timestamp:52234, od:1313 - chunk_composer.go:299
2026/03/12 14:38:02.336575 [22;34mDEBUG[0m chunk:1373,chunk-dur:30, timestamp:52267, od:1314 - chunk_composer.go:299
2026/03/12 14:38:02.403818 [22;34mDEBUG[0m chunk:1374,chunk-dur:67, timestamp:52300, od:1315 - chunk_composer.go:299
2026/03/12 14:38:02.403931 [22;34mDEBUG[0m chunk:1375,chunk-dur:0, timestamp:52334, od:1315 - chunk_composer.go:299
2026/03/12 14:38:02.441299 [22;34mDEBUG[0m chunk:1376,chunk-dur:38, timestamp:52367, od:1316 - chunk_composer.go:299
2026/03/12 14:38:02.469791 [22;34mDEBUG[0m chunk:1377,chunk-dur:28, timestamp:52400, od:1317 - chunk_composer.go:299
2026/03/12 14:38:02.503613 [22;34mDEBUG[0m chunk:1378,chunk-dur:34, timestamp:52434, od:1318 - chunk_composer.go:299
2026/03/12 14:38:02.572112 [22;34mDEBUG[0m chunk:1379,chunk-dur:69, timestamp:52467, od:1319 - chunk_composer.go:299
2026/03/12 14:38:02.574624 [22;34mDEBUG[0m chunk:1380,chunk-dur:2, timestamp:52500, od:1319 - chunk_composer.go:299
2026/03/12 14:38:02.603958 [22;34mDEBUG[0m chunk:1381,chunk-dur:29, timestamp:52534, od:1320 - chunk_composer.go:299
2026/03/12 14:38:02.669130 [22;34mDEBUG[0m chunk:1382,chunk-dur:66, timestamp:52567, od:1321 - chunk_composer.go:299
2026/03/12 14:38:02.703111 [22;34mDEBUG[0m chunk:1383,chunk-dur:34, timestamp:52600, od:1322 - chunk_composer.go:299
2026/03/12 14:38:02.711436 [22;34mDEBUG[0m chunk:1384,chunk-dur:8, timestamp:52634, od:1322 - chunk_composer.go:299
2026/03/12 14:38:02.736449 [22;34mDEBUG[0m chunk:1385,chunk-dur:25, timestamp:52667, od:1323 - chunk_composer.go:299
2026/03/12 14:38:02.802380 [22;34mDEBUG[0m chunk:1386,chunk-dur:66, timestamp:52700, od:1324 - chunk_composer.go:299
2026/03/12 14:38:02.836970 [22;34mDEBUG[0m chunk:1387,chunk-dur:34, timestamp:52734, od:1325 - chunk_composer.go:299
2026/03/12 14:38:02.839830 [22;34mDEBUG[0m chunk:1388,chunk-dur:3, timestamp:52767, od:1325 - chunk_composer.go:299
2026/03/12 14:38:02.868813 [22;34mDEBUG[0m chunk:1389,chunk-dur:29, timestamp:52800, od:1326 - chunk_composer.go:299
2026/03/12 14:38:02.936540 [22;34mDEBUG[0m chunk:1390,chunk-dur:68, timestamp:52834, od:1327 - chunk_composer.go:299
2026/03/12 14:38:02.969345 [22;34mDEBUG[0m chunk:1391,chunk-dur:33, timestamp:52867, od:1328 - chunk_composer.go:299
2026/03/12 14:38:02.973326 [22;34mDEBUG[0m chunk:1392,chunk-dur:4, timestamp:52900, od:1328 - chunk_composer.go:299
2026/03/12 14:38:03.003284 [22;34mDEBUG[0m chunk:1393,chunk-dur:30, timestamp:52934, od:1329 - chunk_composer.go:299
2026/03/12 14:38:03.039857 [22;34mDEBUG[0m bitrate:7.597758 Mbps - client_session.go:438
2026/03/12 14:38:03.068730 [22;34mDEBUG[0m chunk:1394,chunk-dur:65, timestamp:52967, od:1330 - chunk_composer.go:299
2026/03/12 14:38:03.103833 [22;34mDEBUG[0m chunk:1395,chunk-dur:35, timestamp:53000, od:1331 - chunk_composer.go:299
2026/03/12 14:38:03.105559 [22;34mDEBUG[0m chunk:1396,chunk-dur:2, timestamp:53034, od:1331 - chunk_composer.go:299
2026/03/12 14:38:03.137220 [22;34mDEBUG[0m chunk:1397,chunk-dur:32, timestamp:53067, od:1332 - chunk_composer.go:299
2026/03/12 14:38:03.170210 [22;34mDEBUG[0m chunk:1398,chunk-dur:33, timestamp:53100, od:1333 - chunk_composer.go:299
2026/03/12 14:38:03.203645 [22;34mDEBUG[0m chunk:1399,chunk-dur:33, timestamp:53134, od:1334 - chunk_composer.go:299
2026/03/12 14:38:03.241540 [22;34mDEBUG[0m chunk:1400,chunk-dur:38, timestamp:53167, od:1335 - chunk_composer.go:299
2026/03/12 14:38:03.270533 [22;34mDEBUG[0m chunk:1401,chunk-dur:29, timestamp:53200, od:1336 - chunk_composer.go:299
2026/03/12 14:38:03.304021 [22;34mDEBUG[0m chunk:1402,chunk-dur:34, timestamp:53234, od:1337 - chunk_composer.go:299
2026/03/12 14:38:03.337062 [22;34mDEBUG[0m chunk:1403,chunk-dur:33, timestamp:53267, od:1338 - chunk_composer.go:299
2026/03/12 14:38:03.372643 [22;34mDEBUG[0m chunk:1404,chunk-dur:35, timestamp:53300, od:1339 - chunk_composer.go:299
2026/03/12 14:38:03.403678 [22;34mDEBUG[0m chunk:1405,chunk-dur:31, timestamp:53334, od:1340 - chunk_composer.go:299
2026/03/12 14:38:03.435039 [22;34mDEBUG[0m chunk:1406,chunk-dur:32, timestamp:53367, od:1341 - chunk_composer.go:299
2026/03/12 14:38:03.470272 [22;34mDEBUG[0m chunk:1407,chunk-dur:35, timestamp:53400, od:1342 - chunk_composer.go:299
2026/03/12 14:38:03.507004 [22;34mDEBUG[0m chunk:1408,chunk-dur:37, timestamp:53434, od:1343 - chunk_composer.go:299
2026/03/12 14:38:03.536717 [22;34mDEBUG[0m chunk:1409,chunk-dur:29, timestamp:53467, od:1344 - chunk_composer.go:299
2026/03/12 14:38:03.569583 [22;34mDEBUG[0m chunk:1410,chunk-dur:33, timestamp:53500, od:1345 - chunk_composer.go:299
2026/03/12 14:38:03.604152 [22;34mDEBUG[0m chunk:1411,chunk-dur:35, timestamp:53534, od:1346 - chunk_composer.go:299
2026/03/12 14:38:03.637757 [22;34mDEBUG[0m chunk:1412,chunk-dur:33, timestamp:53567, od:1347 - chunk_composer.go:299
2026/03/12 14:38:03.670103 [22;34mDEBUG[0m chunk:1413,chunk-dur:33, timestamp:53600, od:1348 - chunk_composer.go:299
2026/03/12 14:38:03.703149 [22;34mDEBUG[0m chunk:1414,chunk-dur:33, timestamp:53634, od:1349 - chunk_composer.go:299
2026/03/12 14:38:03.735983 [22;34mDEBUG[0m chunk:1415,chunk-dur:32, timestamp:53667, od:1350 - chunk_composer.go:299
2026/03/12 14:38:03.772467 [22;34mDEBUG[0m chunk:1416,chunk-dur:37, timestamp:53700, od:1351 - chunk_composer.go:299
2026/03/12 14:38:03.804640 [22;34mDEBUG[0m chunk:1417,chunk-dur:32, timestamp:53734, od:1352 - chunk_composer.go:299
2026/03/12 14:38:03.836084 [22;34mDEBUG[0m chunk:1418,chunk-dur:32, timestamp:53767, od:1353 - chunk_composer.go:299
2026/03/12 14:38:03.869531 [22;34mDEBUG[0m chunk:1419,chunk-dur:33, timestamp:53800, od:1354 - chunk_composer.go:299
2026/03/12 14:38:03.903774 [22;34mDEBUG[0m chunk:1420,chunk-dur:34, timestamp:53834, od:1355 - chunk_composer.go:299
2026/03/12 14:38:03.937223 [22;34mDEBUG[0m chunk:1421,chunk-dur:34, timestamp:53867, od:1356 - chunk_composer.go:299
2026/03/12 14:38:03.968463 [22;34mDEBUG[0m chunk:1422,chunk-dur:31, timestamp:53900, od:1357 - chunk_composer.go:299
2026/03/12 14:38:04.004470 [22;34mDEBUG[0m chunk:1423,chunk-dur:36, timestamp:53934, od:1358 - chunk_composer.go:299
2026/03/12 14:38:04.036818 [22;34mDEBUG[0m chunk:1424,chunk-dur:32, timestamp:53967, od:1359 - chunk_composer.go:299
2026/03/12 14:38:04.040587 [22;34mDEBUG[0m bitrate:5.243434 Mbps - client_session.go:438
2026/03/12 14:38:04.074556 [22;34mDEBUG[0m chunk:1425,chunk-dur:38, timestamp:54000, od:1360 - chunk_composer.go:299
2026/03/12 14:38:04.107421 [22;34mDEBUG[0m chunk:1426,chunk-dur:33, timestamp:54034, od:1361 - chunk_composer.go:299
2026/03/12 14:38:04.136966 [22;34mDEBUG[0m chunk:1427,chunk-dur:29, timestamp:54067, od:1362 - chunk_composer.go:299
2026/03/12 14:38:04.171416 [22;34mDEBUG[0m chunk:1428,chunk-dur:35, timestamp:54100, od:1363 - chunk_composer.go:299
2026/03/12 14:38:04.204745 [22;34mDEBUG[0m chunk:1429,chunk-dur:33, timestamp:54134, od:1364 - chunk_composer.go:299
2026/03/12 14:38:04.244028 [22;34mDEBUG[0m chunk:1430,chunk-dur:40, timestamp:54167, od:1365 - chunk_composer.go:299
2026/03/12 14:38:04.270691 [22;34mDEBUG[0m chunk:1431,chunk-dur:26, timestamp:54200, od:1366 - chunk_composer.go:299
2026/03/12 14:38:04.302853 [22;34mDEBUG[0m chunk:1432,chunk-dur:32, timestamp:54234, od:1367 - chunk_composer.go:299
2026/03/12 14:38:04.337329 [22;34mDEBUG[0m chunk:1433,chunk-dur:35, timestamp:54267, od:1368 - chunk_composer.go:299
2026/03/12 14:38:04.372703 [22;34mDEBUG[0m chunk:1434,chunk-dur:35, timestamp:54300, od:1369 - chunk_composer.go:299
2026/03/12 14:38:04.403417 [22;34mDEBUG[0m chunk:1435,chunk-dur:31, timestamp:54334, od:1370 - chunk_composer.go:299
2026/03/12 14:38:04.434912 [22;34mDEBUG[0m chunk:1436,chunk-dur:31, timestamp:54367, od:1371 - chunk_composer.go:299
2026/03/12 14:38:04.469066 [22;34mDEBUG[0m chunk:1437,chunk-dur:35, timestamp:54400, od:1372 - chunk_composer.go:299
2026/03/12 14:38:04.506170 [22;34mDEBUG[0m chunk:1438,chunk-dur:37, timestamp:54434, od:1373 - chunk_composer.go:299
2026/03/12 14:38:04.537459 [22;34mDEBUG[0m chunk:1439,chunk-dur:31, timestamp:54467, od:1374 - chunk_composer.go:299
2026/03/12 14:38:04.569614 [22;34mDEBUG[0m chunk:1440,chunk-dur:32, timestamp:54500, od:1375 - chunk_composer.go:299
2026/03/12 14:38:04.606073 [22;34mDEBUG[0m chunk:1441,chunk-dur:37, timestamp:54534, od:1376 - chunk_composer.go:299
2026/03/12 14:38:04.639833 [22;34mDEBUG[0m chunk:1442,chunk-dur:33, timestamp:54567, od:1377 - chunk_composer.go:299
2026/03/12 14:38:04.668429 [22;34mDEBUG[0m chunk:1443,chunk-dur:29, timestamp:54600, od:1378 - chunk_composer.go:299
2026/03/12 14:38:04.710379 [22;34mDEBUG[0m chunk:1444,chunk-dur:42, timestamp:54634, od:1379 - chunk_composer.go:299
2026/03/12 14:38:04.735310 [22;34mDEBUG[0m chunk:1445,chunk-dur:25, timestamp:54667, od:1380 - chunk_composer.go:299
2026/03/12 14:38:04.769541 [22;34mDEBUG[0m chunk:1446,chunk-dur:34, timestamp:54700, od:1381 - chunk_composer.go:299
2026/03/12 14:38:04.806154 [22;34mDEBUG[0m chunk:1447,chunk-dur:37, timestamp:54734, od:1382 - chunk_composer.go:299
2026/03/12 14:38:04.836261 [22;34mDEBUG[0m chunk:1448,chunk-dur:30, timestamp:54767, od:1383 - chunk_composer.go:299
2026/03/12 14:38:04.871737 [22;34mDEBUG[0m chunk:1449,chunk-dur:35, timestamp:54800, od:1384 - chunk_composer.go:299
2026/03/12 14:38:04.905487 [22;34mDEBUG[0m chunk:1450,chunk-dur:34, timestamp:54834, od:1385 - chunk_composer.go:299
2026/03/12 14:38:04.938259 [22;34mDEBUG[0m chunk:1451,chunk-dur:33, timestamp:54867, od:1386 - chunk_composer.go:299
2026/03/12 14:38:04.970074 [22;34mDEBUG[0m chunk:1452,chunk-dur:32, timestamp:54900, od:1387 - chunk_composer.go:299
2026/03/12 14:38:05.005617 [22;34mDEBUG[0m chunk:1453,chunk-dur:35, timestamp:54934, od:1388 - chunk_composer.go:299
2026/03/12 14:38:05.040438 [22;34mDEBUG[0m chunk:1454,chunk-dur:35, timestamp:54967, od:1389 - chunk_composer.go:299
2026/03/12 14:38:05.041451 [22;34mDEBUG[0m bitrate:7.656038 Mbps - client_session.go:438
2026/03/12 14:38:05.069679 [22;34mDEBUG[0m chunk:1455,chunk-dur:29, timestamp:55000, od:1390 - chunk_composer.go:299
2026/03/12 14:38:05.106477 [22;34mDEBUG[0m chunk:1456,chunk-dur:37, timestamp:55034, od:1391 - chunk_composer.go:299
2026/03/12 14:38:05.137321 [22;34mDEBUG[0m chunk:1457,chunk-dur:31, timestamp:55067, od:1392 - chunk_composer.go:299
2026/03/12 14:38:05.170614 [22;34mDEBUG[0m chunk:1458,chunk-dur:33, timestamp:55100, od:1393 - chunk_composer.go:299
2026/03/12 14:38:05.207994 [22;34mDEBUG[0m chunk:1459,chunk-dur:37, timestamp:55134, od:1394 - chunk_composer.go:299
2026/03/12 14:38:05.238181 [22;34mDEBUG[0m chunk:1460,chunk-dur:31, timestamp:55167, od:1395 - chunk_composer.go:299
2026/03/12 14:38:05.268214 [22;34mDEBUG[0m chunk:1461,chunk-dur:30, timestamp:55200, od:1396 - chunk_composer.go:299
2026/03/12 14:38:05.304110 [22;34mDEBUG[0m chunk:1462,chunk-dur:36, timestamp:55234, od:1397 - chunk_composer.go:299
2026/03/12 14:38:05.335787 [22;34mDEBUG[0m chunk:1463,chunk-dur:31, timestamp:55267, od:1398 - chunk_composer.go:299
2026/03/12 14:38:05.372761 [22;34mDEBUG[0m chunk:1464,chunk-dur:37, timestamp:55300, od:1399 - chunk_composer.go:299
2026/03/12 14:38:05.405859 [22;34mDEBUG[0m chunk:1465,chunk-dur:33, timestamp:55334, od:1400 - chunk_composer.go:299
2026/03/12 14:38:05.438552 [22;34mDEBUG[0m chunk:1466,chunk-dur:33, timestamp:55367, od:1401 - chunk_composer.go:299
2026/03/12 14:38:05.518044 [22;34mDEBUG[0m chunk:1467,chunk-dur:80, timestamp:55400, od:1402 - chunk_composer.go:299
2026/03/12 14:38:05.526849 [22;34mDEBUG[0m chunk:1468,chunk-dur:8, timestamp:55434, od:1402 - chunk_composer.go:299
2026/03/12 14:38:05.560698 [22;34mDEBUG[0m chunk:1469,chunk-dur:34, timestamp:55467, od:1403 - chunk_composer.go:299
2026/03/12 14:38:05.570366 [22;34mDEBUG[0m chunk:1470,chunk-dur:10, timestamp:55500, od:1403 - chunk_composer.go:299
2026/03/12 14:38:05.606263 [22;34mDEBUG[0m chunk:1471,chunk-dur:36, timestamp:55534, od:1404 - chunk_composer.go:299
2026/03/12 14:38:05.636452 [22;34mDEBUG[0m chunk:1472,chunk-dur:30, timestamp:55567, od:1405 - chunk_composer.go:299
2026/03/12 14:38:05.672383 [22;34mDEBUG[0m chunk:1473,chunk-dur:36, timestamp:55600, od:1406 - chunk_composer.go:299
2026/03/12 14:38:05.704142 [22;34mDEBUG[0m chunk:1474,chunk-dur:32, timestamp:55634, od:1407 - chunk_composer.go:299
2026/03/12 14:38:05.736057 [22;34mDEBUG[0m chunk:1475,chunk-dur:32, timestamp:55667, od:1408 - chunk_composer.go:299
2026/03/12 14:38:05.771284 [22;34mDEBUG[0m chunk:1476,chunk-dur:35, timestamp:55700, od:1409 - chunk_composer.go:299
2026/03/12 14:38:05.804843 [22;34mDEBUG[0m chunk:1477,chunk-dur:33, timestamp:55734, od:1410 - chunk_composer.go:299
2026/03/12 14:38:05.838075 [22;34mDEBUG[0m chunk:1478,chunk-dur:34, timestamp:55767, od:1411 - chunk_composer.go:299
2026/03/12 14:38:05.869044 [22;34mDEBUG[0m chunk:1479,chunk-dur:31, timestamp:55800, od:1412 - chunk_composer.go:299
2026/03/12 14:38:05.905462 [22;34mDEBUG[0m chunk:1480,chunk-dur:36, timestamp:55834, od:1413 - chunk_composer.go:299
2026/03/12 14:38:05.935452 [22;34mDEBUG[0m chunk:1481,chunk-dur:30, timestamp:55867, od:1414 - chunk_composer.go:299
2026/03/12 14:38:05.973178 [22;34mDEBUG[0m chunk:1482,chunk-dur:38, timestamp:55900, od:1415 - chunk_composer.go:299
2026/03/12 14:38:06.004416 [22;34mDEBUG[0m chunk:1483,chunk-dur:31, timestamp:55934, od:1416 - chunk_composer.go:299
2026/03/12 14:38:06.038538 [22;34mDEBUG[0m chunk:1484,chunk-dur:34, timestamp:55967, od:1417 - chunk_composer.go:299
2026/03/12 14:38:06.041617 [22;34mDEBUG[0m bitrate:7.067374 Mbps - client_session.go:438
2026/03/12 14:38:06.081239 [22;34mDEBUG[0m chunk:1485,chunk-dur:43, timestamp:56000, od:1418 - chunk_composer.go:299
2026/03/12 14:38:06.104278 [22;34mDEBUG[0m chunk:1486,chunk-dur:23, timestamp:56034, od:1419 - chunk_composer.go:299
2026/03/12 14:38:06.135751 [22;34mDEBUG[0m chunk:1487,chunk-dur:31, timestamp:56067, od:1420 - chunk_composer.go:299
2026/03/12 14:38:06.174724 [22;34mDEBUG[0m chunk:1488,chunk-dur:39, timestamp:56100, od:1421 - chunk_composer.go:299
2026/03/12 14:38:06.207560 [22;34mDEBUG[0m chunk:1489,chunk-dur:33, timestamp:56134, od:1422 - chunk_composer.go:299
2026/03/12 14:38:06.235727 [22;34mDEBUG[0m chunk:1490,chunk-dur:28, timestamp:56167, od:1423 - chunk_composer.go:299
2026/03/12 14:38:06.273618 [22;34mDEBUG[0m chunk:1491,chunk-dur:38, timestamp:56200, od:1424 - chunk_composer.go:299
2026/03/12 14:38:06.304123 [22;34mDEBUG[0m chunk:1492,chunk-dur:31, timestamp:56234, od:1425 - chunk_composer.go:299
2026/03/12 14:38:06.335774 [22;34mDEBUG[0m chunk:1493,chunk-dur:31, timestamp:56267, od:1426 - chunk_composer.go:299
2026/03/12 14:38:06.369203 [22;34mDEBUG[0m chunk:1494,chunk-dur:34, timestamp:56300, od:1427 - chunk_composer.go:299
2026/03/12 14:38:06.404793 [22;34mDEBUG[0m chunk:1495,chunk-dur:35, timestamp:56334, od:1428 - chunk_composer.go:299
2026/03/12 14:38:06.435486 [22;34mDEBUG[0m chunk:1496,chunk-dur:31, timestamp:56367, od:1429 - chunk_composer.go:299
2026/03/12 14:38:06.475973 [22;34mDEBUG[0m chunk:1497,chunk-dur:40, timestamp:56400, od:1430 - chunk_composer.go:299
2026/03/12 14:38:06.503076 [22;34mDEBUG[0m chunk:1498,chunk-dur:28, timestamp:56434, od:1431 - chunk_composer.go:299
2026/03/12 14:38:06.535755 [22;34mDEBUG[0m chunk:1499,chunk-dur:32, timestamp:56467, od:1432 - chunk_composer.go:299
2026/03/12 14:38:06.571080 [22;34mDEBUG[0m chunk:1500,chunk-dur:36, timestamp:56500, od:1433 - chunk_composer.go:299
2026/03/12 14:38:06.602797 [22;34mDEBUG[0m chunk:1501,chunk-dur:31, timestamp:56534, od:1434 - chunk_composer.go:299
2026/03/12 14:38:06.636413 [22;34mDEBUG[0m chunk:1502,chunk-dur:34, timestamp:56567, od:1435 - chunk_composer.go:299
2026/03/12 14:38:06.669769 [22;34mDEBUG[0m chunk:1503,chunk-dur:33, timestamp:56600, od:1436 - chunk_composer.go:299
2026/03/12 14:38:06.703459 [22;34mDEBUG[0m chunk:1504,chunk-dur:34, timestamp:56634, od:1437 - chunk_composer.go:299
2026/03/12 14:38:06.739177 [22;34mDEBUG[0m chunk:1505,chunk-dur:36, timestamp:56667, od:1438 - chunk_composer.go:299
2026/03/12 14:38:06.769522 [22;34mDEBUG[0m chunk:1506,chunk-dur:30, timestamp:56700, od:1439 - chunk_composer.go:299
2026/03/12 14:38:06.806030 [22;34mDEBUG[0m chunk:1507,chunk-dur:37, timestamp:56734, od:1440 - chunk_composer.go:299
2026/03/12 14:38:06.836042 [22;34mDEBUG[0m chunk:1508,chunk-dur:30, timestamp:56767, od:1441 - chunk_composer.go:299
2026/03/12 14:38:06.870549 [22;34mDEBUG[0m chunk:1509,chunk-dur:34, timestamp:56800, od:1442 - chunk_composer.go:299
2026/03/12 14:38:06.906819 [22;34mDEBUG[0m chunk:1510,chunk-dur:36, timestamp:56834, od:1443 - chunk_composer.go:299
2026/03/12 14:38:06.941299 [22;34mDEBUG[0m chunk:1511,chunk-dur:35, timestamp:56867, od:1444 - chunk_composer.go:299
2026/03/12 14:38:06.969070 [22;34mDEBUG[0m chunk:1512,chunk-dur:28, timestamp:56900, od:1445 - chunk_composer.go:299
2026/03/12 14:38:07.004808 [22;34mDEBUG[0m chunk:1513,chunk-dur:35, timestamp:56934, od:1446 - chunk_composer.go:299
2026/03/12 14:38:07.035637 [22;34mDEBUG[0m chunk:1514,chunk-dur:31, timestamp:56967, od:1447 - chunk_composer.go:299
2026/03/12 14:38:07.042058 [22;36m INFO[0m mean write bitrate:7.444379 Mbps - client_session.go:447
2026/03/12 14:38:07.042070 [22;34mDEBUG[0m bitrate:7.583931 Mbps - client_session.go:438
2026/03/12 14:38:07.072412 [22;34mDEBUG[0m chunk:1515,chunk-dur:37, timestamp:57000, od:1448 - chunk_composer.go:299
2026/03/12 14:38:07.103118 [22;34mDEBUG[0m chunk:1516,chunk-dur:31, timestamp:57034, od:1449 - chunk_composer.go:299
2026/03/12 14:38:07.135271 [22;34mDEBUG[0m chunk:1517,chunk-dur:32, timestamp:57067, od:1450 - chunk_composer.go:299
2026/03/12 14:38:07.169145 [22;34mDEBUG[0m chunk:1518,chunk-dur:34, timestamp:57100, od:1451 - chunk_composer.go:299
2026/03/12 14:38:07.206731 [22;34mDEBUG[0m chunk:1519,chunk-dur:37, timestamp:57134, od:1452 - chunk_composer.go:299
2026/03/12 14:38:07.274276 [22;34mDEBUG[0m chunk:1520,chunk-dur:68, timestamp:57167, od:1453 - chunk_composer.go:299
2026/03/12 14:38:07.274975 [22;34mDEBUG[0m chunk:1521,chunk-dur:0, timestamp:57200, od:1453 - chunk_composer.go:299
2026/03/12 14:38:07.304389 [22;34mDEBUG[0m chunk:1522,chunk-dur:30, timestamp:57234, od:1454 - chunk_composer.go:299
2026/03/12 14:38:07.338213 [22;34mDEBUG[0m chunk:1523,chunk-dur:34, timestamp:57267, od:1455 - chunk_composer.go:299
2026/03/12 14:38:07.369034 [22;34mDEBUG[0m chunk:1524,chunk-dur:31, timestamp:57300, od:1456 - chunk_composer.go:299
2026/03/12 14:38:07.405678 [22;34mDEBUG[0m chunk:1525,chunk-dur:36, timestamp:57334, od:1457 - chunk_composer.go:299
2026/03/12 14:38:07.436840 [22;34mDEBUG[0m chunk:1526,chunk-dur:31, timestamp:57367, od:1458 - chunk_composer.go:299
2026/03/12 14:38:07.470528 [22;34mDEBUG[0m chunk:1527,chunk-dur:34, timestamp:57400, od:1459 - chunk_composer.go:299
2026/03/12 14:38:07.503060 [22;34mDEBUG[0m chunk:1528,chunk-dur:33, timestamp:57434, od:1460 - chunk_composer.go:299
2026/03/12 14:38:07.541520 [22;34mDEBUG[0m chunk:1529,chunk-dur:38, timestamp:57467, od:1461 - chunk_composer.go:299
2026/03/12 14:38:07.569128 [22;34mDEBUG[0m chunk:1530,chunk-dur:28, timestamp:57500, od:1462 - chunk_composer.go:299
2026/03/12 14:38:07.602415 [22;34mDEBUG[0m chunk:1531,chunk-dur:33, timestamp:57534, od:1463 - chunk_composer.go:299
2026/03/12 14:38:07.637641 [22;34mDEBUG[0m chunk:1532,chunk-dur:35, timestamp:57567, od:1464 - chunk_composer.go:299
2026/03/12 14:38:07.670291 [22;34mDEBUG[0m chunk:1533,chunk-dur:33, timestamp:57600, od:1465 - chunk_composer.go:299
2026/03/12 14:38:07.703547 [22;34mDEBUG[0m chunk:1534,chunk-dur:33, timestamp:57634, od:1466 - chunk_composer.go:299
2026/03/12 14:38:07.735828 [22;34mDEBUG[0m chunk:1535,chunk-dur:32, timestamp:57667, od:1467 - chunk_composer.go:299
2026/03/12 14:38:07.768536 [22;34mDEBUG[0m chunk:1536,chunk-dur:33, timestamp:57700, od:1468 - chunk_composer.go:299
2026/03/12 14:38:07.803862 [22;34mDEBUG[0m chunk:1537,chunk-dur:35, timestamp:57734, od:1469 - chunk_composer.go:299
2026/03/12 14:38:07.836057 [22;34mDEBUG[0m chunk:1538,chunk-dur:33, timestamp:57767, od:1470 - chunk_composer.go:299
2026/03/12 14:38:08.045650 [22;34mDEBUG[0m bitrate:4.208456 Mbps - client_session.go:438
2026/03/12 14:38:09.046673 [22;34mDEBUG[0m bitrate:0.000000 Mbps - client_session.go:438
2026/03/12 14:38:10.047986 [22;34mDEBUG[0m bitrate:0.000000 Mbps - client_session.go:438
2026/03/12 14:38:11.048518 [22;34mDEBUG[0m bitrate:0.000000 Mbps - client_session.go:438
2026/03/12 14:38:12.049268 [22;34mDEBUG[0m bitrate:0.000000 Mbps - client_session.go:438
2026/03/12 14:38:13.050051 [22;34mDEBUG[0m bitrate:0.000000 Mbps - client_session.go:438
2026/03/12 14:38:14.050507 [22;34mDEBUG[0m bitrate:0.000000 Mbps - client_session.go:438
2026/03/12 14:38:15.051570 [22;34mDEBUG[0m bitrate:0.000000 Mbps - client_session.go:438
2026/03/12 14:38:16.051784 [22;34mDEBUG[0m bitrate:0.000000 Mbps - client_session.go:438
