2026/03/12 14:36:38.364013 [22;36m INFO[0m initial log succ. - config.go:191
2026/03/12 14:36:38.364177 [22;36m INFO[0m 
    __    ___    __
   / /   /   |  / /
  / /   / /| | / /
 / /___/ ___ |/ /___
/_____/_/  |_/_____/
 - config.go:194
2026/03/12 14:36:38.364309 [22;36m INFO[0m load conf file succ. filename=lalserver.conf.json, raw content={ "# doc of config": "https://pengrl.com/lal/#/ConfigBrief", "conf_version": "v0.2.2", "rtmp": { "enable": true, "addr": ":1935", "gop_num": 0, "merge_write_size": 0 }, "default_http": { "http_listen_addr": ":8080", "https_listen_addr": ":4433", "https_cert_file": "./conf/cert.pem", "https_key_file": "./conf/key.pem" }, "httpflv": { "enable": true, "enable_https": false, "url_pattern": "/live/", "gop_num": 0 }, "hls": { "enable": false, "enable_https": false, "url_pattern": "/hls/", "out_path": "/tmp/lal/hls/", "fragment_duration_ms": 3000, "fragment_num": 6, "cleanup_mode": 1, "use_memory_as_disk_flag": false }, "httpts": { "enable": true, "enable_https":false, "url_pattern": "/live/" }, "rtsp": { "enable": true, "addr": ":5544" }, "record": { "enable_flv": true, "flv_out_path": "/tmp/lal/flv/", "enable_mpegts": false, "mpegts_out_path": "/tmp/lal/mpegts" }, "relay_push": { "enable": false, "addr_list":[ ] }, "relay_pull": { "enable": false, "addr": "" }, "http_api": { "enable": true, "addr": ":8083" }, "server_id": "1", "http_notify": { "enable": false, "update_interval_sec": 5, "on_server_start": "http://127.0.0.1:10101/on_server_start", "on_update": "http://127.0.0.1:10101/on_update", "on_pub_start": "http://127.0.0.1:10101/on_pub_start", "on_pub_stop": "http://127.0.0.1:10101/on_pub_stop", "on_sub_start": "http://127.0.0.1:10101/on_sub_start", "on_sub_stop": "http://127.0.0.1:10101/on_sub_stop", "on_rtmp_connect": "http://127.0.0.1:10101/on_rtmp_connect" }, "pprof": { "enable": true, "addr": ":8084" }, "log": { "level": 1, "filename": "./logs/lalserver.log", "is_to_stdout": true, "is_rotate_daily": true, "short_file_flag": true, "assert_behavior": 1 } }  parsed=&{ConfVersion:v0.2.2 RTMPConfig:{Enable:true Addr::1935 GOPNum:0 MergeWriteSize:0} DefaultHTTPConfig:{CommonHTTPAddrConfig:{HTTPListenAddr::8080 HTTPSListenAddr::4433 HTTPSCertFile:./conf/cert.pem HTTPSKeyFile:./conf/key.pem}} HTTPFLVConfig:{CommonHTTPServerConfig:{CommonHTTPAddrConfig:{HTTPListenAddr::8080 HTTPSListenAddr::4433 HTTPSCertFile:./conf/cert.pem HTTPSKeyFile:./conf/key.pem} Enable:true EnableHTTPS:false URLPattern:/live/} GOPNum:0} HLSConfig:{CommonHTTPServerConfig:{CommonHTTPAddrConfig:{HTTPListenAddr::8080 HTTPSListenAddr::4433 HTTPSCertFile:./conf/cert.pem HTTPSKeyFile:./conf/key.pem} Enable:false EnableHTTPS:false URLPattern:/hls/} UseMemoryAsDiskFlag:false MuxerConfig:{OutPath:/tmp/lal/hls/ FragmentDurationMS:3000 FragmentNum:6 CleanupMode:1}} HTTPTSConfig:{CommonHTTPServerConfig:{CommonHTTPAddrConfig:{HTTPListenAddr::8080 HTTPSListenAddr::4433 HTTPSCertFile:./conf/cert.pem HTTPSKeyFile:./conf/key.pem} Enable:true EnableHTTPS:false URLPattern:/live/}} RTSPConfig:{Enable:true Addr::5544} RecordConfig:{EnableFLV:true FLVOutPath:/tmp/lal/flv/ EnableMPEGTS:false MPEGTSOutPath:/tmp/lal/mpegts} RelayPushConfig:{Enable:false AddrList:[]} RelayPullConfig:{Enable:false Addr:} HTTPAPIConfig:{Enable:true Addr::8083} ServerID:1 HTTPNotifyConfig:{Enable:false UpdateIntervalSec:5 OnServerStart:http://127.0.0.1:10101/on_server_start OnUpdate:http://127.0.0.1:10101/on_update OnPubStart:http://127.0.0.1:10101/on_pub_start OnPubStop:http://127.0.0.1:10101/on_pub_stop OnSubStart:http://127.0.0.1:10101/on_sub_start OnSubStop:http://127.0.0.1:10101/on_sub_stop OnRTMPConnect:http://127.0.0.1:10101/on_rtmp_connect} PProfConfig:{Enable:true Addr::8084} LogConfig:{Level:1 Filename:./logs/lalserver.log IsToStdout:true IsRotateDaily:true ShortFileFlag:true TimestampFlag:true TimestampWithMSFlag:true LevelFlag:true AssertBehavior:1}} - config.go:277
2026/03/12 14:36:38.364378 [22;36m INFO[0m wd: /home/mininet/Project/4D-MAP/server - entry.go:39
2026/03/12 14:36:38.364390 [22;36m INFO[0m args: ./qserver -protocol=quic -au=false - entry.go:40
2026/03/12 14:36:38.364393 [22;36m INFO[0m bininfo: GitTag=unknown. GitCommitLog=unknown. GitStatus=unknown. BuildTime=unknown. GoVersion=unknown. runtime=linux/arm64. - entry.go:41
2026/03/12 14:36:38.364395 [22;36m INFO[0m version: lal v0.22.0 (github.com/q191201771/lal) - entry.go:42
2026/03/12 14:36:38.364397 [22;36m INFO[0m github: https://github.com/q191201771/lal - entry.go:43
2026/03/12 14:36:38.364409 [22;36m INFO[0m doc: https://pengrl.com/lal - entry.go:44
quic false
2026/03/12 14:36:38.364430 [22;36m INFO[0m hasau=false protocol=quic addr=0.0.0.0:1935 - server.go:58
2026/03/12 14:36:38.364455 [22;36m INFO[0m [DEBUG] about to call quic.ListenAddr, addr=0.0.0.0:1935 - server.go:61
2026/03/12 14:36:38.401310 [22;36m INFO[0m [DEBUG] quic.ListenAddr returned. ln=&{0x400031a000 0x40001b63f0 0x40001b6380 0x4000124288 0x4000144640 map[] {{0 0} 0 0 0 0} 60000000000 <nil> 0x4000126a20 0x40002f1500 0x2b3200} err=<nil> - server.go:65
[DEBUG] quic.ListenAddr returned. ln=&quic.server{tlsConf:(*tls.Config)(0x400031a000), config:(*quic.Config)(0x40001b63f0), pconnMgr:(*quic.pconnManager)(0x40001b6380), certChain:(*crypto.certChain)(0x4000124288), scfg:(*handshake.ServerConfig)(0x4000144640), sessions:map[protocol.ConnectionID]quic.packetHandler{}, sessionsMutex:sync.RWMutex{w:sync.Mutex{state:0, sema:0x0}, writerSem:0x0, readerSem:0x0, readerCount:0, readerWait:0}, deleteClosedSessionsAfter:60000000000, serverError:error(nil), sessionQueue:(chan quic.Session)(0x4000126a20), errorChan:(chan struct {})(0x40002f1500), newSession:(func(quic.connection, *quic.pconnManager, bool, protocol.VersionNumber, protocol.ConnectionID, *handshake.ServerConfig, *tls.Config, *quic.Config) (quic.packetHandler, <-chan quic.handshakeEvent, error))(0x2b3200)} err=<nil>
2026/03/12 14:36:38.401372 [22;36m INFO[0m start rtmp server listen success. addr=0.0.0.0:1935 proto=quic - server.go:75
rtmpserver.Listen ok
2026/03/12 14:36:38.401376 [22;36m INFO[0m [DEBUG] RunLoop about to call server.ln.Accept() - server.go:125
[DEBUG] RunLoop about to call server.ln.Accept()
2026/03/12 14:37:10.062517 [22;36m INFO[0m [DEBUG] server.ln.Accept returned. sess=&{991449703196195021 1 512 0x40001b63f0 map[0:0x40003b0000] map[] {{0 0} 0 0 0 0} false 0x40003b0100 0x40003b2000 map[] {0 0 <nil>} 0x40003ae090 0x400038c1e0 0x4000390078 0x40003b40a0 false 0x40003b0200 0x4000388180 0x40003aa000 0x40003881e0 {0 {0 0}} 0x4000398040 0x140630 [] {0 0 <nil>} 0x400039c000 false 0x4000388120 0x40003880c0 0x400039c070 {14007551387261589318 31690653046 0x6fb160} {14007551387276731507 31705795194 0x6fb160} 0x40003920f0 false 0x40003aa1e0 0x40003940e0 false 0x40003ae000} err=<nil> - server.go:129
[DEBUG] server.ln.Accept returned. sess=&quic.session{connectionID:0xdc256408bacf8cd, perspective:1, version:512, config:(*quic.Config)(0x40001b63f0), paths:map[protocol.PathID]*quic.path{0x0:(*quic.path)(0x40003b0000)}, closedPaths:map[protocol.PathID]bool{}, pathsLock:sync.RWMutex{w:sync.Mutex{state:0, sema:0x0}, writerSem:0x0, readerSem:0x0, readerCount:0, readerWait:0}, createPaths:false, streamsMap:(*quic.streamsMap)(0x40003b0100), rttStats:(*congestion.RTTStats)(0x40003b2000), remoteRTTs:map[protocol.PathID]time.Duration{}, lastPathsFrameSent:time.Time{wall:0x0, ext:0, loc:(*time.Location)(nil)}, streamFramer:(*quic.streamFramer)(0x40003ae090), flowControlManager:(*flowcontrol.flowControlManager)(0x400038c1e0), unpacker:(*quic.packetUnpacker)(0x4000390078), packer:(*quic.packetPacker)(0x40003b40a0), peerBlocked:false, cryptoSetup:(*handshake.cryptoSetupServer)(0x40003b0200), receivedPackets:(chan *quic.receivedPacket)(0x4000388180), sendingScheduled:(chan struct {})(0x40003aa000), closeChan:(chan quic.closeError)(0x40003881e0), closeOnce:sync.Once{done:0x0, m:sync.Mutex{state:0, sema:0x0}}, ctx:(*context.cancelCtx)(0x4000398040), ctxCancel:(context.CancelFunc)(0x140630), undecryptablePackets:[]*quic.receivedPacket{}, receivedTooManyUndecrytablePacketsTime:time.Time{wall:0x0, ext:0, loc:(*time.Location)(nil)}, aeadChanged:(<-chan protocol.EncryptionLevel)(0x400039c000), handshakeComplete:false, handshakeCompleteChan:(chan error)(0x4000388120), handshakeChan:(chan<- quic.handshakeEvent)(0x40003880c0), connectionParameters:(*handshake.connectionParametersManager)(0x400039c070), sessionCreationTime:time.Time{wall:0xc264d1c582c1d746, ext:31690653046, loc:(*time.Location)(0x6fb160)}, lastNetworkActivityTime:time.Time{wall:0xc264d1c583a8e473, ext:31705795194, loc:(*time.Location)(0x6fb160)}, timer:(*utils.Timer)(0x40003920f0), keepAlivePingSent:false, pathTimers:(chan *quic.path)(0x40003aa1e0), pathManager:(*quic.pathManager)(0x40003940e0), pathManagerLaunched:false, scheduler:(*quic.scheduler)(0x40003ae000)} err=<nil>
2026/03/12 14:37:10.062718 [22;36m INFO[0m [DEBUG] about to call sess.AcceptStream() - server.go:140
[DEBUG] about to call sess.AcceptStream()
map[0:0x40003b0000]
2026/03/12 14:37:10.063517 [22;36m INFO[0m [DEBUG] sess.AcceptStream returned. conn=&{{0 0} 0x400015ab00 0x140630 3 0x2c19e0 0x2c1a50 0 0 0 <nil> {0} {0} {0} {0} {0} 0x4000140fa0 0x40002f15c0 {0 0 <nil>} [] {0} {0} 0x40002f1620 {0 0 <nil>} 0x400038c1e0   -1 -1 0 false [-3] 0x400039a000 0 0 0 0 true} err=<nil> - server.go:144
[DEBUG] sess.AcceptStream returned. conn=&quic.stream{mutex:sync.Mutex{state:0, sema:0x0}, ctx:(*context.cancelCtx)(0x400015ab00), ctxCancel:(context.CancelFunc)(0x140630), streamID:0x3, onData:(func())(0x2c19e0), onReset:(func(protocol.StreamID, protocol.ByteCount))(0x2c1a50), readPosInFrame:0, writeOffset:0x0, readOffset:0x0, err:error(nil), cancelled:utils.AtomicBool{v:0}, finishedReading:utils.AtomicBool{v:0}, finishedWriting:utils.AtomicBool{v:0}, resetLocally:utils.AtomicBool{v:0}, resetRemotely:utils.AtomicBool{v:0}, frameQueue:(*quic.streamFrameSorter)(0x4000140fa0), readChan:(chan struct {})(0x40002f15c0), readDeadline:time.Time{wall:0x0, ext:0, loc:(*time.Location)(nil)}, dataForWriting:[]uint8(nil), finSent:utils.AtomicBool{v:0}, rstSent:utils.AtomicBool{v:0}, writeChan:(chan struct {})(0x40002f1620), writeDeadline:time.Time{wall:0x0, ext:0, loc:(*time.Location)(nil)}, flowControlManager:(*flowcontrol.flowControlManager)(0x400038c1e0), localaddr:"", remoteaddr:"", I_startinx:-1, I_endinx:-1, Iframecount:0, hasI:false, NextHeaderOff:[]int{-3}, sess:(*quic.session)(0x400039a000), writeOffsetF:0x0, writeOffsetSN:0x0, writeOffsetSS:0x0, gap:0x0, cansendpattern:true} err=<nil>
2026/03/12 14:37:10.063579 [22;36m INFO[0m [DEBUG] RunLoop about to call server.ln.Accept() - server.go:125
[DEBUG] RunLoop about to call server.ln.Accept()
2026/03/12 14:37:10.063655 [22;34mDEBUG[0m [NAZACONN1] lifecycle new connection. net.Conn=0x400031a180, naza.Connection=0x400015e2c0 - connection.go:158
2026/03/12 14:37:10.063834 [22;34mDEBUG[0m handshake simple mode. - handshake.go:237
2026/03/12 14:37:10.064127 [22;36m INFO[0m [RTMPPUBSUB1] < R Handshake C0+C1. - server_session.go:246
2026/03/12 14:37:10.064149 [22;36m INFO[0m [RTMPPUBSUB1] > W Handshake S0+S1+S2. - server_session.go:248
2026/03/12 14:37:10.065221 [22;36m INFO[0m [RTMPPUBSUB1] < R Handshake C2. - server_session.go:256
2026/03/12 14:37:10.065372 [22;34mDEBUG[0m rd bitrate:0.000000 Mbps - server_session.go:136
2026/03/12 14:37:10.065381 [22;34mDEBUG[0m wr bitrate:0.000000 Mbps - server_session.go:137
2026/03/12 14:37:10.065453 [22;34mDEBUG[0m chunk:1,chunk-dur:0, timestamp:0, od:0 - chunk_composer.go:299
2026/03/12 14:37:10.065543 [22;36m INFO[0m [RTMPPUBSUB1] < R connect('live'). tcUrl=rtmp://127.0.0.1/live - server_session.go:403
2026/03/12 14:37:10.065658 [22;36m INFO[0m [RTMPPUBSUB1] > W Window Acknowledgement Size 5000000. - server_session.go:407
2026/03/12 14:37:10.065775 [22;36m INFO[0m [RTMPPUBSUB1] > W Set Peer Bandwidth. - server_session.go:412
2026/03/12 14:37:10.065791 [22;36m INFO[0m [RTMPPUBSUB1] > W SetChunkSize 4096. - server_session.go:417
2026/03/12 14:37:10.065802 [22;36m INFO[0m [RTMPPUBSUB1] > W _result('NetConnection.Connect.Success'). - server_session.go:422
2026/03/12 14:37:10.065860 [22;34mDEBUG[0m chunk:2,chunk-dur:0, timestamp:0, od:0 - chunk_composer.go:299
2026/03/12 14:37:10.066298 [22;36m INFO[0m [RTMPPUBSUB1] < R createStream(). - server_session.go:434
2026/03/12 14:37:10.066307 [22;36m INFO[0m [RTMPPUBSUB1] > W _result(). - server_session.go:435
2026/03/12 14:37:10.066423 [22;34mDEBUG[0m chunk:3,chunk-dur:1, timestamp:0, od:0 - chunk_composer.go:299
2026/03/12 14:37:10.066666 [22;34mDEBUG[0m [RTMPPUBSUB1] pubType=live - server_session.go:462
2026/03/12 14:37:10.066759 [22;36m INFO[0m [RTMPPUBSUB1] < R publish('test') - server_session.go:463
2026/03/12 14:37:10.066768 [22;36m INFO[0m [RTMPPUBSUB1] > W onStatus('NetStream.Publish.Start'). - server_session.go:465
2026/03/12 14:37:10.067254 [22;36m INFO[0m [GROUP1] lifecycle new group. group=0x40004d8000, appName=live, streamName=test - group.go:143
2026/03/12 14:37:10.067330 [22;34mDEBUG[0m [GROUP1] [RTMPPUBSUB1] add PubSession into group. - group.go:298
2026/03/12 14:37:10.067730 [22;34mDEBUG[0m chunk:4,chunk-dur:1, timestamp:0, od:0 - chunk_composer.go:299
2026/03/12 14:37:10.068192 [22;34mDEBUG[0m Livestreaming start receiving tick:1773326230068189, - group.go:855
2026/03/12 14:37:10.068258 [22;34mDEBUG[0m [GROUP1] cache rtmp metadata. size:357 - gop_cache.go:86
2026/03/12 14:37:10.068263 [22;34mDEBUG[0m [GROUP1] cache httpflv metadata. size:360 - gop_cache.go:86
2026/03/12 14:37:10.068266 [22;34mDEBUG[0m chunk:5,chunk-dur:1, timestamp:0, od:0 - chunk_composer.go:299
2026/03/12 14:37:10.068476 [22;34mDEBUG[0m [GROUP1] cache rtmp video seq header. size:65 - gop_cache.go:97
2026/03/12 14:37:10.068487 [22;34mDEBUG[0m [GROUP1] cache httpflv video seq header. size:68 - gop_cache.go:97
2026/03/12 14:37:10.068495 [22;34mDEBUG[0m chunk:6,chunk-dur:0, timestamp:0, od:0 - chunk_composer.go:299
2026/03/12 14:37:10.069698 [22;34mDEBUG[0m reserve. newLen=266240(0, 0), need=(239118 -> 262144), cap=(4096 -> 266240) - stream.go:75
2026/03/12 14:37:10.077154 [22;34mDEBUG[0m chunk:7,chunk-dur:9, timestamp:0, od:0 - chunk_composer.go:299
2026/03/12 14:37:10.101863 [22;34mDEBUG[0m chunk:8,chunk-dur:24, timestamp:34, od:1 - chunk_composer.go:299
2026/03/12 14:37:10.135007 [22;34mDEBUG[0m chunk:9,chunk-dur:34, timestamp:67, od:2 - chunk_composer.go:299
2026/03/12 14:37:10.202395 [22;34mDEBUG[0m chunk:10,chunk-dur:67, timestamp:100, od:3 - chunk_composer.go:299
2026/03/12 14:37:10.235507 [22;34mDEBUG[0m chunk:11,chunk-dur:33, timestamp:134, od:4 - chunk_composer.go:299
2026/03/12 14:37:10.236179 [22;34mDEBUG[0m chunk:12,chunk-dur:1, timestamp:167, od:4 - chunk_composer.go:299
2026/03/12 14:37:10.269540 [22;34mDEBUG[0m chunk:13,chunk-dur:33, timestamp:200, od:5 - chunk_composer.go:299
2026/03/12 14:37:10.339557 [22;34mDEBUG[0m chunk:14,chunk-dur:70, timestamp:234, od:6 - chunk_composer.go:299
2026/03/12 14:37:10.371496 [22;34mDEBUG[0m chunk:15,chunk-dur:32, timestamp:267, od:7 - chunk_composer.go:299
2026/03/12 14:37:10.372444 [22;34mDEBUG[0m chunk:16,chunk-dur:1, timestamp:300, od:7 - chunk_composer.go:299
2026/03/12 14:37:10.403287 [22;34mDEBUG[0m chunk:17,chunk-dur:31, timestamp:334, od:8 - chunk_composer.go:299
2026/03/12 14:37:10.436131 [22;34mDEBUG[0m chunk:18,chunk-dur:33, timestamp:367, od:9 - chunk_composer.go:299
2026/03/12 14:37:10.468604 [22;34mDEBUG[0m chunk:19,chunk-dur:32, timestamp:400, od:10 - chunk_composer.go:299
2026/03/12 14:37:10.505788 [22;34mDEBUG[0m chunk:20,chunk-dur:37, timestamp:434, od:11 - chunk_composer.go:299
2026/03/12 14:37:10.536107 [22;34mDEBUG[0m chunk:21,chunk-dur:31, timestamp:467, od:12 - chunk_composer.go:299
2026/03/12 14:37:10.568857 [22;34mDEBUG[0m chunk:22,chunk-dur:32, timestamp:500, od:13 - chunk_composer.go:299
2026/03/12 14:37:10.604166 [22;34mDEBUG[0m chunk:23,chunk-dur:36, timestamp:534, od:14 - chunk_composer.go:299
2026/03/12 14:37:10.637199 [22;34mDEBUG[0m chunk:24,chunk-dur:33, timestamp:567, od:15 - chunk_composer.go:299
2026/03/12 14:37:10.669518 [22;34mDEBUG[0m chunk:25,chunk-dur:32, timestamp:600, od:16 - chunk_composer.go:299
2026/03/12 14:37:10.707135 [22;34mDEBUG[0m chunk:26,chunk-dur:38, timestamp:634, od:17 - chunk_composer.go:299
2026/03/12 14:37:10.736524 [22;34mDEBUG[0m chunk:27,chunk-dur:29, timestamp:667, od:18 - chunk_composer.go:299
2026/03/12 14:37:10.773460 [22;34mDEBUG[0m chunk:28,chunk-dur:37, timestamp:700, od:19 - chunk_composer.go:299
2026/03/12 14:37:10.803432 [22;34mDEBUG[0m chunk:29,chunk-dur:30, timestamp:734, od:20 - chunk_composer.go:299
2026/03/12 14:37:10.835631 [22;34mDEBUG[0m chunk:30,chunk-dur:32, timestamp:767, od:21 - chunk_composer.go:299
2026/03/12 14:37:10.868509 [22;34mDEBUG[0m chunk:31,chunk-dur:33, timestamp:800, od:22 - chunk_composer.go:299
2026/03/12 14:37:10.903623 [22;34mDEBUG[0m chunk:32,chunk-dur:35, timestamp:834, od:23 - chunk_composer.go:299
2026/03/12 14:37:10.935397 [22;34mDEBUG[0m chunk:33,chunk-dur:32, timestamp:867, od:24 - chunk_composer.go:299
2026/03/12 14:37:10.968864 [22;34mDEBUG[0m chunk:34,chunk-dur:33, timestamp:900, od:25 - chunk_composer.go:299
2026/03/12 14:37:11.003717 [22;34mDEBUG[0m chunk:35,chunk-dur:35, timestamp:934, od:26 - chunk_composer.go:299
2026/03/12 14:37:11.036325 [22;34mDEBUG[0m chunk:36,chunk-dur:33, timestamp:967, od:27 - chunk_composer.go:299
2026/03/12 14:37:11.065972 [22;34mDEBUG[0m rd bitrate:5.547016 Mbps - server_session.go:136
2026/03/12 14:37:11.065995 [22;34mDEBUG[0m wr bitrate:0.003256 Mbps - server_session.go:137
2026/03/12 14:37:11.069598 [22;34mDEBUG[0m chunk:37,chunk-dur:33, timestamp:1000, od:28 - chunk_composer.go:299
2026/03/12 14:37:11.108810 [22;34mDEBUG[0m chunk:38,chunk-dur:39, timestamp:1034, od:29 - chunk_composer.go:299
2026/03/12 14:37:11.135603 [22;34mDEBUG[0m chunk:39,chunk-dur:27, timestamp:1067, od:30 - chunk_composer.go:299
2026/03/12 14:37:11.168170 [22;34mDEBUG[0m chunk:40,chunk-dur:33, timestamp:1100, od:31 - chunk_composer.go:299
2026/03/12 14:37:11.203717 [22;34mDEBUG[0m chunk:41,chunk-dur:35, timestamp:1134, od:32 - chunk_composer.go:299
2026/03/12 14:37:11.241791 [22;34mDEBUG[0m chunk:42,chunk-dur:38, timestamp:1167, od:33 - chunk_composer.go:299
2026/03/12 14:37:11.269594 [22;34mDEBUG[0m chunk:43,chunk-dur:28, timestamp:1200, od:34 - chunk_composer.go:299
2026/03/12 14:37:11.308702 [22;34mDEBUG[0m chunk:44,chunk-dur:39, timestamp:1234, od:35 - chunk_composer.go:299
2026/03/12 14:37:11.335279 [22;34mDEBUG[0m chunk:45,chunk-dur:27, timestamp:1267, od:36 - chunk_composer.go:299
2026/03/12 14:37:11.368850 [22;34mDEBUG[0m chunk:46,chunk-dur:33, timestamp:1300, od:37 - chunk_composer.go:299
2026/03/12 14:37:11.403598 [22;34mDEBUG[0m chunk:47,chunk-dur:35, timestamp:1334, od:38 - chunk_composer.go:299
2026/03/12 14:37:11.437817 [22;34mDEBUG[0m chunk:48,chunk-dur:34, timestamp:1367, od:39 - chunk_composer.go:299
2026/03/12 14:37:11.469130 [22;34mDEBUG[0m chunk:49,chunk-dur:32, timestamp:1400, od:40 - chunk_composer.go:299
2026/03/12 14:37:11.502968 [22;34mDEBUG[0m chunk:50,chunk-dur:33, timestamp:1434, od:41 - chunk_composer.go:299
2026/03/12 14:37:11.537144 [22;34mDEBUG[0m chunk:51,chunk-dur:35, timestamp:1467, od:42 - chunk_composer.go:299
2026/03/12 14:37:11.569924 [22;34mDEBUG[0m chunk:52,chunk-dur:32, timestamp:1500, od:43 - chunk_composer.go:299
2026/03/12 14:37:11.602740 [22;34mDEBUG[0m chunk:53,chunk-dur:33, timestamp:1534, od:44 - chunk_composer.go:299
2026/03/12 14:37:11.639679 [22;34mDEBUG[0m chunk:54,chunk-dur:37, timestamp:1567, od:45 - chunk_composer.go:299
2026/03/12 14:37:11.668551 [22;34mDEBUG[0m chunk:55,chunk-dur:29, timestamp:1600, od:46 - chunk_composer.go:299
2026/03/12 14:37:11.703415 [22;34mDEBUG[0m chunk:56,chunk-dur:35, timestamp:1634, od:47 - chunk_composer.go:299
2026/03/12 14:37:11.735477 [22;34mDEBUG[0m chunk:57,chunk-dur:32, timestamp:1667, od:48 - chunk_composer.go:299
2026/03/12 14:37:11.772637 [22;34mDEBUG[0m chunk:58,chunk-dur:37, timestamp:1700, od:49 - chunk_composer.go:299
2026/03/12 14:37:11.802296 [22;34mDEBUG[0m chunk:59,chunk-dur:30, timestamp:1734, od:50 - chunk_composer.go:299
2026/03/12 14:37:11.840295 [22;34mDEBUG[0m chunk:60,chunk-dur:38, timestamp:1767, od:51 - chunk_composer.go:299
2026/03/12 14:37:11.871195 [22;34mDEBUG[0m chunk:61,chunk-dur:31, timestamp:1800, od:52 - chunk_composer.go:299
2026/03/12 14:37:11.905787 [22;34mDEBUG[0m chunk:62,chunk-dur:34, timestamp:1834, od:53 - chunk_composer.go:299
2026/03/12 14:37:11.940335 [22;34mDEBUG[0m chunk:63,chunk-dur:35, timestamp:1867, od:54 - chunk_composer.go:299
2026/03/12 14:37:11.968422 [22;34mDEBUG[0m chunk:64,chunk-dur:28, timestamp:1900, od:55 - chunk_composer.go:299
2026/03/12 14:37:12.003093 [22;34mDEBUG[0m chunk:65,chunk-dur:35, timestamp:1934, od:56 - chunk_composer.go:299
2026/03/12 14:37:12.036231 [22;34mDEBUG[0m chunk:66,chunk-dur:33, timestamp:1967, od:57 - chunk_composer.go:299
2026/03/12 14:37:12.066376 [22;34mDEBUG[0m rd bitrate:5.257919 Mbps - server_session.go:136
2026/03/12 14:37:12.066410 [22;34mDEBUG[0m wr bitrate:0.000000 Mbps - server_session.go:137
2026/03/12 14:37:12.085312 [22;34mDEBUG[0m chunk:67,chunk-dur:49, timestamp:2000, od:58 - chunk_composer.go:299
2026/03/12 14:37:12.102769 [22;34mDEBUG[0m chunk:68,chunk-dur:17, timestamp:2034, od:59 - chunk_composer.go:299
2026/03/12 14:37:12.135782 [22;34mDEBUG[0m chunk:69,chunk-dur:33, timestamp:2067, od:60 - chunk_composer.go:299
2026/03/12 14:37:12.168651 [22;34mDEBUG[0m chunk:70,chunk-dur:33, timestamp:2100, od:61 - chunk_composer.go:299
2026/03/12 14:37:12.202465 [22;34mDEBUG[0m chunk:71,chunk-dur:34, timestamp:2134, od:62 - chunk_composer.go:299
2026/03/12 14:37:12.236286 [22;34mDEBUG[0m chunk:72,chunk-dur:34, timestamp:2167, od:63 - chunk_composer.go:299
2026/03/12 14:37:12.269645 [22;34mDEBUG[0m chunk:73,chunk-dur:33, timestamp:2200, od:64 - chunk_composer.go:299
2026/03/12 14:37:12.303802 [22;34mDEBUG[0m chunk:74,chunk-dur:34, timestamp:2234, od:65 - chunk_composer.go:299
2026/03/12 14:37:12.414839 [22;34mDEBUG[0m chunk:75,chunk-dur:111, timestamp:2267, od:66 - chunk_composer.go:299
2026/03/12 14:37:12.436719 [22;34mDEBUG[0m chunk:76,chunk-dur:22, timestamp:2300, od:67 - chunk_composer.go:299
2026/03/12 14:37:12.437403 [22;34mDEBUG[0m chunk:77,chunk-dur:1, timestamp:2334, od:67 - chunk_composer.go:299
2026/03/12 14:37:12.437457 [22;34mDEBUG[0m chunk:78,chunk-dur:0, timestamp:2367, od:67 - chunk_composer.go:299
2026/03/12 14:37:12.472595 [22;34mDEBUG[0m chunk:79,chunk-dur:35, timestamp:2400, od:68 - chunk_composer.go:299
2026/03/12 14:37:12.505955 [22;34mDEBUG[0m chunk:80,chunk-dur:33, timestamp:2434, od:69 - chunk_composer.go:299
2026/03/12 14:37:12.535965 [22;34mDEBUG[0m chunk:81,chunk-dur:30, timestamp:2467, od:70 - chunk_composer.go:299
2026/03/12 14:37:12.569814 [22;34mDEBUG[0m chunk:82,chunk-dur:34, timestamp:2500, od:71 - chunk_composer.go:299
2026/03/12 14:37:12.602517 [22;34mDEBUG[0m chunk:83,chunk-dur:33, timestamp:2534, od:72 - chunk_composer.go:299
2026/03/12 14:37:12.636968 [22;34mDEBUG[0m chunk:84,chunk-dur:34, timestamp:2567, od:73 - chunk_composer.go:299
2026/03/12 14:37:12.668820 [22;34mDEBUG[0m chunk:85,chunk-dur:32, timestamp:2600, od:74 - chunk_composer.go:299
2026/03/12 14:37:12.704066 [22;34mDEBUG[0m chunk:86,chunk-dur:36, timestamp:2634, od:75 - chunk_composer.go:299
2026/03/12 14:37:12.738602 [22;34mDEBUG[0m chunk:87,chunk-dur:34, timestamp:2667, od:76 - chunk_composer.go:299
2026/03/12 14:37:12.769636 [22;34mDEBUG[0m chunk:88,chunk-dur:31, timestamp:2700, od:77 - chunk_composer.go:299
2026/03/12 14:37:12.802511 [22;34mDEBUG[0m chunk:89,chunk-dur:33, timestamp:2734, od:78 - chunk_composer.go:299
2026/03/12 14:37:12.835436 [22;34mDEBUG[0m chunk:90,chunk-dur:33, timestamp:2767, od:79 - chunk_composer.go:299
2026/03/12 14:37:12.868612 [22;34mDEBUG[0m chunk:91,chunk-dur:33, timestamp:2800, od:80 - chunk_composer.go:299
2026/03/12 14:37:12.909518 [22;34mDEBUG[0m chunk:92,chunk-dur:41, timestamp:2834, od:81 - chunk_composer.go:299
2026/03/12 14:37:12.936395 [22;34mDEBUG[0m chunk:93,chunk-dur:27, timestamp:2867, od:82 - chunk_composer.go:299
2026/03/12 14:37:12.971662 [22;34mDEBUG[0m chunk:94,chunk-dur:35, timestamp:2900, od:83 - chunk_composer.go:299
2026/03/12 14:37:13.002853 [22;34mDEBUG[0m chunk:95,chunk-dur:31, timestamp:2934, od:84 - chunk_composer.go:299
2026/03/12 14:37:13.042336 [22;34mDEBUG[0m chunk:96,chunk-dur:40, timestamp:2967, od:85 - chunk_composer.go:299
2026/03/12 14:37:13.067340 [22;34mDEBUG[0m rd bitrate:6.850175 Mbps - server_session.go:136
2026/03/12 14:37:13.067410 [22;34mDEBUG[0m wr bitrate:0.000000 Mbps - server_session.go:137
2026/03/12 14:37:13.069200 [22;34mDEBUG[0m chunk:97,chunk-dur:27, timestamp:3000, od:86 - chunk_composer.go:299
2026/03/12 14:37:13.102314 [22;34mDEBUG[0m chunk:98,chunk-dur:33, timestamp:3034, od:87 - chunk_composer.go:299
2026/03/12 14:37:13.136404 [22;34mDEBUG[0m chunk:99,chunk-dur:34, timestamp:3067, od:88 - chunk_composer.go:299
2026/03/12 14:37:13.170008 [22;34mDEBUG[0m chunk:100,chunk-dur:34, timestamp:3100, od:89 - chunk_composer.go:299
2026/03/12 14:37:13.204382 [22;34mDEBUG[0m chunk:101,chunk-dur:34, timestamp:3134, od:90 - chunk_composer.go:299
2026/03/12 14:37:13.238080 [22;34mDEBUG[0m chunk:102,chunk-dur:34, timestamp:3167, od:91 - chunk_composer.go:299
2026/03/12 14:37:13.269520 [22;34mDEBUG[0m chunk:103,chunk-dur:31, timestamp:3200, od:92 - chunk_composer.go:299
2026/03/12 14:37:13.305895 [22;34mDEBUG[0m chunk:104,chunk-dur:36, timestamp:3234, od:93 - chunk_composer.go:299
2026/03/12 14:37:13.336243 [22;34mDEBUG[0m chunk:105,chunk-dur:31, timestamp:3267, od:94 - chunk_composer.go:299
2026/03/12 14:37:13.368431 [22;34mDEBUG[0m chunk:106,chunk-dur:32, timestamp:3300, od:95 - chunk_composer.go:299
2026/03/12 14:37:13.403380 [22;34mDEBUG[0m chunk:107,chunk-dur:35, timestamp:3334, od:96 - chunk_composer.go:299
2026/03/12 14:37:13.443500 [22;34mDEBUG[0m chunk:108,chunk-dur:40, timestamp:3367, od:97 - chunk_composer.go:299
2026/03/12 14:37:13.468499 [22;34mDEBUG[0m chunk:109,chunk-dur:25, timestamp:3400, od:98 - chunk_composer.go:299
2026/03/12 14:37:13.503462 [22;34mDEBUG[0m chunk:110,chunk-dur:35, timestamp:3434, od:99 - chunk_composer.go:299
2026/03/12 14:37:13.536201 [22;34mDEBUG[0m chunk:111,chunk-dur:33, timestamp:3467, od:100 - chunk_composer.go:299
2026/03/12 14:37:13.571523 [22;34mDEBUG[0m chunk:112,chunk-dur:35, timestamp:3500, od:101 - chunk_composer.go:299
2026/03/12 14:37:13.602707 [22;34mDEBUG[0m chunk:113,chunk-dur:31, timestamp:3534, od:102 - chunk_composer.go:299
2026/03/12 14:37:13.636208 [22;34mDEBUG[0m chunk:114,chunk-dur:34, timestamp:3567, od:103 - chunk_composer.go:299
2026/03/12 14:37:13.669687 [22;34mDEBUG[0m chunk:115,chunk-dur:33, timestamp:3600, od:104 - chunk_composer.go:299
2026/03/12 14:37:13.708048 [22;34mDEBUG[0m chunk:116,chunk-dur:39, timestamp:3634, od:105 - chunk_composer.go:299
2026/03/12 14:37:13.736548 [22;34mDEBUG[0m chunk:117,chunk-dur:28, timestamp:3667, od:106 - chunk_composer.go:299
2026/03/12 14:37:13.771321 [22;34mDEBUG[0m chunk:118,chunk-dur:35, timestamp:3700, od:107 - chunk_composer.go:299
2026/03/12 14:37:13.803510 [22;34mDEBUG[0m chunk:119,chunk-dur:32, timestamp:3734, od:108 - chunk_composer.go:299
2026/03/12 14:37:13.837162 [22;34mDEBUG[0m chunk:120,chunk-dur:34, timestamp:3767, od:109 - chunk_composer.go:299
2026/03/12 14:37:13.871275 [22;34mDEBUG[0m chunk:121,chunk-dur:34, timestamp:3800, od:110 - chunk_composer.go:299
2026/03/12 14:37:13.901749 [22;34mDEBUG[0m chunk:122,chunk-dur:30, timestamp:3834, od:111 - chunk_composer.go:299
2026/03/12 14:37:13.935711 [22;34mDEBUG[0m chunk:123,chunk-dur:34, timestamp:3867, od:112 - chunk_composer.go:299
2026/03/12 14:37:13.969172 [22;34mDEBUG[0m chunk:124,chunk-dur:34, timestamp:3900, od:113 - chunk_composer.go:299
2026/03/12 14:37:14.006434 [22;34mDEBUG[0m chunk:125,chunk-dur:37, timestamp:3934, od:114 - chunk_composer.go:299
2026/03/12 14:37:14.035830 [22;34mDEBUG[0m chunk:126,chunk-dur:29, timestamp:3967, od:115 - chunk_composer.go:299
2026/03/12 14:37:14.074465 [22;34mDEBUG[0m rd bitrate:4.161114 Mbps - server_session.go:136
2026/03/12 14:37:14.074528 [22;34mDEBUG[0m wr bitrate:0.000000 Mbps - server_session.go:137
2026/03/12 14:37:14.075832 [22;34mDEBUG[0m reserve. newLen=798720(0, 0), need=(281993 -> 532480), cap=(266240 -> 798720) - stream.go:75
2026/03/12 14:37:14.081728 [22;34mDEBUG[0m chunk:127,chunk-dur:46, timestamp:4000, od:116 - chunk_composer.go:299
2026/03/12 14:37:14.102596 [22;34mDEBUG[0m chunk:128,chunk-dur:21, timestamp:4034, od:117 - chunk_composer.go:299
2026/03/12 14:37:14.135546 [22;34mDEBUG[0m chunk:129,chunk-dur:33, timestamp:4067, od:118 - chunk_composer.go:299
2026/03/12 14:37:14.202382 [22;34mDEBUG[0m chunk:130,chunk-dur:67, timestamp:4100, od:119 - chunk_composer.go:299
2026/03/12 14:37:14.237758 [22;34mDEBUG[0m chunk:131,chunk-dur:35, timestamp:4134, od:120 - chunk_composer.go:299
2026/03/12 14:37:14.238599 [22;34mDEBUG[0m chunk:132,chunk-dur:1, timestamp:4167, od:120 - chunk_composer.go:299
2026/03/12 14:37:14.268715 [22;34mDEBUG[0m chunk:133,chunk-dur:30, timestamp:4200, od:121 - chunk_composer.go:299
2026/03/12 14:37:14.335261 [22;34mDEBUG[0m chunk:134,chunk-dur:67, timestamp:4234, od:122 - chunk_composer.go:299
2026/03/12 14:37:14.335387 [22;34mDEBUG[0m chunk:135,chunk-dur:0, timestamp:4267, od:122 - chunk_composer.go:299
2026/03/12 14:37:14.370107 [22;34mDEBUG[0m chunk:136,chunk-dur:35, timestamp:4300, od:123 - chunk_composer.go:299
2026/03/12 14:37:14.404227 [22;34mDEBUG[0m chunk:137,chunk-dur:34, timestamp:4334, od:124 - chunk_composer.go:299
2026/03/12 14:37:14.467935 [22;34mDEBUG[0m chunk:138,chunk-dur:63, timestamp:4367, od:125 - chunk_composer.go:299
2026/03/12 14:37:14.506200 [22;34mDEBUG[0m chunk:139,chunk-dur:39, timestamp:4400, od:126 - chunk_composer.go:299
2026/03/12 14:37:14.506935 [22;34mDEBUG[0m chunk:140,chunk-dur:0, timestamp:4434, od:126 - chunk_composer.go:299
2026/03/12 14:37:14.535370 [22;34mDEBUG[0m chunk:141,chunk-dur:29, timestamp:4467, od:127 - chunk_composer.go:299
2026/03/12 14:37:14.603992 [22;34mDEBUG[0m chunk:142,chunk-dur:68, timestamp:4500, od:128 - chunk_composer.go:299
2026/03/12 14:37:14.637480 [22;34mDEBUG[0m chunk:143,chunk-dur:34, timestamp:4534, od:129 - chunk_composer.go:299
2026/03/12 14:37:14.640815 [22;34mDEBUG[0m chunk:144,chunk-dur:3, timestamp:4567, od:129 - chunk_composer.go:299
2026/03/12 14:37:14.668397 [22;34mDEBUG[0m chunk:145,chunk-dur:28, timestamp:4600, od:130 - chunk_composer.go:299
2026/03/12 14:37:14.735305 [22;34mDEBUG[0m chunk:146,chunk-dur:67, timestamp:4634, od:131 - chunk_composer.go:299
2026/03/12 14:37:14.767608 [22;34mDEBUG[0m chunk:147,chunk-dur:32, timestamp:4667, od:132 - chunk_composer.go:299
2026/03/12 14:37:14.768511 [22;34mDEBUG[0m chunk:148,chunk-dur:1, timestamp:4700, od:132 - chunk_composer.go:299
2026/03/12 14:37:14.802473 [22;34mDEBUG[0m chunk:149,chunk-dur:34, timestamp:4734, od:133 - chunk_composer.go:299
2026/03/12 14:37:14.867790 [22;34mDEBUG[0m chunk:150,chunk-dur:65, timestamp:4767, od:134 - chunk_composer.go:299
2026/03/12 14:37:14.903590 [22;34mDEBUG[0m chunk:151,chunk-dur:36, timestamp:4800, od:135 - chunk_composer.go:299
2026/03/12 14:37:14.907644 [22;34mDEBUG[0m chunk:152,chunk-dur:4, timestamp:4834, od:135 - chunk_composer.go:299
2026/03/12 14:37:14.935939 [22;34mDEBUG[0m chunk:153,chunk-dur:28, timestamp:4867, od:136 - chunk_composer.go:299
2026/03/12 14:37:15.002350 [22;34mDEBUG[0m chunk:154,chunk-dur:67, timestamp:4900, od:137 - chunk_composer.go:299
2026/03/12 14:37:15.040013 [22;34mDEBUG[0m chunk:155,chunk-dur:38, timestamp:4934, od:138 - chunk_composer.go:299
2026/03/12 14:37:15.041085 [22;34mDEBUG[0m chunk:156,chunk-dur:1, timestamp:4967, od:138 - chunk_composer.go:299
2026/03/12 14:37:15.069013 [22;34mDEBUG[0m chunk:157,chunk-dur:28, timestamp:5000, od:139 - chunk_composer.go:299
2026/03/12 14:37:15.075080 [22;34mDEBUG[0m rd bitrate:6.228017 Mbps - server_session.go:136
2026/03/12 14:37:15.075094 [22;34mDEBUG[0m wr bitrate:0.000000 Mbps - server_session.go:137
2026/03/12 14:37:15.138945 [22;34mDEBUG[0m chunk:158,chunk-dur:69, timestamp:5034, od:140 - chunk_composer.go:299
2026/03/12 14:37:15.172933 [22;34mDEBUG[0m chunk:159,chunk-dur:34, timestamp:5067, od:141 - chunk_composer.go:299
2026/03/12 14:37:15.176932 [22;34mDEBUG[0m chunk:160,chunk-dur:4, timestamp:5100, od:141 - chunk_composer.go:299
2026/03/12 14:37:15.202929 [22;34mDEBUG[0m chunk:161,chunk-dur:26, timestamp:5134, od:142 - chunk_composer.go:299
2026/03/12 14:37:15.270595 [22;34mDEBUG[0m chunk:162,chunk-dur:68, timestamp:5167, od:143 - chunk_composer.go:299
2026/03/12 14:37:15.394806 [22;34mDEBUG[0m chunk:163,chunk-dur:124, timestamp:5200, od:144 - chunk_composer.go:299
2026/03/12 14:37:15.401194 [22;34mDEBUG[0m chunk:164,chunk-dur:7, timestamp:5234, od:144 - chunk_composer.go:299
2026/03/12 14:37:15.404027 [22;34mDEBUG[0m chunk:165,chunk-dur:3, timestamp:5267, od:144 - chunk_composer.go:299
2026/03/12 14:37:15.404519 [22;34mDEBUG[0m chunk:166,chunk-dur:0, timestamp:5300, od:144 - chunk_composer.go:299
2026/03/12 14:37:15.441476 [22;34mDEBUG[0m chunk:167,chunk-dur:37, timestamp:5334, od:145 - chunk_composer.go:299
2026/03/12 14:37:15.447730 [22;34mDEBUG[0m chunk:168,chunk-dur:6, timestamp:5367, od:145 - chunk_composer.go:299
2026/03/12 14:37:15.470405 [22;34mDEBUG[0m chunk:169,chunk-dur:23, timestamp:5400, od:146 - chunk_composer.go:299
2026/03/12 14:37:15.503310 [22;34mDEBUG[0m chunk:170,chunk-dur:33, timestamp:5434, od:147 - chunk_composer.go:299
2026/03/12 14:37:15.569156 [22;34mDEBUG[0m chunk:171,chunk-dur:66, timestamp:5467, od:148 - chunk_composer.go:299
2026/03/12 14:37:15.575850 [22;34mDEBUG[0m chunk:172,chunk-dur:6, timestamp:5500, od:148 - chunk_composer.go:299
2026/03/12 14:37:15.603083 [22;34mDEBUG[0m chunk:173,chunk-dur:28, timestamp:5534, od:149 - chunk_composer.go:299
2026/03/12 14:37:15.670460 [22;34mDEBUG[0m chunk:174,chunk-dur:67, timestamp:5567, od:150 - chunk_composer.go:299
2026/03/12 14:37:15.707376 [22;34mDEBUG[0m chunk:175,chunk-dur:37, timestamp:5600, od:151 - chunk_composer.go:299
2026/03/12 14:37:15.708809 [22;34mDEBUG[0m chunk:176,chunk-dur:1, timestamp:5634, od:151 - chunk_composer.go:299
2026/03/12 14:37:15.736855 [22;34mDEBUG[0m chunk:177,chunk-dur:28, timestamp:5667, od:152 - chunk_composer.go:299
2026/03/12 14:37:15.802353 [22;34mDEBUG[0m chunk:178,chunk-dur:66, timestamp:5700, od:153 - chunk_composer.go:299
2026/03/12 14:37:15.835699 [22;34mDEBUG[0m chunk:179,chunk-dur:33, timestamp:5734, od:154 - chunk_composer.go:299
2026/03/12 14:37:15.839022 [22;34mDEBUG[0m chunk:180,chunk-dur:4, timestamp:5767, od:154 - chunk_composer.go:299
2026/03/12 14:37:15.868748 [22;34mDEBUG[0m chunk:181,chunk-dur:29, timestamp:5800, od:155 - chunk_composer.go:299
2026/03/12 14:37:15.934864 [22;34mDEBUG[0m chunk:182,chunk-dur:66, timestamp:5834, od:156 - chunk_composer.go:299
2026/03/12 14:37:15.968659 [22;34mDEBUG[0m chunk:183,chunk-dur:34, timestamp:5867, od:157 - chunk_composer.go:299
2026/03/12 14:37:15.968902 [22;34mDEBUG[0m chunk:184,chunk-dur:0, timestamp:5900, od:157 - chunk_composer.go:299
2026/03/12 14:37:16.002434 [22;34mDEBUG[0m chunk:185,chunk-dur:34, timestamp:5934, od:158 - chunk_composer.go:299
2026/03/12 14:37:16.035369 [22;34mDEBUG[0m chunk:186,chunk-dur:33, timestamp:5967, od:159 - chunk_composer.go:299
2026/03/12 14:37:16.075356 [22;34mDEBUG[0m rd bitrate:4.905335 Mbps - server_session.go:136
2026/03/12 14:37:16.075571 [22;34mDEBUG[0m wr bitrate:0.000000 Mbps - server_session.go:137
2026/03/12 14:37:16.078499 [22;34mDEBUG[0m chunk:187,chunk-dur:43, timestamp:6000, od:160 - chunk_composer.go:299
2026/03/12 14:37:16.102863 [22;34mDEBUG[0m chunk:188,chunk-dur:24, timestamp:6034, od:161 - chunk_composer.go:299
2026/03/12 14:37:16.134649 [22;34mDEBUG[0m chunk:189,chunk-dur:32, timestamp:6067, od:162 - chunk_composer.go:299
2026/03/12 14:37:16.204844 [22;34mDEBUG[0m chunk:190,chunk-dur:70, timestamp:6100, od:163 - chunk_composer.go:299
2026/03/12 14:37:16.235843 [22;34mDEBUG[0m chunk:191,chunk-dur:31, timestamp:6134, od:164 - chunk_composer.go:299
2026/03/12 14:37:16.236846 [22;34mDEBUG[0m chunk:192,chunk-dur:1, timestamp:6167, od:164 - chunk_composer.go:299
2026/03/12 14:37:16.269159 [22;34mDEBUG[0m chunk:193,chunk-dur:33, timestamp:6200, od:165 - chunk_composer.go:299
2026/03/12 14:37:16.336093 [22;34mDEBUG[0m chunk:194,chunk-dur:67, timestamp:6234, od:166 - chunk_composer.go:299
2026/03/12 14:37:16.369790 [22;34mDEBUG[0m chunk:195,chunk-dur:33, timestamp:6267, od:167 - chunk_composer.go:299
2026/03/12 14:37:16.370727 [22;34mDEBUG[0m chunk:196,chunk-dur:1, timestamp:6300, od:167 - chunk_composer.go:299
2026/03/12 14:37:16.402844 [22;34mDEBUG[0m chunk:197,chunk-dur:32, timestamp:6334, od:168 - chunk_composer.go:299
2026/03/12 14:37:16.435430 [22;34mDEBUG[0m chunk:198,chunk-dur:33, timestamp:6367, od:169 - chunk_composer.go:299
2026/03/12 14:37:16.504135 [22;34mDEBUG[0m chunk:199,chunk-dur:69, timestamp:6400, od:170 - chunk_composer.go:299
2026/03/12 14:37:16.505240 [22;34mDEBUG[0m chunk:200,chunk-dur:1, timestamp:6434, od:170 - chunk_composer.go:299
2026/03/12 14:37:16.536045 [22;34mDEBUG[0m chunk:201,chunk-dur:31, timestamp:6467, od:171 - chunk_composer.go:299
2026/03/12 14:37:16.603568 [22;34mDEBUG[0m chunk:202,chunk-dur:67, timestamp:6500, od:172 - chunk_composer.go:299
2026/03/12 14:37:16.638643 [22;34mDEBUG[0m chunk:203,chunk-dur:35, timestamp:6534, od:173 - chunk_composer.go:299
2026/03/12 14:37:16.639774 [22;34mDEBUG[0m chunk:204,chunk-dur:1, timestamp:6567, od:173 - chunk_composer.go:299
2026/03/12 14:37:16.669057 [22;34mDEBUG[0m chunk:205,chunk-dur:30, timestamp:6600, od:174 - chunk_composer.go:299
2026/03/12 14:37:16.703179 [22;34mDEBUG[0m chunk:206,chunk-dur:34, timestamp:6634, od:175 - chunk_composer.go:299
2026/03/12 14:37:16.738579 [22;34mDEBUG[0m chunk:207,chunk-dur:35, timestamp:6667, od:176 - chunk_composer.go:299
2026/03/12 14:37:16.769345 [22;34mDEBUG[0m chunk:208,chunk-dur:31, timestamp:6700, od:177 - chunk_composer.go:299
2026/03/12 14:37:16.803068 [22;34mDEBUG[0m chunk:209,chunk-dur:34, timestamp:6734, od:178 - chunk_composer.go:299
2026/03/12 14:37:16.870595 [22;34mDEBUG[0m chunk:210,chunk-dur:67, timestamp:6767, od:179 - chunk_composer.go:299
2026/03/12 14:37:16.872283 [22;34mDEBUG[0m chunk:211,chunk-dur:2, timestamp:6800, od:179 - chunk_composer.go:299
2026/03/12 14:37:16.903409 [22;34mDEBUG[0m chunk:212,chunk-dur:31, timestamp:6834, od:180 - chunk_composer.go:299
map[0:0x40003b0300]
2026/03/12 14:37:16.947777 [22;36m INFO[0m [DEBUG] server.ln.Accept returned. sess=&{5960246183733491969 1 512 0x40001b63f0 map[0:0x40003b0300] map[] {{0 0} 0 0 0 0} false 0x40003b0400 0x40003b20c0 map[0:2843000] {0 0 <nil>} 0x40001b0120 0x400032d680 0x4000438c30 0x4000130b40 false 0x40003b0500 0x4000455800 0x40002f0000 0x4000455860 {0 {0 0}} 0x40003982c0 0x140630 [] {0 0 <nil>} 0x4000304000 true 0x40004557a0 0x4000455740 0x4000304070 {14007551394595200219 38581813004 0x6fb160} {14007551394605256290 38591869033 0x6fb160} 0x4000113bf0 false 0x40002f01e0 0x40003952d0 true 0x40001b0090} err=<nil> - server.go:129
[DEBUG] server.ln.Accept returned. sess=&quic.session{connectionID:0x52b70c534b4ff901, perspective:1, version:512, config:(*quic.Config)(0x40001b63f0), paths:map[protocol.PathID]*quic.path{0x0:(*quic.path)(0x40003b0300)}, closedPaths:map[protocol.PathID]bool{}, pathsLock:sync.RWMutex{w:sync.Mutex{state:0, sema:0x0}, writerSem:0x0, readerSem:0x0, readerCount:0, readerWait:0}, createPaths:false, streamsMap:(*quic.streamsMap)(0x40003b0400), rttStats:(*congestion.RTTStats)(0x40003b20c0), remoteRTTs:map[protocol.PathID]time.Duration{0x0:2843000}, lastPathsFrameSent:time.Time{wall:0x0, ext:0, loc:(*time.Location)(nil)}, streamFramer:(*quic.streamFramer)(0x40001b0120), flowControlManager:(*flowcontrol.flowControlManager)(0x400032d680), unpacker:(*quic.packetUnpacker)(0x4000438c30), packer:(*quic.packetPacker)(0x4000130b40), peerBlocked:false, cryptoSetup:(*handshake.cryptoSetupServer)(0x40003b0500), receivedPackets:(chan *quic.receivedPacket)(0x4000455800), sendingScheduled:(chan struct {})(0x40002f0000), closeChan:(chan quic.closeError)(0x4000455860), closeOnce:sync.Once{done:0x0, m:sync.Mutex{state:0, sema:0x0}}, ctx:(*context.cancelCtx)(0x40003982c0), ctxCancel:(context.CancelFunc)(0x140630), undecryptablePackets:[]*quic.receivedPacket{}, receivedTooManyUndecrytablePacketsTime:time.Time{wall:0x0, ext:0, loc:(*time.Location)(nil)}, aeadChanged:(<-chan protocol.EncryptionLevel)(0x4000304000), handshakeComplete:true, handshakeCompleteChan:(chan error)(0x40004557a0), handshakeChan:(chan<- quic.handshakeEvent)(0x4000455740), connectionParameters:(*handshake.connectionParametersManager)(0x4000304070), sessionCreationTime:time.Time{wall:0xc264d1c737dfdcdb, ext:38581813004, loc:(*time.Location)(0x6fb160)}, lastNetworkActivityTime:time.Time{wall:0xc264d1c738794e62, ext:38591869033, loc:(*time.Location)(0x6fb160)}, timer:(*utils.Timer)(0x4000113bf0), keepAlivePingSent:false, pathTimers:(chan *quic.path)(0x40002f01e0), pathManager:(*quic.pathManager)(0x40003952d0), pathManagerLaunched:true, scheduler:(*quic.scheduler)(0x40001b0090)} err=<nil>
2026/03/12 14:37:16.947853 [22;36m INFO[0m [DEBUG] about to call sess.AcceptStream() - server.go:140
[DEBUG] about to call sess.AcceptStream()
2026/03/12 14:37:16.947863 [22;36m INFO[0m [DEBUG] sess.AcceptStream returned. conn=&{{0 0} 0x400015adc0 0x140630 3 0x2c19e0 0x2c1a50 0 0 0 <nil> {0} {0} {0} {0} {0} 0x40000974a0 0x4000026420 {0 0 <nil>} [] {0} {0} 0x4000026480 {0 0 <nil>} 0x400032d680   -1 -1 0 false [-3] 0x400039a1e0 0 0 0 0 true} err=<nil> - server.go:144
[DEBUG] sess.AcceptStream returned. conn=&quic.stream{mutex:sync.Mutex{state:0, sema:0x0}, ctx:(*context.cancelCtx)(0x400015adc0), ctxCancel:(context.CancelFunc)(0x140630), streamID:0x3, onData:(func())(0x2c19e0), onReset:(func(protocol.StreamID, protocol.ByteCount))(0x2c1a50), readPosInFrame:0, writeOffset:0x0, readOffset:0x0, err:error(nil), cancelled:utils.AtomicBool{v:0}, finishedReading:utils.AtomicBool{v:0}, finishedWriting:utils.AtomicBool{v:0}, resetLocally:utils.AtomicBool{v:0}, resetRemotely:utils.AtomicBool{v:0}, frameQueue:(*quic.streamFrameSorter)(0x40000974a0), readChan:(chan struct {})(0x4000026420), readDeadline:time.Time{wall:0x0, ext:0, loc:(*time.Location)(nil)}, dataForWriting:[]uint8(nil), finSent:utils.AtomicBool{v:0}, rstSent:utils.AtomicBool{v:0}, writeChan:(chan struct {})(0x4000026480), writeDeadline:time.Time{wall:0x0, ext:0, loc:(*time.Location)(nil)}, flowControlManager:(*flowcontrol.flowControlManager)(0x400032d680), localaddr:"", remoteaddr:"", I_startinx:-1, I_endinx:-1, Iframecount:0, hasI:false, NextHeaderOff:[]int{-3}, sess:(*quic.session)(0x400039a1e0), writeOffsetF:0x0, writeOffsetSN:0x0, writeOffsetSS:0x0, gap:0x0, cansendpattern:true} err=<nil>
2026/03/12 14:37:16.947924 [22;36m INFO[0m [DEBUG] RunLoop about to call server.ln.Accept() - server.go:125
[DEBUG] RunLoop about to call server.ln.Accept()
2026/03/12 14:37:16.947951 [22;34mDEBUG[0m [NAZACONN2] lifecycle new connection. net.Conn=0x40003c4180, naza.Connection=0x400015e370 - connection.go:158
2026/03/12 14:37:16.948042 [22;34mDEBUG[0m handshake simple mode. - handshake.go:237
2026/03/12 14:37:16.948049 [22;36m INFO[0m [RTMPPUBSUB2] < R Handshake C0+C1. - server_session.go:246
2026/03/12 14:37:16.948063 [22;36m INFO[0m [RTMPPUBSUB2] > W Handshake S0+S1+S2. - server_session.go:248
2026/03/12 14:37:16.948483 [22;36m INFO[0m [RTMPPUBSUB2] < R Handshake C2. - server_session.go:256
2026/03/12 14:37:16.948497 [22;34mDEBUG[0m rd bitrate:0.000000 Mbps - server_session.go:136
2026/03/12 14:37:16.948499 [22;34mDEBUG[0m wr bitrate:0.000000 Mbps - server_session.go:137
2026/03/12 14:37:16.948567 [22;34mDEBUG[0m chunk:1,chunk-dur:0, timestamp:0, od:0 - chunk_composer.go:299
2026/03/12 14:37:16.948580 [22;36m INFO[0m [RTMPPUBSUB2] < R connect('live'). tcUrl=rtmp://127.0.0.1/live - server_session.go:403
2026/03/12 14:37:16.948589 [22;36m INFO[0m [RTMPPUBSUB2] > W Window Acknowledgement Size 5000000. - server_session.go:407
2026/03/12 14:37:16.948627 [22;36m INFO[0m [RTMPPUBSUB2] > W Set Peer Bandwidth. - server_session.go:412
2026/03/12 14:37:16.948647 [22;36m INFO[0m [RTMPPUBSUB2] > W SetChunkSize 4096. - server_session.go:417
2026/03/12 14:37:16.948660 [22;36m INFO[0m [RTMPPUBSUB2] > W _result('NetConnection.Connect.Success'). - server_session.go:422
2026/03/12 14:37:16.948688 [22;34mDEBUG[0m chunk:2,chunk-dur:0, timestamp:0, od:0 - chunk_composer.go:299
2026/03/12 14:37:16.949001 [22;36m INFO[0m [RTMPPUBSUB2] < R createStream(). - server_session.go:434
2026/03/12 14:37:16.949062 [22;36m INFO[0m [RTMPPUBSUB2] > W _result(). - server_session.go:435
2026/03/12 14:37:16.949096 [22;34mDEBUG[0m chunk:3,chunk-dur:1, timestamp:0, od:0 - chunk_composer.go:299
2026/03/12 14:37:16.949293 [22;36m INFO[0m [RTMPPUBSUB2] < R play('test'). - server_session.go:495
2026/03/12 14:37:16.949352 [22;36m INFO[0m [RTMPPUBSUB2] > W onStatus('NetStream.Play.Start'). - server_session.go:505
2026/03/12 14:37:16.949450 [22;34mDEBUG[0m [GROUP1] [RTMPPUBSUB2] add SubSession into group. - group.go:369
2026/03/12 14:37:16.949473 [22;34mDEBUG[0m chunk:4,chunk-dur:0, timestamp:0, od:0 - chunk_composer.go:299
2026/03/12 14:37:16.968529 [22;34mDEBUG[0m chunk:213,chunk-dur:65, timestamp:6867, od:181 - chunk_composer.go:299
2026/03/12 14:37:17.002648 [22;34mDEBUG[0m chunk:214,chunk-dur:34, timestamp:6900, od:182 - chunk_composer.go:299
2026/03/12 14:37:17.005672 [22;34mDEBUG[0m chunk:215,chunk-dur:3, timestamp:6934, od:182 - chunk_composer.go:299
2026/03/12 14:37:17.036318 [22;34mDEBUG[0m chunk:216,chunk-dur:31, timestamp:6967, od:183 - chunk_composer.go:299
2026/03/12 14:37:17.076523 [22;34mDEBUG[0m rd bitrate:4.871113 Mbps - server_session.go:136
2026/03/12 14:37:17.076569 [22;34mDEBUG[0m wr bitrate:0.000000 Mbps - server_session.go:137
2026/03/12 14:37:17.102644 [22;34mDEBUG[0m chunk:217,chunk-dur:66, timestamp:7000, od:184 - chunk_composer.go:299
2026/03/12 14:37:17.136308 [22;34mDEBUG[0m chunk:218,chunk-dur:34, timestamp:7034, od:185 - chunk_composer.go:299
2026/03/12 14:37:17.137101 [22;34mDEBUG[0m chunk:219,chunk-dur:1, timestamp:7067, od:185 - chunk_composer.go:299
2026/03/12 14:37:17.168990 [22;34mDEBUG[0m chunk:220,chunk-dur:31, timestamp:7100, od:186 - chunk_composer.go:299
2026/03/12 14:37:17.235150 [22;34mDEBUG[0m chunk:221,chunk-dur:67, timestamp:7134, od:187 - chunk_composer.go:299
2026/03/12 14:37:17.269044 [22;34mDEBUG[0m chunk:222,chunk-dur:34, timestamp:7167, od:188 - chunk_composer.go:299
2026/03/12 14:37:17.270757 [22;34mDEBUG[0m chunk:223,chunk-dur:1, timestamp:7200, od:188 - chunk_composer.go:299
2026/03/12 14:37:17.302798 [22;34mDEBUG[0m chunk:224,chunk-dur:32, timestamp:7234, od:189 - chunk_composer.go:299
2026/03/12 14:37:17.368846 [22;34mDEBUG[0m chunk:225,chunk-dur:66, timestamp:7267, od:190 - chunk_composer.go:299
2026/03/12 14:37:17.403262 [22;34mDEBUG[0m chunk:226,chunk-dur:35, timestamp:7300, od:191 - chunk_composer.go:299
2026/03/12 14:37:17.403860 [22;34mDEBUG[0m chunk:227,chunk-dur:0, timestamp:7334, od:191 - chunk_composer.go:299
2026/03/12 14:37:17.436469 [22;34mDEBUG[0m chunk:228,chunk-dur:33, timestamp:7367, od:192 - chunk_composer.go:299
2026/03/12 14:37:17.503522 [22;34mDEBUG[0m chunk:229,chunk-dur:67, timestamp:7400, od:193 - chunk_composer.go:299
2026/03/12 14:37:17.535336 [22;34mDEBUG[0m chunk:230,chunk-dur:32, timestamp:7434, od:194 - chunk_composer.go:299
2026/03/12 14:37:17.536606 [22;34mDEBUG[0m chunk:231,chunk-dur:1, timestamp:7467, od:194 - chunk_composer.go:299
2026/03/12 14:37:17.568838 [22;34mDEBUG[0m chunk:232,chunk-dur:32, timestamp:7500, od:195 - chunk_composer.go:299
2026/03/12 14:37:17.602570 [22;34mDEBUG[0m chunk:233,chunk-dur:34, timestamp:7534, od:196 - chunk_composer.go:299
2026/03/12 14:37:17.669191 [22;34mDEBUG[0m chunk:234,chunk-dur:67, timestamp:7567, od:197 - chunk_composer.go:299
2026/03/12 14:37:17.670511 [22;34mDEBUG[0m chunk:235,chunk-dur:1, timestamp:7600, od:197 - chunk_composer.go:299
2026/03/12 14:37:17.702645 [22;34mDEBUG[0m chunk:236,chunk-dur:32, timestamp:7634, od:198 - chunk_composer.go:299
2026/03/12 14:37:17.769432 [22;34mDEBUG[0m chunk:237,chunk-dur:67, timestamp:7667, od:199 - chunk_composer.go:299
2026/03/12 14:37:17.803334 [22;34mDEBUG[0m chunk:238,chunk-dur:34, timestamp:7700, od:200 - chunk_composer.go:299
2026/03/12 14:37:17.804725 [22;34mDEBUG[0m chunk:239,chunk-dur:1, timestamp:7734, od:200 - chunk_composer.go:299
2026/03/12 14:37:17.835817 [22;34mDEBUG[0m chunk:240,chunk-dur:31, timestamp:7767, od:201 - chunk_composer.go:299
2026/03/12 14:37:17.905411 [22;34mDEBUG[0m chunk:241,chunk-dur:70, timestamp:7800, od:202 - chunk_composer.go:299
2026/03/12 14:37:17.937352 [22;34mDEBUG[0m chunk:242,chunk-dur:32, timestamp:7834, od:203 - chunk_composer.go:299
2026/03/12 14:37:17.937416 [22;34mDEBUG[0m chunk:243,chunk-dur:0, timestamp:7867, od:203 - chunk_composer.go:299
2026/03/12 14:37:17.948609 [22;34mDEBUG[0m rd bitrate:0.001678 Mbps - server_session.go:136
2026/03/12 14:37:17.948620 [22;34mDEBUG[0m wr bitrate:4.374907 Mbps - server_session.go:137
2026/03/12 14:37:17.969157 [22;34mDEBUG[0m chunk:244,chunk-dur:32, timestamp:7900, od:204 - chunk_composer.go:299
2026/03/12 14:37:18.035179 [22;34mDEBUG[0m chunk:245,chunk-dur:66, timestamp:7934, od:205 - chunk_composer.go:299
2026/03/12 14:37:18.068199 [22;34mDEBUG[0m chunk:246,chunk-dur:33, timestamp:7967, od:206 - chunk_composer.go:299
2026/03/12 14:37:18.076658 [22;34mDEBUG[0m rd bitrate:5.293012 Mbps - server_session.go:136
2026/03/12 14:37:18.076671 [22;34mDEBUG[0m wr bitrate:0.000000 Mbps - server_session.go:137
2026/03/12 14:37:18.080082 [22;34mDEBUG[0m chunk:247,chunk-dur:12, timestamp:8000, od:206 - chunk_composer.go:299
2026/03/12 14:37:18.103159 [22;34mDEBUG[0m chunk:248,chunk-dur:23, timestamp:8034, od:207 - chunk_composer.go:299
2026/03/12 14:37:18.135821 [22;34mDEBUG[0m chunk:249,chunk-dur:32, timestamp:8067, od:208 - chunk_composer.go:299
2026/03/12 14:37:18.168794 [22;34mDEBUG[0m chunk:250,chunk-dur:33, timestamp:8100, od:209 - chunk_composer.go:299
2026/03/12 14:37:18.202167 [22;34mDEBUG[0m chunk:251,chunk-dur:34, timestamp:8134, od:210 - chunk_composer.go:299
2026/03/12 14:37:18.237218 [22;34mDEBUG[0m chunk:252,chunk-dur:35, timestamp:8167, od:211 - chunk_composer.go:299
2026/03/12 14:37:18.268555 [22;34mDEBUG[0m chunk:253,chunk-dur:31, timestamp:8200, od:212 - chunk_composer.go:299
2026/03/12 14:37:18.302407 [22;34mDEBUG[0m chunk:254,chunk-dur:34, timestamp:8234, od:213 - chunk_composer.go:299
2026/03/12 14:37:18.335220 [22;34mDEBUG[0m chunk:255,chunk-dur:33, timestamp:8267, od:214 - chunk_composer.go:299
2026/03/12 14:37:18.369763 [22;34mDEBUG[0m chunk:256,chunk-dur:34, timestamp:8300, od:215 - chunk_composer.go:299
2026/03/12 14:37:18.403074 [22;34mDEBUG[0m chunk:257,chunk-dur:34, timestamp:8334, od:216 - chunk_composer.go:299
2026/03/12 14:37:18.435749 [22;34mDEBUG[0m chunk:258,chunk-dur:32, timestamp:8367, od:217 - chunk_composer.go:299
2026/03/12 14:37:18.472306 [22;34mDEBUG[0m chunk:259,chunk-dur:37, timestamp:8400, od:218 - chunk_composer.go:299
2026/03/12 14:37:18.502947 [22;34mDEBUG[0m chunk:260,chunk-dur:30, timestamp:8434, od:219 - chunk_composer.go:299
2026/03/12 14:37:18.536028 [22;34mDEBUG[0m chunk:261,chunk-dur:34, timestamp:8467, od:220 - chunk_composer.go:299
2026/03/12 14:37:18.568822 [22;34mDEBUG[0m chunk:262,chunk-dur:32, timestamp:8500, od:221 - chunk_composer.go:299
2026/03/12 14:37:18.602931 [22;34mDEBUG[0m chunk:263,chunk-dur:34, timestamp:8534, od:222 - chunk_composer.go:299
2026/03/12 14:37:18.635143 [22;34mDEBUG[0m chunk:264,chunk-dur:33, timestamp:8567, od:223 - chunk_composer.go:299
2026/03/12 14:37:18.668541 [22;34mDEBUG[0m chunk:265,chunk-dur:33, timestamp:8600, od:224 - chunk_composer.go:299
2026/03/12 14:37:18.703323 [22;34mDEBUG[0m chunk:266,chunk-dur:35, timestamp:8634, od:225 - chunk_composer.go:299
2026/03/12 14:37:18.736162 [22;34mDEBUG[0m chunk:267,chunk-dur:33, timestamp:8667, od:226 - chunk_composer.go:299
2026/03/12 14:37:18.770040 [22;34mDEBUG[0m chunk:268,chunk-dur:34, timestamp:8700, od:227 - chunk_composer.go:299
2026/03/12 14:37:18.803604 [22;34mDEBUG[0m chunk:269,chunk-dur:33, timestamp:8734, od:228 - chunk_composer.go:299
2026/03/12 14:37:18.838307 [22;34mDEBUG[0m chunk:270,chunk-dur:35, timestamp:8767, od:229 - chunk_composer.go:299
2026/03/12 14:37:18.868310 [22;34mDEBUG[0m chunk:271,chunk-dur:30, timestamp:8800, od:230 - chunk_composer.go:299
2026/03/12 14:37:18.902360 [22;34mDEBUG[0m chunk:272,chunk-dur:34, timestamp:8834, od:231 - chunk_composer.go:299
2026/03/12 14:37:18.935027 [22;34mDEBUG[0m chunk:273,chunk-dur:33, timestamp:8867, od:232 - chunk_composer.go:299
2026/03/12 14:37:18.948719 [22;34mDEBUG[0m rd bitrate:0.000000 Mbps - server_session.go:136
2026/03/12 14:37:18.948737 [22;34mDEBUG[0m wr bitrate:6.655748 Mbps - server_session.go:137
2026/03/12 14:37:18.970183 [22;34mDEBUG[0m chunk:274,chunk-dur:35, timestamp:8900, od:233 - chunk_composer.go:299
2026/03/12 14:37:19.003213 [22;34mDEBUG[0m chunk:275,chunk-dur:33, timestamp:8934, od:234 - chunk_composer.go:299
2026/03/12 14:37:19.036809 [22;34mDEBUG[0m chunk:276,chunk-dur:33, timestamp:8967, od:235 - chunk_composer.go:299
2026/03/12 14:37:19.069132 [22;34mDEBUG[0m chunk:277,chunk-dur:33, timestamp:9000, od:236 - chunk_composer.go:299
2026/03/12 14:37:19.077211 [22;34mDEBUG[0m rd bitrate:6.039279 Mbps - server_session.go:136
2026/03/12 14:37:19.077227 [22;34mDEBUG[0m wr bitrate:0.000000 Mbps - server_session.go:137
2026/03/12 14:37:19.103642 [22;34mDEBUG[0m chunk:278,chunk-dur:34, timestamp:9034, od:237 - chunk_composer.go:299
2026/03/12 14:37:19.134680 [22;34mDEBUG[0m chunk:279,chunk-dur:31, timestamp:9067, od:238 - chunk_composer.go:299
2026/03/12 14:37:19.168302 [22;34mDEBUG[0m chunk:280,chunk-dur:34, timestamp:9100, od:239 - chunk_composer.go:299
2026/03/12 14:37:19.203124 [22;34mDEBUG[0m chunk:281,chunk-dur:35, timestamp:9134, od:240 - chunk_composer.go:299
2026/03/12 14:37:19.235568 [22;34mDEBUG[0m chunk:282,chunk-dur:32, timestamp:9167, od:241 - chunk_composer.go:299
2026/03/12 14:37:19.269709 [22;34mDEBUG[0m chunk:283,chunk-dur:34, timestamp:9200, od:242 - chunk_composer.go:299
2026/03/12 14:37:19.302863 [22;34mDEBUG[0m chunk:284,chunk-dur:33, timestamp:9234, od:243 - chunk_composer.go:299
2026/03/12 14:37:19.337168 [22;34mDEBUG[0m chunk:285,chunk-dur:35, timestamp:9267, od:244 - chunk_composer.go:299
2026/03/12 14:37:19.368254 [22;34mDEBUG[0m chunk:286,chunk-dur:31, timestamp:9300, od:245 - chunk_composer.go:299
2026/03/12 14:37:19.404475 [22;34mDEBUG[0m chunk:287,chunk-dur:36, timestamp:9334, od:246 - chunk_composer.go:299
2026/03/12 14:37:19.435761 [22;34mDEBUG[0m chunk:288,chunk-dur:31, timestamp:9367, od:247 - chunk_composer.go:299
2026/03/12 14:37:19.471416 [22;34mDEBUG[0m chunk:289,chunk-dur:36, timestamp:9400, od:248 - chunk_composer.go:299
2026/03/12 14:37:19.502090 [22;34mDEBUG[0m chunk:290,chunk-dur:31, timestamp:9434, od:249 - chunk_composer.go:299
2026/03/12 14:37:19.535757 [22;34mDEBUG[0m chunk:291,chunk-dur:33, timestamp:9467, od:250 - chunk_composer.go:299
2026/03/12 14:37:19.569761 [22;34mDEBUG[0m chunk:292,chunk-dur:34, timestamp:9500, od:251 - chunk_composer.go:299
2026/03/12 14:37:19.603352 [22;34mDEBUG[0m chunk:293,chunk-dur:34, timestamp:9534, od:252 - chunk_composer.go:299
2026/03/12 14:37:19.635819 [22;34mDEBUG[0m chunk:294,chunk-dur:32, timestamp:9567, od:253 - chunk_composer.go:299
2026/03/12 14:37:19.668787 [22;34mDEBUG[0m chunk:295,chunk-dur:33, timestamp:9600, od:254 - chunk_composer.go:299
2026/03/12 14:37:19.703369 [22;34mDEBUG[0m chunk:296,chunk-dur:35, timestamp:9634, od:255 - chunk_composer.go:299
2026/03/12 14:37:19.735498 [22;34mDEBUG[0m chunk:297,chunk-dur:32, timestamp:9667, od:256 - chunk_composer.go:299
2026/03/12 14:37:19.769273 [22;34mDEBUG[0m chunk:298,chunk-dur:34, timestamp:9700, od:257 - chunk_composer.go:299
2026/03/12 14:37:19.803272 [22;34mDEBUG[0m chunk:299,chunk-dur:34, timestamp:9734, od:258 - chunk_composer.go:299
2026/03/12 14:37:19.835553 [22;34mDEBUG[0m chunk:300,chunk-dur:32, timestamp:9767, od:259 - chunk_composer.go:299
2026/03/12 14:37:19.870169 [22;34mDEBUG[0m chunk:301,chunk-dur:35, timestamp:9800, od:260 - chunk_composer.go:299
2026/03/12 14:37:19.901705 [22;34mDEBUG[0m chunk:302,chunk-dur:31, timestamp:9834, od:261 - chunk_composer.go:299
2026/03/12 14:37:19.935793 [22;34mDEBUG[0m chunk:303,chunk-dur:34, timestamp:9867, od:262 - chunk_composer.go:299
2026/03/12 14:37:19.949212 [22;34mDEBUG[0m rd bitrate:0.000000 Mbps - server_session.go:136
2026/03/12 14:37:19.949223 [22;34mDEBUG[0m wr bitrate:4.780280 Mbps - server_session.go:137
2026/03/12 14:37:19.968652 [22;34mDEBUG[0m chunk:304,chunk-dur:33, timestamp:9900, od:263 - chunk_composer.go:299
2026/03/12 14:37:20.002437 [22;34mDEBUG[0m chunk:305,chunk-dur:34, timestamp:9934, od:264 - chunk_composer.go:299
2026/03/12 14:37:20.036956 [22;34mDEBUG[0m chunk:306,chunk-dur:34, timestamp:9967, od:265 - chunk_composer.go:299
2026/03/12 14:37:20.076545 [22;34mDEBUG[0m chunk:307,chunk-dur:40, timestamp:10000, od:266 - chunk_composer.go:299
2026/03/12 14:37:20.077280 [22;36m INFO[0m mean read bitrate:4.915298 Mbps - server_session.go:143
2026/03/12 14:37:20.077294 [22;36m INFO[0m mean write bitrate:0.000326 Mbps - server_session.go:144
2026/03/12 14:37:20.077297 [22;34mDEBUG[0m rd bitrate:5.627849 Mbps - server_session.go:136
2026/03/12 14:37:20.077300 [22;34mDEBUG[0m wr bitrate:0.000000 Mbps - server_session.go:137
2026/03/12 14:37:20.104227 [22;34mDEBUG[0m chunk:308,chunk-dur:28, timestamp:10034, od:267 - chunk_composer.go:299
2026/03/12 14:37:20.135510 [22;34mDEBUG[0m chunk:309,chunk-dur:31, timestamp:10067, od:268 - chunk_composer.go:299
2026/03/12 14:37:20.168377 [22;34mDEBUG[0m chunk:310,chunk-dur:33, timestamp:10100, od:269 - chunk_composer.go:299
2026/03/12 14:37:20.201978 [22;34mDEBUG[0m chunk:311,chunk-dur:33, timestamp:10134, od:270 - chunk_composer.go:299
2026/03/12 14:37:20.237770 [22;34mDEBUG[0m chunk:312,chunk-dur:36, timestamp:10167, od:271 - chunk_composer.go:299
2026/03/12 14:37:20.269467 [22;34mDEBUG[0m chunk:313,chunk-dur:32, timestamp:10200, od:272 - chunk_composer.go:299
2026/03/12 14:37:20.302538 [22;34mDEBUG[0m chunk:314,chunk-dur:33, timestamp:10234, od:273 - chunk_composer.go:299
2026/03/12 14:37:20.336585 [22;34mDEBUG[0m chunk:315,chunk-dur:34, timestamp:10267, od:274 - chunk_composer.go:299
2026/03/12 14:37:20.369457 [22;34mDEBUG[0m chunk:316,chunk-dur:33, timestamp:10300, od:275 - chunk_composer.go:299
2026/03/12 14:37:20.402527 [22;34mDEBUG[0m chunk:317,chunk-dur:33, timestamp:10334, od:276 - chunk_composer.go:299
2026/03/12 14:37:20.436114 [22;34mDEBUG[0m chunk:318,chunk-dur:34, timestamp:10367, od:277 - chunk_composer.go:299
2026/03/12 14:37:20.469288 [22;34mDEBUG[0m chunk:319,chunk-dur:33, timestamp:10400, od:278 - chunk_composer.go:299
2026/03/12 14:37:20.503730 [22;34mDEBUG[0m chunk:320,chunk-dur:34, timestamp:10434, od:279 - chunk_composer.go:299
2026/03/12 14:37:20.535680 [22;34mDEBUG[0m chunk:321,chunk-dur:32, timestamp:10467, od:280 - chunk_composer.go:299
2026/03/12 14:37:20.568381 [22;34mDEBUG[0m chunk:322,chunk-dur:33, timestamp:10500, od:281 - chunk_composer.go:299
2026/03/12 14:37:20.603507 [22;34mDEBUG[0m chunk:323,chunk-dur:35, timestamp:10534, od:282 - chunk_composer.go:299
2026/03/12 14:37:20.636963 [22;34mDEBUG[0m chunk:324,chunk-dur:33, timestamp:10567, od:283 - chunk_composer.go:299
2026/03/12 14:37:20.668461 [22;34mDEBUG[0m chunk:325,chunk-dur:32, timestamp:10600, od:284 - chunk_composer.go:299
2026/03/12 14:37:20.701743 [22;34mDEBUG[0m chunk:326,chunk-dur:33, timestamp:10634, od:285 - chunk_composer.go:299
2026/03/12 14:37:20.736629 [22;34mDEBUG[0m chunk:327,chunk-dur:35, timestamp:10667, od:286 - chunk_composer.go:299
2026/03/12 14:37:20.769518 [22;34mDEBUG[0m chunk:328,chunk-dur:33, timestamp:10700, od:287 - chunk_composer.go:299
2026/03/12 14:37:20.802277 [22;34mDEBUG[0m chunk:329,chunk-dur:33, timestamp:10734, od:288 - chunk_composer.go:299
2026/03/12 14:37:20.836464 [22;34mDEBUG[0m chunk:330,chunk-dur:34, timestamp:10767, od:289 - chunk_composer.go:299
2026/03/12 14:37:20.869185 [22;34mDEBUG[0m chunk:331,chunk-dur:33, timestamp:10800, od:290 - chunk_composer.go:299
2026/03/12 14:37:20.903455 [22;34mDEBUG[0m chunk:332,chunk-dur:34, timestamp:10834, od:291 - chunk_composer.go:299
2026/03/12 14:37:20.936227 [22;34mDEBUG[0m chunk:333,chunk-dur:33, timestamp:10867, od:292 - chunk_composer.go:299
2026/03/12 14:37:20.949536 [22;34mDEBUG[0m rd bitrate:0.000000 Mbps - server_session.go:136
2026/03/12 14:37:20.949547 [22;34mDEBUG[0m wr bitrate:6.381835 Mbps - server_session.go:137
2026/03/12 14:37:20.969173 [22;34mDEBUG[0m chunk:334,chunk-dur:33, timestamp:10900, od:293 - chunk_composer.go:299
2026/03/12 14:37:21.004364 [22;34mDEBUG[0m chunk:335,chunk-dur:35, timestamp:10934, od:294 - chunk_composer.go:299
2026/03/12 14:37:21.035448 [22;34mDEBUG[0m chunk:336,chunk-dur:31, timestamp:10967, od:295 - chunk_composer.go:299
2026/03/12 14:37:21.068380 [22;34mDEBUG[0m chunk:337,chunk-dur:33, timestamp:11000, od:296 - chunk_composer.go:299
2026/03/12 14:37:21.078002 [22;34mDEBUG[0m rd bitrate:5.298345 Mbps - server_session.go:136
2026/03/12 14:37:21.078018 [22;34mDEBUG[0m wr bitrate:0.000000 Mbps - server_session.go:137
2026/03/12 14:37:21.103399 [22;34mDEBUG[0m chunk:338,chunk-dur:35, timestamp:11034, od:297 - chunk_composer.go:299
2026/03/12 14:37:21.135708 [22;34mDEBUG[0m chunk:339,chunk-dur:32, timestamp:11067, od:298 - chunk_composer.go:299
2026/03/12 14:37:21.169249 [22;34mDEBUG[0m chunk:340,chunk-dur:34, timestamp:11100, od:299 - chunk_composer.go:299
2026/03/12 14:37:21.202801 [22;34mDEBUG[0m chunk:341,chunk-dur:33, timestamp:11134, od:300 - chunk_composer.go:299
2026/03/12 14:37:21.236344 [22;34mDEBUG[0m chunk:342,chunk-dur:34, timestamp:11167, od:301 - chunk_composer.go:299
2026/03/12 14:37:21.269236 [22;34mDEBUG[0m chunk:343,chunk-dur:33, timestamp:11200, od:302 - chunk_composer.go:299
2026/03/12 14:37:21.302722 [22;34mDEBUG[0m chunk:344,chunk-dur:33, timestamp:11234, od:303 - chunk_composer.go:299
2026/03/12 14:37:21.335362 [22;34mDEBUG[0m chunk:345,chunk-dur:33, timestamp:11267, od:304 - chunk_composer.go:299
2026/03/12 14:37:21.370470 [22;34mDEBUG[0m chunk:346,chunk-dur:35, timestamp:11300, od:305 - chunk_composer.go:299
2026/03/12 14:37:21.402466 [22;34mDEBUG[0m chunk:347,chunk-dur:32, timestamp:11334, od:306 - chunk_composer.go:299
2026/03/12 14:37:21.435419 [22;34mDEBUG[0m chunk:348,chunk-dur:33, timestamp:11367, od:307 - chunk_composer.go:299
2026/03/12 14:37:21.468021 [22;34mDEBUG[0m chunk:349,chunk-dur:33, timestamp:11400, od:308 - chunk_composer.go:299
2026/03/12 14:37:21.503814 [22;34mDEBUG[0m chunk:350,chunk-dur:35, timestamp:11434, od:309 - chunk_composer.go:299
2026/03/12 14:37:21.536244 [22;34mDEBUG[0m chunk:351,chunk-dur:33, timestamp:11467, od:310 - chunk_composer.go:299
2026/03/12 14:37:21.568650 [22;34mDEBUG[0m chunk:352,chunk-dur:32, timestamp:11500, od:311 - chunk_composer.go:299
2026/03/12 14:37:21.602445 [22;34mDEBUG[0m chunk:353,chunk-dur:34, timestamp:11534, od:312 - chunk_composer.go:299
2026/03/12 14:37:21.637013 [22;34mDEBUG[0m chunk:354,chunk-dur:35, timestamp:11567, od:313 - chunk_composer.go:299
2026/03/12 14:37:21.670197 [22;34mDEBUG[0m chunk:355,chunk-dur:33, timestamp:11600, od:314 - chunk_composer.go:299
2026/03/12 14:37:21.702501 [22;34mDEBUG[0m chunk:356,chunk-dur:32, timestamp:11634, od:315 - chunk_composer.go:299
2026/03/12 14:37:21.736244 [22;34mDEBUG[0m chunk:357,chunk-dur:34, timestamp:11667, od:316 - chunk_composer.go:299
2026/03/12 14:37:21.768610 [22;34mDEBUG[0m chunk:358,chunk-dur:32, timestamp:11700, od:317 - chunk_composer.go:299
2026/03/12 14:37:21.805333 [22;34mDEBUG[0m chunk:359,chunk-dur:37, timestamp:11734, od:318 - chunk_composer.go:299
2026/03/12 14:37:21.836071 [22;34mDEBUG[0m chunk:360,chunk-dur:31, timestamp:11767, od:319 - chunk_composer.go:299
2026/03/12 14:37:21.869215 [22;34mDEBUG[0m chunk:361,chunk-dur:33, timestamp:11800, od:320 - chunk_composer.go:299
2026/03/12 14:37:21.903029 [22;34mDEBUG[0m chunk:362,chunk-dur:34, timestamp:11834, od:321 - chunk_composer.go:299
2026/03/12 14:37:21.937019 [22;34mDEBUG[0m chunk:363,chunk-dur:33, timestamp:11867, od:322 - chunk_composer.go:299
2026/03/12 14:37:21.953166 [22;34mDEBUG[0m rd bitrate:0.000000 Mbps - server_session.go:136
2026/03/12 14:37:21.953272 [22;34mDEBUG[0m wr bitrate:4.435670 Mbps - server_session.go:137
2026/03/12 14:37:21.968454 [22;34mDEBUG[0m chunk:364,chunk-dur:32, timestamp:11900, od:323 - chunk_composer.go:299
2026/03/12 14:37:22.002434 [22;34mDEBUG[0m chunk:365,chunk-dur:34, timestamp:11934, od:324 - chunk_composer.go:299
2026/03/12 14:37:22.068541 [22;34mDEBUG[0m chunk:366,chunk-dur:66, timestamp:11967, od:325 - chunk_composer.go:299
2026/03/12 14:37:22.073452 [22;34mDEBUG[0m chunk:367,chunk-dur:5, timestamp:12000, od:325 - chunk_composer.go:299
2026/03/12 14:37:22.078161 [22;34mDEBUG[0m rd bitrate:6.079792 Mbps - server_session.go:136
2026/03/12 14:37:22.078195 [22;34mDEBUG[0m wr bitrate:0.000000 Mbps - server_session.go:137
2026/03/12 14:37:22.103487 [22;34mDEBUG[0m chunk:368,chunk-dur:30, timestamp:12034, od:326 - chunk_composer.go:299
2026/03/12 14:37:22.135998 [22;34mDEBUG[0m chunk:369,chunk-dur:32, timestamp:12067, od:327 - chunk_composer.go:299
2026/03/12 14:37:22.202466 [22;34mDEBUG[0m chunk:370,chunk-dur:67, timestamp:12100, od:328 - chunk_composer.go:299
2026/03/12 14:37:22.235463 [22;34mDEBUG[0m chunk:371,chunk-dur:33, timestamp:12134, od:329 - chunk_composer.go:299
2026/03/12 14:37:22.236382 [22;34mDEBUG[0m chunk:372,chunk-dur:1, timestamp:12167, od:329 - chunk_composer.go:299
2026/03/12 14:37:22.268546 [22;34mDEBUG[0m chunk:373,chunk-dur:32, timestamp:12200, od:330 - chunk_composer.go:299
2026/03/12 14:37:22.336468 [22;34mDEBUG[0m chunk:374,chunk-dur:68, timestamp:12234, od:331 - chunk_composer.go:299
2026/03/12 14:37:22.368374 [22;34mDEBUG[0m chunk:375,chunk-dur:32, timestamp:12267, od:332 - chunk_composer.go:299
2026/03/12 14:37:22.369308 [22;34mDEBUG[0m chunk:376,chunk-dur:1, timestamp:12300, od:332 - chunk_composer.go:299
2026/03/12 14:37:22.403345 [22;34mDEBUG[0m chunk:377,chunk-dur:34, timestamp:12334, od:333 - chunk_composer.go:299
2026/03/12 14:37:22.436276 [22;34mDEBUG[0m chunk:378,chunk-dur:33, timestamp:12367, od:334 - chunk_composer.go:299
2026/03/12 14:37:22.504561 [22;34mDEBUG[0m chunk:379,chunk-dur:68, timestamp:12400, od:335 - chunk_composer.go:299
2026/03/12 14:37:22.505357 [22;34mDEBUG[0m chunk:380,chunk-dur:1, timestamp:12434, od:335 - chunk_composer.go:299
2026/03/12 14:37:22.535795 [22;34mDEBUG[0m chunk:381,chunk-dur:30, timestamp:12467, od:336 - chunk_composer.go:299
2026/03/12 14:37:22.569544 [22;34mDEBUG[0m chunk:382,chunk-dur:34, timestamp:12500, od:337 - chunk_composer.go:299
2026/03/12 14:37:22.604668 [22;34mDEBUG[0m chunk:383,chunk-dur:35, timestamp:12534, od:338 - chunk_composer.go:299
2026/03/12 14:37:22.637297 [22;34mDEBUG[0m chunk:384,chunk-dur:33, timestamp:12567, od:339 - chunk_composer.go:299
2026/03/12 14:37:22.669186 [22;34mDEBUG[0m chunk:385,chunk-dur:32, timestamp:12600, od:340 - chunk_composer.go:299
2026/03/12 14:37:22.702855 [22;34mDEBUG[0m chunk:386,chunk-dur:33, timestamp:12634, od:341 - chunk_composer.go:299
2026/03/12 14:37:22.735210 [22;34mDEBUG[0m chunk:387,chunk-dur:33, timestamp:12667, od:342 - chunk_composer.go:299
2026/03/12 14:37:22.769844 [22;34mDEBUG[0m chunk:388,chunk-dur:34, timestamp:12700, od:343 - chunk_composer.go:299
2026/03/12 14:37:22.802350 [22;34mDEBUG[0m chunk:389,chunk-dur:33, timestamp:12734, od:344 - chunk_composer.go:299
2026/03/12 14:37:22.837073 [22;34mDEBUG[0m chunk:390,chunk-dur:35, timestamp:12767, od:345 - chunk_composer.go:299
2026/03/12 14:37:22.872282 [22;34mDEBUG[0m chunk:391,chunk-dur:35, timestamp:12800, od:346 - chunk_composer.go:299
2026/03/12 14:37:22.902671 [22;34mDEBUG[0m chunk:392,chunk-dur:30, timestamp:12834, od:347 - chunk_composer.go:299
2026/03/12 14:37:22.935307 [22;34mDEBUG[0m chunk:393,chunk-dur:33, timestamp:12867, od:348 - chunk_composer.go:299
2026/03/12 14:37:22.953423 [22;34mDEBUG[0m rd bitrate:0.000000 Mbps - server_session.go:136
2026/03/12 14:37:22.953446 [22;34mDEBUG[0m wr bitrate:5.833235 Mbps - server_session.go:137
2026/03/12 14:37:22.969246 [22;34mDEBUG[0m chunk:394,chunk-dur:34, timestamp:12900, od:349 - chunk_composer.go:299
2026/03/12 14:37:23.004018 [22;34mDEBUG[0m chunk:395,chunk-dur:35, timestamp:12934, od:350 - chunk_composer.go:299
2026/03/12 14:37:23.036511 [22;34mDEBUG[0m chunk:396,chunk-dur:32, timestamp:12967, od:351 - chunk_composer.go:299
2026/03/12 14:37:23.069604 [22;34mDEBUG[0m chunk:397,chunk-dur:33, timestamp:13000, od:352 - chunk_composer.go:299
2026/03/12 14:37:23.078593 [22;34mDEBUG[0m rd bitrate:4.063535 Mbps - server_session.go:136
2026/03/12 14:37:23.078608 [22;34mDEBUG[0m wr bitrate:0.000000 Mbps - server_session.go:137
2026/03/12 14:37:23.102176 [22;34mDEBUG[0m chunk:398,chunk-dur:33, timestamp:13034, od:353 - chunk_composer.go:299
2026/03/12 14:37:23.168373 [22;34mDEBUG[0m chunk:399,chunk-dur:66, timestamp:13067, od:354 - chunk_composer.go:299
2026/03/12 14:37:23.169664 [22;34mDEBUG[0m chunk:400,chunk-dur:1, timestamp:13100, od:354 - chunk_composer.go:299
2026/03/12 14:37:23.202314 [22;34mDEBUG[0m chunk:401,chunk-dur:33, timestamp:13134, od:355 - chunk_composer.go:299
2026/03/12 14:37:23.236421 [22;34mDEBUG[0m chunk:402,chunk-dur:34, timestamp:13167, od:356 - chunk_composer.go:299
2026/03/12 14:37:23.268273 [22;34mDEBUG[0m chunk:403,chunk-dur:32, timestamp:13200, od:357 - chunk_composer.go:299
2026/03/12 14:37:23.303444 [22;34mDEBUG[0m chunk:404,chunk-dur:35, timestamp:13234, od:358 - chunk_composer.go:299
2026/03/12 14:37:23.335009 [22;34mDEBUG[0m chunk:405,chunk-dur:32, timestamp:13267, od:359 - chunk_composer.go:299
2026/03/12 14:37:23.402427 [22;34mDEBUG[0m chunk:406,chunk-dur:67, timestamp:13300, od:360 - chunk_composer.go:299
2026/03/12 14:37:23.402498 [22;34mDEBUG[0m chunk:407,chunk-dur:0, timestamp:13334, od:360 - chunk_composer.go:299
2026/03/12 14:37:23.436134 [22;34mDEBUG[0m chunk:408,chunk-dur:34, timestamp:13367, od:361 - chunk_composer.go:299
2026/03/12 14:37:23.469599 [22;34mDEBUG[0m chunk:409,chunk-dur:33, timestamp:13400, od:362 - chunk_composer.go:299
2026/03/12 14:37:23.502568 [22;34mDEBUG[0m chunk:410,chunk-dur:33, timestamp:13434, od:363 - chunk_composer.go:299
2026/03/12 14:37:23.535547 [22;34mDEBUG[0m chunk:411,chunk-dur:33, timestamp:13467, od:364 - chunk_composer.go:299
2026/03/12 14:37:23.570142 [22;34mDEBUG[0m chunk:412,chunk-dur:35, timestamp:13500, od:365 - chunk_composer.go:299
2026/03/12 14:37:23.602985 [22;34mDEBUG[0m chunk:413,chunk-dur:32, timestamp:13534, od:366 - chunk_composer.go:299
2026/03/12 14:37:23.635773 [22;34mDEBUG[0m chunk:414,chunk-dur:33, timestamp:13567, od:367 - chunk_composer.go:299
2026/03/12 14:37:23.703573 [22;34mDEBUG[0m chunk:415,chunk-dur:68, timestamp:13600, od:368 - chunk_composer.go:299
2026/03/12 14:37:23.704351 [22;34mDEBUG[0m chunk:416,chunk-dur:1, timestamp:13634, od:368 - chunk_composer.go:299
2026/03/12 14:37:23.751097 [22;34mDEBUG[0m chunk:417,chunk-dur:47, timestamp:13667, od:369 - chunk_composer.go:299
2026/03/12 14:37:23.840417 [22;34mDEBUG[0m chunk:418,chunk-dur:89, timestamp:13700, od:370 - chunk_composer.go:299
2026/03/12 14:37:23.840779 [22;34mDEBUG[0m chunk:419,chunk-dur:0, timestamp:13734, od:370 - chunk_composer.go:299
2026/03/12 14:37:23.846666 [22;34mDEBUG[0m chunk:420,chunk-dur:6, timestamp:13767, od:370 - chunk_composer.go:299
2026/03/12 14:37:23.869490 [22;34mDEBUG[0m chunk:421,chunk-dur:23, timestamp:13800, od:371 - chunk_composer.go:299
2026/03/12 14:37:23.935604 [22;34mDEBUG[0m chunk:422,chunk-dur:66, timestamp:13834, od:372 - chunk_composer.go:299
2026/03/12 14:37:23.954683 [22;34mDEBUG[0m rd bitrate:0.000000 Mbps - server_session.go:136
2026/03/12 14:37:23.954736 [22;34mDEBUG[0m wr bitrate:3.710790 Mbps - server_session.go:137
2026/03/12 14:37:23.968199 [22;34mDEBUG[0m chunk:423,chunk-dur:33, timestamp:13867, od:373 - chunk_composer.go:299
2026/03/12 14:37:23.968578 [22;34mDEBUG[0m chunk:424,chunk-dur:0, timestamp:13900, od:373 - chunk_composer.go:299
2026/03/12 14:37:24.003069 [22;34mDEBUG[0m chunk:425,chunk-dur:35, timestamp:13934, od:374 - chunk_composer.go:299
2026/03/12 14:37:24.035334 [22;34mDEBUG[0m chunk:426,chunk-dur:32, timestamp:13967, od:375 - chunk_composer.go:299
2026/03/12 14:37:24.074611 [22;34mDEBUG[0m chunk:427,chunk-dur:39, timestamp:14000, od:376 - chunk_composer.go:299
2026/03/12 14:37:24.079456 [22;34mDEBUG[0m rd bitrate:5.440300 Mbps - server_session.go:136
2026/03/12 14:37:24.079465 [22;34mDEBUG[0m wr bitrate:0.000000 Mbps - server_session.go:137
2026/03/12 14:37:24.104504 [22;34mDEBUG[0m chunk:428,chunk-dur:30, timestamp:14034, od:377 - chunk_composer.go:299
2026/03/12 14:37:24.137250 [22;34mDEBUG[0m chunk:429,chunk-dur:33, timestamp:14067, od:378 - chunk_composer.go:299
2026/03/12 14:37:24.202109 [22;34mDEBUG[0m chunk:430,chunk-dur:65, timestamp:14100, od:379 - chunk_composer.go:299
2026/03/12 14:37:24.235498 [22;34mDEBUG[0m chunk:431,chunk-dur:33, timestamp:14134, od:380 - chunk_composer.go:299
2026/03/12 14:37:24.237198 [22;34mDEBUG[0m chunk:432,chunk-dur:2, timestamp:14167, od:380 - chunk_composer.go:299
2026/03/12 14:37:24.269542 [22;34mDEBUG[0m chunk:433,chunk-dur:32, timestamp:14200, od:381 - chunk_composer.go:299
2026/03/12 14:37:24.334813 [22;34mDEBUG[0m chunk:434,chunk-dur:65, timestamp:14234, od:382 - chunk_composer.go:299
2026/03/12 14:37:24.334847 [22;34mDEBUG[0m chunk:435,chunk-dur:0, timestamp:14267, od:382 - chunk_composer.go:299
2026/03/12 14:37:24.370562 [22;34mDEBUG[0m chunk:436,chunk-dur:36, timestamp:14300, od:383 - chunk_composer.go:299
2026/03/12 14:37:24.403287 [22;34mDEBUG[0m chunk:437,chunk-dur:33, timestamp:14334, od:384 - chunk_composer.go:299
2026/03/12 14:37:24.436261 [22;34mDEBUG[0m chunk:438,chunk-dur:33, timestamp:14367, od:385 - chunk_composer.go:299
2026/03/12 14:37:24.469061 [22;34mDEBUG[0m chunk:439,chunk-dur:33, timestamp:14400, od:386 - chunk_composer.go:299
2026/03/12 14:37:24.504085 [22;34mDEBUG[0m chunk:440,chunk-dur:35, timestamp:14434, od:387 - chunk_composer.go:299
2026/03/12 14:37:24.535454 [22;34mDEBUG[0m chunk:441,chunk-dur:31, timestamp:14467, od:388 - chunk_composer.go:299
2026/03/12 14:37:24.568674 [22;34mDEBUG[0m chunk:442,chunk-dur:33, timestamp:14500, od:389 - chunk_composer.go:299
2026/03/12 14:37:24.602612 [22;34mDEBUG[0m chunk:443,chunk-dur:34, timestamp:14534, od:390 - chunk_composer.go:299
2026/03/12 14:37:24.636671 [22;34mDEBUG[0m chunk:444,chunk-dur:34, timestamp:14567, od:391 - chunk_composer.go:299
2026/03/12 14:37:24.669316 [22;34mDEBUG[0m chunk:445,chunk-dur:33, timestamp:14600, od:392 - chunk_composer.go:299
2026/03/12 14:37:24.702826 [22;34mDEBUG[0m chunk:446,chunk-dur:33, timestamp:14634, od:393 - chunk_composer.go:299
2026/03/12 14:37:24.736733 [22;34mDEBUG[0m chunk:447,chunk-dur:34, timestamp:14667, od:394 - chunk_composer.go:299
2026/03/12 14:37:24.769072 [22;34mDEBUG[0m chunk:448,chunk-dur:33, timestamp:14700, od:395 - chunk_composer.go:299
2026/03/12 14:37:24.805201 [22;34mDEBUG[0m chunk:449,chunk-dur:36, timestamp:14734, od:396 - chunk_composer.go:299
2026/03/12 14:37:24.835834 [22;34mDEBUG[0m chunk:450,chunk-dur:30, timestamp:14767, od:397 - chunk_composer.go:299
2026/03/12 14:37:24.869292 [22;34mDEBUG[0m chunk:451,chunk-dur:34, timestamp:14800, od:398 - chunk_composer.go:299
2026/03/12 14:37:24.903639 [22;34mDEBUG[0m chunk:452,chunk-dur:34, timestamp:14834, od:399 - chunk_composer.go:299
2026/03/12 14:37:24.937325 [22;34mDEBUG[0m chunk:453,chunk-dur:34, timestamp:14867, od:400 - chunk_composer.go:299
2026/03/12 14:37:24.955825 [22;34mDEBUG[0m rd bitrate:0.000000 Mbps - server_session.go:136
2026/03/12 14:37:24.955837 [22;34mDEBUG[0m wr bitrate:7.262523 Mbps - server_session.go:137
2026/03/12 14:37:24.968740 [22;34mDEBUG[0m chunk:454,chunk-dur:31, timestamp:14900, od:401 - chunk_composer.go:299
2026/03/12 14:37:25.007806 [22;34mDEBUG[0m chunk:455,chunk-dur:39, timestamp:14934, od:402 - chunk_composer.go:299
2026/03/12 14:37:25.035603 [22;34mDEBUG[0m chunk:456,chunk-dur:28, timestamp:14967, od:403 - chunk_composer.go:299
2026/03/12 14:37:25.068613 [22;34mDEBUG[0m chunk:457,chunk-dur:33, timestamp:15000, od:404 - chunk_composer.go:299
2026/03/12 14:37:25.079514 [22;34mDEBUG[0m rd bitrate:6.213592 Mbps - server_session.go:136
2026/03/12 14:37:25.079529 [22;34mDEBUG[0m wr bitrate:0.000000 Mbps - server_session.go:137
2026/03/12 14:37:25.103434 [22;34mDEBUG[0m chunk:458,chunk-dur:35, timestamp:15034, od:405 - chunk_composer.go:299
2026/03/12 14:37:25.136384 [22;34mDEBUG[0m chunk:459,chunk-dur:33, timestamp:15067, od:406 - chunk_composer.go:299
2026/03/12 14:37:25.169392 [22;34mDEBUG[0m chunk:460,chunk-dur:33, timestamp:15100, od:407 - chunk_composer.go:299
2026/03/12 14:37:25.202597 [22;34mDEBUG[0m chunk:461,chunk-dur:33, timestamp:15134, od:408 - chunk_composer.go:299
2026/03/12 14:37:25.235546 [22;34mDEBUG[0m chunk:462,chunk-dur:33, timestamp:15167, od:409 - chunk_composer.go:299
2026/03/12 14:37:25.268776 [22;34mDEBUG[0m chunk:463,chunk-dur:33, timestamp:15200, od:410 - chunk_composer.go:299
2026/03/12 14:37:25.304460 [22;34mDEBUG[0m chunk:464,chunk-dur:36, timestamp:15234, od:411 - chunk_composer.go:299
2026/03/12 14:37:25.336206 [22;34mDEBUG[0m chunk:465,chunk-dur:32, timestamp:15267, od:412 - chunk_composer.go:299
2026/03/12 14:37:25.370012 [22;34mDEBUG[0m chunk:466,chunk-dur:34, timestamp:15300, od:413 - chunk_composer.go:299
2026/03/12 14:37:25.403022 [22;34mDEBUG[0m chunk:467,chunk-dur:33, timestamp:15334, od:414 - chunk_composer.go:299
2026/03/12 14:37:25.435622 [22;34mDEBUG[0m chunk:468,chunk-dur:32, timestamp:15367, od:415 - chunk_composer.go:299
2026/03/12 14:37:25.468551 [22;34mDEBUG[0m chunk:469,chunk-dur:33, timestamp:15400, od:416 - chunk_composer.go:299
2026/03/12 14:37:25.503144 [22;34mDEBUG[0m chunk:470,chunk-dur:35, timestamp:15434, od:417 - chunk_composer.go:299
2026/03/12 14:37:25.535049 [22;34mDEBUG[0m chunk:471,chunk-dur:32, timestamp:15467, od:418 - chunk_composer.go:299
2026/03/12 14:37:25.570267 [22;34mDEBUG[0m chunk:472,chunk-dur:35, timestamp:15500, od:419 - chunk_composer.go:299
2026/03/12 14:37:25.603354 [22;34mDEBUG[0m chunk:473,chunk-dur:33, timestamp:15534, od:420 - chunk_composer.go:299
2026/03/12 14:37:25.636671 [22;34mDEBUG[0m chunk:474,chunk-dur:33, timestamp:15567, od:421 - chunk_composer.go:299
2026/03/12 14:37:25.670010 [22;34mDEBUG[0m chunk:475,chunk-dur:34, timestamp:15600, od:422 - chunk_composer.go:299
2026/03/12 14:37:25.701560 [22;34mDEBUG[0m chunk:476,chunk-dur:31, timestamp:15634, od:423 - chunk_composer.go:299
2026/03/12 14:37:25.736517 [22;34mDEBUG[0m chunk:477,chunk-dur:35, timestamp:15667, od:424 - chunk_composer.go:299
2026/03/12 14:37:25.769104 [22;34mDEBUG[0m chunk:478,chunk-dur:33, timestamp:15700, od:425 - chunk_composer.go:299
2026/03/12 14:37:25.803065 [22;34mDEBUG[0m chunk:479,chunk-dur:34, timestamp:15734, od:426 - chunk_composer.go:299
2026/03/12 14:37:25.836019 [22;34mDEBUG[0m chunk:480,chunk-dur:33, timestamp:15767, od:427 - chunk_composer.go:299
2026/03/12 14:37:25.868753 [22;34mDEBUG[0m chunk:481,chunk-dur:32, timestamp:15800, od:428 - chunk_composer.go:299
2026/03/12 14:37:25.904206 [22;34mDEBUG[0m chunk:482,chunk-dur:36, timestamp:15834, od:429 - chunk_composer.go:299
2026/03/12 14:37:25.935273 [22;34mDEBUG[0m chunk:483,chunk-dur:31, timestamp:15867, od:430 - chunk_composer.go:299
2026/03/12 14:37:25.957621 [22;34mDEBUG[0m rd bitrate:0.000000 Mbps - server_session.go:136
2026/03/12 14:37:25.957655 [22;34mDEBUG[0m wr bitrate:6.288513 Mbps - server_session.go:137
2026/03/12 14:37:25.969760 [22;34mDEBUG[0m chunk:484,chunk-dur:34, timestamp:15900, od:431 - chunk_composer.go:299
2026/03/12 14:37:26.003767 [22;34mDEBUG[0m chunk:485,chunk-dur:34, timestamp:15934, od:432 - chunk_composer.go:299
2026/03/12 14:37:26.035672 [22;34mDEBUG[0m chunk:486,chunk-dur:32, timestamp:15967, od:433 - chunk_composer.go:299
2026/03/12 14:37:26.076227 [22;34mDEBUG[0m chunk:487,chunk-dur:41, timestamp:16000, od:434 - chunk_composer.go:299
2026/03/12 14:37:26.080575 [22;34mDEBUG[0m rd bitrate:6.930097 Mbps - server_session.go:136
2026/03/12 14:37:26.080588 [22;34mDEBUG[0m wr bitrate:0.000000 Mbps - server_session.go:137
2026/03/12 14:37:26.103679 [22;34mDEBUG[0m chunk:488,chunk-dur:27, timestamp:16034, od:435 - chunk_composer.go:299
2026/03/12 14:37:26.134956 [22;34mDEBUG[0m chunk:489,chunk-dur:31, timestamp:16067, od:436 - chunk_composer.go:299
2026/03/12 14:37:26.168487 [22;34mDEBUG[0m chunk:490,chunk-dur:34, timestamp:16100, od:437 - chunk_composer.go:299
2026/03/12 14:37:26.202551 [22;34mDEBUG[0m chunk:491,chunk-dur:34, timestamp:16134, od:438 - chunk_composer.go:299
2026/03/12 14:37:26.236467 [22;34mDEBUG[0m chunk:492,chunk-dur:34, timestamp:16167, od:439 - chunk_composer.go:299
2026/03/12 14:37:26.268556 [22;34mDEBUG[0m chunk:493,chunk-dur:32, timestamp:16200, od:440 - chunk_composer.go:299
2026/03/12 14:37:26.302413 [22;34mDEBUG[0m chunk:494,chunk-dur:34, timestamp:16234, od:441 - chunk_composer.go:299
2026/03/12 14:37:26.339039 [22;34mDEBUG[0m chunk:495,chunk-dur:37, timestamp:16267, od:442 - chunk_composer.go:299
2026/03/12 14:37:26.370014 [22;34mDEBUG[0m chunk:496,chunk-dur:31, timestamp:16300, od:443 - chunk_composer.go:299
2026/03/12 14:37:26.401938 [22;34mDEBUG[0m chunk:497,chunk-dur:31, timestamp:16334, od:444 - chunk_composer.go:299
2026/03/12 14:37:26.435140 [22;34mDEBUG[0m chunk:498,chunk-dur:34, timestamp:16367, od:445 - chunk_composer.go:299
2026/03/12 14:37:26.470816 [22;34mDEBUG[0m chunk:499,chunk-dur:35, timestamp:16400, od:446 - chunk_composer.go:299
2026/03/12 14:37:26.503393 [22;34mDEBUG[0m chunk:500,chunk-dur:33, timestamp:16434, od:447 - chunk_composer.go:299
2026/03/12 14:37:26.536012 [22;34mDEBUG[0m chunk:501,chunk-dur:33, timestamp:16467, od:448 - chunk_composer.go:299
2026/03/12 14:37:26.568641 [22;34mDEBUG[0m chunk:502,chunk-dur:32, timestamp:16500, od:449 - chunk_composer.go:299
2026/03/12 14:37:26.603536 [22;34mDEBUG[0m chunk:503,chunk-dur:35, timestamp:16534, od:450 - chunk_composer.go:299
2026/03/12 14:37:26.635804 [22;34mDEBUG[0m chunk:504,chunk-dur:32, timestamp:16567, od:451 - chunk_composer.go:299
2026/03/12 14:37:26.668794 [22;34mDEBUG[0m chunk:505,chunk-dur:33, timestamp:16600, od:452 - chunk_composer.go:299
2026/03/12 14:37:26.702974 [22;34mDEBUG[0m chunk:506,chunk-dur:34, timestamp:16634, od:453 - chunk_composer.go:299
2026/03/12 14:37:26.735923 [22;34mDEBUG[0m chunk:507,chunk-dur:33, timestamp:16667, od:454 - chunk_composer.go:299
2026/03/12 14:37:26.768860 [22;34mDEBUG[0m chunk:508,chunk-dur:33, timestamp:16700, od:455 - chunk_composer.go:299
2026/03/12 14:37:26.802268 [22;34mDEBUG[0m chunk:509,chunk-dur:34, timestamp:16734, od:456 - chunk_composer.go:299
2026/03/12 14:37:26.837094 [22;34mDEBUG[0m chunk:510,chunk-dur:35, timestamp:16767, od:457 - chunk_composer.go:299
2026/03/12 14:37:26.869589 [22;34mDEBUG[0m chunk:511,chunk-dur:32, timestamp:16800, od:458 - chunk_composer.go:299
2026/03/12 14:37:26.903256 [22;34mDEBUG[0m chunk:512,chunk-dur:34, timestamp:16834, od:459 - chunk_composer.go:299
2026/03/12 14:37:26.935496 [22;34mDEBUG[0m chunk:513,chunk-dur:32, timestamp:16867, od:460 - chunk_composer.go:299
2026/03/12 14:37:26.959172 [22;36m INFO[0m mean read bitrate:0.000168 Mbps - server_session.go:143
2026/03/12 14:37:26.959275 [22;36m INFO[0m mean write bitrate:4.972350 Mbps - server_session.go:144
2026/03/12 14:37:26.959287 [22;34mDEBUG[0m rd bitrate:0.000000 Mbps - server_session.go:136
2026/03/12 14:37:26.959289 [22;34mDEBUG[0m wr bitrate:7.822560 Mbps - server_session.go:137
2026/03/12 14:37:26.969264 [22;34mDEBUG[0m chunk:514,chunk-dur:34, timestamp:16900, od:461 - chunk_composer.go:299
2026/03/12 14:37:27.002779 [22;34mDEBUG[0m chunk:515,chunk-dur:33, timestamp:16934, od:462 - chunk_composer.go:299
2026/03/12 14:37:27.037837 [22;34mDEBUG[0m chunk:516,chunk-dur:35, timestamp:16967, od:463 - chunk_composer.go:299
2026/03/12 14:37:27.068951 [22;34mDEBUG[0m chunk:517,chunk-dur:31, timestamp:17000, od:464 - chunk_composer.go:299
2026/03/12 14:37:27.080678 [22;34mDEBUG[0m rd bitrate:7.236990 Mbps - server_session.go:136
2026/03/12 14:37:27.080707 [22;34mDEBUG[0m wr bitrate:0.000000 Mbps - server_session.go:137
2026/03/12 14:37:27.106836 [22;34mDEBUG[0m chunk:518,chunk-dur:38, timestamp:17034, od:465 - chunk_composer.go:299
2026/03/12 14:37:27.135812 [22;34mDEBUG[0m chunk:519,chunk-dur:29, timestamp:17067, od:466 - chunk_composer.go:299
2026/03/12 14:37:27.168979 [22;34mDEBUG[0m chunk:520,chunk-dur:33, timestamp:17100, od:467 - chunk_composer.go:299
2026/03/12 14:37:27.204660 [22;34mDEBUG[0m chunk:521,chunk-dur:36, timestamp:17134, od:468 - chunk_composer.go:299
2026/03/12 14:37:27.235335 [22;34mDEBUG[0m chunk:522,chunk-dur:31, timestamp:17167, od:469 - chunk_composer.go:299
2026/03/12 14:37:27.269417 [22;34mDEBUG[0m chunk:523,chunk-dur:34, timestamp:17200, od:470 - chunk_composer.go:299
2026/03/12 14:37:27.302544 [22;34mDEBUG[0m chunk:524,chunk-dur:33, timestamp:17234, od:471 - chunk_composer.go:299
2026/03/12 14:37:27.337953 [22;34mDEBUG[0m chunk:525,chunk-dur:35, timestamp:17267, od:472 - chunk_composer.go:299
2026/03/12 14:37:27.368349 [22;34mDEBUG[0m chunk:526,chunk-dur:31, timestamp:17300, od:473 - chunk_composer.go:299
2026/03/12 14:37:27.402942 [22;34mDEBUG[0m chunk:527,chunk-dur:34, timestamp:17334, od:474 - chunk_composer.go:299
2026/03/12 14:37:27.437184 [22;34mDEBUG[0m chunk:528,chunk-dur:35, timestamp:17367, od:475 - chunk_composer.go:299
2026/03/12 14:37:27.469141 [22;34mDEBUG[0m chunk:529,chunk-dur:32, timestamp:17400, od:476 - chunk_composer.go:299
2026/03/12 14:37:27.503149 [22;34mDEBUG[0m chunk:530,chunk-dur:34, timestamp:17434, od:477 - chunk_composer.go:299
2026/03/12 14:37:27.535651 [22;34mDEBUG[0m chunk:531,chunk-dur:32, timestamp:17467, od:478 - chunk_composer.go:299
2026/03/12 14:37:27.568777 [22;34mDEBUG[0m chunk:532,chunk-dur:33, timestamp:17500, od:479 - chunk_composer.go:299
2026/03/12 14:37:27.603046 [22;34mDEBUG[0m chunk:533,chunk-dur:35, timestamp:17534, od:480 - chunk_composer.go:299
2026/03/12 14:37:27.636542 [22;34mDEBUG[0m chunk:534,chunk-dur:33, timestamp:17567, od:481 - chunk_composer.go:299
2026/03/12 14:37:27.670060 [22;34mDEBUG[0m chunk:535,chunk-dur:34, timestamp:17600, od:482 - chunk_composer.go:299
2026/03/12 14:37:27.703220 [22;34mDEBUG[0m chunk:536,chunk-dur:33, timestamp:17634, od:483 - chunk_composer.go:299
2026/03/12 14:37:27.735718 [22;34mDEBUG[0m chunk:537,chunk-dur:32, timestamp:17667, od:484 - chunk_composer.go:299
2026/03/12 14:37:27.769545 [22;34mDEBUG[0m chunk:538,chunk-dur:34, timestamp:17700, od:485 - chunk_composer.go:299
2026/03/12 14:37:27.803428 [22;34mDEBUG[0m chunk:539,chunk-dur:34, timestamp:17734, od:486 - chunk_composer.go:299
2026/03/12 14:37:27.836693 [22;34mDEBUG[0m chunk:540,chunk-dur:33, timestamp:17767, od:487 - chunk_composer.go:299
2026/03/12 14:37:27.869601 [22;34mDEBUG[0m chunk:541,chunk-dur:33, timestamp:17800, od:488 - chunk_composer.go:299
2026/03/12 14:37:27.904567 [22;34mDEBUG[0m chunk:542,chunk-dur:35, timestamp:17834, od:489 - chunk_composer.go:299
2026/03/12 14:37:27.937212 [22;34mDEBUG[0m chunk:543,chunk-dur:33, timestamp:17867, od:490 - chunk_composer.go:299
2026/03/12 14:37:27.959958 [22;34mDEBUG[0m rd bitrate:0.000000 Mbps - server_session.go:136
2026/03/12 14:37:27.959993 [22;34mDEBUG[0m wr bitrate:7.371871 Mbps - server_session.go:137
2026/03/12 14:37:27.968480 [22;34mDEBUG[0m chunk:544,chunk-dur:31, timestamp:17900, od:491 - chunk_composer.go:299
2026/03/12 14:37:28.002792 [22;34mDEBUG[0m chunk:545,chunk-dur:34, timestamp:17934, od:492 - chunk_composer.go:299
2026/03/12 14:37:28.036173 [22;34mDEBUG[0m chunk:546,chunk-dur:34, timestamp:17967, od:493 - chunk_composer.go:299
2026/03/12 14:37:28.074161 [22;34mDEBUG[0m chunk:547,chunk-dur:38, timestamp:18000, od:494 - chunk_composer.go:299
2026/03/12 14:37:28.080790 [22;34mDEBUG[0m rd bitrate:8.257205 Mbps - server_session.go:136
2026/03/12 14:37:28.080804 [22;34mDEBUG[0m wr bitrate:0.000000 Mbps - server_session.go:137
2026/03/12 14:37:28.103447 [22;34mDEBUG[0m chunk:548,chunk-dur:29, timestamp:18034, od:495 - chunk_composer.go:299
2026/03/12 14:37:28.135802 [22;34mDEBUG[0m chunk:549,chunk-dur:32, timestamp:18067, od:496 - chunk_composer.go:299
2026/03/12 14:37:28.168585 [22;34mDEBUG[0m chunk:550,chunk-dur:33, timestamp:18100, od:497 - chunk_composer.go:299
2026/03/12 14:37:28.204555 [22;34mDEBUG[0m chunk:551,chunk-dur:36, timestamp:18134, od:498 - chunk_composer.go:299
2026/03/12 14:37:28.235946 [22;34mDEBUG[0m chunk:552,chunk-dur:31, timestamp:18167, od:499 - chunk_composer.go:299
2026/03/12 14:37:28.268033 [22;34mDEBUG[0m chunk:553,chunk-dur:33, timestamp:18200, od:500 - chunk_composer.go:299
2026/03/12 14:37:28.303140 [22;34mDEBUG[0m chunk:554,chunk-dur:35, timestamp:18234, od:501 - chunk_composer.go:299
2026/03/12 14:37:28.338378 [22;34mDEBUG[0m chunk:555,chunk-dur:35, timestamp:18267, od:502 - chunk_composer.go:299
2026/03/12 14:37:28.369396 [22;34mDEBUG[0m chunk:556,chunk-dur:31, timestamp:18300, od:503 - chunk_composer.go:299
2026/03/12 14:37:28.402159 [22;34mDEBUG[0m chunk:557,chunk-dur:33, timestamp:18334, od:504 - chunk_composer.go:299
2026/03/12 14:37:28.435390 [22;34mDEBUG[0m chunk:558,chunk-dur:33, timestamp:18367, od:505 - chunk_composer.go:299
2026/03/12 14:37:28.469230 [22;34mDEBUG[0m chunk:559,chunk-dur:34, timestamp:18400, od:506 - chunk_composer.go:299
2026/03/12 14:37:28.503483 [22;34mDEBUG[0m chunk:560,chunk-dur:34, timestamp:18434, od:507 - chunk_composer.go:299
2026/03/12 14:37:28.535007 [22;34mDEBUG[0m chunk:561,chunk-dur:32, timestamp:18467, od:508 - chunk_composer.go:299
2026/03/12 14:37:28.569053 [22;34mDEBUG[0m chunk:562,chunk-dur:34, timestamp:18500, od:509 - chunk_composer.go:299
2026/03/12 14:37:28.605216 [22;34mDEBUG[0m chunk:563,chunk-dur:36, timestamp:18534, od:510 - chunk_composer.go:299
2026/03/12 14:37:28.635983 [22;34mDEBUG[0m chunk:564,chunk-dur:30, timestamp:18567, od:511 - chunk_composer.go:299
2026/03/12 14:37:28.668242 [22;34mDEBUG[0m chunk:565,chunk-dur:33, timestamp:18600, od:512 - chunk_composer.go:299
2026/03/12 14:37:28.703206 [22;34mDEBUG[0m chunk:566,chunk-dur:35, timestamp:18634, od:513 - chunk_composer.go:299
2026/03/12 14:37:28.738424 [22;34mDEBUG[0m chunk:567,chunk-dur:35, timestamp:18667, od:514 - chunk_composer.go:299
2026/03/12 14:37:28.768790 [22;34mDEBUG[0m chunk:568,chunk-dur:30, timestamp:18700, od:515 - chunk_composer.go:299
2026/03/12 14:37:28.802702 [22;34mDEBUG[0m chunk:569,chunk-dur:34, timestamp:18734, od:516 - chunk_composer.go:299
2026/03/12 14:37:28.835995 [22;34mDEBUG[0m chunk:570,chunk-dur:33, timestamp:18767, od:517 - chunk_composer.go:299
2026/03/12 14:37:28.870104 [22;34mDEBUG[0m chunk:571,chunk-dur:35, timestamp:18800, od:518 - chunk_composer.go:299
2026/03/12 14:37:28.903065 [22;34mDEBUG[0m chunk:572,chunk-dur:33, timestamp:18834, od:519 - chunk_composer.go:299
2026/03/12 14:37:28.936440 [22;34mDEBUG[0m chunk:573,chunk-dur:33, timestamp:18867, od:520 - chunk_composer.go:299
2026/03/12 14:37:28.960607 [22;34mDEBUG[0m rd bitrate:0.000000 Mbps - server_session.go:136
2026/03/12 14:37:28.960737 [22;34mDEBUG[0m wr bitrate:8.553225 Mbps - server_session.go:137
2026/03/12 14:37:28.968651 [22;34mDEBUG[0m chunk:574,chunk-dur:32, timestamp:18900, od:521 - chunk_composer.go:299
2026/03/12 14:37:29.003812 [22;34mDEBUG[0m chunk:575,chunk-dur:35, timestamp:18934, od:522 - chunk_composer.go:299
2026/03/12 14:37:29.036697 [22;34mDEBUG[0m chunk:576,chunk-dur:33, timestamp:18967, od:523 - chunk_composer.go:299
2026/03/12 14:37:29.069182 [22;34mDEBUG[0m chunk:577,chunk-dur:33, timestamp:19000, od:524 - chunk_composer.go:299
2026/03/12 14:37:29.081604 [22;34mDEBUG[0m rd bitrate:7.535980 Mbps - server_session.go:136
2026/03/12 14:37:29.081639 [22;34mDEBUG[0m wr bitrate:0.000000 Mbps - server_session.go:137
2026/03/12 14:37:29.103170 [22;34mDEBUG[0m chunk:578,chunk-dur:34, timestamp:19034, od:525 - chunk_composer.go:299
2026/03/12 14:37:29.136760 [22;34mDEBUG[0m chunk:579,chunk-dur:33, timestamp:19067, od:526 - chunk_composer.go:299
2026/03/12 14:37:29.168806 [22;34mDEBUG[0m chunk:580,chunk-dur:32, timestamp:19100, od:527 - chunk_composer.go:299
2026/03/12 14:37:29.202524 [22;34mDEBUG[0m chunk:581,chunk-dur:34, timestamp:19134, od:528 - chunk_composer.go:299
2026/03/12 14:37:29.236020 [22;34mDEBUG[0m chunk:582,chunk-dur:34, timestamp:19167, od:529 - chunk_composer.go:299
2026/03/12 14:37:29.271955 [22;34mDEBUG[0m chunk:583,chunk-dur:35, timestamp:19200, od:530 - chunk_composer.go:299
2026/03/12 14:37:29.302140 [22;34mDEBUG[0m chunk:584,chunk-dur:31, timestamp:19234, od:531 - chunk_composer.go:299
2026/03/12 14:37:29.335685 [22;34mDEBUG[0m chunk:585,chunk-dur:33, timestamp:19267, od:532 - chunk_composer.go:299
2026/03/12 14:37:29.368833 [22;34mDEBUG[0m chunk:586,chunk-dur:33, timestamp:19300, od:533 - chunk_composer.go:299
2026/03/12 14:37:29.404571 [22;34mDEBUG[0m chunk:587,chunk-dur:36, timestamp:19334, od:534 - chunk_composer.go:299
2026/03/12 14:37:29.435855 [22;34mDEBUG[0m chunk:588,chunk-dur:31, timestamp:19367, od:535 - chunk_composer.go:299
2026/03/12 14:37:29.469045 [22;34mDEBUG[0m chunk:589,chunk-dur:34, timestamp:19400, od:536 - chunk_composer.go:299
2026/03/12 14:37:29.504453 [22;34mDEBUG[0m chunk:590,chunk-dur:35, timestamp:19434, od:537 - chunk_composer.go:299
2026/03/12 14:37:29.553116 [22;34mDEBUG[0m chunk:591,chunk-dur:49, timestamp:19467, od:538 - chunk_composer.go:299
2026/03/12 14:37:29.595711 [22;34mDEBUG[0m chunk:592,chunk-dur:42, timestamp:19500, od:539 - chunk_composer.go:299
2026/03/12 14:37:29.614097 [22;34mDEBUG[0m chunk:593,chunk-dur:19, timestamp:19534, od:540 - chunk_composer.go:299
2026/03/12 14:37:29.640632 [22;34mDEBUG[0m chunk:594,chunk-dur:26, timestamp:19567, od:541 - chunk_composer.go:299
2026/03/12 14:37:29.674994 [22;34mDEBUG[0m chunk:595,chunk-dur:34, timestamp:19600, od:542 - chunk_composer.go:299
2026/03/12 14:37:29.702976 [22;34mDEBUG[0m chunk:596,chunk-dur:28, timestamp:19634, od:543 - chunk_composer.go:299
2026/03/12 14:37:29.735269 [22;34mDEBUG[0m chunk:597,chunk-dur:33, timestamp:19667, od:544 - chunk_composer.go:299
2026/03/12 14:37:29.770285 [22;34mDEBUG[0m chunk:598,chunk-dur:35, timestamp:19700, od:545 - chunk_composer.go:299
2026/03/12 14:37:29.802980 [22;34mDEBUG[0m chunk:599,chunk-dur:32, timestamp:19734, od:546 - chunk_composer.go:299
2026/03/12 14:37:29.835833 [22;34mDEBUG[0m chunk:600,chunk-dur:33, timestamp:19767, od:547 - chunk_composer.go:299
2026/03/12 14:37:29.868234 [22;34mDEBUG[0m chunk:601,chunk-dur:33, timestamp:19800, od:548 - chunk_composer.go:299
2026/03/12 14:37:29.905359 [22;34mDEBUG[0m chunk:602,chunk-dur:37, timestamp:19834, od:549 - chunk_composer.go:299
2026/03/12 14:37:29.935789 [22;34mDEBUG[0m chunk:603,chunk-dur:30, timestamp:19867, od:550 - chunk_composer.go:299
2026/03/12 14:37:29.961539 [22;34mDEBUG[0m rd bitrate:0.000000 Mbps - server_session.go:136
2026/03/12 14:37:29.961650 [22;34mDEBUG[0m wr bitrate:8.197515 Mbps - server_session.go:137
2026/03/12 14:37:29.968379 [22;34mDEBUG[0m chunk:604,chunk-dur:33, timestamp:19900, od:551 - chunk_composer.go:299
2026/03/12 14:37:30.003054 [22;34mDEBUG[0m chunk:605,chunk-dur:35, timestamp:19934, od:552 - chunk_composer.go:299
2026/03/12 14:37:30.035653 [22;34mDEBUG[0m chunk:606,chunk-dur:32, timestamp:19967, od:553 - chunk_composer.go:299
2026/03/12 14:37:30.075651 [22;34mDEBUG[0m chunk:607,chunk-dur:40, timestamp:20000, od:554 - chunk_composer.go:299
2026/03/12 14:37:30.081698 [22;36m INFO[0m mean read bitrate:5.591833 Mbps - server_session.go:143
2026/03/12 14:37:30.081717 [22;36m INFO[0m mean write bitrate:0.000163 Mbps - server_session.go:144
2026/03/12 14:37:30.081721 [22;34mDEBUG[0m rd bitrate:9.419193 Mbps - server_session.go:136
2026/03/12 14:37:30.081723 [22;34mDEBUG[0m wr bitrate:0.000000 Mbps - server_session.go:137
2026/03/12 14:37:30.104134 [22;34mDEBUG[0m chunk:608,chunk-dur:29, timestamp:20034, od:555 - chunk_composer.go:299
2026/03/12 14:37:30.136195 [22;34mDEBUG[0m chunk:609,chunk-dur:32, timestamp:20067, od:556 - chunk_composer.go:299
2026/03/12 14:37:30.169126 [22;34mDEBUG[0m chunk:610,chunk-dur:33, timestamp:20100, od:557 - chunk_composer.go:299
2026/03/12 14:37:30.202149 [22;34mDEBUG[0m chunk:611,chunk-dur:33, timestamp:20134, od:558 - chunk_composer.go:299
2026/03/12 14:37:30.237210 [22;34mDEBUG[0m chunk:612,chunk-dur:35, timestamp:20167, od:559 - chunk_composer.go:299
2026/03/12 14:37:30.269102 [22;34mDEBUG[0m chunk:613,chunk-dur:32, timestamp:20200, od:560 - chunk_composer.go:299
2026/03/12 14:37:30.303504 [22;34mDEBUG[0m chunk:614,chunk-dur:34, timestamp:20234, od:561 - chunk_composer.go:299
2026/03/12 14:37:30.336798 [22;34mDEBUG[0m chunk:615,chunk-dur:33, timestamp:20267, od:562 - chunk_composer.go:299
2026/03/12 14:37:30.369207 [22;34mDEBUG[0m chunk:616,chunk-dur:33, timestamp:20300, od:563 - chunk_composer.go:299
2026/03/12 14:37:30.402035 [22;34mDEBUG[0m chunk:617,chunk-dur:33, timestamp:20334, od:564 - chunk_composer.go:299
2026/03/12 14:37:30.437245 [22;34mDEBUG[0m chunk:618,chunk-dur:35, timestamp:20367, od:565 - chunk_composer.go:299
2026/03/12 14:37:30.468518 [22;34mDEBUG[0m chunk:619,chunk-dur:31, timestamp:20400, od:566 - chunk_composer.go:299
2026/03/12 14:37:30.504374 [22;34mDEBUG[0m chunk:620,chunk-dur:36, timestamp:20434, od:567 - chunk_composer.go:299
2026/03/12 14:37:30.536105 [22;34mDEBUG[0m chunk:621,chunk-dur:32, timestamp:20467, od:568 - chunk_composer.go:299
2026/03/12 14:37:30.568816 [22;34mDEBUG[0m chunk:622,chunk-dur:32, timestamp:20500, od:569 - chunk_composer.go:299
2026/03/12 14:37:30.602454 [22;34mDEBUG[0m chunk:623,chunk-dur:34, timestamp:20534, od:570 - chunk_composer.go:299
2026/03/12 14:37:30.638977 [22;34mDEBUG[0m chunk:624,chunk-dur:36, timestamp:20567, od:571 - chunk_composer.go:299
2026/03/12 14:37:30.668345 [22;34mDEBUG[0m chunk:625,chunk-dur:30, timestamp:20600, od:572 - chunk_composer.go:299
2026/03/12 14:37:30.702387 [22;34mDEBUG[0m chunk:626,chunk-dur:34, timestamp:20634, od:573 - chunk_composer.go:299
2026/03/12 14:37:30.736271 [22;34mDEBUG[0m chunk:627,chunk-dur:34, timestamp:20667, od:574 - chunk_composer.go:299
2026/03/12 14:37:30.770754 [22;34mDEBUG[0m chunk:628,chunk-dur:34, timestamp:20700, od:575 - chunk_composer.go:299
2026/03/12 14:37:30.802543 [22;34mDEBUG[0m chunk:629,chunk-dur:32, timestamp:20734, od:576 - chunk_composer.go:299
2026/03/12 14:37:30.839848 [22;34mDEBUG[0m chunk:630,chunk-dur:37, timestamp:20767, od:577 - chunk_composer.go:299
2026/03/12 14:37:30.870728 [22;34mDEBUG[0m chunk:631,chunk-dur:31, timestamp:20800, od:578 - chunk_composer.go:299
2026/03/12 14:37:30.907262 [22;34mDEBUG[0m chunk:632,chunk-dur:37, timestamp:20834, od:579 - chunk_composer.go:299
2026/03/12 14:37:30.936480 [22;34mDEBUG[0m chunk:633,chunk-dur:29, timestamp:20867, od:580 - chunk_composer.go:299
2026/03/12 14:37:30.962344 [22;34mDEBUG[0m rd bitrate:0.000000 Mbps - server_session.go:136
2026/03/12 14:37:30.962366 [22;34mDEBUG[0m wr bitrate:8.956693 Mbps - server_session.go:137
2026/03/12 14:37:30.968925 [22;34mDEBUG[0m chunk:634,chunk-dur:32, timestamp:20900, od:581 - chunk_composer.go:299
2026/03/12 14:37:31.002782 [22;34mDEBUG[0m chunk:635,chunk-dur:34, timestamp:20934, od:582 - chunk_composer.go:299
2026/03/12 14:37:31.037834 [22;34mDEBUG[0m chunk:636,chunk-dur:35, timestamp:20967, od:583 - chunk_composer.go:299
2026/03/12 14:37:31.069656 [22;34mDEBUG[0m chunk:637,chunk-dur:32, timestamp:21000, od:584 - chunk_composer.go:299
2026/03/12 14:37:31.083981 [22;34mDEBUG[0m rd bitrate:7.688065 Mbps - server_session.go:136
2026/03/12 14:37:31.084097 [22;34mDEBUG[0m wr bitrate:0.000000 Mbps - server_session.go:137
2026/03/12 14:37:31.104431 [22;34mDEBUG[0m chunk:638,chunk-dur:35, timestamp:21034, od:585 - chunk_composer.go:299
2026/03/12 14:37:31.136057 [22;34mDEBUG[0m chunk:639,chunk-dur:32, timestamp:21067, od:586 - chunk_composer.go:299
2026/03/12 14:37:31.169369 [22;34mDEBUG[0m chunk:640,chunk-dur:33, timestamp:21100, od:587 - chunk_composer.go:299
2026/03/12 14:37:31.202935 [22;34mDEBUG[0m chunk:641,chunk-dur:33, timestamp:21134, od:588 - chunk_composer.go:299
2026/03/12 14:37:31.235710 [22;34mDEBUG[0m chunk:642,chunk-dur:33, timestamp:21167, od:589 - chunk_composer.go:299
2026/03/12 14:37:31.268079 [22;34mDEBUG[0m chunk:643,chunk-dur:33, timestamp:21200, od:590 - chunk_composer.go:299
2026/03/12 14:37:31.304630 [22;34mDEBUG[0m chunk:644,chunk-dur:36, timestamp:21234, od:591 - chunk_composer.go:299
2026/03/12 14:37:31.337116 [22;34mDEBUG[0m chunk:645,chunk-dur:33, timestamp:21267, od:592 - chunk_composer.go:299
2026/03/12 14:37:31.370187 [22;34mDEBUG[0m chunk:646,chunk-dur:33, timestamp:21300, od:593 - chunk_composer.go:299
2026/03/12 14:37:31.403423 [22;34mDEBUG[0m chunk:647,chunk-dur:33, timestamp:21334, od:594 - chunk_composer.go:299
2026/03/12 14:37:31.440905 [22;34mDEBUG[0m chunk:648,chunk-dur:37, timestamp:21367, od:595 - chunk_composer.go:299
2026/03/12 14:37:31.468722 [22;34mDEBUG[0m chunk:649,chunk-dur:28, timestamp:21400, od:596 - chunk_composer.go:299
2026/03/12 14:37:31.502329 [22;34mDEBUG[0m chunk:650,chunk-dur:34, timestamp:21434, od:597 - chunk_composer.go:299
2026/03/12 14:37:31.536201 [22;34mDEBUG[0m chunk:651,chunk-dur:34, timestamp:21467, od:598 - chunk_composer.go:299
2026/03/12 14:37:31.572765 [22;34mDEBUG[0m chunk:652,chunk-dur:36, timestamp:21500, od:599 - chunk_composer.go:299
2026/03/12 14:37:31.602540 [22;34mDEBUG[0m chunk:653,chunk-dur:30, timestamp:21534, od:600 - chunk_composer.go:299
2026/03/12 14:37:31.636153 [22;34mDEBUG[0m chunk:654,chunk-dur:34, timestamp:21567, od:601 - chunk_composer.go:299
2026/03/12 14:37:31.668160 [22;34mDEBUG[0m chunk:655,chunk-dur:32, timestamp:21600, od:602 - chunk_composer.go:299
2026/03/12 14:37:31.703943 [22;34mDEBUG[0m chunk:656,chunk-dur:35, timestamp:21634, od:603 - chunk_composer.go:299
2026/03/12 14:37:31.735978 [22;34mDEBUG[0m chunk:657,chunk-dur:32, timestamp:21667, od:604 - chunk_composer.go:299
2026/03/12 14:37:31.768513 [22;34mDEBUG[0m chunk:658,chunk-dur:33, timestamp:21700, od:605 - chunk_composer.go:299
2026/03/12 14:37:31.802331 [22;34mDEBUG[0m chunk:659,chunk-dur:34, timestamp:21734, od:606 - chunk_composer.go:299
2026/03/12 14:37:31.837453 [22;34mDEBUG[0m chunk:660,chunk-dur:35, timestamp:21767, od:607 - chunk_composer.go:299
2026/03/12 14:37:31.868540 [22;34mDEBUG[0m chunk:661,chunk-dur:31, timestamp:21800, od:608 - chunk_composer.go:299
2026/03/12 14:37:31.902802 [22;34mDEBUG[0m chunk:662,chunk-dur:34, timestamp:21834, od:609 - chunk_composer.go:299
2026/03/12 14:37:31.935562 [22;34mDEBUG[0m chunk:663,chunk-dur:33, timestamp:21867, od:610 - chunk_composer.go:299
2026/03/12 14:37:31.963160 [22;34mDEBUG[0m rd bitrate:0.000000 Mbps - server_session.go:136
2026/03/12 14:37:31.963185 [22;34mDEBUG[0m wr bitrate:6.898070 Mbps - server_session.go:137
2026/03/12 14:37:31.972575 [22;34mDEBUG[0m chunk:664,chunk-dur:37, timestamp:21900, od:611 - chunk_composer.go:299
2026/03/12 14:37:32.002616 [22;34mDEBUG[0m chunk:665,chunk-dur:30, timestamp:21934, od:612 - chunk_composer.go:299
2026/03/12 14:37:32.035544 [22;34mDEBUG[0m chunk:666,chunk-dur:33, timestamp:21967, od:613 - chunk_composer.go:299
2026/03/12 14:37:32.075030 [22;34mDEBUG[0m chunk:667,chunk-dur:39, timestamp:22000, od:614 - chunk_composer.go:299
2026/03/12 14:37:32.084728 [22;34mDEBUG[0m rd bitrate:8.345366 Mbps - server_session.go:136
2026/03/12 14:37:32.084774 [22;34mDEBUG[0m wr bitrate:0.000000 Mbps - server_session.go:137
2026/03/12 14:37:32.104639 [22;34mDEBUG[0m chunk:668,chunk-dur:30, timestamp:22034, od:615 - chunk_composer.go:299
2026/03/12 14:37:32.135479 [22;34mDEBUG[0m chunk:669,chunk-dur:31, timestamp:22067, od:616 - chunk_composer.go:299
2026/03/12 14:37:32.170292 [22;34mDEBUG[0m chunk:670,chunk-dur:35, timestamp:22100, od:617 - chunk_composer.go:299
2026/03/12 14:37:32.204314 [22;34mDEBUG[0m chunk:671,chunk-dur:34, timestamp:22134, od:618 - chunk_composer.go:299
2026/03/12 14:37:32.237785 [22;34mDEBUG[0m chunk:672,chunk-dur:33, timestamp:22167, od:619 - chunk_composer.go:299
2026/03/12 14:37:32.268648 [22;34mDEBUG[0m chunk:673,chunk-dur:31, timestamp:22200, od:620 - chunk_composer.go:299
2026/03/12 14:37:32.302499 [22;34mDEBUG[0m chunk:674,chunk-dur:34, timestamp:22234, od:621 - chunk_composer.go:299
2026/03/12 14:37:32.335621 [22;34mDEBUG[0m chunk:675,chunk-dur:33, timestamp:22267, od:622 - chunk_composer.go:299
2026/03/12 14:37:32.370769 [22;34mDEBUG[0m chunk:676,chunk-dur:35, timestamp:22300, od:623 - chunk_composer.go:299
2026/03/12 14:37:32.403102 [22;34mDEBUG[0m chunk:677,chunk-dur:33, timestamp:22334, od:624 - chunk_composer.go:299
2026/03/12 14:37:32.435762 [22;34mDEBUG[0m chunk:678,chunk-dur:32, timestamp:22367, od:625 - chunk_composer.go:299
2026/03/12 14:37:32.468585 [22;34mDEBUG[0m chunk:679,chunk-dur:33, timestamp:22400, od:626 - chunk_composer.go:299
2026/03/12 14:37:32.505407 [22;34mDEBUG[0m chunk:680,chunk-dur:37, timestamp:22434, od:627 - chunk_composer.go:299
2026/03/12 14:37:32.536697 [22;34mDEBUG[0m chunk:681,chunk-dur:31, timestamp:22467, od:628 - chunk_composer.go:299
2026/03/12 14:37:32.568466 [22;34mDEBUG[0m chunk:682,chunk-dur:32, timestamp:22500, od:629 - chunk_composer.go:299
2026/03/12 14:37:32.602345 [22;34mDEBUG[0m chunk:683,chunk-dur:34, timestamp:22534, od:630 - chunk_composer.go:299
2026/03/12 14:37:32.636982 [22;34mDEBUG[0m chunk:684,chunk-dur:34, timestamp:22567, od:631 - chunk_composer.go:299
2026/03/12 14:37:32.668856 [22;34mDEBUG[0m chunk:685,chunk-dur:32, timestamp:22600, od:632 - chunk_composer.go:299
2026/03/12 14:37:32.702285 [22;34mDEBUG[0m chunk:686,chunk-dur:34, timestamp:22634, od:633 - chunk_composer.go:299
2026/03/12 14:37:32.735679 [22;34mDEBUG[0m chunk:687,chunk-dur:33, timestamp:22667, od:634 - chunk_composer.go:299
2026/03/12 14:37:32.770808 [22;34mDEBUG[0m chunk:688,chunk-dur:35, timestamp:22700, od:635 - chunk_composer.go:299
2026/03/12 14:37:32.803495 [22;34mDEBUG[0m chunk:689,chunk-dur:33, timestamp:22734, od:636 - chunk_composer.go:299
2026/03/12 14:37:32.836033 [22;34mDEBUG[0m chunk:690,chunk-dur:33, timestamp:22767, od:637 - chunk_composer.go:299
2026/03/12 14:37:32.869279 [22;34mDEBUG[0m chunk:691,chunk-dur:33, timestamp:22800, od:638 - chunk_composer.go:299
2026/03/12 14:37:32.904463 [22;34mDEBUG[0m chunk:692,chunk-dur:35, timestamp:22834, od:639 - chunk_composer.go:299
2026/03/12 14:37:32.937613 [22;34mDEBUG[0m chunk:693,chunk-dur:33, timestamp:22867, od:640 - chunk_composer.go:299
2026/03/12 14:37:32.963956 [22;34mDEBUG[0m rd bitrate:0.000000 Mbps - server_session.go:136
2026/03/12 14:37:32.963978 [22;34mDEBUG[0m wr bitrate:9.096307 Mbps - server_session.go:137
2026/03/12 14:37:32.968091 [22;34mDEBUG[0m chunk:694,chunk-dur:31, timestamp:22900, od:641 - chunk_composer.go:299
2026/03/12 14:37:33.003135 [22;34mDEBUG[0m chunk:695,chunk-dur:35, timestamp:22934, od:642 - chunk_composer.go:299
2026/03/12 14:37:33.038283 [22;34mDEBUG[0m chunk:696,chunk-dur:35, timestamp:22967, od:643 - chunk_composer.go:299
2026/03/12 14:37:33.069643 [22;34mDEBUG[0m chunk:697,chunk-dur:31, timestamp:23000, od:644 - chunk_composer.go:299
2026/03/12 14:37:33.085446 [22;34mDEBUG[0m rd bitrate:7.554058 Mbps - server_session.go:136
2026/03/12 14:37:33.085476 [22;34mDEBUG[0m wr bitrate:0.000000 Mbps - server_session.go:137
2026/03/12 14:37:33.102443 [22;34mDEBUG[0m chunk:698,chunk-dur:33, timestamp:23034, od:645 - chunk_composer.go:299
2026/03/12 14:37:33.135580 [22;34mDEBUG[0m chunk:699,chunk-dur:33, timestamp:23067, od:646 - chunk_composer.go:299
2026/03/12 14:37:33.170294 [22;34mDEBUG[0m chunk:700,chunk-dur:35, timestamp:23100, od:647 - chunk_composer.go:299
2026/03/12 14:37:33.203680 [22;34mDEBUG[0m chunk:701,chunk-dur:33, timestamp:23134, od:648 - chunk_composer.go:299
2026/03/12 14:37:33.235497 [22;34mDEBUG[0m chunk:702,chunk-dur:32, timestamp:23167, od:649 - chunk_composer.go:299
2026/03/12 14:37:33.269407 [22;34mDEBUG[0m chunk:703,chunk-dur:34, timestamp:23200, od:650 - chunk_composer.go:299
2026/03/12 14:37:33.304367 [22;34mDEBUG[0m chunk:704,chunk-dur:35, timestamp:23234, od:651 - chunk_composer.go:299
2026/03/12 14:37:33.335560 [22;34mDEBUG[0m chunk:705,chunk-dur:31, timestamp:23267, od:652 - chunk_composer.go:299
2026/03/12 14:37:33.368588 [22;34mDEBUG[0m chunk:706,chunk-dur:33, timestamp:23300, od:653 - chunk_composer.go:299
2026/03/12 14:37:33.402942 [22;34mDEBUG[0m chunk:707,chunk-dur:34, timestamp:23334, od:654 - chunk_composer.go:299
2026/03/12 14:37:33.437050 [22;34mDEBUG[0m chunk:708,chunk-dur:35, timestamp:23367, od:655 - chunk_composer.go:299
2026/03/12 14:37:33.469076 [22;34mDEBUG[0m chunk:709,chunk-dur:32, timestamp:23400, od:656 - chunk_composer.go:299
2026/03/12 14:37:33.503493 [22;34mDEBUG[0m chunk:710,chunk-dur:34, timestamp:23434, od:657 - chunk_composer.go:299
2026/03/12 14:37:33.535540 [22;34mDEBUG[0m chunk:711,chunk-dur:32, timestamp:23467, od:658 - chunk_composer.go:299
2026/03/12 14:37:33.570970 [22;34mDEBUG[0m chunk:712,chunk-dur:35, timestamp:23500, od:659 - chunk_composer.go:299
2026/03/12 14:37:33.602485 [22;34mDEBUG[0m chunk:713,chunk-dur:32, timestamp:23534, od:660 - chunk_composer.go:299
2026/03/12 14:37:33.636162 [22;34mDEBUG[0m chunk:714,chunk-dur:34, timestamp:23567, od:661 - chunk_composer.go:299
2026/03/12 14:37:33.668730 [22;34mDEBUG[0m chunk:715,chunk-dur:32, timestamp:23600, od:662 - chunk_composer.go:299
2026/03/12 14:37:33.705250 [22;34mDEBUG[0m chunk:716,chunk-dur:37, timestamp:23634, od:663 - chunk_composer.go:299
2026/03/12 14:37:33.735604 [22;34mDEBUG[0m chunk:717,chunk-dur:30, timestamp:23667, od:664 - chunk_composer.go:299
2026/03/12 14:37:33.768018 [22;34mDEBUG[0m chunk:718,chunk-dur:33, timestamp:23700, od:665 - chunk_composer.go:299
2026/03/12 14:37:33.802055 [22;34mDEBUG[0m chunk:719,chunk-dur:34, timestamp:23734, od:666 - chunk_composer.go:299
2026/03/12 14:37:33.837815 [22;34mDEBUG[0m chunk:720,chunk-dur:35, timestamp:23767, od:667 - chunk_composer.go:299
2026/03/12 14:37:33.868129 [22;34mDEBUG[0m chunk:721,chunk-dur:31, timestamp:23800, od:668 - chunk_composer.go:299
2026/03/12 14:37:33.904455 [22;34mDEBUG[0m chunk:722,chunk-dur:36, timestamp:23834, od:669 - chunk_composer.go:299
2026/03/12 14:37:33.936324 [22;34mDEBUG[0m chunk:723,chunk-dur:32, timestamp:23867, od:670 - chunk_composer.go:299
2026/03/12 14:37:33.964190 [22;34mDEBUG[0m rd bitrate:0.000000 Mbps - server_session.go:136
2026/03/12 14:37:33.964212 [22;34mDEBUG[0m wr bitrate:8.095836 Mbps - server_session.go:137
2026/03/12 14:37:33.968305 [22;34mDEBUG[0m chunk:724,chunk-dur:32, timestamp:23900, od:671 - chunk_composer.go:299
2026/03/12 14:37:34.002946 [22;34mDEBUG[0m chunk:725,chunk-dur:34, timestamp:23934, od:672 - chunk_composer.go:299
2026/03/12 14:37:34.036479 [22;34mDEBUG[0m chunk:726,chunk-dur:34, timestamp:23967, od:673 - chunk_composer.go:299
2026/03/12 14:37:34.076421 [22;34mDEBUG[0m chunk:727,chunk-dur:40, timestamp:24000, od:674 - chunk_composer.go:299
2026/03/12 14:37:34.088410 [22;34mDEBUG[0m rd bitrate:9.589534 Mbps - server_session.go:136
2026/03/12 14:37:34.088478 [22;34mDEBUG[0m wr bitrate:0.000000 Mbps - server_session.go:137
2026/03/12 14:37:34.103793 [22;34mDEBUG[0m chunk:728,chunk-dur:27, timestamp:24034, od:675 - chunk_composer.go:299
2026/03/12 14:37:34.135638 [22;34mDEBUG[0m chunk:729,chunk-dur:32, timestamp:24067, od:676 - chunk_composer.go:299
2026/03/12 14:37:34.167711 [22;34mDEBUG[0m chunk:730,chunk-dur:32, timestamp:24100, od:677 - chunk_composer.go:299
2026/03/12 14:37:34.202630 [22;34mDEBUG[0m chunk:731,chunk-dur:35, timestamp:24134, od:678 - chunk_composer.go:299
2026/03/12 14:37:34.238134 [22;34mDEBUG[0m chunk:732,chunk-dur:36, timestamp:24167, od:679 - chunk_composer.go:299
2026/03/12 14:37:34.269375 [22;34mDEBUG[0m chunk:733,chunk-dur:31, timestamp:24200, od:680 - chunk_composer.go:299
2026/03/12 14:37:34.307359 [22;34mDEBUG[0m chunk:734,chunk-dur:38, timestamp:24234, od:681 - chunk_composer.go:299
2026/03/12 14:37:34.404232 [22;34mDEBUG[0m chunk:735,chunk-dur:97, timestamp:24267, od:682 - chunk_composer.go:299
2026/03/12 14:37:34.432334 [22;34mDEBUG[0m chunk:736,chunk-dur:28, timestamp:24300, od:683 - chunk_composer.go:299
2026/03/12 14:37:34.435149 [22;34mDEBUG[0m chunk:737,chunk-dur:3, timestamp:24334, od:683 - chunk_composer.go:299
2026/03/12 14:37:34.436786 [22;34mDEBUG[0m chunk:738,chunk-dur:1, timestamp:24367, od:683 - chunk_composer.go:299
2026/03/12 14:37:34.480254 [22;34mDEBUG[0m chunk:739,chunk-dur:44, timestamp:24400, od:684 - chunk_composer.go:299
2026/03/12 14:37:34.507504 [22;34mDEBUG[0m chunk:740,chunk-dur:27, timestamp:24434, od:685 - chunk_composer.go:299
2026/03/12 14:37:34.535817 [22;34mDEBUG[0m chunk:741,chunk-dur:28, timestamp:24467, od:686 - chunk_composer.go:299
2026/03/12 14:37:34.568998 [22;34mDEBUG[0m chunk:742,chunk-dur:33, timestamp:24500, od:687 - chunk_composer.go:299
2026/03/12 14:37:34.602840 [22;34mDEBUG[0m chunk:743,chunk-dur:34, timestamp:24534, od:688 - chunk_composer.go:299
2026/03/12 14:37:34.640928 [22;34mDEBUG[0m chunk:744,chunk-dur:38, timestamp:24567, od:689 - chunk_composer.go:299
2026/03/12 14:37:34.669302 [22;34mDEBUG[0m chunk:745,chunk-dur:29, timestamp:24600, od:690 - chunk_composer.go:299
2026/03/12 14:37:34.703786 [22;34mDEBUG[0m chunk:746,chunk-dur:34, timestamp:24634, od:691 - chunk_composer.go:299
2026/03/12 14:37:34.737258 [22;34mDEBUG[0m chunk:747,chunk-dur:34, timestamp:24667, od:692 - chunk_composer.go:299
2026/03/12 14:37:34.775308 [22;34mDEBUG[0m chunk:748,chunk-dur:37, timestamp:24700, od:693 - chunk_composer.go:299
2026/03/12 14:37:34.803465 [22;34mDEBUG[0m chunk:749,chunk-dur:29, timestamp:24734, od:694 - chunk_composer.go:299
2026/03/12 14:37:34.835646 [22;34mDEBUG[0m chunk:750,chunk-dur:32, timestamp:24767, od:695 - chunk_composer.go:299
2026/03/12 14:37:34.869974 [22;34mDEBUG[0m chunk:751,chunk-dur:34, timestamp:24800, od:696 - chunk_composer.go:299
2026/03/12 14:37:34.905290 [22;34mDEBUG[0m chunk:752,chunk-dur:36, timestamp:24834, od:697 - chunk_composer.go:299
2026/03/12 14:37:34.938863 [22;34mDEBUG[0m chunk:753,chunk-dur:33, timestamp:24867, od:698 - chunk_composer.go:299
2026/03/12 14:37:34.964352 [22;34mDEBUG[0m rd bitrate:0.000000 Mbps - server_session.go:136
2026/03/12 14:37:34.964379 [22;34mDEBUG[0m wr bitrate:9.955505 Mbps - server_session.go:137
2026/03/12 14:37:34.968563 [22;34mDEBUG[0m chunk:754,chunk-dur:30, timestamp:24900, od:699 - chunk_composer.go:299
2026/03/12 14:37:35.003493 [22;34mDEBUG[0m chunk:755,chunk-dur:35, timestamp:24934, od:700 - chunk_composer.go:299
2026/03/12 14:37:35.039324 [22;34mDEBUG[0m chunk:756,chunk-dur:36, timestamp:24967, od:701 - chunk_composer.go:299
2026/03/12 14:37:35.069151 [22;34mDEBUG[0m chunk:757,chunk-dur:30, timestamp:25000, od:702 - chunk_composer.go:299
2026/03/12 14:37:35.089187 [22;34mDEBUG[0m rd bitrate:8.616804 Mbps - server_session.go:136
2026/03/12 14:37:35.089222 [22;34mDEBUG[0m wr bitrate:0.000000 Mbps - server_session.go:137
2026/03/12 14:37:35.102463 [22;34mDEBUG[0m chunk:758,chunk-dur:33, timestamp:25034, od:703 - chunk_composer.go:299
2026/03/12 14:37:35.136589 [22;34mDEBUG[0m chunk:759,chunk-dur:34, timestamp:25067, od:704 - chunk_composer.go:299
2026/03/12 14:37:35.170272 [22;34mDEBUG[0m chunk:760,chunk-dur:34, timestamp:25100, od:705 - chunk_composer.go:299
2026/03/12 14:37:35.204272 [22;34mDEBUG[0m chunk:761,chunk-dur:34, timestamp:25134, od:706 - chunk_composer.go:299
2026/03/12 14:37:35.235556 [22;34mDEBUG[0m chunk:762,chunk-dur:31, timestamp:25167, od:707 - chunk_composer.go:299
2026/03/12 14:37:35.298750 [22;34mDEBUG[0m chunk:763,chunk-dur:63, timestamp:25200, od:708 - chunk_composer.go:299
2026/03/12 14:37:35.417627 [22;34mDEBUG[0m chunk:764,chunk-dur:119, timestamp:25234, od:709 - chunk_composer.go:299
2026/03/12 14:37:35.446748 [22;34mDEBUG[0m chunk:765,chunk-dur:29, timestamp:25267, od:710 - chunk_composer.go:299
2026/03/12 14:37:35.447676 [22;34mDEBUG[0m chunk:766,chunk-dur:1, timestamp:25300, od:710 - chunk_composer.go:299
2026/03/12 14:37:35.461751 [22;34mDEBUG[0m chunk:767,chunk-dur:14, timestamp:25334, od:710 - chunk_composer.go:299
2026/03/12 14:37:35.462554 [22;34mDEBUG[0m chunk:768,chunk-dur:1, timestamp:25367, od:710 - chunk_composer.go:299
2026/03/12 14:37:35.470557 [22;34mDEBUG[0m chunk:769,chunk-dur:8, timestamp:25400, od:710 - chunk_composer.go:299
2026/03/12 14:37:35.503387 [22;34mDEBUG[0m chunk:770,chunk-dur:33, timestamp:25434, od:711 - chunk_composer.go:299
2026/03/12 14:37:35.535811 [22;34mDEBUG[0m chunk:771,chunk-dur:32, timestamp:25467, od:712 - chunk_composer.go:299
2026/03/12 14:37:35.569487 [22;34mDEBUG[0m chunk:772,chunk-dur:34, timestamp:25500, od:713 - chunk_composer.go:299
2026/03/12 14:37:35.602294 [22;34mDEBUG[0m chunk:773,chunk-dur:33, timestamp:25534, od:714 - chunk_composer.go:299
2026/03/12 14:37:35.635814 [22;34mDEBUG[0m chunk:774,chunk-dur:33, timestamp:25567, od:715 - chunk_composer.go:299
2026/03/12 14:37:35.668491 [22;34mDEBUG[0m chunk:775,chunk-dur:33, timestamp:25600, od:716 - chunk_composer.go:299
2026/03/12 14:37:35.704737 [22;34mDEBUG[0m chunk:776,chunk-dur:36, timestamp:25634, od:717 - chunk_composer.go:299
2026/03/12 14:37:35.736699 [22;34mDEBUG[0m chunk:777,chunk-dur:32, timestamp:25667, od:718 - chunk_composer.go:299
2026/03/12 14:37:35.768725 [22;34mDEBUG[0m chunk:778,chunk-dur:32, timestamp:25700, od:719 - chunk_composer.go:299
2026/03/12 14:37:35.803997 [22;34mDEBUG[0m chunk:779,chunk-dur:35, timestamp:25734, od:720 - chunk_composer.go:299
2026/03/12 14:37:35.839660 [22;34mDEBUG[0m chunk:780,chunk-dur:36, timestamp:25767, od:721 - chunk_composer.go:299
2026/03/12 14:37:35.868056 [22;34mDEBUG[0m chunk:781,chunk-dur:29, timestamp:25800, od:722 - chunk_composer.go:299
2026/03/12 14:37:35.904160 [22;34mDEBUG[0m chunk:782,chunk-dur:36, timestamp:25834, od:723 - chunk_composer.go:299
2026/03/12 14:37:35.935311 [22;34mDEBUG[0m chunk:783,chunk-dur:31, timestamp:25867, od:724 - chunk_composer.go:299
2026/03/12 14:37:35.964447 [22;34mDEBUG[0m rd bitrate:0.000000 Mbps - server_session.go:136
2026/03/12 14:37:35.964470 [22;34mDEBUG[0m wr bitrate:8.720781 Mbps - server_session.go:137
2026/03/12 14:37:35.971759 [22;34mDEBUG[0m chunk:784,chunk-dur:36, timestamp:25900, od:725 - chunk_composer.go:299
2026/03/12 14:37:36.002338 [22;34mDEBUG[0m chunk:785,chunk-dur:31, timestamp:25934, od:726 - chunk_composer.go:299
2026/03/12 14:37:36.036197 [22;34mDEBUG[0m chunk:786,chunk-dur:34, timestamp:25967, od:727 - chunk_composer.go:299
2026/03/12 14:37:36.074640 [22;34mDEBUG[0m chunk:787,chunk-dur:38, timestamp:26000, od:728 - chunk_composer.go:299
2026/03/12 14:37:36.089261 [22;34mDEBUG[0m rd bitrate:9.766374 Mbps - server_session.go:136
2026/03/12 14:37:36.089301 [22;34mDEBUG[0m wr bitrate:0.000000 Mbps - server_session.go:137
2026/03/12 14:37:36.105662 [22;34mDEBUG[0m chunk:788,chunk-dur:31, timestamp:26034, od:729 - chunk_composer.go:299
2026/03/12 14:37:36.136358 [22;34mDEBUG[0m chunk:789,chunk-dur:31, timestamp:26067, od:730 - chunk_composer.go:299
2026/03/12 14:37:36.167641 [22;34mDEBUG[0m chunk:790,chunk-dur:31, timestamp:26100, od:731 - chunk_composer.go:299
2026/03/12 14:37:36.202612 [22;34mDEBUG[0m chunk:791,chunk-dur:35, timestamp:26134, od:732 - chunk_composer.go:299
2026/03/12 14:37:36.236270 [22;34mDEBUG[0m chunk:792,chunk-dur:34, timestamp:26167, od:733 - chunk_composer.go:299
2026/03/12 14:37:36.272127 [22;34mDEBUG[0m chunk:793,chunk-dur:33, timestamp:26200, od:734 - chunk_composer.go:299
2026/03/12 14:37:36.304469 [22;34mDEBUG[0m chunk:794,chunk-dur:35, timestamp:26234, od:735 - chunk_composer.go:299
2026/03/12 14:37:36.336295 [22;34mDEBUG[0m chunk:795,chunk-dur:32, timestamp:26267, od:736 - chunk_composer.go:299
2026/03/12 14:37:36.368044 [22;34mDEBUG[0m chunk:796,chunk-dur:32, timestamp:26300, od:737 - chunk_composer.go:299
2026/03/12 14:37:36.405106 [22;34mDEBUG[0m chunk:797,chunk-dur:37, timestamp:26334, od:738 - chunk_composer.go:299
2026/03/12 14:37:36.437479 [22;34mDEBUG[0m chunk:798,chunk-dur:32, timestamp:26367, od:739 - chunk_composer.go:299
2026/03/12 14:37:36.468731 [22;34mDEBUG[0m chunk:799,chunk-dur:31, timestamp:26400, od:740 - chunk_composer.go:299
2026/03/12 14:37:36.503642 [22;34mDEBUG[0m chunk:800,chunk-dur:35, timestamp:26434, od:741 - chunk_composer.go:299
2026/03/12 14:37:36.540864 [22;34mDEBUG[0m chunk:801,chunk-dur:37, timestamp:26467, od:742 - chunk_composer.go:299
2026/03/12 14:37:36.570971 [22;34mDEBUG[0m chunk:802,chunk-dur:30, timestamp:26500, od:743 - chunk_composer.go:299
2026/03/12 14:37:36.604637 [22;34mDEBUG[0m chunk:803,chunk-dur:34, timestamp:26534, od:744 - chunk_composer.go:299
2026/03/12 14:37:36.637059 [22;34mDEBUG[0m chunk:804,chunk-dur:33, timestamp:26567, od:745 - chunk_composer.go:299
2026/03/12 14:37:36.669087 [22;34mDEBUG[0m chunk:805,chunk-dur:32, timestamp:26600, od:746 - chunk_composer.go:299
2026/03/12 14:37:36.702542 [22;34mDEBUG[0m chunk:806,chunk-dur:33, timestamp:26634, od:747 - chunk_composer.go:299
2026/03/12 14:37:36.739561 [22;34mDEBUG[0m chunk:807,chunk-dur:37, timestamp:26667, od:748 - chunk_composer.go:299
2026/03/12 14:37:36.769786 [22;34mDEBUG[0m chunk:808,chunk-dur:30, timestamp:26700, od:749 - chunk_composer.go:299
2026/03/12 14:37:36.802462 [22;34mDEBUG[0m chunk:809,chunk-dur:33, timestamp:26734, od:750 - chunk_composer.go:299
2026/03/12 14:37:36.836410 [22;34mDEBUG[0m chunk:810,chunk-dur:34, timestamp:26767, od:751 - chunk_composer.go:299
2026/03/12 14:37:36.869682 [22;34mDEBUG[0m chunk:811,chunk-dur:33, timestamp:26800, od:752 - chunk_composer.go:299
2026/03/12 14:37:36.903315 [22;34mDEBUG[0m chunk:812,chunk-dur:34, timestamp:26834, od:753 - chunk_composer.go:299
2026/03/12 14:37:36.936415 [22;34mDEBUG[0m chunk:813,chunk-dur:33, timestamp:26867, od:754 - chunk_composer.go:299
2026/03/12 14:37:36.965468 [22;36m INFO[0m mean read bitrate:0.000084 Mbps - server_session.go:143
2026/03/12 14:37:36.965501 [22;36m INFO[0m mean write bitrate:6.669593 Mbps - server_session.go:144
2026/03/12 14:37:36.965506 [22;34mDEBUG[0m rd bitrate:0.000000 Mbps - server_session.go:136
2026/03/12 14:37:36.965508 [22;34mDEBUG[0m wr bitrate:10.651566 Mbps - server_session.go:137
2026/03/12 14:37:36.970213 [22;34mDEBUG[0m chunk:814,chunk-dur:34, timestamp:26900, od:755 - chunk_composer.go:299
2026/03/12 14:37:37.006909 [22;34mDEBUG[0m chunk:815,chunk-dur:36, timestamp:26934, od:756 - chunk_composer.go:299
2026/03/12 14:37:37.035969 [22;34mDEBUG[0m chunk:816,chunk-dur:29, timestamp:26967, od:757 - chunk_composer.go:299
2026/03/12 14:37:37.070398 [22;34mDEBUG[0m chunk:817,chunk-dur:35, timestamp:27000, od:758 - chunk_composer.go:299
2026/03/12 14:37:37.089419 [22;34mDEBUG[0m rd bitrate:9.917067 Mbps - server_session.go:136
2026/03/12 14:37:37.089473 [22;34mDEBUG[0m wr bitrate:0.000000 Mbps - server_session.go:137
2026/03/12 14:37:37.102751 [22;34mDEBUG[0m chunk:818,chunk-dur:32, timestamp:27034, od:759 - chunk_composer.go:299
2026/03/12 14:37:37.138682 [22;34mDEBUG[0m chunk:819,chunk-dur:36, timestamp:27067, od:760 - chunk_composer.go:299
2026/03/12 14:37:37.169848 [22;34mDEBUG[0m chunk:820,chunk-dur:31, timestamp:27100, od:761 - chunk_composer.go:299
2026/03/12 14:37:37.203000 [22;34mDEBUG[0m chunk:821,chunk-dur:33, timestamp:27134, od:762 - chunk_composer.go:299
2026/03/12 14:37:37.236049 [22;34mDEBUG[0m chunk:822,chunk-dur:34, timestamp:27167, od:763 - chunk_composer.go:299
2026/03/12 14:37:37.269236 [22;34mDEBUG[0m chunk:823,chunk-dur:33, timestamp:27200, od:764 - chunk_composer.go:299
2026/03/12 14:37:37.304240 [22;34mDEBUG[0m chunk:824,chunk-dur:35, timestamp:27234, od:765 - chunk_composer.go:299
2026/03/12 14:37:37.335621 [22;34mDEBUG[0m chunk:825,chunk-dur:31, timestamp:27267, od:766 - chunk_composer.go:299
2026/03/12 14:37:37.369373 [22;34mDEBUG[0m chunk:826,chunk-dur:34, timestamp:27300, od:767 - chunk_composer.go:299
2026/03/12 14:37:37.403688 [22;34mDEBUG[0m chunk:827,chunk-dur:34, timestamp:27334, od:768 - chunk_composer.go:299
2026/03/12 14:37:37.437683 [22;34mDEBUG[0m chunk:828,chunk-dur:34, timestamp:27367, od:769 - chunk_composer.go:299
2026/03/12 14:37:37.473075 [22;34mDEBUG[0m chunk:829,chunk-dur:36, timestamp:27400, od:770 - chunk_composer.go:299
2026/03/12 14:37:37.504376 [22;34mDEBUG[0m chunk:830,chunk-dur:31, timestamp:27434, od:771 - chunk_composer.go:299
2026/03/12 14:37:37.535268 [22;34mDEBUG[0m chunk:831,chunk-dur:31, timestamp:27467, od:772 - chunk_composer.go:299
2026/03/12 14:37:37.569536 [22;34mDEBUG[0m chunk:832,chunk-dur:34, timestamp:27500, od:773 - chunk_composer.go:299
2026/03/12 14:37:37.607309 [22;34mDEBUG[0m chunk:833,chunk-dur:38, timestamp:27534, od:774 - chunk_composer.go:299
2026/03/12 14:37:37.637817 [22;34mDEBUG[0m chunk:834,chunk-dur:30, timestamp:27567, od:775 - chunk_composer.go:299
2026/03/12 14:37:37.670964 [22;34mDEBUG[0m chunk:835,chunk-dur:33, timestamp:27600, od:776 - chunk_composer.go:299
2026/03/12 14:37:37.702920 [22;34mDEBUG[0m chunk:836,chunk-dur:32, timestamp:27634, od:777 - chunk_composer.go:299
2026/03/12 14:37:37.735564 [22;34mDEBUG[0m chunk:837,chunk-dur:33, timestamp:27667, od:778 - chunk_composer.go:299
2026/03/12 14:37:37.768740 [22;34mDEBUG[0m chunk:838,chunk-dur:33, timestamp:27700, od:779 - chunk_composer.go:299
2026/03/12 14:37:37.803831 [22;34mDEBUG[0m chunk:839,chunk-dur:35, timestamp:27734, od:780 - chunk_composer.go:299
2026/03/12 14:37:37.837050 [22;34mDEBUG[0m chunk:840,chunk-dur:34, timestamp:27767, od:781 - chunk_composer.go:299
2026/03/12 14:37:37.869210 [22;34mDEBUG[0m chunk:841,chunk-dur:32, timestamp:27800, od:782 - chunk_composer.go:299
2026/03/12 14:37:37.903509 [22;34mDEBUG[0m chunk:842,chunk-dur:34, timestamp:27834, od:783 - chunk_composer.go:299
2026/03/12 14:37:37.948793 [22;34mDEBUG[0m chunk:843,chunk-dur:45, timestamp:27867, od:784 - chunk_composer.go:299
2026/03/12 14:37:37.966037 [22;34mDEBUG[0m rd bitrate:0.000000 Mbps - server_session.go:136
2026/03/12 14:37:37.966104 [22;34mDEBUG[0m wr bitrate:9.406327 Mbps - server_session.go:137
2026/03/12 14:37:37.971765 [22;34mDEBUG[0m chunk:844,chunk-dur:23, timestamp:27900, od:785 - chunk_composer.go:299
2026/03/12 14:37:38.004203 [22;34mDEBUG[0m chunk:845,chunk-dur:33, timestamp:27934, od:786 - chunk_composer.go:299
2026/03/12 14:37:38.036719 [22;34mDEBUG[0m chunk:846,chunk-dur:32, timestamp:27967, od:787 - chunk_composer.go:299
2026/03/12 14:37:38.075736 [22;34mDEBUG[0m chunk:847,chunk-dur:39, timestamp:28000, od:788 - chunk_composer.go:299
2026/03/12 14:37:38.092856 [22;34mDEBUG[0m rd bitrate:9.921930 Mbps - server_session.go:136
2026/03/12 14:37:38.093038 [22;34mDEBUG[0m wr bitrate:0.000000 Mbps - server_session.go:137
2026/03/12 14:37:38.104373 [22;34mDEBUG[0m chunk:848,chunk-dur:29, timestamp:28034, od:789 - chunk_composer.go:299
2026/03/12 14:37:38.136426 [22;34mDEBUG[0m chunk:849,chunk-dur:32, timestamp:28067, od:790 - chunk_composer.go:299
2026/03/12 14:37:38.169277 [22;34mDEBUG[0m chunk:850,chunk-dur:33, timestamp:28100, od:791 - chunk_composer.go:299
2026/03/12 14:37:38.206449 [22;34mDEBUG[0m chunk:851,chunk-dur:37, timestamp:28134, od:792 - chunk_composer.go:299
2026/03/12 14:37:38.245557 [22;34mDEBUG[0m chunk:852,chunk-dur:39, timestamp:28167, od:793 - chunk_composer.go:299
2026/03/12 14:37:38.276530 [22;34mDEBUG[0m chunk:853,chunk-dur:31, timestamp:28200, od:794 - chunk_composer.go:299
2026/03/12 14:37:38.303534 [22;34mDEBUG[0m chunk:854,chunk-dur:27, timestamp:28234, od:795 - chunk_composer.go:299
2026/03/12 14:37:38.335775 [22;34mDEBUG[0m chunk:855,chunk-dur:32, timestamp:28267, od:796 - chunk_composer.go:299
2026/03/12 14:37:38.371480 [22;34mDEBUG[0m chunk:856,chunk-dur:36, timestamp:28300, od:797 - chunk_composer.go:299
2026/03/12 14:37:38.403413 [22;34mDEBUG[0m chunk:857,chunk-dur:32, timestamp:28334, od:798 - chunk_composer.go:299
2026/03/12 14:37:38.435142 [22;34mDEBUG[0m chunk:858,chunk-dur:32, timestamp:28367, od:799 - chunk_composer.go:299
2026/03/12 14:37:38.469210 [22;34mDEBUG[0m chunk:859,chunk-dur:34, timestamp:28400, od:800 - chunk_composer.go:299
2026/03/12 14:37:38.504165 [22;34mDEBUG[0m chunk:860,chunk-dur:35, timestamp:28434, od:801 - chunk_composer.go:299
2026/03/12 14:37:38.536975 [22;34mDEBUG[0m chunk:861,chunk-dur:32, timestamp:28467, od:802 - chunk_composer.go:299
2026/03/12 14:37:38.569098 [22;34mDEBUG[0m chunk:862,chunk-dur:33, timestamp:28500, od:803 - chunk_composer.go:299
2026/03/12 14:37:38.603447 [22;34mDEBUG[0m chunk:863,chunk-dur:34, timestamp:28534, od:804 - chunk_composer.go:299
2026/03/12 14:37:38.637165 [22;34mDEBUG[0m chunk:864,chunk-dur:34, timestamp:28567, od:805 - chunk_composer.go:299
2026/03/12 14:37:38.669447 [22;34mDEBUG[0m chunk:865,chunk-dur:32, timestamp:28600, od:806 - chunk_composer.go:299
2026/03/12 14:37:38.703503 [22;34mDEBUG[0m chunk:866,chunk-dur:34, timestamp:28634, od:807 - chunk_composer.go:299
2026/03/12 14:37:38.736801 [22;34mDEBUG[0m chunk:867,chunk-dur:33, timestamp:28667, od:808 - chunk_composer.go:299
2026/03/12 14:37:38.771446 [22;34mDEBUG[0m chunk:868,chunk-dur:35, timestamp:28700, od:809 - chunk_composer.go:299
2026/03/12 14:37:38.807169 [22;34mDEBUG[0m chunk:869,chunk-dur:36, timestamp:28734, od:810 - chunk_composer.go:299
2026/03/12 14:37:38.835608 [22;34mDEBUG[0m chunk:870,chunk-dur:28, timestamp:28767, od:811 - chunk_composer.go:299
2026/03/12 14:37:38.869250 [22;34mDEBUG[0m chunk:871,chunk-dur:34, timestamp:28800, od:812 - chunk_composer.go:299
2026/03/12 14:37:38.904401 [22;34mDEBUG[0m chunk:872,chunk-dur:35, timestamp:28834, od:813 - chunk_composer.go:299
2026/03/12 14:37:38.938208 [22;34mDEBUG[0m chunk:873,chunk-dur:34, timestamp:28867, od:814 - chunk_composer.go:299
2026/03/12 14:37:38.966388 [22;34mDEBUG[0m rd bitrate:0.000000 Mbps - server_session.go:136
2026/03/12 14:37:38.966481 [22;34mDEBUG[0m wr bitrate:10.465010 Mbps - server_session.go:137
2026/03/12 14:37:38.971099 [22;34mDEBUG[0m chunk:874,chunk-dur:33, timestamp:28900, od:815 - chunk_composer.go:299
2026/03/12 14:37:39.003166 [22;34mDEBUG[0m chunk:875,chunk-dur:32, timestamp:28934, od:816 - chunk_composer.go:299
2026/03/12 14:37:39.038590 [22;34mDEBUG[0m chunk:876,chunk-dur:35, timestamp:28967, od:817 - chunk_composer.go:299
2026/03/12 14:37:39.069026 [22;34mDEBUG[0m chunk:877,chunk-dur:31, timestamp:29000, od:818 - chunk_composer.go:299
2026/03/12 14:37:39.093442 [22;34mDEBUG[0m rd bitrate:9.762148 Mbps - server_session.go:136
2026/03/12 14:37:39.093512 [22;34mDEBUG[0m wr bitrate:0.000000 Mbps - server_session.go:137
2026/03/12 14:37:39.103713 [22;34mDEBUG[0m chunk:878,chunk-dur:34, timestamp:29034, od:819 - chunk_composer.go:299
2026/03/12 14:37:39.137538 [22;34mDEBUG[0m chunk:879,chunk-dur:34, timestamp:29067, od:820 - chunk_composer.go:299
2026/03/12 14:37:39.170578 [22;34mDEBUG[0m chunk:880,chunk-dur:33, timestamp:29100, od:821 - chunk_composer.go:299
2026/03/12 14:37:39.202980 [22;34mDEBUG[0m chunk:881,chunk-dur:32, timestamp:29134, od:822 - chunk_composer.go:299
2026/03/12 14:37:39.235748 [22;34mDEBUG[0m chunk:882,chunk-dur:33, timestamp:29167, od:823 - chunk_composer.go:299
2026/03/12 14:37:39.271421 [22;34mDEBUG[0m chunk:883,chunk-dur:36, timestamp:29200, od:824 - chunk_composer.go:299
2026/03/12 14:37:39.303370 [22;34mDEBUG[0m chunk:884,chunk-dur:32, timestamp:29234, od:825 - chunk_composer.go:299
2026/03/12 14:37:39.336204 [22;34mDEBUG[0m chunk:885,chunk-dur:33, timestamp:29267, od:826 - chunk_composer.go:299
2026/03/12 14:37:39.369369 [22;34mDEBUG[0m chunk:886,chunk-dur:33, timestamp:29300, od:827 - chunk_composer.go:299
2026/03/12 14:37:39.404996 [22;34mDEBUG[0m chunk:887,chunk-dur:35, timestamp:29334, od:828 - chunk_composer.go:299
2026/03/12 14:37:39.437273 [22;34mDEBUG[0m chunk:888,chunk-dur:33, timestamp:29367, od:829 - chunk_composer.go:299
2026/03/12 14:37:39.468432 [22;34mDEBUG[0m chunk:889,chunk-dur:31, timestamp:29400, od:830 - chunk_composer.go:299
2026/03/12 14:37:39.505212 [22;34mDEBUG[0m chunk:890,chunk-dur:37, timestamp:29434, od:831 - chunk_composer.go:299
2026/03/12 14:37:39.537341 [22;34mDEBUG[0m chunk:891,chunk-dur:32, timestamp:29467, od:832 - chunk_composer.go:299
2026/03/12 14:37:39.568678 [22;34mDEBUG[0m chunk:892,chunk-dur:31, timestamp:29500, od:833 - chunk_composer.go:299
2026/03/12 14:37:39.603477 [22;34mDEBUG[0m chunk:893,chunk-dur:35, timestamp:29534, od:834 - chunk_composer.go:299
2026/03/12 14:37:39.638783 [22;34mDEBUG[0m chunk:894,chunk-dur:35, timestamp:29567, od:835 - chunk_composer.go:299
2026/03/12 14:37:39.670267 [22;34mDEBUG[0m chunk:895,chunk-dur:32, timestamp:29600, od:836 - chunk_composer.go:299
2026/03/12 14:37:39.704015 [22;34mDEBUG[0m chunk:896,chunk-dur:34, timestamp:29634, od:837 - chunk_composer.go:299
2026/03/12 14:37:39.735812 [22;34mDEBUG[0m chunk:897,chunk-dur:31, timestamp:29667, od:838 - chunk_composer.go:299
2026/03/12 14:37:39.768570 [22;34mDEBUG[0m chunk:898,chunk-dur:33, timestamp:29700, od:839 - chunk_composer.go:299
2026/03/12 14:37:39.804419 [22;34mDEBUG[0m chunk:899,chunk-dur:36, timestamp:29734, od:840 - chunk_composer.go:299
2026/03/12 14:37:39.836743 [22;34mDEBUG[0m chunk:900,chunk-dur:32, timestamp:29767, od:841 - chunk_composer.go:299
2026/03/12 14:37:39.869060 [22;34mDEBUG[0m chunk:901,chunk-dur:33, timestamp:29800, od:842 - chunk_composer.go:299
2026/03/12 14:37:39.904293 [22;34mDEBUG[0m chunk:902,chunk-dur:35, timestamp:29834, od:843 - chunk_composer.go:299
2026/03/12 14:37:39.936475 [22;34mDEBUG[0m chunk:903,chunk-dur:32, timestamp:29867, od:844 - chunk_composer.go:299
2026/03/12 14:37:39.966849 [22;34mDEBUG[0m rd bitrate:0.000000 Mbps - server_session.go:136
2026/03/12 14:37:39.966976 [22;34mDEBUG[0m wr bitrate:8.501630 Mbps - server_session.go:137
2026/03/12 14:37:39.971738 [22;34mDEBUG[0m chunk:904,chunk-dur:35, timestamp:29900, od:845 - chunk_composer.go:299
2026/03/12 14:37:40.003127 [22;34mDEBUG[0m chunk:905,chunk-dur:32, timestamp:29934, od:846 - chunk_composer.go:299
2026/03/12 14:37:40.035412 [22;34mDEBUG[0m chunk:906,chunk-dur:32, timestamp:29967, od:847 - chunk_composer.go:299
2026/03/12 14:37:40.071786 [22;34mDEBUG[0m chunk:907,chunk-dur:36, timestamp:30000, od:848 - chunk_composer.go:299
2026/03/12 14:37:40.093937 [22;36m INFO[0m mean read bitrate:6.747240 Mbps - server_session.go:143
2026/03/12 14:37:40.093963 [22;36m INFO[0m mean write bitrate:0.000109 Mbps - server_session.go:144
2026/03/12 14:37:40.093968 [22;34mDEBUG[0m rd bitrate:8.763890 Mbps - server_session.go:136
2026/03/12 14:37:40.093970 [22;34mDEBUG[0m wr bitrate:0.000000 Mbps - server_session.go:137
2026/03/12 14:37:40.104684 [22;34mDEBUG[0m chunk:908,chunk-dur:33, timestamp:30034, od:849 - chunk_composer.go:299
2026/03/12 14:37:40.136205 [22;34mDEBUG[0m chunk:909,chunk-dur:32, timestamp:30067, od:850 - chunk_composer.go:299
2026/03/12 14:37:40.170360 [22;34mDEBUG[0m chunk:910,chunk-dur:34, timestamp:30100, od:851 - chunk_composer.go:299
2026/03/12 14:37:40.203314 [22;34mDEBUG[0m chunk:911,chunk-dur:33, timestamp:30134, od:852 - chunk_composer.go:299
2026/03/12 14:37:40.238421 [22;34mDEBUG[0m chunk:912,chunk-dur:35, timestamp:30167, od:853 - chunk_composer.go:299
2026/03/12 14:37:40.269251 [22;34mDEBUG[0m chunk:913,chunk-dur:31, timestamp:30200, od:854 - chunk_composer.go:299
2026/03/12 14:37:40.302299 [22;34mDEBUG[0m chunk:914,chunk-dur:33, timestamp:30234, od:855 - chunk_composer.go:299
2026/03/12 14:37:40.335367 [22;34mDEBUG[0m chunk:915,chunk-dur:33, timestamp:30267, od:856 - chunk_composer.go:299
2026/03/12 14:37:40.370042 [22;34mDEBUG[0m chunk:916,chunk-dur:35, timestamp:30300, od:857 - chunk_composer.go:299
2026/03/12 14:37:40.403941 [22;34mDEBUG[0m chunk:917,chunk-dur:33, timestamp:30334, od:858 - chunk_composer.go:299
2026/03/12 14:37:40.438113 [22;34mDEBUG[0m chunk:918,chunk-dur:35, timestamp:30367, od:859 - chunk_composer.go:299
2026/03/12 14:37:40.470086 [22;34mDEBUG[0m chunk:919,chunk-dur:32, timestamp:30400, od:860 - chunk_composer.go:299
2026/03/12 14:37:40.502956 [22;34mDEBUG[0m chunk:920,chunk-dur:32, timestamp:30434, od:861 - chunk_composer.go:299
2026/03/12 14:37:40.535864 [22;34mDEBUG[0m chunk:921,chunk-dur:33, timestamp:30467, od:862 - chunk_composer.go:299
2026/03/12 14:37:40.568426 [22;34mDEBUG[0m chunk:922,chunk-dur:33, timestamp:30500, od:863 - chunk_composer.go:299
2026/03/12 14:37:40.604853 [22;34mDEBUG[0m chunk:923,chunk-dur:36, timestamp:30534, od:864 - chunk_composer.go:299
2026/03/12 14:37:40.636036 [22;34mDEBUG[0m chunk:924,chunk-dur:32, timestamp:30567, od:865 - chunk_composer.go:299
2026/03/12 14:37:40.669090 [22;34mDEBUG[0m chunk:925,chunk-dur:33, timestamp:30600, od:866 - chunk_composer.go:299
2026/03/12 14:37:40.704228 [22;34mDEBUG[0m chunk:926,chunk-dur:35, timestamp:30634, od:867 - chunk_composer.go:299
2026/03/12 14:37:40.739352 [22;34mDEBUG[0m chunk:927,chunk-dur:35, timestamp:30667, od:868 - chunk_composer.go:299
2026/03/12 14:37:40.769791 [22;34mDEBUG[0m chunk:928,chunk-dur:30, timestamp:30700, od:869 - chunk_composer.go:299
2026/03/12 14:37:40.802708 [22;34mDEBUG[0m chunk:929,chunk-dur:33, timestamp:30734, od:870 - chunk_composer.go:299
2026/03/12 14:37:40.835356 [22;34mDEBUG[0m chunk:930,chunk-dur:33, timestamp:30767, od:871 - chunk_composer.go:299
2026/03/12 14:37:40.870580 [22;34mDEBUG[0m chunk:931,chunk-dur:35, timestamp:30800, od:872 - chunk_composer.go:299
2026/03/12 14:37:40.904287 [22;34mDEBUG[0m chunk:932,chunk-dur:34, timestamp:30834, od:873 - chunk_composer.go:299
2026/03/12 14:37:40.935956 [22;34mDEBUG[0m chunk:933,chunk-dur:31, timestamp:30867, od:874 - chunk_composer.go:299
2026/03/12 14:37:40.967228 [22;34mDEBUG[0m rd bitrate:0.000000 Mbps - server_session.go:136
2026/03/12 14:37:40.967252 [22;34mDEBUG[0m wr bitrate:10.228337 Mbps - server_session.go:137
2026/03/12 14:37:40.971278 [22;34mDEBUG[0m chunk:934,chunk-dur:36, timestamp:30900, od:875 - chunk_composer.go:299
2026/03/12 14:37:41.004505 [22;34mDEBUG[0m chunk:935,chunk-dur:33, timestamp:30934, od:876 - chunk_composer.go:299
2026/03/12 14:37:41.036416 [22;34mDEBUG[0m chunk:936,chunk-dur:32, timestamp:30967, od:877 - chunk_composer.go:299
2026/03/12 14:37:41.069406 [22;34mDEBUG[0m chunk:937,chunk-dur:33, timestamp:31000, od:878 - chunk_composer.go:299
2026/03/12 14:37:41.094605 [22;34mDEBUG[0m rd bitrate:10.061526 Mbps - server_session.go:136
2026/03/12 14:37:41.094625 [22;34mDEBUG[0m wr bitrate:0.000000 Mbps - server_session.go:137
2026/03/12 14:37:41.104392 [22;34mDEBUG[0m chunk:938,chunk-dur:35, timestamp:31034, od:879 - chunk_composer.go:299
2026/03/12 14:37:41.136920 [22;34mDEBUG[0m chunk:939,chunk-dur:32, timestamp:31067, od:880 - chunk_composer.go:299
2026/03/12 14:37:41.169413 [22;34mDEBUG[0m chunk:940,chunk-dur:33, timestamp:31100, od:881 - chunk_composer.go:299
2026/03/12 14:37:41.202586 [22;34mDEBUG[0m chunk:941,chunk-dur:33, timestamp:31134, od:882 - chunk_composer.go:299
2026/03/12 14:37:41.237363 [22;34mDEBUG[0m chunk:942,chunk-dur:35, timestamp:31167, od:883 - chunk_composer.go:299
2026/03/12 14:37:41.269624 [22;34mDEBUG[0m chunk:943,chunk-dur:32, timestamp:31200, od:884 - chunk_composer.go:299
2026/03/12 14:37:41.302753 [22;34mDEBUG[0m chunk:944,chunk-dur:33, timestamp:31234, od:885 - chunk_composer.go:299
2026/03/12 14:37:41.336304 [22;34mDEBUG[0m chunk:945,chunk-dur:34, timestamp:31267, od:886 - chunk_composer.go:299
2026/03/12 14:37:41.368972 [22;34mDEBUG[0m chunk:946,chunk-dur:32, timestamp:31300, od:887 - chunk_composer.go:299
2026/03/12 14:37:41.403298 [22;34mDEBUG[0m chunk:947,chunk-dur:35, timestamp:31334, od:888 - chunk_composer.go:299
2026/03/12 14:37:41.436951 [22;34mDEBUG[0m chunk:948,chunk-dur:33, timestamp:31367, od:889 - chunk_composer.go:299
2026/03/12 14:37:41.468476 [22;34mDEBUG[0m chunk:949,chunk-dur:32, timestamp:31400, od:890 - chunk_composer.go:299
2026/03/12 14:37:41.503378 [22;34mDEBUG[0m chunk:950,chunk-dur:35, timestamp:31434, od:891 - chunk_composer.go:299
2026/03/12 14:37:41.534721 [22;34mDEBUG[0m chunk:951,chunk-dur:31, timestamp:31467, od:892 - chunk_composer.go:299
2026/03/12 14:37:41.570699 [22;34mDEBUG[0m chunk:952,chunk-dur:36, timestamp:31500, od:893 - chunk_composer.go:299
2026/03/12 14:37:41.602845 [22;34mDEBUG[0m chunk:953,chunk-dur:32, timestamp:31534, od:894 - chunk_composer.go:299
2026/03/12 14:37:41.636754 [22;34mDEBUG[0m chunk:954,chunk-dur:34, timestamp:31567, od:895 - chunk_composer.go:299
2026/03/12 14:37:41.668084 [22;34mDEBUG[0m chunk:955,chunk-dur:32, timestamp:31600, od:896 - chunk_composer.go:299
2026/03/12 14:37:41.705075 [22;34mDEBUG[0m chunk:956,chunk-dur:37, timestamp:31634, od:897 - chunk_composer.go:299
2026/03/12 14:37:41.737323 [22;34mDEBUG[0m chunk:957,chunk-dur:32, timestamp:31667, od:898 - chunk_composer.go:299
2026/03/12 14:37:41.768078 [22;34mDEBUG[0m chunk:958,chunk-dur:31, timestamp:31700, od:899 - chunk_composer.go:299
2026/03/12 14:37:41.803098 [22;34mDEBUG[0m chunk:959,chunk-dur:35, timestamp:31734, od:900 - chunk_composer.go:299
2026/03/12 14:37:41.837418 [22;34mDEBUG[0m chunk:960,chunk-dur:34, timestamp:31767, od:901 - chunk_composer.go:299
2026/03/12 14:37:41.869001 [22;34mDEBUG[0m chunk:961,chunk-dur:31, timestamp:31800, od:902 - chunk_composer.go:299
2026/03/12 14:37:41.902716 [22;34mDEBUG[0m chunk:962,chunk-dur:34, timestamp:31834, od:903 - chunk_composer.go:299
2026/03/12 14:37:41.936546 [22;34mDEBUG[0m chunk:963,chunk-dur:34, timestamp:31867, od:904 - chunk_composer.go:299
2026/03/12 14:37:41.968174 [22;34mDEBUG[0m rd bitrate:0.000000 Mbps - server_session.go:136
2026/03/12 14:37:41.968190 [22;34mDEBUG[0m wr bitrate:9.613385 Mbps - server_session.go:137
2026/03/12 14:37:41.972549 [22;34mDEBUG[0m chunk:964,chunk-dur:36, timestamp:31900, od:905 - chunk_composer.go:299
2026/03/12 14:37:42.002599 [22;34mDEBUG[0m chunk:965,chunk-dur:30, timestamp:31934, od:906 - chunk_composer.go:299
2026/03/12 14:37:42.036118 [22;34mDEBUG[0m chunk:966,chunk-dur:34, timestamp:31967, od:907 - chunk_composer.go:299
2026/03/12 14:37:42.074371 [22;34mDEBUG[0m chunk:967,chunk-dur:38, timestamp:32000, od:908 - chunk_composer.go:299
2026/03/12 14:37:42.095197 [22;34mDEBUG[0m rd bitrate:10.193085 Mbps - server_session.go:136
2026/03/12 14:37:42.095211 [22;34mDEBUG[0m wr bitrate:0.000000 Mbps - server_session.go:137
2026/03/12 14:37:42.104705 [22;34mDEBUG[0m chunk:968,chunk-dur:30, timestamp:32034, od:909 - chunk_composer.go:299
2026/03/12 14:37:42.136532 [22;34mDEBUG[0m chunk:969,chunk-dur:32, timestamp:32067, od:910 - chunk_composer.go:299
2026/03/12 14:37:42.169403 [22;34mDEBUG[0m chunk:970,chunk-dur:33, timestamp:32100, od:911 - chunk_composer.go:299
2026/03/12 14:37:42.202030 [22;34mDEBUG[0m chunk:971,chunk-dur:33, timestamp:32134, od:912 - chunk_composer.go:299
2026/03/12 14:37:42.235565 [22;34mDEBUG[0m chunk:972,chunk-dur:33, timestamp:32167, od:913 - chunk_composer.go:299
2026/03/12 14:37:42.270503 [22;34mDEBUG[0m chunk:973,chunk-dur:35, timestamp:32200, od:914 - chunk_composer.go:299
2026/03/12 14:37:42.303452 [22;34mDEBUG[0m chunk:974,chunk-dur:33, timestamp:32234, od:915 - chunk_composer.go:299
2026/03/12 14:37:42.337747 [22;34mDEBUG[0m chunk:975,chunk-dur:34, timestamp:32267, od:916 - chunk_composer.go:299
2026/03/12 14:37:42.370693 [22;34mDEBUG[0m chunk:976,chunk-dur:33, timestamp:32300, od:917 - chunk_composer.go:299
2026/03/12 14:37:42.403947 [22;34mDEBUG[0m chunk:977,chunk-dur:33, timestamp:32334, od:918 - chunk_composer.go:299
2026/03/12 14:37:42.436554 [22;34mDEBUG[0m chunk:978,chunk-dur:33, timestamp:32367, od:919 - chunk_composer.go:299
2026/03/12 14:37:42.468529 [22;34mDEBUG[0m chunk:979,chunk-dur:32, timestamp:32400, od:920 - chunk_composer.go:299
2026/03/12 14:37:42.507192 [22;34mDEBUG[0m chunk:980,chunk-dur:39, timestamp:32434, od:921 - chunk_composer.go:299
2026/03/12 14:37:42.536199 [22;34mDEBUG[0m chunk:981,chunk-dur:29, timestamp:32467, od:922 - chunk_composer.go:299
2026/03/12 14:37:42.568919 [22;34mDEBUG[0m chunk:982,chunk-dur:32, timestamp:32500, od:923 - chunk_composer.go:299
2026/03/12 14:37:42.602445 [22;34mDEBUG[0m chunk:983,chunk-dur:34, timestamp:32534, od:924 - chunk_composer.go:299
2026/03/12 14:37:42.639701 [22;34mDEBUG[0m chunk:984,chunk-dur:37, timestamp:32567, od:925 - chunk_composer.go:299
2026/03/12 14:37:42.668762 [22;34mDEBUG[0m chunk:985,chunk-dur:29, timestamp:32600, od:926 - chunk_composer.go:299
2026/03/12 14:37:42.702838 [22;34mDEBUG[0m chunk:986,chunk-dur:34, timestamp:32634, od:927 - chunk_composer.go:299
2026/03/12 14:37:42.735633 [22;34mDEBUG[0m chunk:987,chunk-dur:33, timestamp:32667, od:928 - chunk_composer.go:299
2026/03/12 14:37:42.770063 [22;34mDEBUG[0m chunk:988,chunk-dur:34, timestamp:32700, od:929 - chunk_composer.go:299
2026/03/12 14:37:42.803486 [22;34mDEBUG[0m chunk:989,chunk-dur:34, timestamp:32734, od:930 - chunk_composer.go:299
2026/03/12 14:37:42.835465 [22;34mDEBUG[0m chunk:990,chunk-dur:32, timestamp:32767, od:931 - chunk_composer.go:299
2026/03/12 14:37:42.869351 [22;34mDEBUG[0m chunk:991,chunk-dur:34, timestamp:32800, od:932 - chunk_composer.go:299
2026/03/12 14:37:42.902664 [22;34mDEBUG[0m chunk:992,chunk-dur:33, timestamp:32834, od:933 - chunk_composer.go:299
2026/03/12 14:37:42.934923 [22;34mDEBUG[0m chunk:993,chunk-dur:32, timestamp:32867, od:934 - chunk_composer.go:299
2026/03/12 14:37:42.968893 [22;34mDEBUG[0m rd bitrate:0.000000 Mbps - server_session.go:136
2026/03/12 14:37:42.968924 [22;34mDEBUG[0m wr bitrate:9.063376 Mbps - server_session.go:137
2026/03/12 14:37:42.969534 [22;34mDEBUG[0m chunk:994,chunk-dur:35, timestamp:32900, od:935 - chunk_composer.go:299
2026/03/12 14:37:43.006741 [22;34mDEBUG[0m chunk:995,chunk-dur:37, timestamp:32934, od:936 - chunk_composer.go:299
2026/03/12 14:37:43.035489 [22;34mDEBUG[0m chunk:996,chunk-dur:29, timestamp:32967, od:937 - chunk_composer.go:299
2026/03/12 14:37:43.068467 [22;34mDEBUG[0m chunk:997,chunk-dur:33, timestamp:33000, od:938 - chunk_composer.go:299
2026/03/12 14:37:43.095500 [22;34mDEBUG[0m rd bitrate:8.167131 Mbps - server_session.go:136
2026/03/12 14:37:43.095520 [22;34mDEBUG[0m wr bitrate:0.000000 Mbps - server_session.go:137
2026/03/12 14:37:43.103644 [22;34mDEBUG[0m chunk:998,chunk-dur:35, timestamp:33034, od:939 - chunk_composer.go:299
2026/03/12 14:37:43.135950 [22;34mDEBUG[0m chunk:999,chunk-dur:32, timestamp:33067, od:940 - chunk_composer.go:299
2026/03/12 14:37:43.168628 [22;34mDEBUG[0m chunk:1000,chunk-dur:33, timestamp:33100, od:941 - chunk_composer.go:299
2026/03/12 14:37:43.203320 [22;34mDEBUG[0m chunk:1001,chunk-dur:35, timestamp:33134, od:942 - chunk_composer.go:299
2026/03/12 14:37:43.234764 [22;34mDEBUG[0m chunk:1002,chunk-dur:31, timestamp:33167, od:943 - chunk_composer.go:299
2026/03/12 14:37:43.270248 [22;34mDEBUG[0m chunk:1003,chunk-dur:36, timestamp:33200, od:944 - chunk_composer.go:299
2026/03/12 14:37:43.303942 [22;34mDEBUG[0m chunk:1004,chunk-dur:33, timestamp:33234, od:945 - chunk_composer.go:299
2026/03/12 14:37:43.336015 [22;34mDEBUG[0m chunk:1005,chunk-dur:33, timestamp:33267, od:946 - chunk_composer.go:299
2026/03/12 14:37:43.370159 [22;34mDEBUG[0m chunk:1006,chunk-dur:34, timestamp:33300, od:947 - chunk_composer.go:299
2026/03/12 14:37:43.403195 [22;34mDEBUG[0m chunk:1007,chunk-dur:33, timestamp:33334, od:948 - chunk_composer.go:299
2026/03/12 14:37:43.435662 [22;34mDEBUG[0m chunk:1008,chunk-dur:32, timestamp:33367, od:949 - chunk_composer.go:299
2026/03/12 14:37:43.468418 [22;34mDEBUG[0m chunk:1009,chunk-dur:33, timestamp:33400, od:950 - chunk_composer.go:299
2026/03/12 14:37:43.504313 [22;34mDEBUG[0m chunk:1010,chunk-dur:36, timestamp:33434, od:951 - chunk_composer.go:299
2026/03/12 14:37:43.535410 [22;34mDEBUG[0m chunk:1011,chunk-dur:31, timestamp:33467, od:952 - chunk_composer.go:299
2026/03/12 14:37:43.568289 [22;34mDEBUG[0m chunk:1012,chunk-dur:33, timestamp:33500, od:953 - chunk_composer.go:299
2026/03/12 14:37:43.602828 [22;34mDEBUG[0m chunk:1013,chunk-dur:34, timestamp:33534, od:954 - chunk_composer.go:299
2026/03/12 14:37:43.635641 [22;34mDEBUG[0m chunk:1014,chunk-dur:33, timestamp:33567, od:955 - chunk_composer.go:299
2026/03/12 14:37:43.668604 [22;34mDEBUG[0m chunk:1015,chunk-dur:33, timestamp:33600, od:956 - chunk_composer.go:299
2026/03/12 14:37:43.703968 [22;34mDEBUG[0m chunk:1016,chunk-dur:35, timestamp:33634, od:957 - chunk_composer.go:299
2026/03/12 14:37:43.736973 [22;34mDEBUG[0m chunk:1017,chunk-dur:33, timestamp:33667, od:958 - chunk_composer.go:299
2026/03/12 14:37:43.769282 [22;34mDEBUG[0m chunk:1018,chunk-dur:33, timestamp:33700, od:959 - chunk_composer.go:299
2026/03/12 14:37:43.803124 [22;34mDEBUG[0m chunk:1019,chunk-dur:34, timestamp:33734, od:960 - chunk_composer.go:299
2026/03/12 14:37:43.836623 [22;34mDEBUG[0m chunk:1020,chunk-dur:33, timestamp:33767, od:961 - chunk_composer.go:299
2026/03/12 14:37:43.870050 [22;34mDEBUG[0m chunk:1021,chunk-dur:34, timestamp:33800, od:962 - chunk_composer.go:299
2026/03/12 14:37:43.904463 [22;34mDEBUG[0m chunk:1022,chunk-dur:34, timestamp:33834, od:963 - chunk_composer.go:299
2026/03/12 14:37:43.936253 [22;34mDEBUG[0m chunk:1023,chunk-dur:32, timestamp:33867, od:964 - chunk_composer.go:299
2026/03/12 14:37:43.968273 [22;34mDEBUG[0m chunk:1024,chunk-dur:32, timestamp:33900, od:965 - chunk_composer.go:299
2026/03/12 14:37:43.969988 [22;34mDEBUG[0m rd bitrate:0.000000 Mbps - server_session.go:136
2026/03/12 14:37:43.970001 [22;34mDEBUG[0m wr bitrate:7.970001 Mbps - server_session.go:137
2026/03/12 14:37:44.004797 [22;34mDEBUG[0m chunk:1025,chunk-dur:36, timestamp:33934, od:966 - chunk_composer.go:299
2026/03/12 14:37:44.036060 [22;34mDEBUG[0m chunk:1026,chunk-dur:32, timestamp:33967, od:967 - chunk_composer.go:299
2026/03/12 14:37:44.076480 [22;34mDEBUG[0m chunk:1027,chunk-dur:40, timestamp:34000, od:968 - chunk_composer.go:299
2026/03/12 14:37:44.096487 [22;34mDEBUG[0m rd bitrate:8.927450 Mbps - server_session.go:136
2026/03/12 14:37:44.096514 [22;34mDEBUG[0m wr bitrate:0.000000 Mbps - server_session.go:137
2026/03/12 14:37:44.104673 [22;34mDEBUG[0m chunk:1028,chunk-dur:28, timestamp:34034, od:969 - chunk_composer.go:299
2026/03/12 14:37:44.136717 [22;34mDEBUG[0m chunk:1029,chunk-dur:32, timestamp:34067, od:970 - chunk_composer.go:299
2026/03/12 14:37:44.167617 [22;34mDEBUG[0m chunk:1030,chunk-dur:31, timestamp:34100, od:971 - chunk_composer.go:299
2026/03/12 14:37:44.202356 [22;34mDEBUG[0m chunk:1031,chunk-dur:35, timestamp:34134, od:972 - chunk_composer.go:299
2026/03/12 14:37:44.237819 [22;34mDEBUG[0m chunk:1032,chunk-dur:35, timestamp:34167, od:973 - chunk_composer.go:299
2026/03/12 14:37:44.268564 [22;34mDEBUG[0m chunk:1033,chunk-dur:31, timestamp:34200, od:974 - chunk_composer.go:299
2026/03/12 14:37:44.302540 [22;34mDEBUG[0m chunk:1034,chunk-dur:34, timestamp:34234, od:975 - chunk_composer.go:299
2026/03/12 14:37:44.335608 [22;34mDEBUG[0m chunk:1035,chunk-dur:33, timestamp:34267, od:976 - chunk_composer.go:299
2026/03/12 14:37:44.371374 [22;34mDEBUG[0m chunk:1036,chunk-dur:36, timestamp:34300, od:977 - chunk_composer.go:299
2026/03/12 14:37:44.403160 [22;34mDEBUG[0m chunk:1037,chunk-dur:32, timestamp:34334, od:978 - chunk_composer.go:299
2026/03/12 14:37:44.434860 [22;34mDEBUG[0m chunk:1038,chunk-dur:31, timestamp:34367, od:979 - chunk_composer.go:299
2026/03/12 14:37:44.468559 [22;34mDEBUG[0m chunk:1039,chunk-dur:34, timestamp:34400, od:980 - chunk_composer.go:299
2026/03/12 14:37:44.504627 [22;34mDEBUG[0m chunk:1040,chunk-dur:36, timestamp:34434, od:981 - chunk_composer.go:299
2026/03/12 14:37:44.536257 [22;34mDEBUG[0m chunk:1041,chunk-dur:32, timestamp:34467, od:982 - chunk_composer.go:299
2026/03/12 14:37:44.603162 [22;34mDEBUG[0m chunk:1042,chunk-dur:67, timestamp:34500, od:983 - chunk_composer.go:299
2026/03/12 14:37:44.603224 [22;34mDEBUG[0m chunk:1043,chunk-dur:0, timestamp:34534, od:983 - chunk_composer.go:299
2026/03/12 14:37:44.638286 [22;34mDEBUG[0m chunk:1044,chunk-dur:35, timestamp:34567, od:984 - chunk_composer.go:299
2026/03/12 14:37:44.669486 [22;34mDEBUG[0m chunk:1045,chunk-dur:31, timestamp:34600, od:985 - chunk_composer.go:299
2026/03/12 14:37:44.703170 [22;34mDEBUG[0m chunk:1046,chunk-dur:34, timestamp:34634, od:986 - chunk_composer.go:299
2026/03/12 14:37:44.735504 [22;34mDEBUG[0m chunk:1047,chunk-dur:32, timestamp:34667, od:987 - chunk_composer.go:299
2026/03/12 14:37:44.769053 [22;34mDEBUG[0m chunk:1048,chunk-dur:34, timestamp:34700, od:988 - chunk_composer.go:299
2026/03/12 14:37:44.803230 [22;34mDEBUG[0m chunk:1049,chunk-dur:34, timestamp:34734, od:989 - chunk_composer.go:299
2026/03/12 14:37:44.837216 [22;34mDEBUG[0m chunk:1050,chunk-dur:34, timestamp:34767, od:990 - chunk_composer.go:299
2026/03/12 14:37:44.873413 [22;34mDEBUG[0m chunk:1051,chunk-dur:36, timestamp:34800, od:991 - chunk_composer.go:299
2026/03/12 14:37:44.906739 [22;34mDEBUG[0m chunk:1052,chunk-dur:33, timestamp:34834, od:992 - chunk_composer.go:299
2026/03/12 14:37:44.935327 [22;34mDEBUG[0m chunk:1053,chunk-dur:29, timestamp:34867, od:993 - chunk_composer.go:299
2026/03/12 14:37:44.970189 [22;34mDEBUG[0m rd bitrate:0.000000 Mbps - server_session.go:136
2026/03/12 14:37:44.970301 [22;34mDEBUG[0m wr bitrate:7.548113 Mbps - server_session.go:137
2026/03/12 14:37:44.971260 [22;34mDEBUG[0m chunk:1054,chunk-dur:36, timestamp:34900, od:994 - chunk_composer.go:299
2026/03/12 14:37:45.002297 [22;34mDEBUG[0m chunk:1055,chunk-dur:31, timestamp:34934, od:995 - chunk_composer.go:299
2026/03/12 14:37:45.037103 [22;34mDEBUG[0m chunk:1056,chunk-dur:35, timestamp:34967, od:996 - chunk_composer.go:299
2026/03/12 14:37:45.068353 [22;34mDEBUG[0m chunk:1057,chunk-dur:31, timestamp:35000, od:997 - chunk_composer.go:299
2026/03/12 14:37:45.096945 [22;34mDEBUG[0m rd bitrate:6.353842 Mbps - server_session.go:136
2026/03/12 14:37:45.096965 [22;34mDEBUG[0m wr bitrate:0.000000 Mbps - server_session.go:137
2026/03/12 14:37:45.102318 [22;34mDEBUG[0m chunk:1058,chunk-dur:34, timestamp:35034, od:998 - chunk_composer.go:299
2026/03/12 14:37:45.135744 [22;34mDEBUG[0m chunk:1059,chunk-dur:33, timestamp:35067, od:999 - chunk_composer.go:299
2026/03/12 14:37:45.169676 [22;34mDEBUG[0m chunk:1060,chunk-dur:34, timestamp:35100, od:1000 - chunk_composer.go:299
2026/03/12 14:37:45.203074 [22;34mDEBUG[0m chunk:1061,chunk-dur:34, timestamp:35134, od:1001 - chunk_composer.go:299
2026/03/12 14:37:45.235858 [22;34mDEBUG[0m chunk:1062,chunk-dur:32, timestamp:35167, od:1002 - chunk_composer.go:299
2026/03/12 14:37:45.268928 [22;34mDEBUG[0m chunk:1063,chunk-dur:33, timestamp:35200, od:1003 - chunk_composer.go:299
2026/03/12 14:37:45.305525 [22;34mDEBUG[0m chunk:1064,chunk-dur:37, timestamp:35234, od:1004 - chunk_composer.go:299
2026/03/12 14:37:45.336098 [22;34mDEBUG[0m chunk:1065,chunk-dur:31, timestamp:35267, od:1005 - chunk_composer.go:299
2026/03/12 14:37:45.368614 [22;34mDEBUG[0m chunk:1066,chunk-dur:32, timestamp:35300, od:1006 - chunk_composer.go:299
2026/03/12 14:37:45.402557 [22;34mDEBUG[0m chunk:1067,chunk-dur:34, timestamp:35334, od:1007 - chunk_composer.go:299
2026/03/12 14:37:45.437726 [22;34mDEBUG[0m chunk:1068,chunk-dur:35, timestamp:35367, od:1008 - chunk_composer.go:299
2026/03/12 14:37:45.471629 [22;34mDEBUG[0m chunk:1069,chunk-dur:34, timestamp:35400, od:1009 - chunk_composer.go:299
2026/03/12 14:37:45.502964 [22;34mDEBUG[0m chunk:1070,chunk-dur:31, timestamp:35434, od:1010 - chunk_composer.go:299
2026/03/12 14:37:45.536557 [22;34mDEBUG[0m chunk:1071,chunk-dur:34, timestamp:35467, od:1011 - chunk_composer.go:299
2026/03/12 14:37:45.570981 [22;34mDEBUG[0m chunk:1072,chunk-dur:34, timestamp:35500, od:1012 - chunk_composer.go:299
2026/03/12 14:37:45.603068 [22;34mDEBUG[0m chunk:1073,chunk-dur:33, timestamp:35534, od:1013 - chunk_composer.go:299
2026/03/12 14:37:45.637415 [22;34mDEBUG[0m chunk:1074,chunk-dur:34, timestamp:35567, od:1014 - chunk_composer.go:299
2026/03/12 14:37:45.670431 [22;34mDEBUG[0m chunk:1075,chunk-dur:33, timestamp:35600, od:1015 - chunk_composer.go:299
2026/03/12 14:37:45.702675 [22;34mDEBUG[0m chunk:1076,chunk-dur:32, timestamp:35634, od:1016 - chunk_composer.go:299
2026/03/12 14:37:45.735408 [22;34mDEBUG[0m chunk:1077,chunk-dur:33, timestamp:35667, od:1017 - chunk_composer.go:299
2026/03/12 14:37:45.768058 [22;34mDEBUG[0m chunk:1078,chunk-dur:33, timestamp:35700, od:1018 - chunk_composer.go:299
2026/03/12 14:37:45.806083 [22;34mDEBUG[0m chunk:1079,chunk-dur:38, timestamp:35734, od:1019 - chunk_composer.go:299
2026/03/12 14:37:45.835755 [22;34mDEBUG[0m chunk:1080,chunk-dur:29, timestamp:35767, od:1020 - chunk_composer.go:299
2026/03/12 14:37:45.869113 [22;34mDEBUG[0m chunk:1081,chunk-dur:34, timestamp:35800, od:1021 - chunk_composer.go:299
2026/03/12 14:37:45.904466 [22;34mDEBUG[0m chunk:1082,chunk-dur:35, timestamp:35834, od:1022 - chunk_composer.go:299
2026/03/12 14:37:46.006273 [22;34mDEBUG[0m rd bitrate:0.000000 Mbps - server_session.go:136
2026/03/12 14:37:46.006410 [22;34mDEBUG[0m wr bitrate:6.739873 Mbps - server_session.go:137
2026/03/12 14:37:46.056492 [22;34mDEBUG[0m chunk:1083,chunk-dur:152, timestamp:35867, od:1023 - chunk_composer.go:299
2026/03/12 14:37:46.058039 [22;34mDEBUG[0m chunk:1084,chunk-dur:2, timestamp:35900, od:1023 - chunk_composer.go:299
2026/03/12 14:37:46.058508 [22;34mDEBUG[0m chunk:1085,chunk-dur:0, timestamp:35934, od:1023 - chunk_composer.go:299
2026/03/12 14:37:46.058587 [22;34mDEBUG[0m chunk:1086,chunk-dur:0, timestamp:35967, od:1023 - chunk_composer.go:299
2026/03/12 14:37:46.096997 [22;34mDEBUG[0m rd bitrate:8.952707 Mbps - server_session.go:136
2026/03/12 14:37:46.097016 [22;34mDEBUG[0m wr bitrate:0.000000 Mbps - server_session.go:137
2026/03/12 14:37:46.100615 [22;34mDEBUG[0m chunk:1087,chunk-dur:42, timestamp:36000, od:1024 - chunk_composer.go:299
2026/03/12 14:37:46.105472 [22;34mDEBUG[0m chunk:1088,chunk-dur:5, timestamp:36034, od:1024 - chunk_composer.go:299
2026/03/12 14:37:46.137073 [22;34mDEBUG[0m chunk:1089,chunk-dur:32, timestamp:36067, od:1025 - chunk_composer.go:299
2026/03/12 14:37:46.168978 [22;34mDEBUG[0m chunk:1090,chunk-dur:31, timestamp:36100, od:1026 - chunk_composer.go:299
2026/03/12 14:37:46.202379 [22;34mDEBUG[0m chunk:1091,chunk-dur:34, timestamp:36134, od:1027 - chunk_composer.go:299
2026/03/12 14:37:46.235965 [22;34mDEBUG[0m chunk:1092,chunk-dur:33, timestamp:36167, od:1028 - chunk_composer.go:299
2026/03/12 14:37:46.268596 [22;34mDEBUG[0m chunk:1093,chunk-dur:33, timestamp:36200, od:1029 - chunk_composer.go:299
2026/03/12 14:37:46.302345 [22;34mDEBUG[0m chunk:1094,chunk-dur:34, timestamp:36234, od:1030 - chunk_composer.go:299
2026/03/12 14:37:46.336097 [22;34mDEBUG[0m chunk:1095,chunk-dur:34, timestamp:36267, od:1031 - chunk_composer.go:299
2026/03/12 14:37:46.369734 [22;34mDEBUG[0m chunk:1096,chunk-dur:33, timestamp:36300, od:1032 - chunk_composer.go:299
2026/03/12 14:37:46.402748 [22;34mDEBUG[0m chunk:1097,chunk-dur:33, timestamp:36334, od:1033 - chunk_composer.go:299
2026/03/12 14:37:46.435484 [22;34mDEBUG[0m chunk:1098,chunk-dur:33, timestamp:36367, od:1034 - chunk_composer.go:299
2026/03/12 14:37:46.472062 [22;34mDEBUG[0m chunk:1099,chunk-dur:37, timestamp:36400, od:1035 - chunk_composer.go:299
2026/03/12 14:37:46.503137 [22;34mDEBUG[0m chunk:1100,chunk-dur:31, timestamp:36434, od:1036 - chunk_composer.go:299
2026/03/12 14:37:46.535455 [22;34mDEBUG[0m chunk:1101,chunk-dur:32, timestamp:36467, od:1037 - chunk_composer.go:299
2026/03/12 14:37:46.569396 [22;34mDEBUG[0m chunk:1102,chunk-dur:34, timestamp:36500, od:1038 - chunk_composer.go:299
2026/03/12 14:37:46.603156 [22;34mDEBUG[0m chunk:1103,chunk-dur:34, timestamp:36534, od:1039 - chunk_composer.go:299
2026/03/12 14:37:46.636126 [22;34mDEBUG[0m chunk:1104,chunk-dur:33, timestamp:36567, od:1040 - chunk_composer.go:299
2026/03/12 14:37:46.671187 [22;34mDEBUG[0m chunk:1105,chunk-dur:35, timestamp:36600, od:1041 - chunk_composer.go:299
2026/03/12 14:37:46.703533 [22;34mDEBUG[0m chunk:1106,chunk-dur:32, timestamp:36634, od:1042 - chunk_composer.go:299
2026/03/12 14:37:46.735423 [22;34mDEBUG[0m chunk:1107,chunk-dur:32, timestamp:36667, od:1043 - chunk_composer.go:299
2026/03/12 14:37:46.769850 [22;34mDEBUG[0m chunk:1108,chunk-dur:34, timestamp:36700, od:1044 - chunk_composer.go:299
2026/03/12 14:37:46.805033 [22;34mDEBUG[0m chunk:1109,chunk-dur:36, timestamp:36734, od:1045 - chunk_composer.go:299
2026/03/12 14:37:46.835812 [22;34mDEBUG[0m chunk:1110,chunk-dur:30, timestamp:36767, od:1046 - chunk_composer.go:299
2026/03/12 14:37:46.868083 [22;34mDEBUG[0m chunk:1111,chunk-dur:33, timestamp:36800, od:1047 - chunk_composer.go:299
2026/03/12 14:37:46.903256 [22;34mDEBUG[0m chunk:1112,chunk-dur:35, timestamp:36834, od:1048 - chunk_composer.go:299
2026/03/12 14:37:46.938187 [22;34mDEBUG[0m chunk:1113,chunk-dur:35, timestamp:36867, od:1049 - chunk_composer.go:299
2026/03/12 14:37:46.969308 [22;34mDEBUG[0m chunk:1114,chunk-dur:31, timestamp:36900, od:1050 - chunk_composer.go:299
2026/03/12 14:37:47.002693 [22;34mDEBUG[0m chunk:1115,chunk-dur:33, timestamp:36934, od:1051 - chunk_composer.go:299
2026/03/12 14:37:47.007116 [22;36m INFO[0m mean read bitrate:0.000056 Mbps - server_session.go:143
2026/03/12 14:37:47.007133 [22;36m INFO[0m mean write bitrate:7.452649 Mbps - server_session.go:144
2026/03/12 14:37:47.007139 [22;34mDEBUG[0m rd bitrate:0.000000 Mbps - server_session.go:136
2026/03/12 14:37:47.007142 [22;34mDEBUG[0m wr bitrate:10.382583 Mbps - server_session.go:137
2026/03/12 14:37:47.035145 [22;34mDEBUG[0m chunk:1116,chunk-dur:33, timestamp:36967, od:1052 - chunk_composer.go:299
2026/03/12 14:37:47.071661 [22;34mDEBUG[0m chunk:1117,chunk-dur:36, timestamp:37000, od:1053 - chunk_composer.go:299
2026/03/12 14:37:47.097659 [22;34mDEBUG[0m rd bitrate:8.316238 Mbps - server_session.go:136
2026/03/12 14:37:47.097688 [22;34mDEBUG[0m wr bitrate:0.000000 Mbps - server_session.go:137
2026/03/12 14:37:47.101809 [22;34mDEBUG[0m chunk:1118,chunk-dur:30, timestamp:37034, od:1054 - chunk_composer.go:299
2026/03/12 14:37:47.135373 [22;34mDEBUG[0m chunk:1119,chunk-dur:34, timestamp:37067, od:1055 - chunk_composer.go:299
2026/03/12 14:37:47.169501 [22;34mDEBUG[0m chunk:1120,chunk-dur:34, timestamp:37100, od:1056 - chunk_composer.go:299
2026/03/12 14:37:47.205147 [22;34mDEBUG[0m chunk:1121,chunk-dur:36, timestamp:37134, od:1057 - chunk_composer.go:299
2026/03/12 14:37:47.235685 [22;34mDEBUG[0m chunk:1122,chunk-dur:30, timestamp:37167, od:1058 - chunk_composer.go:299
2026/03/12 14:37:47.267686 [22;34mDEBUG[0m chunk:1123,chunk-dur:32, timestamp:37200, od:1059 - chunk_composer.go:299
2026/03/12 14:37:47.303033 [22;34mDEBUG[0m chunk:1124,chunk-dur:36, timestamp:37234, od:1060 - chunk_composer.go:299
2026/03/12 14:37:47.338302 [22;34mDEBUG[0m chunk:1125,chunk-dur:35, timestamp:37267, od:1061 - chunk_composer.go:299
2026/03/12 14:37:47.369197 [22;34mDEBUG[0m chunk:1126,chunk-dur:31, timestamp:37300, od:1062 - chunk_composer.go:299
2026/03/12 14:37:47.402307 [22;34mDEBUG[0m chunk:1127,chunk-dur:33, timestamp:37334, od:1063 - chunk_composer.go:299
2026/03/12 14:37:47.436028 [22;34mDEBUG[0m chunk:1128,chunk-dur:34, timestamp:37367, od:1064 - chunk_composer.go:299
2026/03/12 14:37:47.470023 [22;34mDEBUG[0m chunk:1129,chunk-dur:34, timestamp:37400, od:1065 - chunk_composer.go:299
2026/03/12 14:37:47.502504 [22;34mDEBUG[0m chunk:1130,chunk-dur:32, timestamp:37434, od:1066 - chunk_composer.go:299
2026/03/12 14:37:47.536347 [22;34mDEBUG[0m chunk:1131,chunk-dur:34, timestamp:37467, od:1067 - chunk_composer.go:299
2026/03/12 14:37:47.569375 [22;34mDEBUG[0m chunk:1132,chunk-dur:33, timestamp:37500, od:1068 - chunk_composer.go:299
2026/03/12 14:37:47.603153 [22;34mDEBUG[0m chunk:1133,chunk-dur:34, timestamp:37534, od:1069 - chunk_composer.go:299
2026/03/12 14:37:47.636204 [22;34mDEBUG[0m chunk:1134,chunk-dur:33, timestamp:37567, od:1070 - chunk_composer.go:299
2026/03/12 14:37:47.669490 [22;34mDEBUG[0m chunk:1135,chunk-dur:33, timestamp:37600, od:1071 - chunk_composer.go:299
2026/03/12 14:37:47.703552 [22;34mDEBUG[0m chunk:1136,chunk-dur:34, timestamp:37634, od:1072 - chunk_composer.go:299
2026/03/12 14:37:47.736271 [22;34mDEBUG[0m chunk:1137,chunk-dur:33, timestamp:37667, od:1073 - chunk_composer.go:299
2026/03/12 14:37:47.769056 [22;34mDEBUG[0m chunk:1138,chunk-dur:33, timestamp:37700, od:1074 - chunk_composer.go:299
2026/03/12 14:37:47.806115 [22;34mDEBUG[0m chunk:1139,chunk-dur:37, timestamp:37734, od:1075 - chunk_composer.go:299
2026/03/12 14:37:47.836171 [22;34mDEBUG[0m chunk:1140,chunk-dur:30, timestamp:37767, od:1076 - chunk_composer.go:299
2026/03/12 14:37:47.869114 [22;34mDEBUG[0m chunk:1141,chunk-dur:33, timestamp:37800, od:1077 - chunk_composer.go:299
2026/03/12 14:37:47.904463 [22;34mDEBUG[0m chunk:1142,chunk-dur:35, timestamp:37834, od:1078 - chunk_composer.go:299
2026/03/12 14:37:47.935827 [22;34mDEBUG[0m chunk:1143,chunk-dur:31, timestamp:37867, od:1079 - chunk_composer.go:299
2026/03/12 14:37:47.968150 [22;34mDEBUG[0m chunk:1144,chunk-dur:33, timestamp:37900, od:1080 - chunk_composer.go:299
2026/03/12 14:37:48.003585 [22;34mDEBUG[0m chunk:1145,chunk-dur:35, timestamp:37934, od:1081 - chunk_composer.go:299
2026/03/12 14:37:48.007943 [22;34mDEBUG[0m rd bitrate:0.000000 Mbps - server_session.go:136
2026/03/12 14:37:48.007984 [22;34mDEBUG[0m wr bitrate:7.038823 Mbps - server_session.go:137
2026/03/12 14:37:48.040140 [22;34mDEBUG[0m chunk:1146,chunk-dur:37, timestamp:37967, od:1082 - chunk_composer.go:299
2026/03/12 14:37:48.081240 [22;34mDEBUG[0m chunk:1147,chunk-dur:41, timestamp:38000, od:1083 - chunk_composer.go:299
2026/03/12 14:37:48.098320 [22;34mDEBUG[0m rd bitrate:8.527907 Mbps - server_session.go:136
2026/03/12 14:37:48.098344 [22;34mDEBUG[0m wr bitrate:0.000000 Mbps - server_session.go:137
2026/03/12 14:37:48.103786 [22;34mDEBUG[0m chunk:1148,chunk-dur:22, timestamp:38034, od:1084 - chunk_composer.go:299
2026/03/12 14:37:48.135725 [22;34mDEBUG[0m chunk:1149,chunk-dur:32, timestamp:38067, od:1085 - chunk_composer.go:299
2026/03/12 14:37:48.168988 [22;34mDEBUG[0m chunk:1150,chunk-dur:33, timestamp:38100, od:1086 - chunk_composer.go:299
2026/03/12 14:37:48.203107 [22;34mDEBUG[0m chunk:1151,chunk-dur:35, timestamp:38134, od:1087 - chunk_composer.go:299
2026/03/12 14:37:48.240248 [22;34mDEBUG[0m chunk:1152,chunk-dur:37, timestamp:38167, od:1088 - chunk_composer.go:299
2026/03/12 14:37:48.268632 [22;34mDEBUG[0m chunk:1153,chunk-dur:28, timestamp:38200, od:1089 - chunk_composer.go:299
2026/03/12 14:37:48.304560 [22;34mDEBUG[0m chunk:1154,chunk-dur:36, timestamp:38234, od:1090 - chunk_composer.go:299
2026/03/12 14:37:48.338584 [22;34mDEBUG[0m chunk:1155,chunk-dur:34, timestamp:38267, od:1091 - chunk_composer.go:299
2026/03/12 14:37:48.374750 [22;34mDEBUG[0m chunk:1156,chunk-dur:36, timestamp:38300, od:1092 - chunk_composer.go:299
2026/03/12 14:37:48.402258 [22;34mDEBUG[0m chunk:1157,chunk-dur:28, timestamp:38334, od:1093 - chunk_composer.go:299
2026/03/12 14:37:48.435667 [22;34mDEBUG[0m chunk:1158,chunk-dur:33, timestamp:38367, od:1094 - chunk_composer.go:299
2026/03/12 14:37:48.468391 [22;34mDEBUG[0m chunk:1159,chunk-dur:33, timestamp:38400, od:1095 - chunk_composer.go:299
2026/03/12 14:37:48.505171 [22;34mDEBUG[0m chunk:1160,chunk-dur:37, timestamp:38434, od:1096 - chunk_composer.go:299
2026/03/12 14:37:48.536692 [22;34mDEBUG[0m chunk:1161,chunk-dur:31, timestamp:38467, od:1097 - chunk_composer.go:299
2026/03/12 14:37:48.568470 [22;34mDEBUG[0m chunk:1162,chunk-dur:32, timestamp:38500, od:1098 - chunk_composer.go:299
2026/03/12 14:37:48.602552 [22;34mDEBUG[0m chunk:1163,chunk-dur:34, timestamp:38534, od:1099 - chunk_composer.go:299
2026/03/12 14:37:48.636609 [22;34mDEBUG[0m chunk:1164,chunk-dur:34, timestamp:38567, od:1100 - chunk_composer.go:299
2026/03/12 14:37:48.668381 [22;34mDEBUG[0m chunk:1165,chunk-dur:32, timestamp:38600, od:1101 - chunk_composer.go:299
2026/03/12 14:37:48.702396 [22;34mDEBUG[0m chunk:1166,chunk-dur:34, timestamp:38634, od:1102 - chunk_composer.go:299
2026/03/12 14:37:48.737762 [22;34mDEBUG[0m chunk:1167,chunk-dur:35, timestamp:38667, od:1103 - chunk_composer.go:299
2026/03/12 14:37:48.770098 [22;34mDEBUG[0m chunk:1168,chunk-dur:33, timestamp:38700, od:1104 - chunk_composer.go:299
2026/03/12 14:37:48.804136 [22;34mDEBUG[0m chunk:1169,chunk-dur:34, timestamp:38734, od:1105 - chunk_composer.go:299
2026/03/12 14:37:48.836077 [22;34mDEBUG[0m chunk:1170,chunk-dur:32, timestamp:38767, od:1106 - chunk_composer.go:299
2026/03/12 14:37:48.868350 [22;34mDEBUG[0m chunk:1171,chunk-dur:32, timestamp:38800, od:1107 - chunk_composer.go:299
2026/03/12 14:37:48.906081 [22;34mDEBUG[0m chunk:1172,chunk-dur:38, timestamp:38834, od:1108 - chunk_composer.go:299
2026/03/12 14:37:48.936172 [22;34mDEBUG[0m chunk:1173,chunk-dur:30, timestamp:38867, od:1109 - chunk_composer.go:299
2026/03/12 14:37:48.969256 [22;34mDEBUG[0m chunk:1174,chunk-dur:33, timestamp:38900, od:1110 - chunk_composer.go:299
2026/03/12 14:37:49.004499 [22;34mDEBUG[0m chunk:1175,chunk-dur:35, timestamp:38934, od:1111 - chunk_composer.go:299
2026/03/12 14:37:49.008417 [22;34mDEBUG[0m rd bitrate:0.000000 Mbps - server_session.go:136
2026/03/12 14:37:49.008445 [22;34mDEBUG[0m wr bitrate:8.488152 Mbps - server_session.go:137
2026/03/12 14:37:49.038140 [22;34mDEBUG[0m chunk:1176,chunk-dur:34, timestamp:38967, od:1112 - chunk_composer.go:299
2026/03/12 14:37:49.068381 [22;34mDEBUG[0m chunk:1177,chunk-dur:30, timestamp:39000, od:1113 - chunk_composer.go:299
2026/03/12 14:37:49.098394 [22;34mDEBUG[0m rd bitrate:6.558894 Mbps - server_session.go:136
2026/03/12 14:37:49.098444 [22;34mDEBUG[0m wr bitrate:0.000000 Mbps - server_session.go:137
2026/03/12 14:37:49.103681 [22;34mDEBUG[0m chunk:1178,chunk-dur:35, timestamp:39034, od:1114 - chunk_composer.go:299
2026/03/12 14:37:49.135754 [22;34mDEBUG[0m chunk:1179,chunk-dur:32, timestamp:39067, od:1115 - chunk_composer.go:299
2026/03/12 14:37:49.170753 [22;34mDEBUG[0m chunk:1180,chunk-dur:35, timestamp:39100, od:1116 - chunk_composer.go:299
2026/03/12 14:37:49.204832 [22;34mDEBUG[0m chunk:1181,chunk-dur:34, timestamp:39134, od:1117 - chunk_composer.go:299
2026/03/12 14:37:49.236237 [22;34mDEBUG[0m chunk:1182,chunk-dur:32, timestamp:39167, od:1118 - chunk_composer.go:299
2026/03/12 14:37:49.269193 [22;34mDEBUG[0m chunk:1183,chunk-dur:33, timestamp:39200, od:1119 - chunk_composer.go:299
2026/03/12 14:37:49.303324 [22;34mDEBUG[0m chunk:1184,chunk-dur:34, timestamp:39234, od:1120 - chunk_composer.go:299
2026/03/12 14:37:49.337056 [22;34mDEBUG[0m chunk:1185,chunk-dur:34, timestamp:39267, od:1121 - chunk_composer.go:299
2026/03/12 14:37:49.368189 [22;34mDEBUG[0m chunk:1186,chunk-dur:31, timestamp:39300, od:1122 - chunk_composer.go:299
2026/03/12 14:37:49.404481 [22;34mDEBUG[0m chunk:1187,chunk-dur:36, timestamp:39334, od:1123 - chunk_composer.go:299
2026/03/12 14:37:49.435761 [22;34mDEBUG[0m chunk:1188,chunk-dur:31, timestamp:39367, od:1124 - chunk_composer.go:299
2026/03/12 14:37:49.468640 [22;34mDEBUG[0m chunk:1189,chunk-dur:33, timestamp:39400, od:1125 - chunk_composer.go:299
2026/03/12 14:37:49.503381 [22;34mDEBUG[0m chunk:1190,chunk-dur:35, timestamp:39434, od:1126 - chunk_composer.go:299
2026/03/12 14:37:49.537017 [22;34mDEBUG[0m chunk:1191,chunk-dur:34, timestamp:39467, od:1127 - chunk_composer.go:299
2026/03/12 14:37:49.568634 [22;34mDEBUG[0m chunk:1192,chunk-dur:31, timestamp:39500, od:1128 - chunk_composer.go:299
2026/03/12 14:37:49.601638 [22;34mDEBUG[0m chunk:1193,chunk-dur:33, timestamp:39534, od:1129 - chunk_composer.go:299
2026/03/12 14:37:49.636186 [22;34mDEBUG[0m chunk:1194,chunk-dur:35, timestamp:39567, od:1130 - chunk_composer.go:299
2026/03/12 14:37:49.669548 [22;34mDEBUG[0m chunk:1195,chunk-dur:33, timestamp:39600, od:1131 - chunk_composer.go:299
2026/03/12 14:37:49.702475 [22;34mDEBUG[0m chunk:1196,chunk-dur:33, timestamp:39634, od:1132 - chunk_composer.go:299
2026/03/12 14:37:49.736211 [22;34mDEBUG[0m chunk:1197,chunk-dur:34, timestamp:39667, od:1133 - chunk_composer.go:299
2026/03/12 14:37:49.768427 [22;34mDEBUG[0m chunk:1198,chunk-dur:32, timestamp:39700, od:1134 - chunk_composer.go:299
2026/03/12 14:37:49.803199 [22;34mDEBUG[0m chunk:1199,chunk-dur:35, timestamp:39734, od:1135 - chunk_composer.go:299
2026/03/12 14:37:49.836423 [22;34mDEBUG[0m chunk:1200,chunk-dur:33, timestamp:39767, od:1136 - chunk_composer.go:299
2026/03/12 14:37:49.868625 [22;34mDEBUG[0m chunk:1201,chunk-dur:32, timestamp:39800, od:1137 - chunk_composer.go:299
2026/03/12 14:37:49.902675 [22;34mDEBUG[0m chunk:1202,chunk-dur:34, timestamp:39834, od:1138 - chunk_composer.go:299
2026/03/12 14:37:49.937974 [22;34mDEBUG[0m chunk:1203,chunk-dur:35, timestamp:39867, od:1139 - chunk_composer.go:299
2026/03/12 14:37:49.969236 [22;34mDEBUG[0m chunk:1204,chunk-dur:32, timestamp:39900, od:1140 - chunk_composer.go:299
2026/03/12 14:37:50.002981 [22;34mDEBUG[0m chunk:1205,chunk-dur:33, timestamp:39934, od:1141 - chunk_composer.go:299
2026/03/12 14:37:50.008509 [22;34mDEBUG[0m rd bitrate:0.000000 Mbps - server_session.go:136
2026/03/12 14:37:50.008519 [22;34mDEBUG[0m wr bitrate:7.006705 Mbps - server_session.go:137
2026/03/12 14:37:50.035378 [22;34mDEBUG[0m chunk:1206,chunk-dur:33, timestamp:39967, od:1142 - chunk_composer.go:299
2026/03/12 14:37:50.078067 [22;34mDEBUG[0m chunk:1207,chunk-dur:43, timestamp:40000, od:1143 - chunk_composer.go:299
2026/03/12 14:37:50.098819 [22;36m INFO[0m mean read bitrate:7.180997 Mbps - server_session.go:143
2026/03/12 14:37:50.098957 [22;36m INFO[0m mean write bitrate:0.000081 Mbps - server_session.go:144
2026/03/12 14:37:50.098968 [22;34mDEBUG[0m rd bitrate:9.096538 Mbps - server_session.go:136
2026/03/12 14:37:50.098971 [22;34mDEBUG[0m wr bitrate:0.000000 Mbps - server_session.go:137
2026/03/12 14:37:50.102413 [22;34mDEBUG[0m chunk:1208,chunk-dur:24, timestamp:40034, od:1144 - chunk_composer.go:299
2026/03/12 14:37:50.136056 [22;34mDEBUG[0m chunk:1209,chunk-dur:33, timestamp:40067, od:1145 - chunk_composer.go:299
2026/03/12 14:37:50.168263 [22;34mDEBUG[0m chunk:1210,chunk-dur:33, timestamp:40100, od:1146 - chunk_composer.go:299
2026/03/12 14:37:50.204364 [22;34mDEBUG[0m chunk:1211,chunk-dur:36, timestamp:40134, od:1147 - chunk_composer.go:299
2026/03/12 14:37:50.235216 [22;34mDEBUG[0m chunk:1212,chunk-dur:31, timestamp:40167, od:1148 - chunk_composer.go:299
2026/03/12 14:37:50.269992 [22;34mDEBUG[0m chunk:1213,chunk-dur:34, timestamp:40200, od:1149 - chunk_composer.go:299
2026/03/12 14:37:50.302343 [22;34mDEBUG[0m chunk:1214,chunk-dur:33, timestamp:40234, od:1150 - chunk_composer.go:299
2026/03/12 14:37:50.335217 [22;34mDEBUG[0m chunk:1215,chunk-dur:33, timestamp:40267, od:1151 - chunk_composer.go:299
2026/03/12 14:37:50.369322 [22;34mDEBUG[0m chunk:1216,chunk-dur:34, timestamp:40300, od:1152 - chunk_composer.go:299
2026/03/12 14:37:50.405515 [22;34mDEBUG[0m chunk:1217,chunk-dur:36, timestamp:40334, od:1153 - chunk_composer.go:299
2026/03/12 14:37:50.435763 [22;34mDEBUG[0m chunk:1218,chunk-dur:30, timestamp:40367, od:1154 - chunk_composer.go:299
2026/03/12 14:37:50.468739 [22;34mDEBUG[0m chunk:1219,chunk-dur:33, timestamp:40400, od:1155 - chunk_composer.go:299
2026/03/12 14:37:50.502056 [22;34mDEBUG[0m chunk:1220,chunk-dur:34, timestamp:40434, od:1156 - chunk_composer.go:299
2026/03/12 14:37:50.538495 [22;34mDEBUG[0m chunk:1221,chunk-dur:36, timestamp:40467, od:1157 - chunk_composer.go:299
2026/03/12 14:37:50.569227 [22;34mDEBUG[0m chunk:1222,chunk-dur:31, timestamp:40500, od:1158 - chunk_composer.go:299
2026/03/12 14:37:50.602958 [22;34mDEBUG[0m chunk:1223,chunk-dur:33, timestamp:40534, od:1159 - chunk_composer.go:299
2026/03/12 14:37:50.635628 [22;34mDEBUG[0m chunk:1224,chunk-dur:33, timestamp:40567, od:1160 - chunk_composer.go:299
2026/03/12 14:37:50.670446 [22;34mDEBUG[0m chunk:1225,chunk-dur:35, timestamp:40600, od:1161 - chunk_composer.go:299
2026/03/12 14:37:50.702086 [22;34mDEBUG[0m chunk:1226,chunk-dur:32, timestamp:40634, od:1162 - chunk_composer.go:299
2026/03/12 14:37:50.735622 [22;34mDEBUG[0m chunk:1227,chunk-dur:33, timestamp:40667, od:1163 - chunk_composer.go:299
2026/03/12 14:37:50.768118 [22;34mDEBUG[0m chunk:1228,chunk-dur:33, timestamp:40700, od:1164 - chunk_composer.go:299
2026/03/12 14:37:50.804996 [22;34mDEBUG[0m chunk:1229,chunk-dur:36, timestamp:40734, od:1165 - chunk_composer.go:299
2026/03/12 14:37:50.835959 [22;34mDEBUG[0m chunk:1230,chunk-dur:31, timestamp:40767, od:1166 - chunk_composer.go:299
2026/03/12 14:37:50.870040 [22;34mDEBUG[0m chunk:1231,chunk-dur:35, timestamp:40800, od:1167 - chunk_composer.go:299
2026/03/12 14:37:50.902616 [22;34mDEBUG[0m chunk:1232,chunk-dur:32, timestamp:40834, od:1168 - chunk_composer.go:299
2026/03/12 14:37:50.937333 [22;34mDEBUG[0m chunk:1233,chunk-dur:35, timestamp:40867, od:1169 - chunk_composer.go:299
2026/03/12 14:37:50.969509 [22;34mDEBUG[0m chunk:1234,chunk-dur:32, timestamp:40900, od:1170 - chunk_composer.go:299
2026/03/12 14:37:51.002792 [22;34mDEBUG[0m chunk:1235,chunk-dur:33, timestamp:40934, od:1171 - chunk_composer.go:299
2026/03/12 14:37:51.008958 [22;34mDEBUG[0m rd bitrate:0.000000 Mbps - server_session.go:136
2026/03/12 14:37:51.008973 [22;34mDEBUG[0m wr bitrate:7.392001 Mbps - server_session.go:137
2026/03/12 14:37:51.035385 [22;34mDEBUG[0m chunk:1236,chunk-dur:33, timestamp:40967, od:1172 - chunk_composer.go:299
2026/03/12 14:37:51.071228 [22;34mDEBUG[0m chunk:1237,chunk-dur:36, timestamp:41000, od:1173 - chunk_composer.go:299
2026/03/12 14:37:51.099801 [22;34mDEBUG[0m rd bitrate:5.929881 Mbps - server_session.go:136
2026/03/12 14:37:51.099834 [22;34mDEBUG[0m wr bitrate:0.000000 Mbps - server_session.go:137
2026/03/12 14:37:51.103430 [22;34mDEBUG[0m chunk:1238,chunk-dur:32, timestamp:41034, od:1174 - chunk_composer.go:299
2026/03/12 14:37:51.137755 [22;34mDEBUG[0m chunk:1239,chunk-dur:34, timestamp:41067, od:1175 - chunk_composer.go:299
2026/03/12 14:37:51.170536 [22;34mDEBUG[0m chunk:1240,chunk-dur:33, timestamp:41100, od:1176 - chunk_composer.go:299
2026/03/12 14:37:51.206161 [22;34mDEBUG[0m chunk:1241,chunk-dur:36, timestamp:41134, od:1177 - chunk_composer.go:299
2026/03/12 14:37:51.236498 [22;34mDEBUG[0m chunk:1242,chunk-dur:30, timestamp:41167, od:1178 - chunk_composer.go:299
2026/03/12 14:37:51.269823 [22;34mDEBUG[0m chunk:1243,chunk-dur:33, timestamp:41200, od:1179 - chunk_composer.go:299
2026/03/12 14:37:51.302608 [22;34mDEBUG[0m chunk:1244,chunk-dur:33, timestamp:41234, od:1180 - chunk_composer.go:299
2026/03/12 14:37:51.335398 [22;34mDEBUG[0m chunk:1245,chunk-dur:33, timestamp:41267, od:1181 - chunk_composer.go:299
2026/03/12 14:37:51.371343 [22;34mDEBUG[0m chunk:1246,chunk-dur:36, timestamp:41300, od:1182 - chunk_composer.go:299
2026/03/12 14:37:51.403035 [22;34mDEBUG[0m chunk:1247,chunk-dur:32, timestamp:41334, od:1183 - chunk_composer.go:299
2026/03/12 14:37:51.437405 [22;34mDEBUG[0m chunk:1248,chunk-dur:34, timestamp:41367, od:1184 - chunk_composer.go:299
2026/03/12 14:37:51.470832 [22;34mDEBUG[0m chunk:1249,chunk-dur:33, timestamp:41400, od:1185 - chunk_composer.go:299
2026/03/12 14:37:51.505250 [22;34mDEBUG[0m chunk:1250,chunk-dur:35, timestamp:41434, od:1186 - chunk_composer.go:299
2026/03/12 14:37:51.536212 [22;34mDEBUG[0m chunk:1251,chunk-dur:31, timestamp:41467, od:1187 - chunk_composer.go:299
2026/03/12 14:37:51.571193 [22;34mDEBUG[0m chunk:1252,chunk-dur:35, timestamp:41500, od:1188 - chunk_composer.go:299
2026/03/12 14:37:51.603547 [22;34mDEBUG[0m chunk:1253,chunk-dur:32, timestamp:41534, od:1189 - chunk_composer.go:299
2026/03/12 14:37:51.636970 [22;34mDEBUG[0m chunk:1254,chunk-dur:33, timestamp:41567, od:1190 - chunk_composer.go:299
2026/03/12 14:37:51.669338 [22;34mDEBUG[0m chunk:1255,chunk-dur:33, timestamp:41600, od:1191 - chunk_composer.go:299
2026/03/12 14:37:51.704460 [22;34mDEBUG[0m chunk:1256,chunk-dur:35, timestamp:41634, od:1192 - chunk_composer.go:299
2026/03/12 14:37:51.735582 [22;34mDEBUG[0m chunk:1257,chunk-dur:31, timestamp:41667, od:1193 - chunk_composer.go:299
2026/03/12 14:37:51.770735 [22;34mDEBUG[0m chunk:1258,chunk-dur:35, timestamp:41700, od:1194 - chunk_composer.go:299
2026/03/12 14:37:51.803720 [22;34mDEBUG[0m chunk:1259,chunk-dur:33, timestamp:41734, od:1195 - chunk_composer.go:299
2026/03/12 14:37:51.836646 [22;34mDEBUG[0m chunk:1260,chunk-dur:33, timestamp:41767, od:1196 - chunk_composer.go:299
2026/03/12 14:37:51.870480 [22;34mDEBUG[0m chunk:1261,chunk-dur:34, timestamp:41800, od:1197 - chunk_composer.go:299
2026/03/12 14:37:51.902523 [22;34mDEBUG[0m chunk:1262,chunk-dur:32, timestamp:41834, od:1198 - chunk_composer.go:299
2026/03/12 14:37:51.936325 [22;34mDEBUG[0m chunk:1263,chunk-dur:34, timestamp:41867, od:1199 - chunk_composer.go:299
2026/03/12 14:37:51.969147 [22;34mDEBUG[0m chunk:1264,chunk-dur:33, timestamp:41900, od:1200 - chunk_composer.go:299
2026/03/12 14:37:52.003183 [22;34mDEBUG[0m chunk:1265,chunk-dur:34, timestamp:41934, od:1201 - chunk_composer.go:299
2026/03/12 14:37:52.009770 [22;34mDEBUG[0m rd bitrate:0.000000 Mbps - server_session.go:136
2026/03/12 14:37:52.009794 [22;34mDEBUG[0m wr bitrate:7.638515 Mbps - server_session.go:137
2026/03/12 14:37:52.036640 [22;34mDEBUG[0m chunk:1266,chunk-dur:33, timestamp:41967, od:1202 - chunk_composer.go:299
2026/03/12 14:37:52.072041 [22;34mDEBUG[0m chunk:1267,chunk-dur:36, timestamp:42000, od:1203 - chunk_composer.go:299
2026/03/12 14:37:52.100116 [22;34mDEBUG[0m rd bitrate:8.125183 Mbps - server_session.go:136
2026/03/12 14:37:52.100163 [22;34mDEBUG[0m wr bitrate:0.000000 Mbps - server_session.go:137
2026/03/12 14:37:52.103782 [22;34mDEBUG[0m chunk:1268,chunk-dur:31, timestamp:42034, od:1204 - chunk_composer.go:299
2026/03/12 14:37:52.138205 [22;34mDEBUG[0m chunk:1269,chunk-dur:35, timestamp:42067, od:1205 - chunk_composer.go:299
2026/03/12 14:37:52.168442 [22;34mDEBUG[0m chunk:1270,chunk-dur:30, timestamp:42100, od:1206 - chunk_composer.go:299
2026/03/12 14:37:52.203614 [22;34mDEBUG[0m chunk:1271,chunk-dur:35, timestamp:42134, od:1207 - chunk_composer.go:299
2026/03/12 14:37:52.236179 [22;34mDEBUG[0m chunk:1272,chunk-dur:33, timestamp:42167, od:1208 - chunk_composer.go:299
2026/03/12 14:37:52.269175 [22;34mDEBUG[0m chunk:1273,chunk-dur:33, timestamp:42200, od:1209 - chunk_composer.go:299
2026/03/12 14:37:52.303546 [22;34mDEBUG[0m chunk:1274,chunk-dur:34, timestamp:42234, od:1210 - chunk_composer.go:299
2026/03/12 14:37:52.335294 [22;34mDEBUG[0m chunk:1275,chunk-dur:32, timestamp:42267, od:1211 - chunk_composer.go:299
2026/03/12 14:37:52.370674 [22;34mDEBUG[0m chunk:1276,chunk-dur:35, timestamp:42300, od:1212 - chunk_composer.go:299
2026/03/12 14:37:52.403770 [22;34mDEBUG[0m chunk:1277,chunk-dur:33, timestamp:42334, od:1213 - chunk_composer.go:299
2026/03/12 14:37:52.437284 [22;34mDEBUG[0m chunk:1278,chunk-dur:34, timestamp:42367, od:1214 - chunk_composer.go:299
2026/03/12 14:37:52.468762 [22;34mDEBUG[0m chunk:1279,chunk-dur:31, timestamp:42400, od:1215 - chunk_composer.go:299
2026/03/12 14:37:52.503842 [22;34mDEBUG[0m chunk:1280,chunk-dur:35, timestamp:42434, od:1216 - chunk_composer.go:299
2026/03/12 14:37:52.536282 [22;34mDEBUG[0m chunk:1281,chunk-dur:33, timestamp:42467, od:1217 - chunk_composer.go:299
2026/03/12 14:37:52.570678 [22;34mDEBUG[0m chunk:1282,chunk-dur:34, timestamp:42500, od:1218 - chunk_composer.go:299
2026/03/12 14:37:52.604772 [22;34mDEBUG[0m chunk:1283,chunk-dur:34, timestamp:42534, od:1219 - chunk_composer.go:299
2026/03/12 14:37:52.636631 [22;34mDEBUG[0m chunk:1284,chunk-dur:32, timestamp:42567, od:1220 - chunk_composer.go:299
2026/03/12 14:37:52.672665 [22;34mDEBUG[0m chunk:1285,chunk-dur:36, timestamp:42600, od:1221 - chunk_composer.go:299
2026/03/12 14:37:52.703640 [22;34mDEBUG[0m chunk:1286,chunk-dur:31, timestamp:42634, od:1222 - chunk_composer.go:299
2026/03/12 14:37:52.735829 [22;34mDEBUG[0m chunk:1287,chunk-dur:32, timestamp:42667, od:1223 - chunk_composer.go:299
2026/03/12 14:37:52.772937 [22;34mDEBUG[0m chunk:1288,chunk-dur:37, timestamp:42700, od:1224 - chunk_composer.go:299
2026/03/12 14:37:52.803679 [22;34mDEBUG[0m chunk:1289,chunk-dur:31, timestamp:42734, od:1225 - chunk_composer.go:299
2026/03/12 14:37:52.836357 [22;34mDEBUG[0m chunk:1290,chunk-dur:33, timestamp:42767, od:1226 - chunk_composer.go:299
2026/03/12 14:37:52.870094 [22;34mDEBUG[0m chunk:1291,chunk-dur:34, timestamp:42800, od:1227 - chunk_composer.go:299
2026/03/12 14:37:52.903277 [22;34mDEBUG[0m chunk:1292,chunk-dur:33, timestamp:42834, od:1228 - chunk_composer.go:299
2026/03/12 14:37:52.938338 [22;34mDEBUG[0m chunk:1293,chunk-dur:35, timestamp:42867, od:1229 - chunk_composer.go:299
2026/03/12 14:37:52.969593 [22;34mDEBUG[0m chunk:1294,chunk-dur:31, timestamp:42900, od:1230 - chunk_composer.go:299
2026/03/12 14:37:53.003358 [22;34mDEBUG[0m chunk:1295,chunk-dur:34, timestamp:42934, od:1231 - chunk_composer.go:299
2026/03/12 14:37:53.010722 [22;34mDEBUG[0m rd bitrate:0.000000 Mbps - server_session.go:136
2026/03/12 14:37:53.010800 [22;34mDEBUG[0m wr bitrate:9.431305 Mbps - server_session.go:137
2026/03/12 14:37:53.036956 [22;34mDEBUG[0m chunk:1296,chunk-dur:33, timestamp:42967, od:1232 - chunk_composer.go:299
2026/03/12 14:37:53.068656 [22;34mDEBUG[0m chunk:1297,chunk-dur:32, timestamp:43000, od:1233 - chunk_composer.go:299
2026/03/12 14:37:53.100477 [22;34mDEBUG[0m rd bitrate:8.695148 Mbps - server_session.go:136
2026/03/12 14:37:53.100518 [22;34mDEBUG[0m wr bitrate:0.000000 Mbps - server_session.go:137
2026/03/12 14:37:53.102485 [22;34mDEBUG[0m chunk:1298,chunk-dur:34, timestamp:43034, od:1234 - chunk_composer.go:299
2026/03/12 14:37:53.137797 [22;34mDEBUG[0m chunk:1299,chunk-dur:35, timestamp:43067, od:1235 - chunk_composer.go:299
2026/03/12 14:37:53.169438 [22;34mDEBUG[0m chunk:1300,chunk-dur:32, timestamp:43100, od:1236 - chunk_composer.go:299
2026/03/12 14:37:53.202749 [22;34mDEBUG[0m chunk:1301,chunk-dur:33, timestamp:43134, od:1237 - chunk_composer.go:299
2026/03/12 14:37:53.235725 [22;34mDEBUG[0m chunk:1302,chunk-dur:33, timestamp:43167, od:1238 - chunk_composer.go:299
2026/03/12 14:37:53.269441 [22;34mDEBUG[0m chunk:1303,chunk-dur:34, timestamp:43200, od:1239 - chunk_composer.go:299
2026/03/12 14:37:53.302505 [22;34mDEBUG[0m chunk:1304,chunk-dur:33, timestamp:43234, od:1240 - chunk_composer.go:299
2026/03/12 14:37:53.336382 [22;34mDEBUG[0m chunk:1305,chunk-dur:34, timestamp:43267, od:1241 - chunk_composer.go:299
2026/03/12 14:37:53.368714 [22;34mDEBUG[0m chunk:1306,chunk-dur:32, timestamp:43300, od:1242 - chunk_composer.go:299
2026/03/12 14:37:53.403410 [22;34mDEBUG[0m chunk:1307,chunk-dur:35, timestamp:43334, od:1243 - chunk_composer.go:299
2026/03/12 14:37:53.436816 [22;34mDEBUG[0m chunk:1308,chunk-dur:33, timestamp:43367, od:1244 - chunk_composer.go:299
2026/03/12 14:37:53.470923 [22;34mDEBUG[0m chunk:1309,chunk-dur:34, timestamp:43400, od:1245 - chunk_composer.go:299
2026/03/12 14:37:53.502571 [22;34mDEBUG[0m chunk:1310,chunk-dur:32, timestamp:43434, od:1246 - chunk_composer.go:299
2026/03/12 14:37:53.539858 [22;34mDEBUG[0m chunk:1311,chunk-dur:37, timestamp:43467, od:1247 - chunk_composer.go:299
2026/03/12 14:37:53.570213 [22;34mDEBUG[0m chunk:1312,chunk-dur:31, timestamp:43500, od:1248 - chunk_composer.go:299
2026/03/12 14:37:53.602764 [22;34mDEBUG[0m chunk:1313,chunk-dur:32, timestamp:43534, od:1249 - chunk_composer.go:299
2026/03/12 14:37:53.636015 [22;34mDEBUG[0m chunk:1314,chunk-dur:34, timestamp:43567, od:1250 - chunk_composer.go:299
2026/03/12 14:37:53.671387 [22;34mDEBUG[0m chunk:1315,chunk-dur:35, timestamp:43600, od:1251 - chunk_composer.go:299
2026/03/12 14:37:53.704054 [22;34mDEBUG[0m chunk:1316,chunk-dur:33, timestamp:43634, od:1252 - chunk_composer.go:299
2026/03/12 14:37:53.736644 [22;34mDEBUG[0m chunk:1317,chunk-dur:32, timestamp:43667, od:1253 - chunk_composer.go:299
2026/03/12 14:37:53.768124 [22;34mDEBUG[0m chunk:1318,chunk-dur:32, timestamp:43700, od:1254 - chunk_composer.go:299
2026/03/12 14:37:53.806279 [22;34mDEBUG[0m chunk:1319,chunk-dur:38, timestamp:43734, od:1255 - chunk_composer.go:299
2026/03/12 14:37:53.836824 [22;34mDEBUG[0m chunk:1320,chunk-dur:30, timestamp:43767, od:1256 - chunk_composer.go:299
2026/03/12 14:37:53.869256 [22;34mDEBUG[0m chunk:1321,chunk-dur:33, timestamp:43800, od:1257 - chunk_composer.go:299
2026/03/12 14:37:53.902292 [22;34mDEBUG[0m chunk:1322,chunk-dur:33, timestamp:43834, od:1258 - chunk_composer.go:299
2026/03/12 14:37:53.936932 [22;34mDEBUG[0m chunk:1323,chunk-dur:34, timestamp:43867, od:1259 - chunk_composer.go:299
2026/03/12 14:37:53.970355 [22;34mDEBUG[0m chunk:1324,chunk-dur:34, timestamp:43900, od:1260 - chunk_composer.go:299
2026/03/12 14:37:54.003696 [22;34mDEBUG[0m chunk:1325,chunk-dur:33, timestamp:43934, od:1261 - chunk_composer.go:299
2026/03/12 14:37:54.011186 [22;34mDEBUG[0m rd bitrate:0.000000 Mbps - server_session.go:136
2026/03/12 14:37:54.011203 [22;34mDEBUG[0m wr bitrate:8.057511 Mbps - server_session.go:137
2026/03/12 14:37:54.036149 [22;34mDEBUG[0m chunk:1326,chunk-dur:33, timestamp:43967, od:1262 - chunk_composer.go:299
2026/03/12 14:37:54.101712 [22;34mDEBUG[0m rd bitrate:8.836809 Mbps - server_session.go:136
2026/03/12 14:37:54.102349 [22;34mDEBUG[0m wr bitrate:0.000000 Mbps - server_session.go:137
2026/03/12 14:37:54.184335 [22;34mDEBUG[0m chunk:1327,chunk-dur:144, timestamp:44000, od:1263 - chunk_composer.go:299
2026/03/12 14:37:54.208207 [22;34mDEBUG[0m chunk:1328,chunk-dur:28, timestamp:44034, od:1264 - chunk_composer.go:299
2026/03/12 14:37:54.217420 [22;34mDEBUG[0m chunk:1329,chunk-dur:9, timestamp:44067, od:1264 - chunk_composer.go:299
2026/03/12 14:37:54.217791 [22;34mDEBUG[0m chunk:1330,chunk-dur:0, timestamp:44100, od:1264 - chunk_composer.go:299
2026/03/12 14:37:54.218089 [22;34mDEBUG[0m chunk:1331,chunk-dur:1, timestamp:44134, od:1264 - chunk_composer.go:299
2026/03/12 14:37:54.239128 [22;34mDEBUG[0m chunk:1332,chunk-dur:21, timestamp:44167, od:1265 - chunk_composer.go:299
2026/03/12 14:37:54.268803 [22;34mDEBUG[0m chunk:1333,chunk-dur:29, timestamp:44200, od:1266 - chunk_composer.go:299
2026/03/12 14:37:54.302673 [22;34mDEBUG[0m chunk:1334,chunk-dur:34, timestamp:44234, od:1267 - chunk_composer.go:299
2026/03/12 14:37:54.335532 [22;34mDEBUG[0m chunk:1335,chunk-dur:33, timestamp:44267, od:1268 - chunk_composer.go:299
2026/03/12 14:37:54.370154 [22;34mDEBUG[0m chunk:1336,chunk-dur:35, timestamp:44300, od:1269 - chunk_composer.go:299
2026/03/12 14:37:54.403211 [22;34mDEBUG[0m chunk:1337,chunk-dur:33, timestamp:44334, od:1270 - chunk_composer.go:299
2026/03/12 14:37:54.435572 [22;34mDEBUG[0m chunk:1338,chunk-dur:32, timestamp:44367, od:1271 - chunk_composer.go:299
2026/03/12 14:37:54.470244 [22;34mDEBUG[0m chunk:1339,chunk-dur:35, timestamp:44400, od:1272 - chunk_composer.go:299
2026/03/12 14:37:54.502684 [22;34mDEBUG[0m chunk:1340,chunk-dur:32, timestamp:44434, od:1273 - chunk_composer.go:299
2026/03/12 14:37:54.537804 [22;34mDEBUG[0m chunk:1341,chunk-dur:35, timestamp:44467, od:1274 - chunk_composer.go:299
2026/03/12 14:37:54.568850 [22;34mDEBUG[0m chunk:1342,chunk-dur:31, timestamp:44500, od:1275 - chunk_composer.go:299
2026/03/12 14:37:54.602644 [22;34mDEBUG[0m chunk:1343,chunk-dur:34, timestamp:44534, od:1276 - chunk_composer.go:299
2026/03/12 14:37:54.636755 [22;34mDEBUG[0m chunk:1344,chunk-dur:34, timestamp:44567, od:1277 - chunk_composer.go:299
2026/03/12 14:37:54.668014 [22;34mDEBUG[0m chunk:1345,chunk-dur:32, timestamp:44600, od:1278 - chunk_composer.go:299
2026/03/12 14:37:54.702733 [22;34mDEBUG[0m chunk:1346,chunk-dur:34, timestamp:44634, od:1279 - chunk_composer.go:299
2026/03/12 14:37:54.736712 [22;34mDEBUG[0m chunk:1347,chunk-dur:34, timestamp:44667, od:1280 - chunk_composer.go:299
2026/03/12 14:37:54.769265 [22;34mDEBUG[0m chunk:1348,chunk-dur:33, timestamp:44700, od:1281 - chunk_composer.go:299
2026/03/12 14:37:54.804294 [22;34mDEBUG[0m chunk:1349,chunk-dur:35, timestamp:44734, od:1282 - chunk_composer.go:299
2026/03/12 14:37:54.837264 [22;34mDEBUG[0m chunk:1350,chunk-dur:33, timestamp:44767, od:1283 - chunk_composer.go:299
2026/03/12 14:37:54.869513 [22;34mDEBUG[0m chunk:1351,chunk-dur:32, timestamp:44800, od:1284 - chunk_composer.go:299
2026/03/12 14:37:54.902663 [22;34mDEBUG[0m chunk:1352,chunk-dur:33, timestamp:44834, od:1285 - chunk_composer.go:299
2026/03/12 14:37:54.937314 [22;34mDEBUG[0m chunk:1353,chunk-dur:35, timestamp:44867, od:1286 - chunk_composer.go:299
2026/03/12 14:37:54.969514 [22;34mDEBUG[0m chunk:1354,chunk-dur:32, timestamp:44900, od:1287 - chunk_composer.go:299
2026/03/12 14:37:55.003207 [22;34mDEBUG[0m chunk:1355,chunk-dur:34, timestamp:44934, od:1288 - chunk_composer.go:299
2026/03/12 14:37:55.011227 [22;34mDEBUG[0m rd bitrate:0.000000 Mbps - server_session.go:136
2026/03/12 14:37:55.011245 [22;34mDEBUG[0m wr bitrate:8.276427 Mbps - server_session.go:137
2026/03/12 14:37:55.035924 [22;34mDEBUG[0m chunk:1356,chunk-dur:32, timestamp:44967, od:1289 - chunk_composer.go:299
2026/03/12 14:37:55.069674 [22;34mDEBUG[0m chunk:1357,chunk-dur:34, timestamp:45000, od:1290 - chunk_composer.go:299
2026/03/12 14:37:55.103269 [22;34mDEBUG[0m rd bitrate:7.318984 Mbps - server_session.go:136
2026/03/12 14:37:55.103288 [22;34mDEBUG[0m wr bitrate:0.000000 Mbps - server_session.go:137
2026/03/12 14:37:55.103842 [22;34mDEBUG[0m chunk:1358,chunk-dur:34, timestamp:45034, od:1291 - chunk_composer.go:299
2026/03/12 14:37:55.137380 [22;34mDEBUG[0m chunk:1359,chunk-dur:34, timestamp:45067, od:1292 - chunk_composer.go:299
2026/03/12 14:37:55.171013 [22;34mDEBUG[0m chunk:1360,chunk-dur:34, timestamp:45100, od:1293 - chunk_composer.go:299
2026/03/12 14:37:55.202273 [22;34mDEBUG[0m chunk:1361,chunk-dur:31, timestamp:45134, od:1294 - chunk_composer.go:299
2026/03/12 14:37:55.236281 [22;34mDEBUG[0m chunk:1362,chunk-dur:34, timestamp:45167, od:1295 - chunk_composer.go:299
2026/03/12 14:37:55.270023 [22;34mDEBUG[0m chunk:1363,chunk-dur:34, timestamp:45200, od:1296 - chunk_composer.go:299
2026/03/12 14:37:55.303233 [22;34mDEBUG[0m chunk:1364,chunk-dur:33, timestamp:45234, od:1297 - chunk_composer.go:299
2026/03/12 14:37:55.337783 [22;34mDEBUG[0m chunk:1365,chunk-dur:34, timestamp:45267, od:1298 - chunk_composer.go:299
2026/03/12 14:37:55.368425 [22;34mDEBUG[0m chunk:1366,chunk-dur:31, timestamp:45300, od:1299 - chunk_composer.go:299
2026/03/12 14:37:55.405708 [22;34mDEBUG[0m chunk:1367,chunk-dur:37, timestamp:45334, od:1300 - chunk_composer.go:299
2026/03/12 14:37:55.436005 [22;34mDEBUG[0m chunk:1368,chunk-dur:30, timestamp:45367, od:1301 - chunk_composer.go:299
2026/03/12 14:37:55.469356 [22;34mDEBUG[0m chunk:1369,chunk-dur:34, timestamp:45400, od:1302 - chunk_composer.go:299
2026/03/12 14:37:55.504472 [22;34mDEBUG[0m chunk:1370,chunk-dur:35, timestamp:45434, od:1303 - chunk_composer.go:299
2026/03/12 14:37:55.536223 [22;34mDEBUG[0m chunk:1371,chunk-dur:32, timestamp:45467, od:1304 - chunk_composer.go:299
2026/03/12 14:37:55.569332 [22;34mDEBUG[0m chunk:1372,chunk-dur:33, timestamp:45500, od:1305 - chunk_composer.go:299
2026/03/12 14:37:55.603972 [22;34mDEBUG[0m chunk:1373,chunk-dur:34, timestamp:45534, od:1306 - chunk_composer.go:299
2026/03/12 14:37:55.635729 [22;34mDEBUG[0m chunk:1374,chunk-dur:32, timestamp:45567, od:1307 - chunk_composer.go:299
2026/03/12 14:37:55.672588 [22;34mDEBUG[0m chunk:1375,chunk-dur:37, timestamp:45600, od:1308 - chunk_composer.go:299
2026/03/12 14:37:55.702569 [22;34mDEBUG[0m chunk:1376,chunk-dur:30, timestamp:45634, od:1309 - chunk_composer.go:299
2026/03/12 14:37:55.737023 [22;34mDEBUG[0m chunk:1377,chunk-dur:35, timestamp:45667, od:1310 - chunk_composer.go:299
2026/03/12 14:37:55.769224 [22;34mDEBUG[0m chunk:1378,chunk-dur:32, timestamp:45700, od:1311 - chunk_composer.go:299
2026/03/12 14:37:55.803670 [22;34mDEBUG[0m chunk:1379,chunk-dur:34, timestamp:45734, od:1312 - chunk_composer.go:299
2026/03/12 14:37:55.835353 [22;34mDEBUG[0m chunk:1380,chunk-dur:32, timestamp:45767, od:1313 - chunk_composer.go:299
2026/03/12 14:37:55.870697 [22;34mDEBUG[0m chunk:1381,chunk-dur:35, timestamp:45800, od:1314 - chunk_composer.go:299
2026/03/12 14:37:55.903487 [22;34mDEBUG[0m chunk:1382,chunk-dur:33, timestamp:45834, od:1315 - chunk_composer.go:299
2026/03/12 14:37:55.935177 [22;34mDEBUG[0m chunk:1383,chunk-dur:32, timestamp:45867, od:1316 - chunk_composer.go:299
2026/03/12 14:37:55.970423 [22;34mDEBUG[0m chunk:1384,chunk-dur:35, timestamp:45900, od:1317 - chunk_composer.go:299
2026/03/12 14:37:56.003677 [22;34mDEBUG[0m chunk:1385,chunk-dur:33, timestamp:45934, od:1318 - chunk_composer.go:299
2026/03/12 14:37:56.011780 [22;34mDEBUG[0m rd bitrate:0.000000 Mbps - server_session.go:136
2026/03/12 14:37:56.011795 [22;34mDEBUG[0m wr bitrate:7.201590 Mbps - server_session.go:137
2026/03/12 14:37:56.035612 [22;34mDEBUG[0m chunk:1386,chunk-dur:32, timestamp:45967, od:1319 - chunk_composer.go:299
2026/03/12 14:37:56.077389 [22;34mDEBUG[0m chunk:1387,chunk-dur:42, timestamp:46000, od:1320 - chunk_composer.go:299
2026/03/12 14:37:56.103416 [22;34mDEBUG[0m rd bitrate:8.961948 Mbps - server_session.go:136
2026/03/12 14:37:56.103438 [22;34mDEBUG[0m wr bitrate:0.000000 Mbps - server_session.go:137
2026/03/12 14:37:56.105416 [22;34mDEBUG[0m chunk:1388,chunk-dur:28, timestamp:46034, od:1321 - chunk_composer.go:299
2026/03/12 14:37:56.136370 [22;34mDEBUG[0m chunk:1389,chunk-dur:31, timestamp:46067, od:1322 - chunk_composer.go:299
2026/03/12 14:37:56.169467 [22;34mDEBUG[0m chunk:1390,chunk-dur:33, timestamp:46100, od:1323 - chunk_composer.go:299
2026/03/12 14:37:56.205056 [22;34mDEBUG[0m chunk:1391,chunk-dur:36, timestamp:46134, od:1324 - chunk_composer.go:299
2026/03/12 14:37:56.235096 [22;34mDEBUG[0m chunk:1392,chunk-dur:30, timestamp:46167, od:1325 - chunk_composer.go:299
2026/03/12 14:37:56.273189 [22;34mDEBUG[0m chunk:1393,chunk-dur:38, timestamp:46200, od:1326 - chunk_composer.go:299
2026/03/12 14:37:56.302901 [22;34mDEBUG[0m chunk:1394,chunk-dur:29, timestamp:46234, od:1327 - chunk_composer.go:299
2026/03/12 14:37:56.342145 [22;34mDEBUG[0m chunk:1395,chunk-dur:39, timestamp:46267, od:1328 - chunk_composer.go:299
2026/03/12 14:37:56.376761 [22;34mDEBUG[0m chunk:1396,chunk-dur:35, timestamp:46300, od:1329 - chunk_composer.go:299
2026/03/12 14:37:56.402959 [22;34mDEBUG[0m chunk:1397,chunk-dur:26, timestamp:46334, od:1330 - chunk_composer.go:299
2026/03/12 14:37:56.436499 [22;34mDEBUG[0m chunk:1398,chunk-dur:34, timestamp:46367, od:1331 - chunk_composer.go:299
2026/03/12 14:37:56.468447 [22;34mDEBUG[0m chunk:1399,chunk-dur:32, timestamp:46400, od:1332 - chunk_composer.go:299
2026/03/12 14:37:56.504480 [22;34mDEBUG[0m chunk:1400,chunk-dur:36, timestamp:46434, od:1333 - chunk_composer.go:299
2026/03/12 14:37:56.536850 [22;34mDEBUG[0m chunk:1401,chunk-dur:32, timestamp:46467, od:1334 - chunk_composer.go:299
2026/03/12 14:37:56.570439 [22;34mDEBUG[0m chunk:1402,chunk-dur:34, timestamp:46500, od:1335 - chunk_composer.go:299
2026/03/12 14:37:56.603777 [22;34mDEBUG[0m chunk:1403,chunk-dur:33, timestamp:46534, od:1336 - chunk_composer.go:299
2026/03/12 14:37:56.636563 [22;34mDEBUG[0m chunk:1404,chunk-dur:33, timestamp:46567, od:1337 - chunk_composer.go:299
2026/03/12 14:37:56.668169 [22;34mDEBUG[0m chunk:1405,chunk-dur:32, timestamp:46600, od:1338 - chunk_composer.go:299
2026/03/12 14:37:56.704446 [22;34mDEBUG[0m chunk:1406,chunk-dur:36, timestamp:46634, od:1339 - chunk_composer.go:299
2026/03/12 14:37:56.735397 [22;34mDEBUG[0m chunk:1407,chunk-dur:31, timestamp:46667, od:1340 - chunk_composer.go:299
2026/03/12 14:37:56.767790 [22;34mDEBUG[0m chunk:1408,chunk-dur:32, timestamp:46700, od:1341 - chunk_composer.go:299
2026/03/12 14:37:56.803520 [22;34mDEBUG[0m chunk:1409,chunk-dur:36, timestamp:46734, od:1342 - chunk_composer.go:299
2026/03/12 14:37:56.836346 [22;34mDEBUG[0m chunk:1410,chunk-dur:33, timestamp:46767, od:1343 - chunk_composer.go:299
2026/03/12 14:37:56.868598 [22;34mDEBUG[0m chunk:1411,chunk-dur:32, timestamp:46800, od:1344 - chunk_composer.go:299
2026/03/12 14:37:56.905164 [22;34mDEBUG[0m chunk:1412,chunk-dur:37, timestamp:46834, od:1345 - chunk_composer.go:299
2026/03/12 14:37:56.935772 [22;34mDEBUG[0m chunk:1413,chunk-dur:30, timestamp:46867, od:1346 - chunk_composer.go:299
2026/03/12 14:37:56.969757 [22;34mDEBUG[0m chunk:1414,chunk-dur:34, timestamp:46900, od:1347 - chunk_composer.go:299
2026/03/12 14:37:57.004231 [22;34mDEBUG[0m chunk:1415,chunk-dur:35, timestamp:46934, od:1348 - chunk_composer.go:299
2026/03/12 14:37:57.013735 [22;36m INFO[0m mean read bitrate:0.000042 Mbps - server_session.go:143
2026/03/12 14:37:57.013813 [22;36m INFO[0m mean write bitrate:7.612327 Mbps - server_session.go:144
2026/03/12 14:37:57.013819 [22;34mDEBUG[0m rd bitrate:0.000000 Mbps - server_session.go:136
2026/03/12 14:37:57.013822 [22;34mDEBUG[0m wr bitrate:8.277969 Mbps - server_session.go:137
2026/03/12 14:37:57.036012 [22;34mDEBUG[0m chunk:1416,chunk-dur:32, timestamp:46967, od:1349 - chunk_composer.go:299
2026/03/12 14:37:57.068499 [22;34mDEBUG[0m chunk:1417,chunk-dur:32, timestamp:47000, od:1350 - chunk_composer.go:299
2026/03/12 14:37:57.103465 [22;34mDEBUG[0m rd bitrate:6.304523 Mbps - server_session.go:136
2026/03/12 14:37:57.103485 [22;34mDEBUG[0m wr bitrate:0.000000 Mbps - server_session.go:137
2026/03/12 14:37:57.103825 [22;34mDEBUG[0m chunk:1418,chunk-dur:35, timestamp:47034, od:1351 - chunk_composer.go:299
2026/03/12 14:37:57.136442 [22;34mDEBUG[0m chunk:1419,chunk-dur:33, timestamp:47067, od:1352 - chunk_composer.go:299
2026/03/12 14:37:57.168147 [22;34mDEBUG[0m chunk:1420,chunk-dur:32, timestamp:47100, od:1353 - chunk_composer.go:299
2026/03/12 14:37:57.203260 [22;34mDEBUG[0m chunk:1421,chunk-dur:35, timestamp:47134, od:1354 - chunk_composer.go:299
2026/03/12 14:37:57.238937 [22;34mDEBUG[0m chunk:1422,chunk-dur:35, timestamp:47167, od:1355 - chunk_composer.go:299
2026/03/12 14:37:57.268136 [22;34mDEBUG[0m chunk:1423,chunk-dur:30, timestamp:47200, od:1356 - chunk_composer.go:299
2026/03/12 14:37:57.305329 [22;34mDEBUG[0m chunk:1424,chunk-dur:37, timestamp:47234, od:1357 - chunk_composer.go:299
2026/03/12 14:37:57.336036 [22;34mDEBUG[0m chunk:1425,chunk-dur:31, timestamp:47267, od:1358 - chunk_composer.go:299
2026/03/12 14:37:57.371468 [22;34mDEBUG[0m chunk:1426,chunk-dur:35, timestamp:47300, od:1359 - chunk_composer.go:299
2026/03/12 14:37:57.403324 [22;34mDEBUG[0m chunk:1427,chunk-dur:32, timestamp:47334, od:1360 - chunk_composer.go:299
2026/03/12 14:37:57.436175 [22;34mDEBUG[0m chunk:1428,chunk-dur:33, timestamp:47367, od:1361 - chunk_composer.go:299
2026/03/12 14:37:57.469293 [22;34mDEBUG[0m chunk:1429,chunk-dur:33, timestamp:47400, od:1362 - chunk_composer.go:299
2026/03/12 14:37:57.504414 [22;34mDEBUG[0m chunk:1430,chunk-dur:35, timestamp:47434, od:1363 - chunk_composer.go:299
2026/03/12 14:37:57.535818 [22;34mDEBUG[0m chunk:1431,chunk-dur:31, timestamp:47467, od:1364 - chunk_composer.go:299
2026/03/12 14:37:57.568772 [22;34mDEBUG[0m chunk:1432,chunk-dur:33, timestamp:47500, od:1365 - chunk_composer.go:299
2026/03/12 14:37:57.602597 [22;34mDEBUG[0m chunk:1433,chunk-dur:34, timestamp:47534, od:1366 - chunk_composer.go:299
2026/03/12 14:37:57.639566 [22;34mDEBUG[0m chunk:1434,chunk-dur:37, timestamp:47567, od:1367 - chunk_composer.go:299
2026/03/12 14:37:57.669358 [22;34mDEBUG[0m chunk:1435,chunk-dur:30, timestamp:47600, od:1368 - chunk_composer.go:299
2026/03/12 14:37:57.702632 [22;34mDEBUG[0m chunk:1436,chunk-dur:33, timestamp:47634, od:1369 - chunk_composer.go:299
2026/03/12 14:37:57.736084 [22;34mDEBUG[0m chunk:1437,chunk-dur:34, timestamp:47667, od:1370 - chunk_composer.go:299
2026/03/12 14:37:57.770700 [22;34mDEBUG[0m chunk:1438,chunk-dur:34, timestamp:47700, od:1371 - chunk_composer.go:299
2026/03/12 14:37:57.803246 [22;34mDEBUG[0m chunk:1439,chunk-dur:33, timestamp:47734, od:1372 - chunk_composer.go:299
2026/03/12 14:37:57.835774 [22;34mDEBUG[0m chunk:1440,chunk-dur:32, timestamp:47767, od:1373 - chunk_composer.go:299
2026/03/12 14:37:57.868934 [22;34mDEBUG[0m chunk:1441,chunk-dur:33, timestamp:47800, od:1374 - chunk_composer.go:299
2026/03/12 14:37:57.903647 [22;34mDEBUG[0m chunk:1442,chunk-dur:35, timestamp:47834, od:1375 - chunk_composer.go:299
2026/03/12 14:37:57.936435 [22;34mDEBUG[0m chunk:1443,chunk-dur:33, timestamp:47867, od:1376 - chunk_composer.go:299
2026/03/12 14:37:57.969398 [22;34mDEBUG[0m chunk:1444,chunk-dur:33, timestamp:47900, od:1377 - chunk_composer.go:299
2026/03/12 14:37:58.004315 [22;34mDEBUG[0m chunk:1445,chunk-dur:35, timestamp:47934, od:1378 - chunk_composer.go:299
2026/03/12 14:37:58.014328 [22;34mDEBUG[0m rd bitrate:0.000000 Mbps - server_session.go:136
2026/03/12 14:37:58.014364 [22;34mDEBUG[0m wr bitrate:6.197488 Mbps - server_session.go:137
2026/03/12 14:37:58.036402 [22;34mDEBUG[0m chunk:1446,chunk-dur:32, timestamp:47967, od:1379 - chunk_composer.go:299
2026/03/12 14:37:58.078801 [22;34mDEBUG[0m chunk:1447,chunk-dur:42, timestamp:48000, od:1380 - chunk_composer.go:299
2026/03/12 14:37:58.103391 [22;34mDEBUG[0m chunk:1448,chunk-dur:25, timestamp:48034, od:1381 - chunk_composer.go:299
2026/03/12 14:37:58.103551 [22;34mDEBUG[0m rd bitrate:8.798406 Mbps - server_session.go:136
2026/03/12 14:37:58.103559 [22;34mDEBUG[0m wr bitrate:0.000000 Mbps - server_session.go:137
2026/03/12 14:37:58.135727 [22;34mDEBUG[0m chunk:1449,chunk-dur:32, timestamp:48067, od:1382 - chunk_composer.go:299
2026/03/12 14:37:58.168490 [22;34mDEBUG[0m chunk:1450,chunk-dur:33, timestamp:48100, od:1383 - chunk_composer.go:299
2026/03/12 14:37:58.202577 [22;34mDEBUG[0m chunk:1451,chunk-dur:34, timestamp:48134, od:1384 - chunk_composer.go:299
2026/03/12 14:37:58.237807 [22;34mDEBUG[0m chunk:1452,chunk-dur:35, timestamp:48167, od:1385 - chunk_composer.go:299
2026/03/12 14:37:58.269297 [22;34mDEBUG[0m chunk:1453,chunk-dur:32, timestamp:48200, od:1386 - chunk_composer.go:299
2026/03/12 14:37:58.303346 [22;34mDEBUG[0m chunk:1454,chunk-dur:34, timestamp:48234, od:1387 - chunk_composer.go:299
2026/03/12 14:37:58.337551 [22;34mDEBUG[0m chunk:1455,chunk-dur:34, timestamp:48267, od:1388 - chunk_composer.go:299
2026/03/12 14:37:58.373103 [22;34mDEBUG[0m chunk:1456,chunk-dur:36, timestamp:48300, od:1389 - chunk_composer.go:299
2026/03/12 14:37:58.402648 [22;34mDEBUG[0m chunk:1457,chunk-dur:29, timestamp:48334, od:1390 - chunk_composer.go:299
2026/03/12 14:37:58.437181 [22;34mDEBUG[0m chunk:1458,chunk-dur:35, timestamp:48367, od:1391 - chunk_composer.go:299
2026/03/12 14:37:58.469371 [22;34mDEBUG[0m chunk:1459,chunk-dur:32, timestamp:48400, od:1392 - chunk_composer.go:299
2026/03/12 14:37:58.504472 [22;34mDEBUG[0m chunk:1460,chunk-dur:35, timestamp:48434, od:1393 - chunk_composer.go:299
2026/03/12 14:37:58.535300 [22;34mDEBUG[0m chunk:1461,chunk-dur:31, timestamp:48467, od:1394 - chunk_composer.go:299
2026/03/12 14:37:58.575176 [22;34mDEBUG[0m chunk:1462,chunk-dur:40, timestamp:48500, od:1395 - chunk_composer.go:299
2026/03/12 14:37:58.606768 [22;34mDEBUG[0m chunk:1463,chunk-dur:31, timestamp:48534, od:1396 - chunk_composer.go:299
2026/03/12 14:37:58.696376 [22;34mDEBUG[0m chunk:1464,chunk-dur:90, timestamp:48567, od:1397 - chunk_composer.go:299
2026/03/12 14:37:58.696428 [22;34mDEBUG[0m chunk:1465,chunk-dur:0, timestamp:48600, od:1397 - chunk_composer.go:299
2026/03/12 14:37:58.734813 [22;34mDEBUG[0m chunk:1466,chunk-dur:38, timestamp:48634, od:1398 - chunk_composer.go:299
2026/03/12 14:37:58.741991 [22;34mDEBUG[0m chunk:1467,chunk-dur:7, timestamp:48667, od:1398 - chunk_composer.go:299
2026/03/12 14:37:58.769072 [22;34mDEBUG[0m chunk:1468,chunk-dur:28, timestamp:48700, od:1399 - chunk_composer.go:299
2026/03/12 14:37:58.803388 [22;34mDEBUG[0m chunk:1469,chunk-dur:34, timestamp:48734, od:1400 - chunk_composer.go:299
2026/03/12 14:37:58.837728 [22;34mDEBUG[0m chunk:1470,chunk-dur:34, timestamp:48767, od:1401 - chunk_composer.go:299
2026/03/12 14:37:58.868480 [22;34mDEBUG[0m chunk:1471,chunk-dur:31, timestamp:48800, od:1402 - chunk_composer.go:299
2026/03/12 14:37:58.903158 [22;34mDEBUG[0m chunk:1472,chunk-dur:35, timestamp:48834, od:1403 - chunk_composer.go:299
2026/03/12 14:37:58.935463 [22;34mDEBUG[0m chunk:1473,chunk-dur:32, timestamp:48867, od:1404 - chunk_composer.go:299
2026/03/12 14:37:58.970461 [22;34mDEBUG[0m chunk:1474,chunk-dur:35, timestamp:48900, od:1405 - chunk_composer.go:299
2026/03/12 14:37:59.003433 [22;34mDEBUG[0m chunk:1475,chunk-dur:33, timestamp:48934, od:1406 - chunk_composer.go:299
2026/03/12 14:37:59.017479 [22;34mDEBUG[0m rd bitrate:0.000000 Mbps - server_session.go:136
2026/03/12 14:37:59.018752 [22;34mDEBUG[0m wr bitrate:7.895038 Mbps - server_session.go:137
2026/03/12 14:37:59.037590 [22;34mDEBUG[0m chunk:1476,chunk-dur:34, timestamp:48967, od:1407 - chunk_composer.go:299
2026/03/12 14:37:59.069217 [22;34mDEBUG[0m chunk:1477,chunk-dur:32, timestamp:49000, od:1408 - chunk_composer.go:299
2026/03/12 14:37:59.103720 [22;34mDEBUG[0m rd bitrate:5.529200 Mbps - server_session.go:136
2026/03/12 14:37:59.103755 [22;34mDEBUG[0m wr bitrate:0.000000 Mbps - server_session.go:137
2026/03/12 14:37:59.111222 [22;34mDEBUG[0m chunk:1478,chunk-dur:42, timestamp:49034, od:1409 - chunk_composer.go:299
2026/03/12 14:37:59.136177 [22;34mDEBUG[0m chunk:1479,chunk-dur:25, timestamp:49067, od:1410 - chunk_composer.go:299
2026/03/12 14:37:59.169739 [22;34mDEBUG[0m chunk:1480,chunk-dur:33, timestamp:49100, od:1411 - chunk_composer.go:299
2026/03/12 14:37:59.202759 [22;34mDEBUG[0m chunk:1481,chunk-dur:33, timestamp:49134, od:1412 - chunk_composer.go:299
2026/03/12 14:37:59.237078 [22;34mDEBUG[0m chunk:1482,chunk-dur:35, timestamp:49167, od:1413 - chunk_composer.go:299
2026/03/12 14:37:59.268545 [22;34mDEBUG[0m chunk:1483,chunk-dur:31, timestamp:49200, od:1414 - chunk_composer.go:299
2026/03/12 14:37:59.303928 [22;34mDEBUG[0m chunk:1484,chunk-dur:35, timestamp:49234, od:1415 - chunk_composer.go:299
2026/03/12 14:37:59.336026 [22;34mDEBUG[0m chunk:1485,chunk-dur:33, timestamp:49267, od:1416 - chunk_composer.go:299
2026/03/12 14:37:59.375995 [22;34mDEBUG[0m chunk:1486,chunk-dur:39, timestamp:49300, od:1417 - chunk_composer.go:299
2026/03/12 14:37:59.404261 [22;34mDEBUG[0m chunk:1487,chunk-dur:29, timestamp:49334, od:1418 - chunk_composer.go:299
2026/03/12 14:37:59.435674 [22;34mDEBUG[0m chunk:1488,chunk-dur:31, timestamp:49367, od:1419 - chunk_composer.go:299
2026/03/12 14:37:59.468800 [22;34mDEBUG[0m chunk:1489,chunk-dur:33, timestamp:49400, od:1420 - chunk_composer.go:299
2026/03/12 14:37:59.506836 [22;34mDEBUG[0m chunk:1490,chunk-dur:38, timestamp:49434, od:1421 - chunk_composer.go:299
2026/03/12 14:37:59.535333 [22;34mDEBUG[0m chunk:1491,chunk-dur:29, timestamp:49467, od:1422 - chunk_composer.go:299
2026/03/12 14:37:59.569167 [22;34mDEBUG[0m chunk:1492,chunk-dur:34, timestamp:49500, od:1423 - chunk_composer.go:299
2026/03/12 14:37:59.603772 [22;34mDEBUG[0m chunk:1493,chunk-dur:34, timestamp:49534, od:1424 - chunk_composer.go:299
2026/03/12 14:37:59.636982 [22;34mDEBUG[0m chunk:1494,chunk-dur:33, timestamp:49567, od:1425 - chunk_composer.go:299
2026/03/12 14:37:59.668212 [22;34mDEBUG[0m chunk:1495,chunk-dur:32, timestamp:49600, od:1426 - chunk_composer.go:299
2026/03/12 14:37:59.703248 [22;34mDEBUG[0m chunk:1496,chunk-dur:35, timestamp:49634, od:1427 - chunk_composer.go:299
2026/03/12 14:37:59.736572 [22;34mDEBUG[0m chunk:1497,chunk-dur:33, timestamp:49667, od:1428 - chunk_composer.go:299
2026/03/12 14:37:59.771163 [22;34mDEBUG[0m chunk:1498,chunk-dur:35, timestamp:49700, od:1429 - chunk_composer.go:299
2026/03/12 14:37:59.802732 [22;34mDEBUG[0m chunk:1499,chunk-dur:31, timestamp:49734, od:1430 - chunk_composer.go:299
2026/03/12 14:37:59.838770 [22;34mDEBUG[0m chunk:1500,chunk-dur:36, timestamp:49767, od:1431 - chunk_composer.go:299
2026/03/12 14:37:59.868855 [22;34mDEBUG[0m chunk:1501,chunk-dur:30, timestamp:49800, od:1432 - chunk_composer.go:299
2026/03/12 14:37:59.902041 [22;34mDEBUG[0m chunk:1502,chunk-dur:34, timestamp:49834, od:1433 - chunk_composer.go:299
2026/03/12 14:37:59.935419 [22;34mDEBUG[0m chunk:1503,chunk-dur:33, timestamp:49867, od:1434 - chunk_composer.go:299
2026/03/12 14:37:59.968844 [22;34mDEBUG[0m chunk:1504,chunk-dur:33, timestamp:49900, od:1435 - chunk_composer.go:299
2026/03/12 14:38:00.003373 [22;34mDEBUG[0m chunk:1505,chunk-dur:35, timestamp:49934, od:1436 - chunk_composer.go:299
2026/03/12 14:38:00.019465 [22;34mDEBUG[0m rd bitrate:0.000000 Mbps - server_session.go:136
2026/03/12 14:38:00.019520 [22;34mDEBUG[0m wr bitrate:5.906265 Mbps - server_session.go:137
2026/03/12 14:38:00.038210 [22;34mDEBUG[0m chunk:1506,chunk-dur:35, timestamp:49967, od:1437 - chunk_composer.go:299
2026/03/12 14:38:00.082263 [22;34mDEBUG[0m chunk:1507,chunk-dur:43, timestamp:50000, od:1438 - chunk_composer.go:299
2026/03/12 14:38:00.103948 [22;36m INFO[0m mean read bitrate:7.296730 Mbps - server_session.go:143
2026/03/12 14:38:00.103980 [22;36m INFO[0m mean write bitrate:0.000065 Mbps - server_session.go:144
2026/03/12 14:38:00.103984 [22;34mDEBUG[0m rd bitrate:8.062785 Mbps - server_session.go:136
2026/03/12 14:38:00.103987 [22;34mDEBUG[0m wr bitrate:0.000000 Mbps - server_session.go:137
2026/03/12 14:38:00.106709 [22;34mDEBUG[0m chunk:1508,chunk-dur:25, timestamp:50034, od:1439 - chunk_composer.go:299
2026/03/12 14:38:00.136603 [22;34mDEBUG[0m chunk:1509,chunk-dur:30, timestamp:50067, od:1440 - chunk_composer.go:299
2026/03/12 14:38:00.167955 [22;34mDEBUG[0m chunk:1510,chunk-dur:31, timestamp:50100, od:1441 - chunk_composer.go:299
2026/03/12 14:38:00.202375 [22;34mDEBUG[0m chunk:1511,chunk-dur:35, timestamp:50134, od:1442 - chunk_composer.go:299
2026/03/12 14:38:00.238845 [22;34mDEBUG[0m chunk:1512,chunk-dur:36, timestamp:50167, od:1443 - chunk_composer.go:299
2026/03/12 14:38:00.267995 [22;34mDEBUG[0m chunk:1513,chunk-dur:29, timestamp:50200, od:1444 - chunk_composer.go:299
2026/03/12 14:38:00.302515 [22;34mDEBUG[0m chunk:1514,chunk-dur:35, timestamp:50234, od:1445 - chunk_composer.go:299
2026/03/12 14:38:00.334670 [22;34mDEBUG[0m chunk:1515,chunk-dur:32, timestamp:50267, od:1446 - chunk_composer.go:299
2026/03/12 14:38:00.373155 [22;34mDEBUG[0m chunk:1516,chunk-dur:39, timestamp:50300, od:1447 - chunk_composer.go:299
2026/03/12 14:38:00.402224 [22;34mDEBUG[0m chunk:1517,chunk-dur:29, timestamp:50334, od:1448 - chunk_composer.go:299
2026/03/12 14:38:00.435751 [22;34mDEBUG[0m chunk:1518,chunk-dur:33, timestamp:50367, od:1449 - chunk_composer.go:299
2026/03/12 14:38:00.468411 [22;34mDEBUG[0m chunk:1519,chunk-dur:33, timestamp:50400, od:1450 - chunk_composer.go:299
2026/03/12 14:38:00.504609 [22;34mDEBUG[0m chunk:1520,chunk-dur:36, timestamp:50434, od:1451 - chunk_composer.go:299
2026/03/12 14:38:00.536081 [22;34mDEBUG[0m chunk:1521,chunk-dur:32, timestamp:50467, od:1452 - chunk_composer.go:299
2026/03/12 14:38:00.567844 [22;34mDEBUG[0m chunk:1522,chunk-dur:31, timestamp:50500, od:1453 - chunk_composer.go:299
2026/03/12 14:38:00.603195 [22;34mDEBUG[0m chunk:1523,chunk-dur:36, timestamp:50534, od:1454 - chunk_composer.go:299
2026/03/12 14:38:00.636521 [22;34mDEBUG[0m chunk:1524,chunk-dur:33, timestamp:50567, od:1455 - chunk_composer.go:299
2026/03/12 14:38:00.669474 [22;34mDEBUG[0m chunk:1525,chunk-dur:33, timestamp:50600, od:1456 - chunk_composer.go:299
2026/03/12 14:38:00.704687 [22;34mDEBUG[0m chunk:1526,chunk-dur:35, timestamp:50634, od:1457 - chunk_composer.go:299
2026/03/12 14:38:00.736306 [22;34mDEBUG[0m chunk:1527,chunk-dur:32, timestamp:50667, od:1458 - chunk_composer.go:299
2026/03/12 14:38:00.772333 [22;34mDEBUG[0m chunk:1528,chunk-dur:36, timestamp:50700, od:1459 - chunk_composer.go:299
2026/03/12 14:38:00.803218 [22;34mDEBUG[0m chunk:1529,chunk-dur:31, timestamp:50734, od:1460 - chunk_composer.go:299
2026/03/12 14:38:00.836053 [22;34mDEBUG[0m chunk:1530,chunk-dur:33, timestamp:50767, od:1461 - chunk_composer.go:299
2026/03/12 14:38:00.869022 [22;34mDEBUG[0m chunk:1531,chunk-dur:33, timestamp:50800, od:1462 - chunk_composer.go:299
2026/03/12 14:38:00.903509 [22;34mDEBUG[0m chunk:1532,chunk-dur:34, timestamp:50834, od:1463 - chunk_composer.go:299
2026/03/12 14:38:00.936477 [22;34mDEBUG[0m chunk:1533,chunk-dur:33, timestamp:50867, od:1464 - chunk_composer.go:299
2026/03/12 14:38:00.967822 [22;34mDEBUG[0m chunk:1534,chunk-dur:31, timestamp:50900, od:1465 - chunk_composer.go:299
2026/03/12 14:38:01.003671 [22;34mDEBUG[0m chunk:1535,chunk-dur:36, timestamp:50934, od:1466 - chunk_composer.go:299
2026/03/12 14:38:01.020122 [22;34mDEBUG[0m rd bitrate:0.000000 Mbps - server_session.go:136
2026/03/12 14:38:01.020159 [22;34mDEBUG[0m wr bitrate:7.510205 Mbps - server_session.go:137
2026/03/12 14:38:01.038601 [22;34mDEBUG[0m chunk:1536,chunk-dur:35, timestamp:50967, od:1467 - chunk_composer.go:299
2026/03/12 14:38:01.068961 [22;34mDEBUG[0m chunk:1537,chunk-dur:30, timestamp:51000, od:1468 - chunk_composer.go:299
2026/03/12 14:38:01.101771 [22;34mDEBUG[0m chunk:1538,chunk-dur:33, timestamp:51034, od:1469 - chunk_composer.go:299
2026/03/12 14:38:01.104372 [22;34mDEBUG[0m rd bitrate:5.496835 Mbps - server_session.go:136
2026/03/12 14:38:01.104386 [22;34mDEBUG[0m wr bitrate:0.000000 Mbps - server_session.go:137
2026/03/12 14:38:01.135180 [22;34mDEBUG[0m chunk:1539,chunk-dur:34, timestamp:51067, od:1470 - chunk_composer.go:299
2026/03/12 14:38:01.170814 [22;34mDEBUG[0m chunk:1540,chunk-dur:35, timestamp:51100, od:1471 - chunk_composer.go:299
2026/03/12 14:38:01.202966 [22;34mDEBUG[0m chunk:1541,chunk-dur:32, timestamp:51134, od:1472 - chunk_composer.go:299
2026/03/12 14:38:01.235730 [22;34mDEBUG[0m chunk:1542,chunk-dur:33, timestamp:51167, od:1473 - chunk_composer.go:299
2026/03/12 14:38:01.268349 [22;34mDEBUG[0m chunk:1543,chunk-dur:33, timestamp:51200, od:1474 - chunk_composer.go:299
2026/03/12 14:38:01.302636 [22;34mDEBUG[0m chunk:1544,chunk-dur:34, timestamp:51234, od:1475 - chunk_composer.go:299
2026/03/12 14:38:01.335395 [22;34mDEBUG[0m chunk:1545,chunk-dur:33, timestamp:51267, od:1476 - chunk_composer.go:299
2026/03/12 14:38:01.367989 [22;34mDEBUG[0m chunk:1546,chunk-dur:32, timestamp:51300, od:1477 - chunk_composer.go:299
2026/03/12 14:38:01.403854 [22;34mDEBUG[0m chunk:1547,chunk-dur:36, timestamp:51334, od:1478 - chunk_composer.go:299
2026/03/12 14:38:01.436553 [22;34mDEBUG[0m chunk:1548,chunk-dur:33, timestamp:51367, od:1479 - chunk_composer.go:299
2026/03/12 14:38:01.467842 [22;34mDEBUG[0m chunk:1549,chunk-dur:31, timestamp:51400, od:1480 - chunk_composer.go:299
2026/03/12 14:38:01.505744 [22;34mDEBUG[0m chunk:1550,chunk-dur:38, timestamp:51434, od:1481 - chunk_composer.go:299
2026/03/12 14:38:01.536433 [22;34mDEBUG[0m chunk:1551,chunk-dur:31, timestamp:51467, od:1482 - chunk_composer.go:299
2026/03/12 14:38:01.571452 [22;34mDEBUG[0m chunk:1552,chunk-dur:35, timestamp:51500, od:1483 - chunk_composer.go:299
2026/03/12 14:38:01.602336 [22;34mDEBUG[0m chunk:1553,chunk-dur:31, timestamp:51534, od:1484 - chunk_composer.go:299
2026/03/12 14:38:01.639631 [22;34mDEBUG[0m chunk:1554,chunk-dur:37, timestamp:51567, od:1485 - chunk_composer.go:299
2026/03/12 14:38:01.702532 [22;34mDEBUG[0m chunk:1555,chunk-dur:63, timestamp:51600, od:1486 - chunk_composer.go:299
2026/03/12 14:38:01.704508 [22;34mDEBUG[0m chunk:1556,chunk-dur:2, timestamp:51634, od:1486 - chunk_composer.go:299
2026/03/12 14:38:01.735855 [22;34mDEBUG[0m chunk:1557,chunk-dur:31, timestamp:51667, od:1487 - chunk_composer.go:299
2026/03/12 14:38:01.768617 [22;34mDEBUG[0m chunk:1558,chunk-dur:33, timestamp:51700, od:1488 - chunk_composer.go:299
2026/03/12 14:38:01.837124 [22;34mDEBUG[0m chunk:1559,chunk-dur:69, timestamp:51734, od:1489 - chunk_composer.go:299
2026/03/12 14:38:01.838714 [22;34mDEBUG[0m chunk:1560,chunk-dur:1, timestamp:51767, od:1489 - chunk_composer.go:299
2026/03/12 14:38:01.893671 [22;34mDEBUG[0m chunk:1561,chunk-dur:55, timestamp:51800, od:1490 - chunk_composer.go:299
2026/03/12 14:38:01.948103 [22;34mDEBUG[0m chunk:1562,chunk-dur:55, timestamp:51834, od:1491 - chunk_composer.go:299
2026/03/12 14:38:01.974703 [22;34mDEBUG[0m chunk:1563,chunk-dur:26, timestamp:51867, od:1492 - chunk_composer.go:299
2026/03/12 14:38:01.976362 [22;34mDEBUG[0m chunk:1564,chunk-dur:2, timestamp:51900, od:1492 - chunk_composer.go:299
2026/03/12 14:38:02.004407 [22;34mDEBUG[0m chunk:1565,chunk-dur:28, timestamp:51934, od:1493 - chunk_composer.go:299
2026/03/12 14:38:02.020984 [22;34mDEBUG[0m rd bitrate:0.000000 Mbps - server_session.go:136
2026/03/12 14:38:02.021014 [22;34mDEBUG[0m wr bitrate:4.485437 Mbps - server_session.go:137
2026/03/12 14:38:02.068527 [22;34mDEBUG[0m chunk:1566,chunk-dur:64, timestamp:51967, od:1494 - chunk_composer.go:299
2026/03/12 14:38:02.076226 [22;34mDEBUG[0m chunk:1567,chunk-dur:8, timestamp:52000, od:1494 - chunk_composer.go:299
2026/03/12 14:38:02.102778 [22;34mDEBUG[0m chunk:1568,chunk-dur:26, timestamp:52034, od:1495 - chunk_composer.go:299
2026/03/12 14:38:02.114561 [22;34mDEBUG[0m rd bitrate:6.370209 Mbps - server_session.go:136
2026/03/12 14:38:02.114596 [22;34mDEBUG[0m wr bitrate:0.000000 Mbps - server_session.go:137
2026/03/12 14:38:02.170389 [22;34mDEBUG[0m chunk:1569,chunk-dur:68, timestamp:52067, od:1496 - chunk_composer.go:299
2026/03/12 14:38:02.172231 [22;34mDEBUG[0m chunk:1570,chunk-dur:2, timestamp:52100, od:1496 - chunk_composer.go:299
2026/03/12 14:38:02.204832 [22;34mDEBUG[0m chunk:1571,chunk-dur:32, timestamp:52134, od:1497 - chunk_composer.go:299
2026/03/12 14:38:02.235484 [22;34mDEBUG[0m chunk:1572,chunk-dur:31, timestamp:52167, od:1498 - chunk_composer.go:299
2026/03/12 14:38:02.269588 [22;34mDEBUG[0m chunk:1573,chunk-dur:34, timestamp:52200, od:1499 - chunk_composer.go:299
2026/03/12 14:38:02.304162 [22;34mDEBUG[0m chunk:1574,chunk-dur:35, timestamp:52234, od:1500 - chunk_composer.go:299
2026/03/12 14:38:02.336154 [22;34mDEBUG[0m chunk:1575,chunk-dur:32, timestamp:52267, od:1501 - chunk_composer.go:299
2026/03/12 14:38:02.403496 [22;34mDEBUG[0m chunk:1576,chunk-dur:67, timestamp:52300, od:1502 - chunk_composer.go:299
2026/03/12 14:38:02.403569 [22;34mDEBUG[0m chunk:1577,chunk-dur:0, timestamp:52334, od:1502 - chunk_composer.go:299
2026/03/12 14:38:02.438482 [22;34mDEBUG[0m chunk:1578,chunk-dur:35, timestamp:52367, od:1503 - chunk_composer.go:299
2026/03/12 14:38:02.469313 [22;34mDEBUG[0m chunk:1579,chunk-dur:31, timestamp:52400, od:1504 - chunk_composer.go:299
2026/03/12 14:38:02.503312 [22;34mDEBUG[0m chunk:1580,chunk-dur:34, timestamp:52434, od:1505 - chunk_composer.go:299
2026/03/12 14:38:02.571164 [22;34mDEBUG[0m chunk:1581,chunk-dur:68, timestamp:52467, od:1506 - chunk_composer.go:299
2026/03/12 14:38:02.573235 [22;34mDEBUG[0m chunk:1582,chunk-dur:2, timestamp:52500, od:1506 - chunk_composer.go:299
2026/03/12 14:38:02.603473 [22;34mDEBUG[0m chunk:1583,chunk-dur:30, timestamp:52534, od:1507 - chunk_composer.go:299
2026/03/12 14:38:02.668744 [22;34mDEBUG[0m chunk:1584,chunk-dur:65, timestamp:52567, od:1508 - chunk_composer.go:299
2026/03/12 14:38:02.702937 [22;34mDEBUG[0m chunk:1585,chunk-dur:34, timestamp:52600, od:1509 - chunk_composer.go:299
2026/03/12 14:38:02.704302 [22;34mDEBUG[0m chunk:1586,chunk-dur:2, timestamp:52634, od:1509 - chunk_composer.go:299
2026/03/12 14:38:02.735993 [22;34mDEBUG[0m chunk:1587,chunk-dur:31, timestamp:52667, od:1510 - chunk_composer.go:299
2026/03/12 14:38:02.802183 [22;34mDEBUG[0m chunk:1588,chunk-dur:67, timestamp:52700, od:1511 - chunk_composer.go:299
2026/03/12 14:38:02.836703 [22;34mDEBUG[0m chunk:1589,chunk-dur:34, timestamp:52734, od:1512 - chunk_composer.go:299
2026/03/12 14:38:02.837864 [22;34mDEBUG[0m chunk:1590,chunk-dur:1, timestamp:52767, od:1512 - chunk_composer.go:299
2026/03/12 14:38:02.868366 [22;34mDEBUG[0m chunk:1591,chunk-dur:31, timestamp:52800, od:1513 - chunk_composer.go:299
2026/03/12 14:38:02.936088 [22;34mDEBUG[0m chunk:1592,chunk-dur:68, timestamp:52834, od:1514 - chunk_composer.go:299
2026/03/12 14:38:02.968850 [22;34mDEBUG[0m chunk:1593,chunk-dur:32, timestamp:52867, od:1515 - chunk_composer.go:299
2026/03/12 14:38:02.971016 [22;34mDEBUG[0m chunk:1594,chunk-dur:3, timestamp:52900, od:1515 - chunk_composer.go:299
2026/03/12 14:38:03.002976 [22;34mDEBUG[0m chunk:1595,chunk-dur:31, timestamp:52934, od:1516 - chunk_composer.go:299
2026/03/12 14:38:03.021060 [22;34mDEBUG[0m rd bitrate:0.000000 Mbps - server_session.go:136
2026/03/12 14:38:03.021092 [22;34mDEBUG[0m wr bitrate:7.603575 Mbps - server_session.go:137
2026/03/12 14:38:03.068535 [22;34mDEBUG[0m chunk:1596,chunk-dur:66, timestamp:52967, od:1517 - chunk_composer.go:299
2026/03/12 14:38:03.103359 [22;34mDEBUG[0m chunk:1597,chunk-dur:35, timestamp:53000, od:1518 - chunk_composer.go:299
2026/03/12 14:38:03.104265 [22;34mDEBUG[0m chunk:1598,chunk-dur:1, timestamp:53034, od:1518 - chunk_composer.go:299
2026/03/12 14:38:03.114704 [22;34mDEBUG[0m rd bitrate:5.608099 Mbps - server_session.go:136
2026/03/12 14:38:03.114754 [22;34mDEBUG[0m wr bitrate:0.000000 Mbps - server_session.go:137
2026/03/12 14:38:03.136548 [22;34mDEBUG[0m chunk:1599,chunk-dur:32, timestamp:53067, od:1519 - chunk_composer.go:299
2026/03/12 14:38:03.169699 [22;34mDEBUG[0m chunk:1600,chunk-dur:33, timestamp:53100, od:1520 - chunk_composer.go:299
2026/03/12 14:38:03.203113 [22;34mDEBUG[0m chunk:1601,chunk-dur:34, timestamp:53134, od:1521 - chunk_composer.go:299
2026/03/12 14:38:03.239691 [22;34mDEBUG[0m chunk:1602,chunk-dur:36, timestamp:53167, od:1522 - chunk_composer.go:299
2026/03/12 14:38:03.269711 [22;34mDEBUG[0m chunk:1603,chunk-dur:30, timestamp:53200, od:1523 - chunk_composer.go:299
2026/03/12 14:38:03.303415 [22;34mDEBUG[0m chunk:1604,chunk-dur:34, timestamp:53234, od:1524 - chunk_composer.go:299
2026/03/12 14:38:03.336604 [22;34mDEBUG[0m chunk:1605,chunk-dur:33, timestamp:53267, od:1525 - chunk_composer.go:299
2026/03/12 14:38:03.370952 [22;34mDEBUG[0m chunk:1606,chunk-dur:34, timestamp:53300, od:1526 - chunk_composer.go:299
2026/03/12 14:38:03.402838 [22;34mDEBUG[0m chunk:1607,chunk-dur:32, timestamp:53334, od:1527 - chunk_composer.go:299
2026/03/12 14:38:03.434683 [22;34mDEBUG[0m chunk:1608,chunk-dur:32, timestamp:53367, od:1528 - chunk_composer.go:299
2026/03/12 14:38:03.469958 [22;34mDEBUG[0m chunk:1609,chunk-dur:35, timestamp:53400, od:1529 - chunk_composer.go:299
2026/03/12 14:38:03.505797 [22;34mDEBUG[0m chunk:1610,chunk-dur:36, timestamp:53434, od:1530 - chunk_composer.go:299
2026/03/12 14:38:03.536120 [22;34mDEBUG[0m chunk:1611,chunk-dur:31, timestamp:53467, od:1531 - chunk_composer.go:299
2026/03/12 14:38:03.569312 [22;34mDEBUG[0m chunk:1612,chunk-dur:33, timestamp:53500, od:1532 - chunk_composer.go:299
2026/03/12 14:38:03.603799 [22;34mDEBUG[0m chunk:1613,chunk-dur:34, timestamp:53534, od:1533 - chunk_composer.go:299
2026/03/12 14:38:03.636431 [22;34mDEBUG[0m chunk:1614,chunk-dur:33, timestamp:53567, od:1534 - chunk_composer.go:299
2026/03/12 14:38:03.668787 [22;34mDEBUG[0m chunk:1615,chunk-dur:32, timestamp:53600, od:1535 - chunk_composer.go:299
2026/03/12 14:38:03.702710 [22;34mDEBUG[0m chunk:1616,chunk-dur:34, timestamp:53634, od:1536 - chunk_composer.go:299
2026/03/12 14:38:03.735602 [22;34mDEBUG[0m chunk:1617,chunk-dur:33, timestamp:53667, od:1537 - chunk_composer.go:299
2026/03/12 14:38:03.771085 [22;34mDEBUG[0m chunk:1618,chunk-dur:36, timestamp:53700, od:1538 - chunk_composer.go:299
2026/03/12 14:38:03.803660 [22;34mDEBUG[0m chunk:1619,chunk-dur:32, timestamp:53734, od:1539 - chunk_composer.go:299
2026/03/12 14:38:03.835591 [22;34mDEBUG[0m chunk:1620,chunk-dur:32, timestamp:53767, od:1540 - chunk_composer.go:299
2026/03/12 14:38:03.868969 [22;34mDEBUG[0m chunk:1621,chunk-dur:33, timestamp:53800, od:1541 - chunk_composer.go:299
2026/03/12 14:38:03.902834 [22;34mDEBUG[0m chunk:1622,chunk-dur:34, timestamp:53834, od:1542 - chunk_composer.go:299
2026/03/12 14:38:03.936328 [22;34mDEBUG[0m chunk:1623,chunk-dur:34, timestamp:53867, od:1543 - chunk_composer.go:299
2026/03/12 14:38:03.968162 [22;34mDEBUG[0m chunk:1624,chunk-dur:32, timestamp:53900, od:1544 - chunk_composer.go:299
2026/03/12 14:38:04.004110 [22;34mDEBUG[0m chunk:1625,chunk-dur:36, timestamp:53934, od:1545 - chunk_composer.go:299
2026/03/12 14:38:04.022015 [22;34mDEBUG[0m rd bitrate:0.000000 Mbps - server_session.go:136
2026/03/12 14:38:04.022044 [22;34mDEBUG[0m wr bitrate:5.043674 Mbps - server_session.go:137
2026/03/12 14:38:04.036182 [22;34mDEBUG[0m chunk:1626,chunk-dur:32, timestamp:53967, od:1546 - chunk_composer.go:299
2026/03/12 14:38:04.072513 [22;34mDEBUG[0m chunk:1627,chunk-dur:36, timestamp:54000, od:1547 - chunk_composer.go:299
2026/03/12 14:38:04.104697 [22;34mDEBUG[0m chunk:1628,chunk-dur:32, timestamp:54034, od:1548 - chunk_composer.go:299
2026/03/12 14:38:04.115072 [22;34mDEBUG[0m rd bitrate:6.415810 Mbps - server_session.go:136
2026/03/12 14:38:04.115087 [22;34mDEBUG[0m wr bitrate:0.000000 Mbps - server_session.go:137
2026/03/12 14:38:04.135931 [22;34mDEBUG[0m chunk:1629,chunk-dur:31, timestamp:54067, od:1549 - chunk_composer.go:299
2026/03/12 14:38:04.170401 [22;34mDEBUG[0m chunk:1630,chunk-dur:35, timestamp:54100, od:1550 - chunk_composer.go:299
2026/03/12 14:38:04.204070 [22;34mDEBUG[0m chunk:1631,chunk-dur:34, timestamp:54134, od:1551 - chunk_composer.go:299
2026/03/12 14:38:04.240745 [22;34mDEBUG[0m chunk:1632,chunk-dur:36, timestamp:54167, od:1552 - chunk_composer.go:299
2026/03/12 14:38:04.269583 [22;34mDEBUG[0m chunk:1633,chunk-dur:29, timestamp:54200, od:1553 - chunk_composer.go:299
2026/03/12 14:38:04.302461 [22;34mDEBUG[0m chunk:1634,chunk-dur:33, timestamp:54234, od:1554 - chunk_composer.go:299
2026/03/12 14:38:04.337333 [22;34mDEBUG[0m chunk:1635,chunk-dur:35, timestamp:54267, od:1555 - chunk_composer.go:299
2026/03/12 14:38:04.370807 [22;34mDEBUG[0m chunk:1636,chunk-dur:33, timestamp:54300, od:1556 - chunk_composer.go:299
2026/03/12 14:38:04.402653 [22;34mDEBUG[0m chunk:1637,chunk-dur:32, timestamp:54334, od:1557 - chunk_composer.go:299
2026/03/12 14:38:04.434596 [22;34mDEBUG[0m chunk:1638,chunk-dur:32, timestamp:54367, od:1558 - chunk_composer.go:299
2026/03/12 14:38:04.468584 [22;34mDEBUG[0m chunk:1639,chunk-dur:34, timestamp:54400, od:1559 - chunk_composer.go:299
2026/03/12 14:38:04.505067 [22;34mDEBUG[0m chunk:1640,chunk-dur:37, timestamp:54434, od:1560 - chunk_composer.go:299
2026/03/12 14:38:04.536792 [22;34mDEBUG[0m chunk:1641,chunk-dur:31, timestamp:54467, od:1561 - chunk_composer.go:299
2026/03/12 14:38:04.569336 [22;34mDEBUG[0m chunk:1642,chunk-dur:33, timestamp:54500, od:1562 - chunk_composer.go:299
2026/03/12 14:38:04.604657 [22;34mDEBUG[0m chunk:1643,chunk-dur:35, timestamp:54534, od:1563 - chunk_composer.go:299
2026/03/12 14:38:04.638218 [22;34mDEBUG[0m chunk:1644,chunk-dur:34, timestamp:54567, od:1564 - chunk_composer.go:299
2026/03/12 14:38:04.668137 [22;34mDEBUG[0m chunk:1645,chunk-dur:30, timestamp:54600, od:1565 - chunk_composer.go:299
2026/03/12 14:38:04.707405 [22;34mDEBUG[0m chunk:1646,chunk-dur:39, timestamp:54634, od:1566 - chunk_composer.go:299
2026/03/12 14:38:04.735014 [22;34mDEBUG[0m chunk:1647,chunk-dur:28, timestamp:54667, od:1567 - chunk_composer.go:299
2026/03/12 14:38:04.769238 [22;34mDEBUG[0m chunk:1648,chunk-dur:34, timestamp:54700, od:1568 - chunk_composer.go:299
2026/03/12 14:38:04.804678 [22;34mDEBUG[0m chunk:1649,chunk-dur:35, timestamp:54734, od:1569 - chunk_composer.go:299
2026/03/12 14:38:04.835839 [22;34mDEBUG[0m chunk:1650,chunk-dur:31, timestamp:54767, od:1570 - chunk_composer.go:299
2026/03/12 14:38:04.870833 [22;34mDEBUG[0m chunk:1651,chunk-dur:35, timestamp:54800, od:1571 - chunk_composer.go:299
2026/03/12 14:38:04.903794 [22;34mDEBUG[0m chunk:1652,chunk-dur:33, timestamp:54834, od:1572 - chunk_composer.go:299
2026/03/12 14:38:04.936833 [22;34mDEBUG[0m chunk:1653,chunk-dur:33, timestamp:54867, od:1573 - chunk_composer.go:299
2026/03/12 14:38:04.969756 [22;34mDEBUG[0m chunk:1654,chunk-dur:33, timestamp:54900, od:1574 - chunk_composer.go:299
2026/03/12 14:38:05.003937 [22;34mDEBUG[0m chunk:1655,chunk-dur:34, timestamp:54934, od:1575 - chunk_composer.go:299
2026/03/12 14:38:05.023088 [22;34mDEBUG[0m rd bitrate:0.000000 Mbps - server_session.go:136
2026/03/12 14:38:05.023124 [22;34mDEBUG[0m wr bitrate:7.479242 Mbps - server_session.go:137
2026/03/12 14:38:05.036679 [22;34mDEBUG[0m chunk:1656,chunk-dur:33, timestamp:54967, od:1576 - chunk_composer.go:299
2026/03/12 14:38:05.069339 [22;34mDEBUG[0m chunk:1657,chunk-dur:33, timestamp:55000, od:1577 - chunk_composer.go:299
2026/03/12 14:38:05.104693 [22;34mDEBUG[0m chunk:1658,chunk-dur:35, timestamp:55034, od:1578 - chunk_composer.go:299
2026/03/12 14:38:05.115962 [22;34mDEBUG[0m rd bitrate:6.298026 Mbps - server_session.go:136
2026/03/12 14:38:05.116006 [22;34mDEBUG[0m wr bitrate:0.000000 Mbps - server_session.go:137
2026/03/12 14:38:05.136377 [22;34mDEBUG[0m chunk:1659,chunk-dur:32, timestamp:55067, od:1579 - chunk_composer.go:299
2026/03/12 14:38:05.169237 [22;34mDEBUG[0m chunk:1660,chunk-dur:33, timestamp:55100, od:1580 - chunk_composer.go:299
2026/03/12 14:38:05.204790 [22;34mDEBUG[0m chunk:1661,chunk-dur:35, timestamp:55134, od:1581 - chunk_composer.go:299
2026/03/12 14:38:05.237129 [22;34mDEBUG[0m chunk:1662,chunk-dur:33, timestamp:55167, od:1582 - chunk_composer.go:299
2026/03/12 14:38:05.267977 [22;34mDEBUG[0m chunk:1663,chunk-dur:30, timestamp:55200, od:1583 - chunk_composer.go:299
2026/03/12 14:38:05.303279 [22;34mDEBUG[0m chunk:1664,chunk-dur:36, timestamp:55234, od:1584 - chunk_composer.go:299
2026/03/12 14:38:05.335481 [22;34mDEBUG[0m chunk:1665,chunk-dur:32, timestamp:55267, od:1585 - chunk_composer.go:299
2026/03/12 14:38:05.370842 [22;34mDEBUG[0m chunk:1666,chunk-dur:35, timestamp:55300, od:1586 - chunk_composer.go:299
2026/03/12 14:38:05.404583 [22;34mDEBUG[0m chunk:1667,chunk-dur:34, timestamp:55334, od:1587 - chunk_composer.go:299
2026/03/12 14:38:05.436560 [22;34mDEBUG[0m chunk:1668,chunk-dur:32, timestamp:55367, od:1588 - chunk_composer.go:299
2026/03/12 14:38:05.481589 [22;34mDEBUG[0m chunk:1669,chunk-dur:45, timestamp:55400, od:1589 - chunk_composer.go:299
2026/03/12 14:38:05.524626 [22;34mDEBUG[0m chunk:1670,chunk-dur:43, timestamp:55434, od:1590 - chunk_composer.go:299
2026/03/12 14:38:05.551395 [22;34mDEBUG[0m chunk:1671,chunk-dur:27, timestamp:55467, od:1591 - chunk_composer.go:299
2026/03/12 14:38:05.569016 [22;34mDEBUG[0m chunk:1672,chunk-dur:18, timestamp:55500, od:1592 - chunk_composer.go:299
2026/03/12 14:38:05.604239 [22;34mDEBUG[0m chunk:1673,chunk-dur:35, timestamp:55534, od:1593 - chunk_composer.go:299
2026/03/12 14:38:05.636251 [22;34mDEBUG[0m chunk:1674,chunk-dur:32, timestamp:55567, od:1594 - chunk_composer.go:299
2026/03/12 14:38:05.670855 [22;34mDEBUG[0m chunk:1675,chunk-dur:34, timestamp:55600, od:1595 - chunk_composer.go:299
2026/03/12 14:38:05.703724 [22;34mDEBUG[0m chunk:1676,chunk-dur:33, timestamp:55634, od:1596 - chunk_composer.go:299
2026/03/12 14:38:05.735634 [22;34mDEBUG[0m chunk:1677,chunk-dur:32, timestamp:55667, od:1597 - chunk_composer.go:299
2026/03/12 14:38:05.769716 [22;34mDEBUG[0m chunk:1678,chunk-dur:34, timestamp:55700, od:1598 - chunk_composer.go:299
2026/03/12 14:38:05.804417 [22;34mDEBUG[0m chunk:1679,chunk-dur:35, timestamp:55734, od:1599 - chunk_composer.go:299
2026/03/12 14:38:05.836944 [22;34mDEBUG[0m chunk:1680,chunk-dur:32, timestamp:55767, od:1600 - chunk_composer.go:299
2026/03/12 14:38:05.868571 [22;34mDEBUG[0m chunk:1681,chunk-dur:32, timestamp:55800, od:1601 - chunk_composer.go:299
2026/03/12 14:38:05.904272 [22;34mDEBUG[0m chunk:1682,chunk-dur:36, timestamp:55834, od:1602 - chunk_composer.go:299
2026/03/12 14:38:05.935106 [22;34mDEBUG[0m chunk:1683,chunk-dur:31, timestamp:55867, od:1603 - chunk_composer.go:299
2026/03/12 14:38:05.971118 [22;34mDEBUG[0m chunk:1684,chunk-dur:36, timestamp:55900, od:1604 - chunk_composer.go:299
2026/03/12 14:38:06.003824 [22;34mDEBUG[0m chunk:1685,chunk-dur:32, timestamp:55934, od:1605 - chunk_composer.go:299
2026/03/12 14:38:06.023810 [22;34mDEBUG[0m rd bitrate:0.000000 Mbps - server_session.go:136
2026/03/12 14:38:06.023841 [22;34mDEBUG[0m wr bitrate:7.198198 Mbps - server_session.go:137
2026/03/12 14:38:06.037472 [22;34mDEBUG[0m chunk:1686,chunk-dur:34, timestamp:55967, od:1606 - chunk_composer.go:299
2026/03/12 14:38:06.074974 [22;34mDEBUG[0m chunk:1687,chunk-dur:37, timestamp:56000, od:1607 - chunk_composer.go:299
2026/03/12 14:38:06.103266 [22;34mDEBUG[0m chunk:1688,chunk-dur:29, timestamp:56034, od:1608 - chunk_composer.go:299
2026/03/12 14:38:06.117432 [22;34mDEBUG[0m rd bitrate:8.753834 Mbps - server_session.go:136
2026/03/12 14:38:06.117468 [22;34mDEBUG[0m wr bitrate:0.000000 Mbps - server_session.go:137
2026/03/12 14:38:06.135407 [22;34mDEBUG[0m chunk:1689,chunk-dur:32, timestamp:56067, od:1609 - chunk_composer.go:299
2026/03/12 14:38:06.173512 [22;34mDEBUG[0m chunk:1690,chunk-dur:38, timestamp:56100, od:1610 - chunk_composer.go:299
2026/03/12 14:38:06.204985 [22;34mDEBUG[0m chunk:1691,chunk-dur:31, timestamp:56134, od:1611 - chunk_composer.go:299
2026/03/12 14:38:06.235463 [22;34mDEBUG[0m chunk:1692,chunk-dur:31, timestamp:56167, od:1612 - chunk_composer.go:299
2026/03/12 14:38:06.271632 [22;34mDEBUG[0m chunk:1693,chunk-dur:36, timestamp:56200, od:1613 - chunk_composer.go:299
2026/03/12 14:38:06.303400 [22;34mDEBUG[0m chunk:1694,chunk-dur:32, timestamp:56234, od:1614 - chunk_composer.go:299
2026/03/12 14:38:06.335460 [22;34mDEBUG[0m chunk:1695,chunk-dur:32, timestamp:56267, od:1615 - chunk_composer.go:299
2026/03/12 14:38:06.368818 [22;34mDEBUG[0m chunk:1696,chunk-dur:33, timestamp:56300, od:1616 - chunk_composer.go:299
2026/03/12 14:38:06.403724 [22;34mDEBUG[0m chunk:1697,chunk-dur:35, timestamp:56334, od:1617 - chunk_composer.go:299
2026/03/12 14:38:06.435177 [22;34mDEBUG[0m chunk:1698,chunk-dur:32, timestamp:56367, od:1618 - chunk_composer.go:299
2026/03/12 14:38:06.473599 [22;34mDEBUG[0m chunk:1699,chunk-dur:38, timestamp:56400, od:1619 - chunk_composer.go:299
2026/03/12 14:38:06.502710 [22;34mDEBUG[0m chunk:1700,chunk-dur:29, timestamp:56434, od:1620 - chunk_composer.go:299
2026/03/12 14:38:06.535390 [22;34mDEBUG[0m chunk:1701,chunk-dur:33, timestamp:56467, od:1621 - chunk_composer.go:299
2026/03/12 14:38:06.569301 [22;34mDEBUG[0m chunk:1702,chunk-dur:34, timestamp:56500, od:1622 - chunk_composer.go:299
2026/03/12 14:38:06.602475 [22;34mDEBUG[0m chunk:1703,chunk-dur:33, timestamp:56534, od:1623 - chunk_composer.go:299
2026/03/12 14:38:06.636097 [22;34mDEBUG[0m chunk:1704,chunk-dur:34, timestamp:56567, od:1624 - chunk_composer.go:299
2026/03/12 14:38:06.668773 [22;34mDEBUG[0m chunk:1705,chunk-dur:32, timestamp:56600, od:1625 - chunk_composer.go:299
2026/03/12 14:38:06.702841 [22;34mDEBUG[0m chunk:1706,chunk-dur:34, timestamp:56634, od:1626 - chunk_composer.go:299
2026/03/12 14:38:06.737065 [22;34mDEBUG[0m chunk:1707,chunk-dur:35, timestamp:56667, od:1627 - chunk_composer.go:299
2026/03/12 14:38:06.769018 [22;34mDEBUG[0m chunk:1708,chunk-dur:32, timestamp:56700, od:1628 - chunk_composer.go:299
2026/03/12 14:38:06.804904 [22;34mDEBUG[0m chunk:1709,chunk-dur:35, timestamp:56734, od:1629 - chunk_composer.go:299
2026/03/12 14:38:06.835658 [22;34mDEBUG[0m chunk:1710,chunk-dur:31, timestamp:56767, od:1630 - chunk_composer.go:299
2026/03/12 14:38:06.869447 [22;34mDEBUG[0m chunk:1711,chunk-dur:34, timestamp:56800, od:1631 - chunk_composer.go:299
2026/03/12 14:38:06.905908 [22;34mDEBUG[0m chunk:1712,chunk-dur:36, timestamp:56834, od:1632 - chunk_composer.go:299
2026/03/12 14:38:06.938727 [22;34mDEBUG[0m chunk:1713,chunk-dur:33, timestamp:56867, od:1633 - chunk_composer.go:299
2026/03/12 14:38:06.968654 [22;34mDEBUG[0m chunk:1714,chunk-dur:30, timestamp:56900, od:1634 - chunk_composer.go:299
2026/03/12 14:38:07.003448 [22;34mDEBUG[0m chunk:1715,chunk-dur:35, timestamp:56934, od:1635 - chunk_composer.go:299
2026/03/12 14:38:07.024748 [22;36m INFO[0m mean read bitrate:0.000034 Mbps - server_session.go:143
2026/03/12 14:38:07.024796 [22;36m INFO[0m mean write bitrate:7.441804 Mbps - server_session.go:144
2026/03/12 14:38:07.024802 [22;34mDEBUG[0m rd bitrate:0.000000 Mbps - server_session.go:136
2026/03/12 14:38:07.024804 [22;34mDEBUG[0m wr bitrate:7.779017 Mbps - server_session.go:137
2026/03/12 14:38:07.035348 [22;34mDEBUG[0m chunk:1716,chunk-dur:32, timestamp:56967, od:1636 - chunk_composer.go:299
2026/03/12 14:38:07.069600 [22;34mDEBUG[0m chunk:1717,chunk-dur:34, timestamp:57000, od:1637 - chunk_composer.go:299
2026/03/12 14:38:07.102306 [22;34mDEBUG[0m chunk:1718,chunk-dur:33, timestamp:57034, od:1638 - chunk_composer.go:299
2026/03/12 14:38:07.118355 [22;34mDEBUG[0m rd bitrate:6.343680 Mbps - server_session.go:136
2026/03/12 14:38:07.118467 [22;34mDEBUG[0m wr bitrate:0.000000 Mbps - server_session.go:137
2026/03/12 14:38:07.135060 [22;34mDEBUG[0m chunk:1719,chunk-dur:33, timestamp:57067, od:1639 - chunk_composer.go:299
2026/03/12 14:38:07.168958 [22;34mDEBUG[0m chunk:1720,chunk-dur:33, timestamp:57100, od:1640 - chunk_composer.go:299
2026/03/12 14:38:07.205611 [22;34mDEBUG[0m chunk:1721,chunk-dur:37, timestamp:57134, od:1641 - chunk_composer.go:299
2026/03/12 14:38:07.272794 [22;34mDEBUG[0m chunk:1722,chunk-dur:67, timestamp:57167, od:1642 - chunk_composer.go:299
2026/03/12 14:38:07.273455 [22;34mDEBUG[0m chunk:1723,chunk-dur:1, timestamp:57200, od:1642 - chunk_composer.go:299
2026/03/12 14:38:07.302771 [22;34mDEBUG[0m chunk:1724,chunk-dur:29, timestamp:57234, od:1643 - chunk_composer.go:299
2026/03/12 14:38:07.337161 [22;34mDEBUG[0m chunk:1725,chunk-dur:35, timestamp:57267, od:1644 - chunk_composer.go:299
2026/03/12 14:38:07.368679 [22;34mDEBUG[0m chunk:1726,chunk-dur:31, timestamp:57300, od:1645 - chunk_composer.go:299
2026/03/12 14:38:07.403791 [22;34mDEBUG[0m chunk:1727,chunk-dur:35, timestamp:57334, od:1646 - chunk_composer.go:299
2026/03/12 14:38:07.436581 [22;34mDEBUG[0m chunk:1728,chunk-dur:33, timestamp:57367, od:1647 - chunk_composer.go:299
2026/03/12 14:38:07.468778 [22;34mDEBUG[0m chunk:1729,chunk-dur:32, timestamp:57400, od:1648 - chunk_composer.go:299
2026/03/12 14:38:07.502612 [22;34mDEBUG[0m chunk:1730,chunk-dur:34, timestamp:57434, od:1649 - chunk_composer.go:299
2026/03/12 14:38:07.538977 [22;34mDEBUG[0m chunk:1731,chunk-dur:36, timestamp:57467, od:1650 - chunk_composer.go:299
2026/03/12 14:38:07.568544 [22;34mDEBUG[0m chunk:1732,chunk-dur:30, timestamp:57500, od:1651 - chunk_composer.go:299
2026/03/12 14:38:07.602122 [22;34mDEBUG[0m chunk:1733,chunk-dur:34, timestamp:57534, od:1652 - chunk_composer.go:299
2026/03/12 14:38:07.636970 [22;34mDEBUG[0m chunk:1734,chunk-dur:34, timestamp:57567, od:1653 - chunk_composer.go:299
2026/03/12 14:38:07.668739 [22;34mDEBUG[0m chunk:1735,chunk-dur:32, timestamp:57600, od:1654 - chunk_composer.go:299
2026/03/12 14:38:07.702838 [22;34mDEBUG[0m chunk:1736,chunk-dur:34, timestamp:57634, od:1655 - chunk_composer.go:299
2026/03/12 14:38:07.735429 [22;34mDEBUG[0m chunk:1737,chunk-dur:33, timestamp:57667, od:1656 - chunk_composer.go:299
2026/03/12 14:38:07.768259 [22;34mDEBUG[0m chunk:1738,chunk-dur:33, timestamp:57700, od:1657 - chunk_composer.go:299
2026/03/12 14:38:07.802827 [22;34mDEBUG[0m chunk:1739,chunk-dur:34, timestamp:57734, od:1658 - chunk_composer.go:299
2026/03/12 14:38:07.835675 [22;34mDEBUG[0m chunk:1740,chunk-dur:33, timestamp:57767, od:1659 - chunk_composer.go:299
2026/03/12 14:38:08.025731 [22;34mDEBUG[0m rd bitrate:0.000000 Mbps - server_session.go:136
2026/03/12 14:38:08.025778 [22;34mDEBUG[0m wr bitrate:4.259547 Mbps - server_session.go:137
2026/03/12 14:38:08.118896 [22;34mDEBUG[0m rd bitrate:3.438488 Mbps - server_session.go:136
2026/03/12 14:38:08.118933 [22;34mDEBUG[0m wr bitrate:0.000000 Mbps - server_session.go:137
2026/03/12 14:38:09.026601 [22;34mDEBUG[0m rd bitrate:0.000000 Mbps - server_session.go:136
2026/03/12 14:38:09.026721 [22;34mDEBUG[0m wr bitrate:0.000000 Mbps - server_session.go:137
2026/03/12 14:38:09.119927 [22;34mDEBUG[0m rd bitrate:0.000000 Mbps - server_session.go:136
2026/03/12 14:38:09.119991 [22;34mDEBUG[0m wr bitrate:0.000000 Mbps - server_session.go:137
2026/03/12 14:38:10.026911 [22;34mDEBUG[0m rd bitrate:0.000000 Mbps - server_session.go:136
2026/03/12 14:38:10.027160 [22;34mDEBUG[0m wr bitrate:0.000000 Mbps - server_session.go:137
2026/03/12 14:38:10.120437 [22;36m INFO[0m mean read bitrate:7.027071 Mbps - server_session.go:143
2026/03/12 14:38:10.120491 [22;36m INFO[0m mean write bitrate:0.000054 Mbps - server_session.go:144
2026/03/12 14:38:10.120502 [22;34mDEBUG[0m rd bitrate:0.000000 Mbps - server_session.go:136
2026/03/12 14:38:10.120504 [22;34mDEBUG[0m wr bitrate:0.000000 Mbps - server_session.go:137
2026/03/12 14:38:11.027233 [22;34mDEBUG[0m rd bitrate:0.000000 Mbps - server_session.go:136
2026/03/12 14:38:11.027316 [22;34mDEBUG[0m wr bitrate:0.000000 Mbps - server_session.go:137
2026/03/12 14:38:11.121194 [22;34mDEBUG[0m rd bitrate:0.000000 Mbps - server_session.go:136
2026/03/12 14:38:11.121241 [22;34mDEBUG[0m wr bitrate:0.000000 Mbps - server_session.go:137
2026/03/12 14:38:12.044665 [22;34mDEBUG[0m rd bitrate:0.000000 Mbps - server_session.go:136
2026/03/12 14:38:12.045673 [22;34mDEBUG[0m wr bitrate:0.000000 Mbps - server_session.go:137
2026/03/12 14:38:12.121838 [22;34mDEBUG[0m rd bitrate:0.000000 Mbps - server_session.go:136
2026/03/12 14:38:12.122140 [22;34mDEBUG[0m wr bitrate:0.000000 Mbps - server_session.go:137
2026/03/12 14:38:13.046589 [22;34mDEBUG[0m rd bitrate:0.000000 Mbps - server_session.go:136
2026/03/12 14:38:13.046634 [22;34mDEBUG[0m wr bitrate:0.000000 Mbps - server_session.go:137
2026/03/12 14:38:13.122417 [22;34mDEBUG[0m rd bitrate:0.000000 Mbps - server_session.go:136
2026/03/12 14:38:13.122457 [22;34mDEBUG[0m wr bitrate:0.000000 Mbps - server_session.go:137
2026/03/12 14:38:14.047530 [22;34mDEBUG[0m rd bitrate:0.000000 Mbps - server_session.go:136
2026/03/12 14:38:14.047594 [22;34mDEBUG[0m wr bitrate:0.000000 Mbps - server_session.go:137
2026/03/12 14:38:14.122860 [22;34mDEBUG[0m rd bitrate:0.000000 Mbps - server_session.go:136
2026/03/12 14:38:14.122912 [22;34mDEBUG[0m wr bitrate:0.000000 Mbps - server_session.go:137
2026/03/12 14:38:15.051497 [22;34mDEBUG[0m rd bitrate:0.000000 Mbps - server_session.go:136
2026/03/12 14:38:15.051593 [22;34mDEBUG[0m wr bitrate:0.000000 Mbps - server_session.go:137
2026/03/12 14:38:15.126628 [22;34mDEBUG[0m rd bitrate:0.000000 Mbps - server_session.go:136
2026/03/12 14:38:15.126691 [22;34mDEBUG[0m wr bitrate:0.000000 Mbps - server_session.go:137
2026/03/12 14:38:16.051775 [22;34mDEBUG[0m rd bitrate:0.000000 Mbps - server_session.go:136
2026/03/12 14:38:16.051838 [22;34mDEBUG[0m wr bitrate:0.000000 Mbps - server_session.go:137
2026/03/12 14:38:16.127445 [22;34mDEBUG[0m rd bitrate:0.000000 Mbps - server_session.go:136
2026/03/12 14:38:16.127485 [22;34mDEBUG[0m wr bitrate:0.000000 Mbps - server_session.go:137
2026/03/12 14:38:17.052692 [22;36m INFO[0m mean read bitrate:0.000028 Mbps - server_session.go:143
2026/03/12 14:38:17.052742 [22;36m INFO[0m mean write bitrate:6.402146 Mbps - server_session.go:144
2026/03/12 14:38:17.052750 [22;34mDEBUG[0m rd bitrate:0.000000 Mbps - server_session.go:136
2026/03/12 14:38:17.052752 [22;34mDEBUG[0m wr bitrate:0.000000 Mbps - server_session.go:137
2026/03/12 14:38:17.130834 [22;34mDEBUG[0m rd bitrate:0.000000 Mbps - server_session.go:136
2026/03/12 14:38:17.130963 [22;34mDEBUG[0m wr bitrate:0.000000 Mbps - server_session.go:137
2026/03/12 14:38:18.053370 [22;34mDEBUG[0m rd bitrate:0.000000 Mbps - server_session.go:136
2026/03/12 14:38:18.053417 [22;34mDEBUG[0m wr bitrate:0.000000 Mbps - server_session.go:137
2026/03/12 14:38:18.131320 [22;34mDEBUG[0m rd bitrate:0.000000 Mbps - server_session.go:136
2026/03/12 14:38:18.131360 [22;34mDEBUG[0m wr bitrate:0.000000 Mbps - server_session.go:137
2026/03/12 14:38:19.054605 [22;34mDEBUG[0m rd bitrate:0.000000 Mbps - server_session.go:136
2026/03/12 14:38:19.055222 [22;34mDEBUG[0m wr bitrate:0.000000 Mbps - server_session.go:137
2026/03/12 14:38:19.132081 [22;34mDEBUG[0m rd bitrate:0.000000 Mbps - server_session.go:136
2026/03/12 14:38:19.132148 [22;34mDEBUG[0m wr bitrate:0.000000 Mbps - server_session.go:137
2026/03/12 14:38:20.055552 [22;34mDEBUG[0m rd bitrate:0.000000 Mbps - server_session.go:136
2026/03/12 14:38:20.055639 [22;34mDEBUG[0m wr bitrate:0.000000 Mbps - server_session.go:137
2026/03/12 14:38:20.133051 [22;36m INFO[0m mean read bitrate:6.023204 Mbps - server_session.go:143
2026/03/12 14:38:20.133159 [22;36m INFO[0m mean write bitrate:0.000047 Mbps - server_session.go:144
2026/03/12 14:38:20.133174 [22;34mDEBUG[0m rd bitrate:0.000000 Mbps - server_session.go:136
2026/03/12 14:38:20.133176 [22;34mDEBUG[0m wr bitrate:0.000000 Mbps - server_session.go:137
2026/03/12 14:38:21.059351 [22;34mDEBUG[0m rd bitrate:0.000000 Mbps - server_session.go:136
2026/03/12 14:38:21.059446 [22;34mDEBUG[0m wr bitrate:0.000000 Mbps - server_session.go:137
2026/03/12 14:38:21.137526 [22;34mDEBUG[0m rd bitrate:0.000000 Mbps - server_session.go:136
2026/03/12 14:38:21.137624 [22;34mDEBUG[0m wr bitrate:0.000000 Mbps - server_session.go:137
2026/03/12 14:38:22.059851 [22;34mDEBUG[0m rd bitrate:0.000000 Mbps - server_session.go:136
2026/03/12 14:38:22.060151 [22;34mDEBUG[0m wr bitrate:0.000000 Mbps - server_session.go:137
2026/03/12 14:38:22.138167 [22;34mDEBUG[0m rd bitrate:0.000000 Mbps - server_session.go:136
2026/03/12 14:38:22.138221 [22;34mDEBUG[0m wr bitrate:0.000000 Mbps - server_session.go:137
2026/03/12 14:38:23.061229 [22;34mDEBUG[0m rd bitrate:0.000000 Mbps - server_session.go:136
2026/03/12 14:38:23.061278 [22;34mDEBUG[0m wr bitrate:0.000000 Mbps - server_session.go:137
2026/03/12 14:38:23.138601 [22;34mDEBUG[0m rd bitrate:0.000000 Mbps - server_session.go:136
2026/03/12 14:38:23.138640 [22;34mDEBUG[0m wr bitrate:0.000000 Mbps - server_session.go:137
2026/03/12 14:38:24.062361 [22;34mDEBUG[0m rd bitrate:0.000000 Mbps - server_session.go:136
2026/03/12 14:38:24.062409 [22;34mDEBUG[0m wr bitrate:0.000000 Mbps - server_session.go:137
2026/03/12 14:38:24.140104 [22;34mDEBUG[0m rd bitrate:0.000000 Mbps - server_session.go:136
2026/03/12 14:38:24.140152 [22;34mDEBUG[0m wr bitrate:0.000000 Mbps - server_session.go:137
